employee_id,leave_type,start,end,outcome,breached,shifts,covered,uncovered,not_needed,forecast,ms
SYN001193,PROF_DEV,2026-09-20,2026-09-27,NEEDS_APPROVAL,NOT-004,2,0,0,2,false,0.62
SYN003212,ADO,2026-09-20,2026-09-22,NEEDS_APPROVAL,REQ-004,3,0,0,3,false,0.72
SYN000726,TOIL,2026-09-20,2026-09-20,RECOMMEND_APPROVE,"",1,0,0,1,false,0.68
SYN005679,ADO,2026-09-20,2026-09-22,DECLINED,REQ-004|BAL-001,2,0,0,2,false,0.64
SYN009509,ANNUAL,2026-09-20,2026-09-20,NEEDS_APPROVAL,NOT-001,0,0,0,0,false,0.15
SYN009419,ANNUAL,2026-09-20,2026-09-20,NEEDS_APPROVAL,ELG-001|NOT-001|COV-001,1,0,1,0,true,0.37
SYN000987,ANNUAL,2026-09-20,2026-10-28,NEEDS_APPROVAL,NOT-001,25,3,0,22,true,491.42
SYN006045,ANNUAL,2026-09-20,2026-09-27,DECLINED,BAL-001|NOT-001,5,0,0,5,false,1.04
SYN001308,LONG_SERVICE,2026-09-20,2026-10-18,DECLINED,ELG-003|BAL-001|NOT-002,13,6,0,7,false,14.51
SYN007063,PROF_DEV,2026-09-21,2026-09-27,DECLINED,BAL-001|NOT-004,6,0,0,6,true,0.73
SYN005408,ANNUAL,2026-09-21,2026-10-18,DECLINED,BAL-001|NOT-001,20,0,0,20,true,4.3
SYN000707,PROF_DEV,2026-09-21,2026-09-23,NEEDS_APPROVAL,NOT-004,0,0,0,0,false,0.19
SYN001867,TOIL,2026-09-21,2026-09-21,RECOMMEND_APPROVE,"",0,0,0,0,false,0.12
SYN004643,LONG_SERVICE,2026-09-21,2026-09-27,DECLINED,ELG-003|BAL-001|NOT-002,5,0,0,5,false,0.76
SYN007715,ANNUAL,2026-09-21,2026-09-27,NEEDS_APPROVAL,NOT-001|COV-002,5,0,0,5,false,0.87
SYN002778,ANNUAL,2026-09-21,2026-10-02,NEEDS_APPROVAL,NOT-001,9,6,0,3,false,18.14
SYN001597,ANNUAL,2026-09-21,2026-09-21,NEEDS_APPROVAL,NOT-001,1,0,0,1,false,0.48
SYN005692,PROF_DEV,2026-09-21,2026-09-21,NEEDS_APPROVAL,NOT-004,0,0,0,0,false,0.14
SYN005289,TOIL,2026-09-21,2026-09-21,RECOMMEND_APPROVE,"",1,0,0,1,false,0.33
SYN003651,LONG_SERVICE,2026-09-21,2026-09-26,DECLINED,BAL-001|NOT-002,5,1,0,4,false,1.21
SYN000999,TOIL,2026-09-21,2027-01-03,DECLINED,BAL-001,9,0,0,9,false,1.79
SYN001379,ANNUAL,2026-09-21,2026-10-11,NEEDS_APPROVAL,NOT-001,15,6,0,9,false,58.39
SYN004841,UNPAID,2026-09-21,2026-12-05,NEEDS_APPROVAL,NOT-004,40,9,0,31,true,36.02
SYN000603,ANNUAL,2026-09-21,2026-10-04,DECLINED,BAL-001|NOT-001,9,1,0,8,true,7.2
SYN001656,ANNUAL,2026-09-21,2026-09-27,DECLINED,BAL-001|NOT-001,5,0,0,5,false,1.21
SYN001134,LONG_SERVICE,2026-09-21,2026-12-20,DECLINED,ELG-003|BAL-001|NOT-002,26,0,0,26,true,1.39
SYN007218,ANNUAL,2026-09-21,2026-09-27,NEEDS_APPROVAL,NOT-001,3,0,0,3,false,0.44
SYN005608,ANNUAL,2026-09-21,2026-09-21,NEEDS_APPROVAL,NOT-001,1,0,0,1,true,0.36
SYN000915,PARENTAL,2026-09-21,2026-12-27,NEEDS_APPROVAL,NOT-004,29,0,0,29,true,0.75
SYN006156,LONG_SERVICE,2026-09-21,2027-01-03,DECLINED,BAL-001|NOT-002|COV-001,60,22,24,14,true,46.95
SYN002934,ANNUAL,2026-09-21,2026-09-25,NEEDS_APPROVAL,NOT-001,5,0,0,5,false,0.8
SYN000134,ANNUAL,2026-09-21,2026-09-22,NEEDS_APPROVAL,NOT-001,2,0,0,2,false,0.28
SYN005793,ANNUAL,2026-09-21,2026-09-22,DECLINED,BAL-001|NOT-001,2,1,0,1,true,0.63
SYN007431,ANNUAL,2026-09-21,2026-09-21,NEEDS_APPROVAL,NOT-001|COV-002,1,0,0,1,false,0.26
SYN004711,ANNUAL,2026-09-21,2026-09-26,NEEDS_APPROVAL,NOT-001,4,0,0,4,false,1.05
SYN002978,ANNUAL,2026-09-21,2026-10-18,DECLINED,BAL-001|NOT-001|COV-001,16,0,4,12,true,3.23
SYN001980,ANNUAL,2026-09-21,2026-09-25,NEEDS_APPROVAL,NOT-001,3,0,0,3,false,0.91
SYN005602,TOIL,2026-09-21,2026-10-04,DECLINED,BAL-001,4,1,0,3,false,1.6
SYN005245,ANNUAL,2026-09-21,2026-09-25,NEEDS_APPROVAL,NOT-001,5,1,0,4,false,28.53
SYN003763,ANNUAL,2026-09-21,2026-10-04,NEEDS_APPROVAL,NOT-001,10,0,0,10,true,0.77
SYN006107,ANNUAL,2026-09-21,2026-09-30,NEEDS_APPROVAL,NOT-001,6,2,0,4,false,57.88
SYN005841,ANNUAL,2026-09-21,2026-10-18,NEEDS_APPROVAL,NOT-001,15,8,0,7,true,38.1
SYN003934,PROF_DEV,2026-09-21,2026-09-21,NEEDS_APPROVAL,NOT-004|COV-002,1,1,0,0,false,11.94
SYN000553,LONG_SERVICE,2026-09-21,2026-12-24,DECLINED,BAL-001|NOT-002,42,0,0,42,true,2.64
SYN000726,ANNUAL,2026-09-21,2026-10-14,DECLINED,BAL-001|NOT-001,9,2,0,7,true,13.88
SYN008742,UNPAID,2026-09-21,2026-09-22,NEEDS_APPROVAL,NOT-004|COV-001,2,0,1,1,true,0.3
SYN001114,ANNUAL,2026-09-21,2026-09-29,NEEDS_APPROVAL,NOT-001,6,0,0,6,false,0.55
SYN007525,UNPAID,2026-09-21,2027-02-14,DECLINED,NOT-004|COV-001|COV-002,105,4,66,35,true,12.26
SYN001764,ANNUAL,2026-09-21,2026-09-25,DECLINED,BAL-001|NOT-001,4,0,0,4,false,0.38
SYN004198,ANNUAL,2026-09-21,2026-10-04,DECLINED,BAL-001|NOT-001,8,1,0,7,true,4.15
SYN004012,PROF_DEV,2026-09-21,2026-09-25,NEEDS_APPROVAL,NOT-004,5,0,0,5,false,0.44
SYN001014,ANNUAL,2026-09-21,2026-09-25,NEEDS_APPROVAL,NOT-001,3,2,0,1,false,13.33
SYN006354,ANNUAL,2026-09-21,2026-09-24,NEEDS_APPROVAL,NOT-001,4,0,0,4,true,0.48
SYN002145,PARENTAL,2026-09-21,2026-12-27,NEEDS_APPROVAL,NOT-004,70,0,0,70,true,1.57
SYN004799,ANNUAL,2026-09-21,2026-09-27,NEEDS_APPROVAL,NOT-001|COV-002,5,4,0,1,true,2.42
SYN009100,ANNUAL,2026-09-21,2026-09-21,DECLINED,ELG-002|NOT-001,1,0,0,1,true,0.26
SYN005606,LONG_SERVICE,2026-09-21,2026-10-04,DECLINED,ELG-003|BAL-001|NOT-002,2,0,0,2,false,0.35
SYN007290,ADO,2026-09-21,2026-10-04,NEEDS_APPROVAL,REQ-004,11,0,0,11,true,1.77
SYN005372,TOIL,2026-09-21,2026-09-21,NEEDS_APPROVAL,BAL-003,1,0,0,1,false,0.21
SYN000929,ANNUAL,2026-09-21,2026-10-28,DECLINED,BAL-001|NOT-001,23,10,0,13,true,10.44
SYN007260,ANNUAL,2026-09-21,2026-09-27,NEEDS_APPROVAL,NOT-001,4,0,0,4,false,0.93
SYN003669,ANNUAL,2026-09-21,2026-09-27,NEEDS_APPROVAL,NOT-001|COV-002,3,0,0,3,false,0.38
SYN000977,ANNUAL,2026-09-21,2026-12-13,DECLINED,BAL-001|NOT-001,28,9,0,19,true,5.24
SYN004638,TOIL,2026-09-21,2026-09-21,NEEDS_APPROVAL,BAL-003,1,0,0,1,false,0.24
SYN006685,TOIL,2026-09-21,2026-09-21,NEEDS_APPROVAL,BAL-003,1,0,0,1,false,0.39
SYN005109,ANNUAL,2026-09-21,2026-09-27,NEEDS_APPROVAL,NOT-001,4,0,0,4,false,0.92
SYN007498,ANNUAL,2026-09-21,2026-10-24,DECLINED,BAL-001|NOT-001,21,2,0,19,true,11.39
SYN002725,ANNUAL,2026-09-21,2026-10-18,DECLINED,BAL-001|NOT-001,16,2,0,14,true,2.35
SYN005953,ANNUAL,2026-09-21,2026-09-25,NEEDS_APPROVAL,NOT-001,5,4,0,1,false,113.71
SYN000895,ANNUAL,2026-09-21,2026-09-27,NEEDS_APPROVAL,NOT-001,5,0,0,5,false,0.58
SYN007197,ANNUAL,2026-09-21,2026-09-23,NEEDS_APPROVAL,NOT-001,0,0,0,0,false,0.15
SYN004378,ANNUAL,2026-09-21,2026-09-25,NEEDS_APPROVAL,NOT-001,5,0,0,5,true,0.47
SYN006262,LONG_SERVICE,2026-09-21,2026-09-27,NEEDS_APPROVAL,NOT-002,4,1,0,3,true,4.5
SYN008208,ANNUAL,2026-09-21,2026-09-21,DECLINED,ELG-001|ELG-002|NOT-001,1,0,0,1,false,0.3
SYN001238,LONG_SERVICE,2026-09-21,2026-09-23,DECLINED,BAL-001|NOT-002,3,3,0,0,false,8.28
SYN002350,ANNUAL,2026-09-21,2026-09-27,NEEDS_APPROVAL,NOT-001,5,0,0,5,false,0.66
SYN008134,UNPAID,2026-09-21,2027-03-21,NEEDS_APPROVAL,NOT-004,52,20,0,32,true,14.28
SYN003277,LONG_SERVICE,2026-09-21,2026-12-03,DECLINED,BAL-001|NOT-002|COV-001,54,0,13,41,true,1.69
SYN006040,TOIL,2026-09-21,2026-09-25,DECLINED,BAL-001,4,0,0,4,true,0.48
SYN008761,ANNUAL,2026-09-21,2026-10-25,DECLINED,BAL-001|NOT-001|COV-001,25,0,9,16,true,0.83
SYN008097,LONG_SERVICE,2026-09-21,2026-10-25,DECLINED,ELG-003|BAL-001|NOT-002,25,4,0,21,false,88.83
SYN006562,TOIL,2026-09-21,2026-09-21,RECOMMEND_APPROVE,"",1,0,0,1,false,0.26
SYN009193,ANNUAL,2026-09-21,2026-09-27,NEEDS_APPROVAL,NOT-001,0,0,0,0,false,0.17
SYN002059,ANNUAL,2026-09-21,2026-10-02,NEEDS_APPROVAL,NOT-001,10,10,0,0,false,87.7
SYN006331,ANNUAL,2026-09-21,2026-10-17,DECLINED,BAL-001|NOT-001,20,3,0,17,true,19.17
SYN000445,ANNUAL,2026-09-21,2026-10-04,NEEDS_APPROVAL,NOT-001,6,1,0,5,false,29.1
SYN004993,TOIL,2026-09-21,2026-09-21,RECOMMEND_APPROVE,"",1,0,0,1,false,0.24
SYN003408,PROF_DEV,2026-09-21,2026-09-21,NEEDS_APPROVAL,NOT-004,1,0,0,1,false,0.27
SYN004886,LONG_SERVICE,2026-09-21,2026-10-04,NEEDS_APPROVAL,NOT-002,10,2,0,8,false,2.44
SYN006762,ANNUAL,2026-09-21,2026-09-29,DECLINED,BAL-001|NOT-001,7,0,0,7,false,1.02
SYN008300,TOIL,2026-09-21,2026-09-21,NEEDS_APPROVAL,BAL-003,1,0,0,1,false,0.23
SYN008592,ANNUAL,2026-09-21,2026-09-27,NEEDS_APPROVAL,NOT-001,5,1,0,4,false,16.68
SYN006520,LONG_SERVICE,2026-09-21,2026-12-05,NEEDS_APPROVAL,NOT-002,32,2,0,30,true,24.56
SYN006072,ANNUAL,2026-09-21,2026-09-27,DECLINED,BAL-001|NOT-001,5,0,0,5,false,0.8
SYN004670,ANNUAL,2026-09-21,2026-10-03,NEEDS_APPROVAL,ELG-001|NOT-001,12,0,0,12,true,0.59
SYN001022,ANNUAL,2026-09-21,2026-10-04,NEEDS_APPROVAL,NOT-001,8,1,0,7,true,3.37
SYN009487,TOIL,2026-09-21,2026-10-04,DECLINED,BAL-001,7,0,0,7,false,0.81
SYN004489,ANNUAL,2026-09-21,2026-10-11,NEEDS_APPROVAL,NOT-001,15,0,0,15,true,0.98
SYN008755,ANNUAL,2026-09-21,2026-10-04,NEEDS_APPROVAL,NOT-001|COV-001,10,4,4,2,true,4.5
SYN004033,ANNUAL,2026-09-21,2026-10-11,DECLINED,BAL-001|NOT-001,7,0,0,7,false,1.81
SYN008511,ANNUAL,2026-09-21,2026-10-11,DECLINED,BAL-001|NOT-001,11,2,0,9,false,44.8
SYN008569,TOIL,2026-09-21,2026-10-04,RECOMMEND_APPROVE,"",9,0,0,9,false,1.19
SYN001060,PROF_DEV,2026-09-21,2026-09-23,DECLINED,BAL-001|NOT-004|COV-001|COV-003,3,1,2,0,true,0.72
SYN000824,TOIL,2026-09-21,2026-09-27,RECOMMEND_APPROVE,"",5,0,0,5,true,0.3
SYN003287,ANNUAL,2026-09-21,2026-10-11,DECLINED,BAL-001|NOT-001|COV-002,15,13,0,2,true,5.69
SYN005720,ANNUAL,2026-09-21,2026-09-21,NEEDS_APPROVAL,NOT-001,1,0,0,1,false,0.22
SYN001161,ANNUAL,2026-09-21,2026-09-24,NEEDS_APPROVAL,NOT-001,4,0,0,4,true,0.35
SYN008737,ANNUAL,2026-09-21,2026-09-21,NEEDS_APPROVAL,NOT-001,1,0,0,1,false,0.22
SYN002185,ANNUAL,2026-09-21,2026-10-04,NEEDS_APPROVAL,NOT-001,10,0,0,10,false,1.34
SYN004244,PARENTAL,2026-09-21,2027-04-04,DECLINED,NOT-004|COV-001,140,0,21,119,true,3.32
SYN001434,ANNUAL,2026-09-21,2026-09-23,NEEDS_APPROVAL,NOT-001,3,0,0,3,false,0.3
SYN007325,ANNUAL,2026-09-21,2026-09-25,NEEDS_APPROVAL,BAL-003|NOT-001,5,0,0,5,true,0.34
SYN008312,ANNUAL,2026-09-21,2026-09-25,NEEDS_APPROVAL,NOT-001,5,4,0,1,false,70.53
SYN001911,TOIL,2026-09-21,2026-09-21,RECOMMEND_APPROVE,"",0,0,0,0,false,0.19
SYN005334,ANNUAL,2026-09-21,2026-10-11,NEEDS_APPROVAL,NOT-001|COV-002,15,13,0,2,true,115.3
SYN008984,ANNUAL,2026-09-21,2026-10-04,NEEDS_APPROVAL,ELG-001|NOT-001,10,1,0,9,true,1.79
SYN008882,ANNUAL,2026-09-21,2026-09-27,NEEDS_APPROVAL,ELG-001|NOT-001,5,0,0,5,true,0.56
SYN003043,ANNUAL,2026-09-21,2026-10-02,NEEDS_APPROVAL,NOT-001,4,0,0,4,true,1.27
SYN001504,ANNUAL,2026-09-21,2026-10-18,NEEDS_APPROVAL,NOT-001,12,0,0,12,true,2.22
SYN000116,ADO,2026-09-21,2026-09-29,NEEDS_APPROVAL,REQ-004|BAL-003,7,0,0,7,false,0.98
SYN004803,LONG_SERVICE,2026-09-21,2026-11-01,DECLINED,ELG-001|ELG-003|BAL-001|NOT-002,24,4,0,20,true,3.27
SYN000437,ANNUAL,2026-09-21,2026-10-04,DECLINED,BAL-001|NOT-001,9,1,0,8,true,6.16
SYN007462,ANNUAL,2026-09-21,2026-09-22,NEEDS_APPROVAL,NOT-001|COV-002,2,0,0,2,false,0.33
SYN004522,ANNUAL,2026-09-21,2026-09-24,NEEDS_APPROVAL,NOT-001,3,3,0,0,false,30.6
SYN002976,TOIL,2026-09-21,2026-09-21,NEEDS_APPROVAL,BAL-003,1,0,0,1,false,0.48
SYN003804,LONG_SERVICE,2026-09-21,2026-10-25,DECLINED,BAL-001|NOT-002,18,1,0,17,false,5.9
SYN001940,ANNUAL,2026-09-21,2026-09-27,NEEDS_APPROVAL,NOT-001,5,0,0,5,false,0.71
SYN001931,ANNUAL,2026-09-21,2026-10-11,DECLINED,BAL-001|NOT-001,13,0,0,13,true,1.15
SYN002012,TOIL,2026-09-21,2026-09-21,RECOMMEND_APPROVE,"",1,1,0,0,false,1.37
SYN000064,ANNUAL,2026-09-21,2026-09-21,NEEDS_APPROVAL,NOT-001,0,0,0,0,false,0.16
SYN004712,TOIL,2026-09-21,2026-09-21,NEEDS_APPROVAL,BAL-003,1,0,0,1,false,0.18
SYN004058,ANNUAL,2026-09-21,2026-10-04,NEEDS_APPROVAL,NOT-001,6,1,0,5,true,6.44
SYN008506,PROF_DEV,2026-09-21,2026-09-22,NEEDS_APPROVAL,NOT-004,2,2,0,0,true,0.9
SYN007349,ADO,2026-09-21,2026-09-21,DECLINED,BAL-001|COV-002,1,1,0,0,false,16.05
SYN004017,ANNUAL,2026-09-21,2026-10-11,NEEDS_APPROVAL,NOT-001,13,2,0,11,false,8.14
SYN003346,LONG_SERVICE,2026-09-21,2026-09-21,DECLINED,BAL-001|NOT-002,1,0,0,1,false,0.31
SYN002701,PROF_DEV,2026-09-21,2026-09-24,DECLINED,BAL-001|NOT-004,4,0,0,4,true,0.33
SYN006840,ANNUAL,2026-09-21,2026-09-23,NEEDS_APPROVAL,NOT-001,2,0,0,2,true,1.0
SYN005448,LONG_SERVICE,2026-09-21,2026-10-18,DECLINED,BAL-001|NOT-002,20,6,0,14,false,14.58
SYN000675,ADO,2026-09-21,2026-10-11,DECLINED,REQ-004|ELG-002|BAL-001,12,0,0,12,true,2.08
SYN003452,TOIL,2026-09-21,2026-09-21,NEEDS_APPROVAL,BAL-003,1,0,0,1,false,0.22
SYN008939,ANNUAL,2026-09-21,2026-10-09,DECLINED,ELG-001|BAL-001|NOT-001|COV-002,15,0,0,15,true,0.94
SYN003010,TOIL,2026-09-21,2026-09-24,NEEDS_APPROVAL,COV-002,4,0,0,4,false,0.65
SYN000747,LONG_SERVICE,2026-09-21,2026-09-27,DECLINED,ELG-003|BAL-001|NOT-002,3,3,0,0,true,6.01
SYN004804,TOIL,2026-09-21,2026-09-21,NEEDS_APPROVAL,BAL-003,1,0,0,1,false,0.28
SYN007034,ANNUAL,2026-09-21,2026-09-25,NEEDS_APPROVAL,NOT-001,5,1,0,4,false,14.7
SYN007842,ANNUAL,2026-09-21,2026-09-21,NEEDS_APPROVAL,NOT-001,1,0,0,1,false,0.3
SYN005941,ANNUAL,2026-09-21,2026-09-27,NEEDS_APPROVAL,NOT-001,3,0,0,3,false,0.88
SYN001875,LONG_SERVICE,2026-09-21,2026-11-08,NEEDS_APPROVAL,ELG-001|NOT-002,20,0,0,20,true,2.3
SYN009155,LONG_SERVICE,2026-09-21,2026-09-21,NEEDS_APPROVAL,NOT-002,1,0,0,1,true,0.35
SYN005896,ANNUAL,2026-09-21,2026-09-27,NEEDS_APPROVAL,NOT-001,4,0,0,4,false,0.95
SYN004023,ANNUAL,2026-09-21,2026-09-27,NEEDS_APPROVAL,NOT-001,4,0,0,4,true,0.42
SYN007602,ANNUAL,2026-09-21,2026-11-15,DECLINED,BAL-001|NOT-001,40,3,0,37,true,32.84
SYN005016,ANNUAL,2026-09-21,2026-10-09,NEEDS_APPROVAL,NOT-001,6,2,0,4,false,27.85
SYN005534,TOIL,2026-09-21,2026-09-27,DECLINED,BAL-001,4,0,0,4,true,0.93
SYN003127,ANNUAL,2026-09-21,2026-10-05,NEEDS_APPROVAL,NOT-001|COV-002,10,2,0,8,true,5.24
SYN004690,ANNUAL,2026-09-21,2026-10-18,DECLINED,BAL-001|NOT-001,16,0,0,16,false,0.95
SYN001589,TOIL,2026-09-21,2026-09-27,RECOMMEND_APPROVE,"",5,0,0,5,false,0.45
SYN002726,ADO,2026-09-21,2026-09-23,NEEDS_APPROVAL,REQ-004,3,0,0,3,false,0.28
SYN004617,ANNUAL,2026-09-21,2026-10-18,DECLINED,BAL-001|NOT-001|COV-001,17,0,1,16,true,1.5
SYN009296,ANNUAL,2026-09-21,2026-10-11,DECLINED,BAL-001|NOT-001|COV-002,9,0,0,9,true,0.99
SYN007932,ANNUAL,2026-09-21,2026-10-02,NEEDS_APPROVAL,NOT-001,10,3,0,7,true,29.08
SYN004811,ANNUAL,2026-09-21,2026-09-21,NEEDS_APPROVAL,NOT-001,1,0,0,1,false,0.24
SYN001843,TOIL,2026-09-21,2026-10-04,RECOMMEND_APPROVE,"",10,0,0,10,false,1.49
SYN005418,ANNUAL,2026-09-21,2026-09-27,NEEDS_APPROVAL,NOT-001,5,1,0,4,false,15.18
SYN005537,UNPAID,2026-09-21,2026-11-17,NEEDS_APPROVAL,NOT-004,34,0,0,34,true,4.33
SYN008581,ANNUAL,2026-09-21,2026-09-27,NEEDS_APPROVAL,ELG-001|NOT-001,5,0,0,5,true,0.46
SYN000392,ANNUAL,2026-09-21,2026-09-21,NEEDS_APPROVAL,NOT-001,1,0,0,1,false,0.27
SYN006163,UNPAID,2026-09-21,2027-04-08,NEEDS_APPROVAL,NOT-004,116,24,0,92,true,6.94
SYN001948,ANNUAL,2026-09-21,2026-09-27,NEEDS_APPROVAL,NOT-001,4,2,0,2,false,37.13
SYN006016,ANNUAL,2026-09-21,2026-11-12,DECLINED,BAL-001|NOT-001,24,3,0,21,false,31.93
SYN005331,PROF_DEV,2026-09-21,2026-09-21,NEEDS_APPROVAL,BAL-003|NOT-004,1,1,0,0,true,1.09
SYN003904,ANNUAL,2026-09-21,2026-10-04,NEEDS_APPROVAL,NOT-001,2,0,0,2,false,0.56
SYN000926,ANNUAL,2026-09-21,2026-10-18,DECLINED,BAL-001|NOT-001,22,0,0,22,true,2.93
SYN005604,TOIL,2026-09-21,2026-10-18,DECLINED,BAL-001,20,0,0,20,false,1.18
SYN003151,TOIL,2026-09-21,2026-09-21,NEEDS_APPROVAL,BAL-003,1,0,0,1,false,0.19
SYN001319,TOIL,2026-09-21,2026-10-04,DECLINED,BAL-001,10,0,0,10,false,0.79
SYN006125,ANNUAL,2026-09-21,2026-09-27,NEEDS_APPROVAL,NOT-001|COV-002,3,0,0,3,false,0.31
SYN005419,PROF_DEV,2026-09-21,2026-09-22,NEEDS_APPROVAL,NOT-004,2,0,0,2,true,0.27
SYN007459,ANNUAL,2026-09-21,2026-09-21,NEEDS_APPROVAL,NOT-001,1,0,0,1,false,0.22
SYN000442,ANNUAL,2026-09-21,2026-09-25,NEEDS_APPROVAL,NOT-001,5,0,0,5,false,0.3
SYN005426,ANNUAL,2026-09-21,2026-09-25,NEEDS_APPROVAL,NOT-001,4,0,0,4,false,0.44
SYN006268,LONG_SERVICE,2026-09-21,2026-09-22,DECLINED,ELG-003|BAL-001|NOT-002,2,0,0,2,true,0.36
SYN006279,ANNUAL,2026-09-21,2026-10-11,DECLINED,BAL-001|NOT-001,14,0,0,14,false,1.89
SYN005757,ANNUAL,2026-09-21,2026-10-14,DECLINED,BAL-001|NOT-001,12,5,0,7,true,1.51
SYN007626,UNPAID,2026-09-21,2027-01-28,NEEDS_APPROVAL,NOT-004,93,21,0,72,true,10.54
SYN007289,TOIL,2026-09-21,2026-10-04,NEEDS_APPROVAL,COV-002,10,0,0,10,true,1.36
SYN008121,LONG_SERVICE,2026-09-21,2026-10-20,DECLINED,ELG-003|BAL-001|NOT-002,14,0,0,14,false,1.48
SYN006259,PROF_DEV,2026-09-21,2026-09-25,NEEDS_APPROVAL,ELG-001|NOT-004,5,0,0,5,true,0.35
SYN005320,ANNUAL,2026-09-21,2026-10-18,NEEDS_APPROVAL,NOT-001,20,2,0,18,false,48.1
SYN008795,ADO,2026-09-21,2026-09-27,DECLINED,REQ-004|BAL-001,4,0,0,4,false,0.56
SYN008053,ANNUAL,2026-09-21,2026-10-04,NEEDS_APPROVAL,BAL-003|NOT-001,8,0,0,8,false,1.59
SYN005204,ANNUAL,2026-09-21,2026-10-04,NEEDS_APPROVAL,NOT-001,8,0,0,8,false,0.77
SYN002748,ANNUAL,2026-09-21,2026-09-27,DECLINED,BAL-001|NOT-001,3,0,0,3,false,0.39
SYN006843,ANNUAL,2026-09-21,2026-09-22,NEEDS_APPROVAL,NOT-001,2,0,0,2,false,0.49
SYN007241,TOIL,2026-09-21,2026-09-21,NEEDS_APPROVAL,BAL-003,1,0,0,1,false,0.23
SYN007402,ANNUAL,2026-09-21,2026-09-27,NEEDS_APPROVAL,NOT-001|COV-001,5,0,3,2,true,0.38
SYN004262,ANNUAL,2026-09-21,2026-09-27,NEEDS_APPROVAL,NOT-001|COV-001,5,0,2,3,true,0.42
SYN005168,ANNUAL,2026-09-21,2026-10-02,NEEDS_APPROVAL,NOT-001,10,0,0,10,true,0.42
SYN000787,PROF_DEV,2026-09-21,2026-09-26,NEEDS_APPROVAL,NOT-004,3,0,0,3,false,0.39
SYN005183,PARENTAL,2026-09-21,2027-03-07,NEEDS_APPROVAL,NOT-004,72,14,0,58,true,8.14
SYN004188,ANNUAL,2026-09-21,2026-10-11,DECLINED,BAL-001|NOT-001,15,0,0,15,true,0.74
SYN001724,ANNUAL,2026-09-21,2027-04-18,DECLINED,REQ-004|BAL-001|NOT-001,120,29,0,91,true,64.29
SYN002814,ANNUAL,2026-09-21,2026-09-27,NEEDS_APPROVAL,NOT-001,9,0,0,9,false,0.79
SYN000188,LONG_SERVICE,2026-09-21,2026-10-04,DECLINED,ELG-003|BAL-001|NOT-002|COV-002,6,0,0,6,false,0.55
SYN005231,ANNUAL,2026-09-21,2026-09-21,NEEDS_APPROVAL,NOT-001,1,1,0,0,false,5.75
SYN001338,ANNUAL,2026-09-21,2026-10-11,NEEDS_APPROVAL,NOT-001,8,2,0,6,false,3.68
SYN003116,ANNUAL,2026-09-21,2026-09-27,NEEDS_APPROVAL,NOT-001,5,0,0,5,true,0.35
SYN007729,ANNUAL,2026-09-21,2026-09-21,NEEDS_APPROVAL,NOT-001,1,1,0,0,false,13.85
SYN002947,ANNUAL,2026-09-21,2026-10-06,NEEDS_APPROVAL,NOT-001,4,0,0,4,true,0.41
SYN003420,TOIL,2026-09-21,2026-09-21,NEEDS_APPROVAL,BAL-003,1,0,0,1,false,0.2
SYN001435,ANNUAL,2026-09-21,2026-09-27,NEEDS_APPROVAL,NOT-001|COV-002,5,1,0,4,false,12.31
SYN005046,ANNUAL,2026-09-21,2026-09-27,NEEDS_APPROVAL,NOT-001,4,0,0,4,true,0.53
SYN004215,ANNUAL,2026-09-21,2026-09-27,NEEDS_APPROVAL,NOT-001,1,0,0,1,false,0.43
SYN002686,ANNUAL,2026-09-21,2026-09-27,NEEDS_APPROVAL,NOT-001,4,1,0,3,false,2.26
SYN005730,ANNUAL,2026-09-21,2026-09-24,NEEDS_APPROVAL,NOT-001,4,4,0,0,false,64.47
SYN004829,PROF_DEV,2026-09-21,2026-09-22,NEEDS_APPROVAL,NOT-004|COV-002,2,0,0,2,false,0.38
SYN009018,ANNUAL,2026-09-21,2026-10-04,NEEDS_APPROVAL,NOT-001,2,0,0,2,false,0.54
SYN003353,ADO,2026-09-21,2026-09-23,NEEDS_APPROVAL,REQ-004|COV-002,2,0,0,2,true,0.47
SYN008234,ANNUAL,2026-09-21,2026-09-22,NEEDS_APPROVAL,NOT-001,2,1,0,1,false,5.64
SYN007030,ANNUAL,2026-09-21,2026-09-21,NEEDS_APPROVAL,NOT-001,1,0,0,1,true,0.25
SYN000624,ANNUAL,2026-09-21,2026-09-21,NEEDS_APPROVAL,NOT-001,1,0,0,1,false,0.27
SYN004870,LONG_SERVICE,2026-09-21,2026-09-21,DECLINED,ELG-003|BAL-001|NOT-002,1,0,0,1,false,0.29
SYN002576,ANNUAL,2026-09-21,2026-09-21,NEEDS_APPROVAL,NOT-001,1,0,0,1,true,0.23
SYN002288,TOIL,2026-09-21,2026-10-09,DECLINED,BAL-001,4,0,0,4,true,0.73
SYN004673,TOIL,2026-09-21,2026-09-22,RECOMMEND_APPROVE,"",2,0,0,2,false,0.37
SYN008011,TOIL,2026-09-21,2026-09-21,RECOMMEND_APPROVE,"",0,0,0,0,false,0.13
SYN009545,TOIL,2026-09-21,2026-09-21,DECLINED,ELG-002|BAL-003,1,0,0,1,false,0.19
SYN001854,ANNUAL,2026-09-21,2026-10-09,NEEDS_APPROVAL,NOT-001,5,0,0,5,false,0.38
SYN001065,ANNUAL,2026-09-21,2026-09-21,NEEDS_APPROVAL,NOT-001,1,1,0,0,false,3.77
SYN008616,ANNUAL,2026-09-21,2026-09-27,NEEDS_APPROVAL,NOT-001|COV-002,3,0,0,3,false,2.33
SYN000327,ANNUAL,2026-09-21,2026-09-25,NEEDS_APPROVAL,NOT-001,5,0,0,5,false,0.46
SYN002745,LONG_SERVICE,2026-09-21,2026-11-22,DECLINED,BAL-001|NOT-002|COV-001,45,0,7,38,true,1.32
SYN004940,ANNUAL,2026-09-21,2026-10-04,DECLINED,BAL-001|NOT-001|COV-002,10,0,0,10,true,3.22
SYN005894,LONG_SERVICE,2026-09-21,2026-10-04,DECLINED,ELG-003|BAL-001|NOT-002,8,0,0,8,false,0.72
SYN008328,TOIL,2026-09-21,2026-09-21,NEEDS_APPROVAL,BAL-003,1,0,0,1,false,1.03
SYN000838,ANNUAL,2026-09-21,2026-10-04,NEEDS_APPROVAL,NOT-001,11,0,0,11,true,0.78
SYN008816,ANNUAL,2026-09-21,2026-10-18,DECLINED,NOT-001|COV-001,13,1,3,9,true,1.3
SYN005409,TOIL,2026-09-21,2026-10-07,DECLINED,BAL-001,13,1,0,12,false,19.79
SYN004402,ANNUAL,2026-09-21,2026-09-22,NEEDS_APPROVAL,NOT-001,2,1,0,1,false,1.44
SYN001032,ANNUAL,2026-09-21,2026-09-27,NEEDS_APPROVAL,NOT-001|COV-002,5,2,0,3,false,8.08
SYN004212,ANNUAL,2026-09-21,2026-09-21,NEEDS_APPROVAL,NOT-001,1,0,0,1,false,0.25
SYN005984,ANNUAL,2026-09-21,2026-10-04,NEEDS_APPROVAL,NOT-001|COV-002,20,4,0,16,false,58.02
SYN001965,ANNUAL,2026-09-21,2026-10-11,DECLINED,BAL-001|NOT-001|COV-002,16,0,0,16,true,1.3
SYN004253,ANNUAL,2026-09-21,2026-10-07,NEEDS_APPROVAL,NOT-001,6,0,0,6,false,0.66
SYN003086,ANNUAL,2026-09-21,2026-09-27,DECLINED,BAL-001|NOT-001,5,0,0,5,false,0.64
SYN001908,ANNUAL,2026-09-21,2026-10-18,NEEDS_APPROVAL,NOT-001,18,5,0,13,true,8.87
SYN003228,LONG_SERVICE,2026-09-21,2026-10-11,NEEDS_APPROVAL,BAL-003|NOT-002,1,0,0,1,false,0.42
SYN007569,ANNUAL,2026-09-21,2026-09-22,NEEDS_APPROVAL,NOT-001,2,0,0,2,true,0.41
SYN001029,ANNUAL,2026-09-21,2026-09-28,NEEDS_APPROVAL,NOT-001|COV-002,6,2,0,4,false,7.48
SYN005416,TOIL,2026-09-21,2026-09-21,NEEDS_APPROVAL,BAL-003,1,0,0,1,false,0.19
SYN007304,TOIL,2026-09-21,2026-10-18,DECLINED,BAL-001,12,12,0,0,false,176.2
SYN002139,ANNUAL,2026-09-22,2026-09-30,NEEDS_APPROVAL,NOT-001,5,0,0,5,false,0.48
SYN004706,ANNUAL,2026-09-22,2026-10-05,NEEDS_APPROVAL,NOT-001,10,0,0,10,true,0.9
SYN008524,PROF_DEV,2026-09-22,2026-09-22,NEEDS_APPROVAL,NOT-004,1,0,0,1,true,0.22
SYN008011,ANNUAL,2026-09-22,2026-09-24,NEEDS_APPROVAL,NOT-001,2,1,0,1,true,0.33
SYN002012,ANNUAL,2026-09-22,2026-09-25,NEEDS_APPROVAL,NOT-001,2,2,0,0,false,1.69
SYN002776,ANNUAL,2026-09-22,2026-09-22,NEEDS_APPROVAL,NOT-001,1,0,0,1,false,0.32
SYN003452,ANNUAL,2026-09-22,2026-09-24,NEEDS_APPROVAL,NOT-001,1,0,0,1,false,0.23
SYN006685,ANNUAL,2026-09-22,2026-10-02,NEEDS_APPROVAL,NOT-001,10,0,0,10,true,0.78
SYN009255,ANNUAL,2026-09-22,2026-09-28,NEEDS_APPROVAL,NOT-001,3,0,0,3,false,0.72
SYN001086,ANNUAL,2026-09-22,2026-09-30,NEEDS_APPROVAL,NOT-001,3,3,0,0,true,4.52
SYN002181,PROF_DEV,2026-09-22,2026-09-27,NEEDS_APPROVAL,NOT-004,4,0,0,4,false,0.36
SYN004712,ANNUAL,2026-09-22,2026-10-04,NEEDS_APPROVAL,BAL-003|NOT-001,5,0,0,5,false,0.32
SYN008863,ANNUAL,2026-09-22,2026-09-23,NEEDS_APPROVAL,NOT-001,2,0,0,2,false,0.22
SYN006562,LONG_SERVICE,2026-09-22,2026-10-04,DECLINED,ELG-003|BAL-001|NOT-002,5,2,0,3,false,25.44
SYN005151,LONG_SERVICE,2026-09-22,2026-10-18,DECLINED,ELG-003|BAL-001|NOT-002,19,2,0,17,false,23.51
SYN000125,PROF_DEV,2026-09-22,2026-09-25,NEEDS_APPROVAL,NOT-004,4,0,0,4,true,0.7
SYN007157,ANNUAL,2026-09-22,2026-10-01,DECLINED,BAL-001|NOT-001,4,0,0,4,false,0.54
SYN006098,ANNUAL,2026-09-22,2026-10-02,NEEDS_APPROVAL,NOT-001,9,2,0,7,false,3.14
SYN000247,ANNUAL,2026-09-22,2026-09-22,NEEDS_APPROVAL,NOT-001,0,0,0,0,false,0.16
SYN004117,ANNUAL,2026-09-22,2026-09-22,NEEDS_APPROVAL,NOT-001,1,0,0,1,false,0.22
SYN004265,ANNUAL,2026-09-22,2026-09-23,NEEDS_APPROVAL,NOT-001,2,0,0,2,false,0.31
SYN008300,PROF_DEV,2026-09-22,2026-09-24,DECLINED,BAL-001|NOT-004,2,0,0,2,false,0.31
SYN004509,PROF_DEV,2026-09-22,2026-10-07,NEEDS_APPROVAL,NOT-004,6,2,0,4,false,3.56
SYN007532,PROF_DEV,2026-09-22,2026-09-27,NEEDS_APPROVAL,NOT-004,2,0,0,2,false,0.37
SYN009326,PROF_DEV,2026-09-22,2026-09-22,NEEDS_APPROVAL,BAL-003|NOT-004,1,0,0,1,false,0.24
SYN003151,ANNUAL,2026-09-22,2026-10-01,NEEDS_APPROVAL,NOT-001,5,0,0,5,false,0.31
SYN005774,PROF_DEV,2026-09-22,2026-09-22,NEEDS_APPROVAL,NOT-004,0,0,0,0,false,0.13
SYN001677,ANNUAL,2026-09-22,2026-09-25,NEEDS_APPROVAL,NOT-001,4,2,0,2,false,2.98
SYN003225,ANNUAL,2026-09-22,2026-09-22,NEEDS_APPROVAL,NOT-001,1,0,0,1,true,0.21
SYN005264,LONG_SERVICE,2026-09-22,2026-10-02,DECLINED,ELG-003|BAL-001|NOT-002,5,4,0,1,false,43.58
SYN008328,ANNUAL,2026-09-22,2026-09-28,NEEDS_APPROVAL,NOT-001,5,0,0,5,false,0.43
SYN003214,TOIL,2026-09-22,2026-09-23,RECOMMEND_APPROVE,"",1,0,0,1,false,0.24
SYN004804,ANNUAL,2026-09-22,2026-09-23,NEEDS_APPROVAL,NOT-001,2,0,0,2,false,0.43
SYN002679,ANNUAL,2026-09-22,2026-09-26,NEEDS_APPROVAL,NOT-001|COV-002,4,3,0,1,false,5.9
SYN008365,ANNUAL,2026-09-22,2026-09-22,NEEDS_APPROVAL,NOT-001,1,1,0,0,false,0.86
SYN005372,ANNUAL,2026-09-22,2026-09-27,NEEDS_APPROVAL,NOT-001,4,0,0,4,false,0.38
SYN006078,ANNUAL,2026-09-22,2026-10-14,NEEDS_APPROVAL,NOT-001,17,0,0,17,false,2.26
SYN003266,ANNUAL,2026-09-22,2026-10-09,NEEDS_APPROVAL,NOT-001,14,0,0,14,true,0.69
SYN000834,ADO,2026-09-22,2026-09-22,RECOMMEND_APPROVE,"",1,0,0,1,false,0.24
SYN002976,PROF_DEV,2026-09-22,2026-09-23,NEEDS_APPROVAL,NOT-004,2,0,0,2,false,0.31
SYN006559,ANNUAL,2026-09-22,2026-09-25,NEEDS_APPROVAL,NOT-001,3,3,0,0,false,2.62
SYN008295,ANNUAL,2026-09-22,2026-09-25,NEEDS_APPROVAL,NOT-001,4,0,0,4,false,0.29
SYN001152,ANNUAL,2026-09-22,2026-09-22,NEEDS_APPROVAL,NOT-001,1,0,0,1,false,0.29
SYN006000,ANNUAL,2026-09-22,2026-09-23,DECLINED,BAL-001|NOT-001,2,2,0,0,false,26.24
SYN008266,ANNUAL,2026-09-22,2026-09-25,DECLINED,ELG-002|NOT-001,4,1,0,3,false,5.77
SYN003329,ANNUAL,2026-09-22,2026-09-22,NEEDS_APPROVAL,ELG-001|NOT-001,1,1,0,0,false,1.34
SYN002192,ANNUAL,2026-09-22,2026-09-23,NEEDS_APPROVAL,NOT-001,2,0,0,2,true,0.53
SYN006627,ANNUAL,2026-09-22,2026-09-27,NEEDS_APPROVAL,NOT-001,3,2,0,1,false,32.93
SYN006707,ANNUAL,2026-09-22,2026-09-27,NEEDS_APPROVAL,NOT-001,2,0,0,2,false,0.43
SYN001867,LONG_SERVICE,2026-09-22,2026-09-27,DECLINED,BAL-001|NOT-002,4,0,0,4,false,0.55
SYN005416,ANNUAL,2026-09-22,2026-09-25,NEEDS_APPROVAL,NOT-001,4,2,0,2,false,2.14
SYN009545,LONG_SERVICE,2026-09-22,2026-09-24,DECLINED,ELG-003|BAL-001|NOT-002,2,1,0,1,false,13.55
SYN008372,ADO,2026-09-22,2026-09-23,DECLINED,BAL-001|COV-002,2,0,0,2,false,0.31
SYN007203,ANNUAL,2026-09-22,2026-10-11,DECLINED,ELG-001|BAL-001|NOT-001,11,4,0,7,false,79.59
SYN007097,ANNUAL,2026-09-22,2026-10-04,NEEDS_APPROVAL,NOT-001|COV-002,5,0,0,5,false,0.71
SYN006420,UNPAID,2026-09-22,2026-09-22,NEEDS_APPROVAL,NOT-004,2,0,0,2,false,0.76
SYN003981,ANNUAL,2026-09-22,2026-09-25,NEEDS_APPROVAL,NOT-001,4,0,0,4,true,0.64
SYN005975,TOIL,2026-09-22,2026-09-24,NEEDS_APPROVAL,COV-002,1,0,0,1,true,0.42
SYN001911,ANNUAL,2026-09-22,2026-09-27,DECLINED,BAL-001|NOT-001,2,0,0,2,true,0.57
SYN000779,ANNUAL,2026-09-22,2026-10-02,NEEDS_APPROVAL,NOT-001,9,0,0,9,false,0.54
SYN007241,ANNUAL,2026-09-22,2026-09-25,NEEDS_APPROVAL,NOT-001,4,0,0,4,false,0.52
SYN005289,ANNUAL,2026-09-22,2026-10-04,NEEDS_APPROVAL,NOT-001,5,0,0,5,false,0.98
SYN001302,ANNUAL,2026-09-22,2026-10-11,NEEDS_APPROVAL,NOT-001,1,0,0,1,false,0.42
SYN004638,ANNUAL,2026-09-22,2026-09-27,NEEDS_APPROVAL,NOT-001,4,0,0,4,false,0.34
SYN003420,ANNUAL,2026-09-22,2026-09-30,NEEDS_APPROVAL,NOT-001,6,5,0,1,false,7.13
SYN004397,TOIL,2026-09-23,2026-09-24,NEEDS_APPROVAL,ELG-001,1,0,0,1,false,0.74
SYN002483,UNPAID,2026-09-23,2026-09-24,NEEDS_APPROVAL,NOT-004,2,0,0,2,true,0.52
SYN003668,PROF_DEV,2026-09-23,2026-09-23,NEEDS_APPROVAL,ELG-001|NOT-004,0,0,0,0,false,0.19
SYN006136,UNPAID,2026-09-23,2026-09-25,NEEDS_APPROVAL,NOT-004,3,0,0,3,true,0.3
SYN005865,UNPAID,2026-09-23,2026-09-23,NEEDS_APPROVAL,NOT-004|COV-002,1,0,0,1,false,0.5
SYN004149,ANNUAL,2026-09-23,2026-10-01,NEEDS_APPROVAL,NOT-001,6,4,0,2,false,24.41
SYN003329,ANNUAL,2026-09-23,2026-10-09,DECLINED,ELG-001|BAL-001|NOT-001,12,7,0,5,false,8.2
SYN008287,PROF_DEV,2026-09-23,2026-09-25,NEEDS_APPROVAL,NOT-004,3,0,0,3,false,0.31
SYN006803,ANNUAL,2026-09-23,2026-10-02,NEEDS_APPROVAL,NOT-001,5,0,0,5,false,0.89
SYN007306,UNPAID,2026-09-23,2026-09-23,NEEDS_APPROVAL,NOT-004,1,0,0,1,false,0.23
SYN007600,TOIL,2026-09-23,2026-09-24,DECLINED,BAL-001,2,0,0,2,true,0.31
SYN004519,ANNUAL,2026-09-23,2026-09-30,NEEDS_APPROVAL,NOT-001,6,3,0,3,false,17.91
SYN002473,ADO,2026-09-23,2026-09-23,NEEDS_APPROVAL,BAL-003,1,0,0,1,false,0.47
SYN003364,UNPAID,2026-09-23,2026-09-23,NEEDS_APPROVAL,NOT-004,1,0,0,1,false,0.43
SYN001251,PROF_DEV,2026-09-23,2026-10-14,DECLINED,BAL-001|NOT-004,22,0,0,22,true,2.59
SYN003633,ANNUAL,2026-09-23,2026-09-23,NEEDS_APPROVAL,NOT-001,1,0,0,1,false,0.49
SYN008908,TOIL,2026-09-23,2026-09-25,RECOMMEND_APPROVE,"",2,1,0,1,true,0.81
SYN008320,PROF_DEV,2026-09-23,2026-09-27,DECLINED,ELG-001|BAL-001|NOT-004,3,3,0,0,false,45.12
SYN001529,ANNUAL,2026-09-23,2026-09-23,NEEDS_APPROVAL,NOT-001,1,0,0,1,true,0.38
SYN001323,ANNUAL,2026-09-23,2026-09-23,NEEDS_APPROVAL,NOT-001,1,0,0,1,true,0.36
SYN006284,PROF_DEV,2026-09-23,2026-09-23,NEEDS_APPROVAL,BAL-003|NOT-004,1,0,0,1,false,0.41
SYN000861,ANNUAL,2026-09-23,2026-09-23,NEEDS_APPROVAL,NOT-001,1,1,0,0,false,5.94
SYN005106,ANNUAL,2026-09-23,2026-09-23,NEEDS_APPROVAL,NOT-001,1,0,0,1,true,0.33
SYN005530,ANNUAL,2026-09-23,2026-09-23,NEEDS_APPROVAL,NOT-001,1,1,0,0,false,14.88
SYN000025,ANNUAL,2026-09-23,2026-09-24,NEEDS_APPROVAL,NOT-001,2,0,0,2,false,0.43
SYN002986,ANNUAL,2026-09-23,2026-10-02,NEEDS_APPROVAL,NOT-001,8,0,0,8,false,0.53
SYN000227,ANNUAL,2026-09-23,2026-10-12,NEEDS_APPROVAL,NOT-001,14,2,0,12,true,16.1
SYN002197,ADO,2026-09-23,2026-09-23,NEEDS_APPROVAL,BAL-003,1,1,0,0,false,2.0
SYN007907,ANNUAL,2026-09-23,2026-09-23,NEEDS_APPROVAL,NOT-001,1,0,0,1,true,0.25
SYN008439,ANNUAL,2026-09-23,2026-09-25,NEEDS_APPROVAL,NOT-001,3,0,0,3,false,0.46
SYN001831,ANNUAL,2026-09-23,2026-09-27,NEEDS_APPROVAL,NOT-001|COV-002,3,0,0,3,false,0.4
SYN009506,PROF_DEV,2026-09-23,2026-09-23,DECLINED,ELG-002|BAL-003|NOT-004,0,0,0,0,false,0.17
SYN009197,ANNUAL,2026-09-24,2026-09-24,NEEDS_APPROVAL,NOT-001,1,0,0,1,false,0.2
SYN002295,TOIL,2026-09-24,2026-09-24,DECLINED,BAL-001,1,0,0,1,false,0.28
SYN006113,PROF_DEV,2026-09-24,2026-09-24,NEEDS_APPROVAL,BAL-003|NOT-004,1,0,0,1,false,0.31
SYN000839,ANNUAL,2026-09-24,2026-09-24,NEEDS_APPROVAL,NOT-001,1,0,0,1,true,0.26
SYN007907,PROF_DEV,2026-09-24,2026-09-25,NEEDS_APPROVAL,NOT-004,2,0,0,2,true,0.23
SYN000637,ADO,2026-09-24,2026-10-09,NEEDS_APPROVAL,REQ-004,11,0,0,11,false,0.5
SYN003699,TOIL,2026-09-24,2026-09-25,RECOMMEND_APPROVE,"",2,0,0,2,true,0.25
SYN006648,ANNUAL,2026-09-24,2026-09-24,NEEDS_APPROVAL,NOT-001,1,0,0,1,false,0.31
SYN008174,LONG_SERVICE,2026-09-24,2026-09-25,DECLINED,ELG-003|BAL-001|NOT-002,2,0,0,2,false,0.35
SYN002022,ANNUAL,2026-09-24,2026-09-27,NEEDS_APPROVAL,NOT-001,2,0,0,2,false,0.27
SYN008780,ANNUAL,2026-09-24,2026-10-02,NEEDS_APPROVAL,NOT-001,7,7,0,0,false,16.91
SYN008232,ANNUAL,2026-09-24,2026-09-24,NEEDS_APPROVAL,ELG-001|NOT-001,1,0,0,1,false,0.34
SYN008168,ANNUAL,2026-09-24,2026-09-27,NEEDS_APPROVAL,NOT-001,3,0,0,3,false,0.62
SYN002232,ANNUAL,2026-09-24,2026-10-02,NEEDS_APPROVAL,NOT-001,7,1,0,6,true,1.04
SYN001167,ANNUAL,2026-09-24,2026-10-05,NEEDS_APPROVAL,NOT-001,8,0,0,8,true,0.64
SYN008870,ANNUAL,2026-09-24,2026-09-28,NEEDS_APPROVAL,NOT-001|COV-001,3,2,1,0,true,0.51
SYN000479,UNPAID,2026-09-24,2026-09-25,NEEDS_APPROVAL,ELG-001|NOT-004|COV-002,2,1,0,1,true,0.66
SYN005478,UNPAID,2026-09-24,2026-09-24,NEEDS_APPROVAL,NOT-004,1,0,0,1,false,0.22
SYN002726,ANNUAL,2026-09-24,2026-09-24,NEEDS_APPROVAL,NOT-001,1,0,0,1,false,0.33
SYN004128,ANNUAL,2026-09-24,2026-10-01,NEEDS_APPROVAL,NOT-001,6,0,0,6,false,0.87
SYN003161,ADO,2026-09-24,2026-09-25,RECOMMEND_APPROVE,"",2,1,0,1,false,14.9
SYN002629,ANNUAL,2026-09-24,2026-10-02,DECLINED,BAL-001|NOT-001,7,1,0,6,false,5.7
SYN004190,TOIL,2026-09-24,2026-09-24,RECOMMEND_APPROVE,"",1,0,0,1,false,0.41
SYN001060,ANNUAL,2026-09-24,2026-10-02,NEEDS_APPROVAL,NOT-001|COV-001|COV-003,5,2,3,0,true,1.2
SYN004587,ANNUAL,2026-09-24,2026-09-25,NEEDS_APPROVAL,NOT-001,2,0,0,2,false,0.26
SYN008713,UNPAID,2026-09-24,2026-09-24,NEEDS_APPROVAL,NOT-004,1,0,0,1,false,0.21
SYN008329,ANNUAL,2026-09-24,2026-10-08,NEEDS_APPROVAL,NOT-001|COV-002,9,1,0,8,true,2.18
SYN000874,ANNUAL,2026-09-24,2026-09-29,NEEDS_APPROVAL,NOT-001,4,0,0,4,true,0.35
SYN008003,ANNUAL,2026-09-24,2026-09-27,NEEDS_APPROVAL,NOT-001,2,1,0,1,false,17.22
SYN002597,PROF_DEV,2026-09-24,2026-09-27,DECLINED,BAL-001|NOT-004,2,0,0,2,false,0.37
SYN001405,ANNUAL,2026-09-24,2026-09-29,NEEDS_APPROVAL,NOT-001,4,0,0,4,true,0.38
SYN003972,ADO,2026-09-24,2026-09-25,NEEDS_APPROVAL,BAL-003,2,1,0,1,false,15.39
SYN007044,ANNUAL,2026-09-24,2026-10-11,NEEDS_APPROVAL,NOT-001,10,3,0,7,true,1.51
SYN008307,ANNUAL,2026-09-24,2026-09-24,NEEDS_APPROVAL,NOT-001,1,0,0,1,false,0.25
SYN004731,ANNUAL,2026-09-24,2026-09-25,DECLINED,ELG-002|BAL-001|NOT-001,2,2,0,0,false,29.36
SYN007306,ANNUAL,2026-09-24,2026-09-24,NEEDS_APPROVAL,NOT-001,1,0,0,1,false,0.28
SYN003828,ANNUAL,2026-09-24,2026-09-28,DECLINED,BAL-001|NOT-001,3,0,0,3,false,0.48
SYN007772,ANNUAL,2026-09-24,2026-10-04,NEEDS_APPROVAL,NOT-001,7,0,0,7,true,0.42
SYN004938,ANNUAL,2026-09-24,2026-09-25,NEEDS_APPROVAL,NOT-001,2,0,0,2,true,0.43
SYN001326,UNPAID,2026-09-24,2026-09-25,NEEDS_APPROVAL,NOT-004,2,0,0,2,false,0.35
SYN003811,PROF_DEV,2026-09-24,2026-09-24,NEEDS_APPROVAL,BAL-003|NOT-004|COV-002,1,0,0,1,false,0.33
SYN001859,ADO,2026-09-24,2026-09-25,DECLINED,BAL-001,4,0,0,4,false,0.55
SYN003134,ANNUAL,2026-09-24,2026-10-02,NEEDS_APPROVAL,NOT-001,7,0,0,7,false,0.42
SYN001905,ANNUAL,2026-09-24,2026-09-24,NEEDS_APPROVAL,NOT-001,1,0,0,1,false,0.23
SYN009190,ANNUAL,2026-09-24,2026-10-05,NEEDS_APPROVAL,ELG-001|NOT-001,10,0,0,10,true,0.74
SYN009155,ANNUAL,2026-09-24,2026-09-24,NEEDS_APPROVAL,NOT-001,1,0,0,1,true,0.27
SYN008234,ANNUAL,2026-09-24,2026-09-24,NEEDS_APPROVAL,NOT-001,1,0,0,1,false,0.21
SYN003775,ADO,2026-09-24,2026-09-24,NEEDS_APPROVAL,COV-002,1,1,0,0,false,0.98
SYN003143,ANNUAL,2026-09-24,2026-10-01,NEEDS_APPROVAL,NOT-001|COV-002,6,1,0,5,false,5.93
SYN000960,PROF_DEV,2026-09-24,2026-09-27,NEEDS_APPROVAL,NOT-004,1,0,0,1,false,0.89
SYN008959,ANNUAL,2026-09-24,2026-09-24,NEEDS_APPROVAL,NOT-001,1,1,0,0,false,5.87
SYN001458,TOIL,2026-09-25,2026-09-25,RECOMMEND_APPROVE,"",1,0,0,1,false,0.26
SYN000596,TOIL,2026-09-25,2026-09-25,RECOMMEND_APPROVE,"",1,1,0,0,false,5.19
SYN003002,ANNUAL,2026-09-25,2026-09-28,NEEDS_APPROVAL,NOT-001,2,0,0,2,true,0.38
SYN004016,PROF_DEV,2026-09-25,2026-10-04,NEEDS_APPROVAL,NOT-004,2,0,0,2,false,0.28
SYN008502,PROF_DEV,2026-09-25,2026-09-25,NEEDS_APPROVAL,NOT-004,1,0,0,1,true,0.22
SYN003660,ANNUAL,2026-09-25,2026-10-02,NEEDS_APPROVAL,NOT-001,6,0,0,6,true,0.32
SYN002464,ANNUAL,2026-09-25,2026-09-27,NEEDS_APPROVAL,NOT-001|COV-001,3,0,1,2,true,0.47
SYN009391,ANNUAL,2026-09-25,2026-10-02,DECLINED,BAL-001|NOT-001|COV-002,6,4,0,2,false,53.93
SYN004970,ANNUAL,2026-09-25,2026-09-25,NEEDS_APPROVAL,NOT-001,1,0,0,1,false,0.29
SYN009110,ANNUAL,2026-09-25,2026-10-04,NEEDS_APPROVAL,NOT-001,6,1,0,5,true,1.69
SYN004032,ANNUAL,2026-09-25,2026-09-28,NEEDS_APPROVAL,NOT-001,3,0,0,3,true,0.62
SYN000145,TOIL,2026-09-25,2026-09-30,DECLINED,BAL-001,4,3,0,1,true,4.23
SYN001092,ANNUAL,2026-09-25,2026-09-28,NEEDS_APPROVAL,NOT-001,2,1,0,1,false,8.29
SYN009234,ADO,2026-09-25,2026-09-25,DECLINED,BAL-001,1,0,0,1,false,0.25
SYN008863,ANNUAL,2026-09-25,2026-09-25,NEEDS_APPROVAL,NOT-001,1,1,0,0,false,1.1
SYN004237,ANNUAL,2026-09-25,2026-09-25,NEEDS_APPROVAL,NOT-001,1,0,0,1,false,0.29
SYN006213,UNPAID,2026-09-25,2026-09-26,NEEDS_APPROVAL,NOT-004|COV-002,1,1,0,0,true,0.67
SYN003593,TOIL,2026-09-25,2026-09-25,RECOMMEND_APPROVE,"",1,1,0,0,true,4.51
SYN008657,PROF_DEV,2026-09-25,2026-09-25,NEEDS_APPROVAL,NOT-004,2,0,0,2,false,0.27
SYN004362,PROF_DEV,2026-09-25,2026-10-08,NEEDS_APPROVAL,NOT-004,2,0,0,2,true,0.36
SYN002057,ANNUAL,2026-09-25,2026-10-02,NEEDS_APPROVAL,NOT-001,8,0,0,8,true,0.41
SYN001678,PROF_DEV,2026-09-25,2026-09-25,NEEDS_APPROVAL,BAL-003|NOT-004,0,0,0,0,false,0.15
SYN003502,ANNUAL,2026-09-25,2026-10-16,NEEDS_APPROVAL,BAL-003|NOT-001,7,0,0,7,false,0.41
SYN002874,ANNUAL,2026-09-25,2026-09-27,NEEDS_APPROVAL,NOT-001,1,0,0,1,false,0.29
SYN009423,UNPAID,2026-09-25,2026-09-25,NEEDS_APPROVAL,NOT-004,1,0,0,1,true,0.26
SYN003061,PROF_DEV,2026-09-25,2026-09-25,NEEDS_APPROVAL,NOT-004,1,1,0,0,true,0.72
SYN002103,ANNUAL,2026-09-25,2026-09-25,NEEDS_APPROVAL,NOT-001,1,0,0,1,true,0.23
SYN006515,ANNUAL,2026-09-25,2026-09-25,NEEDS_APPROVAL,NOT-001,1,0,0,1,true,0.27
SYN001905,ANNUAL,2026-09-25,2026-09-28,NEEDS_APPROVAL,NOT-001,2,0,0,2,false,0.38
SYN001548,UNPAID,2026-09-25,2026-09-25,NEEDS_APPROVAL,NOT-004,1,1,0,0,true,1.41
SYN003493,ANNUAL,2026-09-25,2026-09-25,NEEDS_APPROVAL,NOT-001,1,0,0,1,false,0.22
SYN009186,ANNUAL,2026-09-25,2026-09-28,NEEDS_APPROVAL,NOT-001|COV-002,2,0,0,2,false,0.54
SYN000802,ANNUAL,2026-09-25,2026-09-25,NEEDS_APPROVAL,NOT-001,1,0,0,1,false,0.22
SYN009545,LONG_SERVICE,2026-09-25,2026-10-07,DECLINED,ELG-003|BAL-001|NOT-002|COV-001,5,0,1,4,true,0.89
SYN006534,LONG_SERVICE,2026-09-25,2026-09-25,DECLINED,ELG-003|BAL-001|NOT-002,1,0,0,1,false,0.34
SYN005285,PROF_DEV,2026-09-25,2026-09-25,NEEDS_APPROVAL,BAL-003|NOT-004,1,1,0,0,false,21.7
SYN004306,ANNUAL,2026-09-25,2026-09-25,NEEDS_APPROVAL,NOT-001,1,0,0,1,false,0.27
SYN001031,ANNUAL,2026-09-25,2026-09-29,NEEDS_APPROVAL,NOT-001,3,2,0,1,false,13.0
SYN001597,ANNUAL,2026-09-25,2026-09-27,NEEDS_APPROVAL,NOT-001|COV-002,3,0,0,3,false,0.8
SYN000259,ADO,2026-09-25,2026-09-28,NEEDS_APPROVAL,REQ-004|BAL-003,2,0,0,2,false,0.31
SYN008665,ANNUAL,2026-09-25,2026-10-04,NEEDS_APPROVAL,NOT-001,6,2,0,4,false,26.57
SYN001333,ANNUAL,2026-09-25,2026-09-25,NEEDS_APPROVAL,NOT-001,1,0,0,1,false,0.25
SYN009054,PROF_DEV,2026-09-25,2026-09-25,NEEDS_APPROVAL,ELG-001|BAL-003|NOT-004,1,0,0,1,true,0.3
SYN006557,LONG_SERVICE,2026-09-25,2026-10-04,NEEDS_APPROVAL,NOT-002,3,0,0,3,false,0.66
SYN002467,TOIL,2026-09-25,2026-09-30,RECOMMEND_APPROVE,"",3,0,0,3,false,0.45
SYN000922,LONG_SERVICE,2026-09-25,2026-09-25,DECLINED,ELG-003|BAL-001|NOT-002,1,0,0,1,false,0.26
SYN001094,PROF_DEV,2026-09-25,2026-09-25,NEEDS_APPROVAL,BAL-003|NOT-004,1,0,0,1,false,0.27
SYN000313,ANNUAL,2026-09-25,2026-09-27,NEEDS_APPROVAL,NOT-001,1,0,0,1,false,0.31
SYN003856,ANNUAL,2026-09-25,2026-10-04,DECLINED,BAL-001|NOT-001,6,0,0,6,true,0.52
SYN006310,ANNUAL,2026-09-25,2026-09-27,NEEDS_APPROVAL,NOT-001,3,0,0,3,false,0.56
SYN002312,UNPAID,2026-09-25,2026-09-25,NEEDS_APPROVAL,NOT-004,1,0,0,1,false,0.2
SYN007349,ADO,2026-09-25,2026-09-25,DECLINED,BAL-001|COV-002,1,1,0,0,false,12.35
SYN007934,ANNUAL,2026-09-25,2026-09-25,NEEDS_APPROVAL,NOT-001,1,0,0,1,false,0.22
SYN006724,ANNUAL,2026-09-25,2026-10-15,DECLINED,BAL-001|NOT-001,15,2,0,13,true,1.68
SYN002456,ANNUAL,2026-09-26,2026-09-27,NEEDS_APPROVAL,NOT-001,2,0,0,2,false,0.64
SYN006140,TOIL,2026-09-26,2026-10-14,DECLINED,BAL-001,9,0,0,9,false,1.47
SYN005803,ANNUAL,2026-09-26,2026-10-04,NEEDS_APPROVAL,NOT-001,5,1,0,4,false,11.55
SYN004097,LONG_SERVICE,2026-09-26,2026-10-12,DECLINED,NOT-002|COV-001,7,2,1,4,true,2.96
SYN003099,ANNUAL,2026-09-26,2026-09-28,NEEDS_APPROVAL,NOT-001,3,0,0,3,false,0.65
SYN001849,ANNUAL,2026-09-26,2026-09-27,NEEDS_APPROVAL,NOT-001,0,0,0,0,false,0.17
SYN000126,PARENTAL,2026-09-26,2027-01-01,NEEDS_APPROVAL,ELG-001|NOT-004,28,12,0,16,true,17.86
SYN008908,TOIL,2026-09-26,2026-09-27,RECOMMEND_APPROVE,"",2,0,0,2,true,0.76
SYN000886,ANNUAL,2026-09-26,2026-10-09,NEEDS_APPROVAL,NOT-001,10,0,0,10,false,0.92
SYN003921,ANNUAL,2026-09-26,2026-10-11,NEEDS_APPROVAL,NOT-001,10,1,0,9,true,1.29
SYN001844,ANNUAL,2026-09-26,2026-10-05,NEEDS_APPROVAL,ELG-001|NOT-001,8,0,0,8,true,0.48
SYN008562,ANNUAL,2026-09-26,2026-09-27,NEEDS_APPROVAL,NOT-001,2,0,0,2,false,0.42
SYN000125,ANNUAL,2026-09-26,2026-10-05,NEEDS_APPROVAL,NOT-001,6,0,0,6,true,0.82
SYN002218,ANNUAL,2026-09-26,2026-10-09,DECLINED,BAL-001|NOT-001,10,0,0,10,false,1.64
SYN008955,ANNUAL,2026-09-26,2026-09-26,NEEDS_APPROVAL,NOT-001,1,0,0,1,false,0.25
SYN008530,ANNUAL,2026-09-26,2026-10-11,NEEDS_APPROVAL,NOT-001,10,10,0,0,false,124.93
SYN002405,ANNUAL,2026-09-26,2026-10-04,NEEDS_APPROVAL,NOT-001|COV-001|COV-002,4,0,1,3,true,0.65
SYN006565,ANNUAL,2026-09-26,2026-10-18,NEEDS_APPROVAL,NOT-001,6,0,0,6,true,0.51
SYN005363,ADO,2026-09-26,2026-09-26,DECLINED,ELG-002|BAL-003,1,0,0,1,false,0.44
SYN007338,ANNUAL,2026-09-26,2026-09-26,NEEDS_APPROVAL,NOT-001,0,0,0,0,false,0.16
SYN004550,ANNUAL,2026-09-26,2026-10-19,DECLINED,BAL-001|NOT-001,14,4,0,10,true,13.15
SYN008812,LONG_SERVICE,2026-09-26,2026-09-26,DECLINED,ELG-003|BAL-001|NOT-002,1,0,0,1,false,0.43
SYN004213,PROF_DEV,2026-09-26,2026-10-23,DECLINED,BAL-001|NOT-004,22,0,0,22,false,1.62
SYN002510,PROF_DEV,2026-09-27,2026-10-10,DECLINED,BAL-001|NOT-004,10,0,0,10,true,0.64
SYN007134,TOIL,2026-09-27,2026-09-27,RECOMMEND_APPROVE,"",0,0,0,0,false,0.14
SYN005431,ANNUAL,2026-09-27,2026-10-07,DECLINED,ELG-002|BAL-001|NOT-001,17,0,0,17,false,1.17
SYN000189,PROF_DEV,2026-09-27,2026-09-30,NEEDS_APPROVAL,NOT-004,2,0,0,2,true,0.3
SYN008559,TOIL,2026-09-27,2026-10-04,NEEDS_APPROVAL,COV-002,4,0,0,4,false,0.52
SYN003000,PROF_DEV,2026-09-27,2026-10-10,DECLINED,BAL-001|NOT-004|COV-002,12,0,0,12,true,0.7
SYN000889,TOIL,2026-09-27,2026-10-01,RECOMMEND_APPROVE,"",5,0,0,5,false,1.38
SYN008694,ANNUAL,2026-09-27,2026-09-28,NEEDS_APPROVAL,NOT-001,0,0,0,0,false,0.16
SYN000879,ANNUAL,2026-09-27,2026-10-05,NEEDS_APPROVAL,NOT-001|COV-001,5,2,2,1,true,0.8
SYN003726,PROF_DEV,2026-09-27,2026-09-30,NEEDS_APPROVAL,NOT-004,3,0,0,3,true,0.34
SYN004050,ANNUAL,2026-09-27,2026-09-29,NEEDS_APPROVAL,NOT-001,3,0,0,3,false,0.45
SYN000419,TOIL,2026-09-27,2026-09-29,RECOMMEND_APPROVE,"",3,0,0,3,false,2.04
SYN001518,ANNUAL,2026-09-28,2026-09-28,NEEDS_APPROVAL,NOT-001,1,1,0,0,false,6.84
SYN008711,ANNUAL,2026-09-28,2026-10-18,DECLINED,ELG-001|ELG-002|NOT-001,12,0,0,12,true,0.76
SYN001570,ANNUAL,2026-09-28,2026-09-28,NEEDS_APPROVAL,NOT-001,1,0,0,1,true,0.24
SYN003260,TOIL,2026-09-28,2026-10-12,DECLINED,BAL-001,9,1,0,8,false,5.52
SYN002993,ANNUAL,2026-09-28,2026-10-11,NEEDS_APPROVAL,NOT-001,6,0,0,6,false,1.2
SYN006846,ANNUAL,2026-09-28,2026-11-06,NEEDS_APPROVAL,NOT-001,30,30,0,0,false,297.13
SYN007212,ANNUAL,2026-09-28,2026-10-09,NEEDS_APPROVAL,NOT-001|COV-002,4,0,0,4,false,0.7
SYN001648,TOIL,2026-09-28,2026-10-10,RECOMMEND_APPROVE,"",10,0,0,10,true,1.54
SYN006963,ANNUAL,2026-09-28,2026-10-04,NEEDS_APPROVAL,NOT-001,2,0,0,2,true,0.43
SYN004611,TOIL,2026-09-28,2026-10-04,DECLINED,BAL-001|COV-003,4,1,0,3,true,0.95
SYN006414,TOIL,2026-09-28,2026-09-28,RECOMMEND_APPROVE,"",0,0,0,0,false,0.14
SYN004661,ANNUAL,2026-09-28,2026-10-04,NEEDS_APPROVAL,NOT-001,3,0,0,3,true,0.28
SYN001296,UNPAID,2026-09-28,2026-11-22,NEEDS_APPROVAL,NOT-004,30,1,0,29,true,1.76
SYN002022,ANNUAL,2026-09-28,2026-09-28,NEEDS_APPROVAL,NOT-001,1,0,0,1,false,0.28
SYN006416,ANNUAL,2026-09-28,2026-10-04,NEEDS_APPROVAL,NOT-001,6,0,0,6,false,0.76
SYN003278,TOIL,2026-09-28,2026-09-30,RECOMMEND_APPROVE,"",3,0,0,3,false,0.59
SYN008863,ADO,2026-09-28,2026-09-28,RECOMMEND_APPROVE,"",1,0,0,1,false,0.19
SYN008046,PROF_DEV,2026-09-28,2026-10-02,DECLINED,BAL-001|NOT-004,5,0,0,5,true,0.44
SYN002903,ANNUAL,2026-09-28,2026-10-02,NEEDS_APPROVAL,NOT-001|COV-001,4,1,1,2,true,0.45
SYN005114,ANNUAL,2026-09-28,2026-09-30,NEEDS_APPROVAL,NOT-001,3,0,0,3,true,0.41
SYN008737,ANNUAL,2026-09-28,2026-09-30,NEEDS_APPROVAL,NOT-001,3,1,0,2,false,13.96
SYN000463,TOIL,2026-09-28,2026-09-28,DECLINED,ELG-002|BAL-003,1,0,0,1,false,0.26
SYN003112,ANNUAL,2026-09-28,2026-10-02,NEEDS_APPROVAL,NOT-001,5,0,0,5,true,0.34
SYN002597,TOIL,2026-09-28,2026-09-28,NEEDS_APPROVAL,BAL-003,1,0,0,1,false,0.29
SYN002665,UNPAID,2026-09-28,2027-01-17,DECLINED,NOT-004|COV-001,80,0,24,56,true,3.91
SYN006703,ANNUAL,2026-09-28,2026-09-29,NEEDS_APPROVAL,NOT-001,2,0,0,2,false,0.3
SYN007192,ANNUAL,2026-09-28,2026-09-29,NEEDS_APPROVAL,ELG-001|NOT-001,2,0,0,2,true,0.33
SYN006969,ANNUAL,2026-09-28,2026-10-02,NEEDS_APPROVAL,NOT-001,5,1,0,4,false,1.46
SYN002819,ANNUAL,2026-09-28,2026-10-04,NEEDS_APPROVAL,NOT-001,2,0,0,2,true,0.42
SYN004579,LONG_SERVICE,2026-09-28,2026-10-12,DECLINED,ELG-003|BAL-001|NOT-002,13,2,0,11,false,20.93
SYN003090,ANNUAL,2026-09-28,2026-10-25,DECLINED,BAL-001|NOT-001,20,8,0,12,false,92.1
SYN004415,ANNUAL,2026-09-28,2026-12-06,DECLINED,BAL-001|NOT-001,50,3,0,47,true,8.9
SYN000902,ANNUAL,2026-09-28,2026-10-25,NEEDS_APPROVAL,NOT-001,16,0,0,16,false,2.16
SYN006072,TOIL,2026-09-28,2026-10-02,RECOMMEND_APPROVE,"",4,0,0,4,true,0.63
SYN003279,UNPAID,2026-09-28,2026-11-15,NEEDS_APPROVAL,NOT-004,35,0,0,35,true,1.09
SYN005231,ADO,2026-09-28,2026-09-28,RECOMMEND_APPROVE,"",1,0,0,1,false,0.23
SYN008603,ANNUAL,2026-09-28,2026-09-28,NEEDS_APPROVAL,NOT-001,1,0,0,1,false,0.24
SYN003180,TOIL,2026-09-28,2026-09-28,RECOMMEND_APPROVE,"",1,0,0,1,false,0.19
SYN006514,ANNUAL,2026-09-28,2026-09-28,NEEDS_APPROVAL,NOT-001,1,0,0,1,false,0.26
SYN002540,ADO,2026-09-28,2026-10-04,DECLINED,REQ-004|ELG-002|BAL-001,7,1,0,6,true,3.66
SYN002832,ANNUAL,2026-09-28,2026-10-09,NEEDS_APPROVAL,NOT-001|COV-001,2,0,1,1,true,0.33
SYN005712,ANNUAL,2026-09-28,2026-10-04,NEEDS_APPROVAL,NOT-001,5,1,0,4,false,14.63
SYN006838,ANNUAL,2026-09-28,2026-09-28,NEEDS_APPROVAL,NOT-001,1,1,0,0,false,1.45
SYN009295,ANNUAL,2026-09-28,2026-09-28,NEEDS_APPROVAL,NOT-001,1,0,0,1,false,0.29
SYN004570,ANNUAL,2026-09-28,2026-10-11,NEEDS_APPROVAL,NOT-001,10,0,0,10,false,1.22
SYN005046,TOIL,2026-09-28,2026-09-28,RECOMMEND_APPROVE,"",1,0,0,1,true,0.26
SYN003836,ANNUAL,2026-09-28,2026-10-01,NEEDS_APPROVAL,NOT-001,4,0,0,4,true,0.48
SYN000740,PROF_DEV,2026-09-28,2026-09-30,DECLINED,BAL-001|NOT-004,3,0,0,3,false,0.32
SYN002100,ANNUAL,2026-09-28,2026-10-11,DECLINED,BAL-001|NOT-001|COV-001,8,1,1,6,true,1.13
SYN000512,ANNUAL,2026-09-28,2026-10-04,NEEDS_APPROVAL,NOT-001|COV-002,5,0,0,5,true,1.15
SYN006756,UNPAID,2026-09-28,2026-10-18,DECLINED,NOT-004|COV-001|COV-003,9,1,3,5,true,2.05
SYN001699,UNPAID,2026-09-28,2026-12-27,DECLINED,NOT-004|COV-001,65,0,44,21,true,1.88
SYN001718,ANNUAL,2026-09-28,2026-10-02,NEEDS_APPROVAL,NOT-001,5,0,0,5,false,0.43
SYN007818,ANNUAL,2026-09-28,2026-10-25,NEEDS_APPROVAL,NOT-001,20,4,0,16,true,1.02
SYN009156,ANNUAL,2026-09-28,2026-10-11,NEEDS_APPROVAL,NOT-001,10,0,0,10,true,0.44
SYN007072,ANNUAL,2026-09-28,2026-10-16,NEEDS_APPROVAL,NOT-001,15,0,0,15,true,1.76
SYN006743,ANNUAL,2026-09-28,2026-10-04,NEEDS_APPROVAL,NOT-001,3,0,0,3,false,0.58
SYN002458,ANNUAL,2026-09-28,2026-09-29,NEEDS_APPROVAL,NOT-001,0,0,0,0,false,0.17
SYN003142,PARENTAL,2026-09-28,2027-04-11,DECLINED,NOT-004|COV-001|COV-002,140,0,59,81,true,6.84
SYN004665,ANNUAL,2026-09-28,2026-10-25,DECLINED,BAL-001|NOT-001,20,0,0,20,false,3.48
SYN006350,ANNUAL,2026-09-28,2026-10-11,NEEDS_APPROVAL,NOT-001,8,0,0,8,false,0.51
SYN008830,ANNUAL,2026-09-28,2026-10-11,DECLINED,ELG-001|BAL-001|NOT-001,6,0,0,6,true,1.53
SYN005904,ANNUAL,2026-09-28,2026-10-12,DECLINED,NOT-001|COV-001,11,7,1,3,true,4.08
SYN005073,PROF_DEV,2026-09-28,2026-10-10,DECLINED,BAL-001|NOT-004|COV-001|COV-003,10,5,5,0,true,2.13
SYN008089,ANNUAL,2026-09-28,2026-10-11,DECLINED,BAL-001|NOT-001,9,0,0,9,false,1.44
SYN008575,ANNUAL,2026-09-28,2026-10-11,NEEDS_APPROVAL,NOT-001,7,0,0,7,true,0.85
SYN000663,ANNUAL,2026-09-28,2026-10-13,NEEDS_APPROVAL,NOT-001,12,1,0,11,false,4.96
SYN005244,ANNUAL,2026-09-28,2026-10-11,NEEDS_APPROVAL,NOT-001|COV-002,6,0,0,6,false,0.51
SYN001436,ANNUAL,2026-09-28,2026-10-04,NEEDS_APPROVAL,NOT-001,4,0,0,4,false,0.55
SYN004870,LONG_SERVICE,2026-09-28,2026-09-28,DECLINED,ELG-003|NOT-002,1,0,0,1,false,0.27
SYN009098,ANNUAL,2026-09-28,2026-10-09,DECLINED,BAL-001|NOT-001,8,1,0,7,false,1.22
SYN006371,ANNUAL,2026-09-28,2026-10-02,DECLINED,BAL-001|NOT-001,5,3,0,2,true,0.84
SYN005835,TOIL,2026-09-28,2026-09-28,RECOMMEND_APPROVE,"",1,0,0,1,false,0.29
SYN007019,ANNUAL,2026-09-28,2026-11-15,DECLINED,BAL-001|NOT-001,30,2,0,28,true,4.15
SYN004079,UNPAID,2026-09-28,2027-01-24,NEEDS_APPROVAL,NOT-004,68,26,0,42,true,63.8
SYN000181,ANNUAL,2026-09-28,2026-10-04,NEEDS_APPROVAL,NOT-001,3,0,0,3,false,1.12
SYN007006,UNPAID,2026-09-28,2027-09-28,NEEDS_APPROVAL,NOT-004,102,2,0,100,true,24.13
SYN009004,ANNUAL,2026-09-28,2026-10-04,NEEDS_APPROVAL,NOT-001,2,2,0,0,false,34.53
SYN007541,ANNUAL,2026-09-28,2026-09-28,NEEDS_APPROVAL,NOT-001|COV-002,1,0,0,1,true,0.39
SYN002686,TOIL,2026-09-28,2026-09-28,NEEDS_APPROVAL,BAL-003,0,0,0,0,false,0.13
SYN005097,ANNUAL,2026-09-28,2026-10-11,NEEDS_APPROVAL,NOT-001,4,1,0,3,true,1.46
SYN008100,ANNUAL,2026-09-28,2026-10-11,NEEDS_APPROVAL,NOT-001,6,0,0,6,false,1.69
SYN004616,TOIL,2026-09-28,2026-09-28,NEEDS_APPROVAL,BAL-003,1,0,0,1,false,0.24
SYN006930,ANNUAL,2026-09-28,2026-12-20,DECLINED,BAL-001|NOT-001,55,26,0,29,true,71.36
SYN005213,TOIL,2026-09-28,2026-09-28,RECOMMEND_APPROVE,"",1,0,0,1,false,0.38
SYN007082,LONG_SERVICE,2026-09-28,2026-10-04,DECLINED,ELG-003|BAL-001|NOT-002,5,1,0,4,false,2.23
SYN002036,ANNUAL,2026-09-28,2026-10-02,NEEDS_APPROVAL,NOT-001,5,0,0,5,false,0.41
SYN009155,LONG_SERVICE,2026-09-28,2026-09-28,NEEDS_APPROVAL,NOT-002,1,0,0,1,true,0.35
SYN003780,ANNUAL,2026-09-28,2026-10-01,NEEDS_APPROVAL,NOT-001,2,0,0,2,false,0.38
SYN007062,ANNUAL,2026-09-28,2026-10-04,NEEDS_APPROVAL,NOT-001,5,1,0,4,false,12.69
SYN003508,ANNUAL,2026-09-28,2026-10-01,NEEDS_APPROVAL,NOT-001,4,0,0,4,true,0.4
SYN006767,ANNUAL,2026-09-28,2026-10-19,NEEDS_APPROVAL,NOT-001|COV-002,15,0,0,15,false,1.08
SYN001434,PARENTAL,2026-09-28,2027-01-27,DECLINED,ELG-001|NOT-004|COV-001,88,12,5,71,true,3.37
SYN005693,TOIL,2026-09-28,2026-10-12,DECLINED,BAL-001,4,0,0,4,false,0.46
SYN009265,TOIL,2026-09-28,2026-10-04,RECOMMEND_APPROVE,"",5,0,0,5,false,0.81
SYN006320,ANNUAL,2026-09-28,2026-10-01,NEEDS_APPROVAL,NOT-001,4,0,0,4,true,0.38
SYN007480,ANNUAL,2026-09-28,2026-10-01,NEEDS_APPROVAL,NOT-001|COV-002,4,4,0,0,false,46.78
SYN006702,ANNUAL,2026-09-28,2026-10-16,NEEDS_APPROVAL,NOT-001,12,0,0,12,false,1.17
SYN006150,TOIL,2026-09-28,2026-11-16,DECLINED,BAL-001,28,0,0,28,true,0.8
SYN006843,ANNUAL,2026-09-28,2026-09-29,NEEDS_APPROVAL,NOT-001,1,0,0,1,true,0.46
SYN008098,ANNUAL,2026-09-28,2026-10-11,DECLINED,BAL-001|NOT-001,9,1,0,8,true,10.77
SYN001168,ANNUAL,2026-09-28,2026-10-18,NEEDS_APPROVAL,NOT-001,7,0,0,7,false,0.49
SYN006627,TOIL,2026-09-28,2026-09-28,NEEDS_APPROVAL,BAL-003,1,1,0,0,false,11.98
SYN000313,TOIL,2026-09-28,2026-09-28,NEEDS_APPROVAL,BAL-003,1,0,0,1,false,0.39
SYN008558,ANNUAL,2026-09-28,2026-10-04,NEEDS_APPROVAL,NOT-001,3,0,0,3,false,0.92
SYN009482,PROF_DEV,2026-09-28,2026-09-29,NEEDS_APPROVAL,NOT-004,2,0,0,2,true,0.65
SYN000576,ANNUAL,2026-09-28,2026-10-02,NEEDS_APPROVAL,NOT-001,5,0,0,5,false,0.55
SYN008295,LONG_SERVICE,2026-09-28,2026-10-02,NEEDS_APPROVAL,ELG-001|NOT-002,5,0,0,5,false,0.36
SYN005656,ANNUAL,2026-09-28,2026-10-11,NEEDS_APPROVAL,NOT-001,7,0,0,7,false,2.32
SYN004179,ANNUAL,2026-09-28,2026-10-04,NEEDS_APPROVAL,NOT-001,5,2,0,3,false,3.51
SYN001898,PROF_DEV,2026-09-28,2026-10-04,NEEDS_APPROVAL,NOT-004,1,0,0,1,true,0.3
SYN000653,UNPAID,2026-09-28,2026-10-18,NEEDS_APPROVAL,NOT-004,6,0,0,6,false,0.35
SYN005300,ANNUAL,2026-09-28,2026-10-14,NEEDS_APPROVAL,NOT-001,13,0,0,13,false,0.81
SYN007359,ANNUAL,2026-09-28,2026-10-01,NEEDS_APPROVAL,ELG-001|NOT-001|COV-002,4,0,0,4,true,0.56
SYN003170,ANNUAL,2026-09-28,2026-10-25,NEEDS_APPROVAL,NOT-001,20,3,0,17,true,16.61
SYN007545,ANNUAL,2026-09-28,2026-10-11,DECLINED,BAL-001|NOT-001,5,0,0,5,false,1.01
SYN004678,ANNUAL,2026-09-28,2026-10-12,DECLINED,NOT-001|COV-001,3,0,2,1,true,0.41
SYN009382,ANNUAL,2026-09-28,2026-10-04,NEEDS_APPROVAL,NOT-001,4,1,0,3,false,16.63
SYN007544,ANNUAL,2026-09-28,2026-10-11,NEEDS_APPROVAL,NOT-001,6,0,0,6,false,1.0
SYN006773,TOIL,2026-09-28,2026-10-04,RECOMMEND_APPROVE,"",3,0,0,3,false,0.52
SYN000539,LONG_SERVICE,2026-09-28,2026-11-13,DECLINED,ELG-003|BAL-001|NOT-002|COV-001,28,3,1,24,true,1.5
SYN002181,TOIL,2026-09-28,2026-09-28,RECOMMEND_APPROVE,"",1,0,0,1,false,0.3
SYN005888,ANNUAL,2026-09-28,2026-09-28,NEEDS_APPROVAL,NOT-001,2,0,0,2,false,0.87
SYN009194,ANNUAL,2026-09-28,2026-10-03,NEEDS_APPROVAL,NOT-001,3,0,0,3,false,0.35
SYN001412,ANNUAL,2026-09-28,2026-10-05,NEEDS_APPROVAL,NOT-001,2,0,0,2,false,0.27
SYN009272,TOIL,2026-09-28,2026-09-28,NEEDS_APPROVAL,BAL-003,0,0,0,0,false,0.14
SYN003957,ANNUAL,2026-09-28,2026-09-28,NEEDS_APPROVAL,NOT-001,1,0,0,1,false,0.3
SYN003401,ANNUAL,2026-09-28,2026-10-02,NEEDS_APPROVAL,NOT-001,5,0,0,5,true,0.45
SYN006692,TOIL,2026-09-28,2026-10-25,DECLINED,BAL-001,11,0,0,11,true,1.69
SYN005471,UNPAID,2026-09-28,2026-10-09,NEEDS_APPROVAL,NOT-004,8,0,0,8,false,0.39
SYN004672,LONG_SERVICE,2026-09-28,2026-09-28,DECLINED,ELG-003|NOT-002,1,0,0,1,false,0.5
SYN006956,ANNUAL,2026-09-28,2026-10-06,NEEDS_APPROVAL,NOT-001,7,0,0,7,true,0.66
SYN001599,TOIL,2026-09-28,2026-10-18,NEEDS_APPROVAL,COV-002,7,3,0,4,true,14.53
SYN003319,ANNUAL,2026-09-28,2026-11-01,DECLINED,BAL-001|NOT-001,46,1,0,45,true,10.66
SYN003404,ADO,2026-09-28,2026-10-11,DECLINED,REQ-004|BAL-001,8,0,0,8,false,0.63
SYN005684,ANNUAL,2026-09-28,2026-10-11,NEEDS_APPROVAL,NOT-001,10,0,0,10,false,0.62
SYN008795,PROF_DEV,2026-09-28,2026-10-04,NEEDS_APPROVAL,BAL-003|NOT-004,5,1,0,4,false,14.89
SYN007528,ANNUAL,2026-09-28,2026-10-02,NEEDS_APPROVAL,NOT-001,4,0,0,4,false,0.55
SYN007291,LONG_SERVICE,2026-09-28,2026-10-07,DECLINED,ELG-001|ELG-003|BAL-001|NOT-002,6,0,0,6,true,0.47
SYN001245,PROF_DEV,2026-09-28,2026-10-02,NEEDS_APPROVAL,NOT-004,2,2,0,0,true,0.51
SYN008310,TOIL,2026-09-28,2026-09-29,RECOMMEND_APPROVE,"",2,0,0,2,false,0.35
SYN008862,ANNUAL,2026-09-28,2026-10-25,DECLINED,ELG-001|BAL-001|NOT-001,17,1,0,16,true,17.21
SYN003446,ANNUAL,2026-09-28,2026-10-04,NEEDS_APPROVAL,NOT-001,5,0,0,5,true,0.68
SYN001420,LONG_SERVICE,2026-09-28,2026-10-18,DECLINED,BAL-001|NOT-002,15,6,0,9,false,29.06
SYN000960,TOIL,2026-09-28,2026-09-28,DECLINED,ELG-002|BAL-003,1,0,0,1,false,0.18
SYN007002,ANNUAL,2026-09-28,2026-10-18,NEEDS_APPROVAL,NOT-001,12,9,0,3,true,10.76
SYN001159,ANNUAL,2026-09-28,2026-10-11,NEEDS_APPROVAL,NOT-001|COV-002,10,1,0,9,false,3.45
SYN006002,ANNUAL,2026-09-28,2026-10-16,DECLINED,BAL-001|NOT-001,15,12,0,3,true,0.84
SYN003672,ANNUAL,2026-09-28,2026-10-04,NEEDS_APPROVAL,NOT-001|COV-003,6,1,0,5,true,0.62
SYN002943,ANNUAL,2026-09-28,2026-10-04,NEEDS_APPROVAL,NOT-001,5,1,0,4,true,0.98
SYN000747,LONG_SERVICE,2026-09-28,2026-10-04,DECLINED,ELG-003|BAL-001|NOT-002,3,3,0,0,true,0.59
SYN005401,ANNUAL,2026-09-28,2026-10-04,NEEDS_APPROVAL,NOT-001,4,1,0,3,true,0.67
SYN002874,TOIL,2026-09-28,2026-09-28,NEEDS_APPROVAL,BAL-003,1,0,0,1,false,0.23
SYN006945,PROF_DEV,2026-09-28,2026-10-01,NEEDS_APPROVAL,NOT-004,4,0,0,4,true,0.19
SYN001625,ANNUAL,2026-09-28,2026-10-11,NEEDS_APPROVAL,BAL-003|NOT-001,7,0,0,7,false,0.37
SYN002964,ANNUAL,2026-09-28,2026-10-11,NEEDS_APPROVAL,BAL-003|NOT-001,10,0,0,10,true,0.59
SYN003340,ANNUAL,2026-09-28,2026-10-11,NEEDS_APPROVAL,NOT-001,10,0,0,10,false,0.39
SYN000895,TOIL,2026-09-28,2026-09-28,NEEDS_APPROVAL,BAL-003,1,0,0,1,false,0.37
SYN006528,TOIL,2026-09-28,2026-09-28,RECOMMEND_APPROVE,"",1,0,0,1,false,0.16
SYN004327,ANNUAL,2026-09-28,2026-10-19,DECLINED,BAL-001|NOT-001,16,0,0,16,false,1.1
SYN004483,LONG_SERVICE,2026-09-28,2026-09-30,NEEDS_APPROVAL,NOT-002,0,0,0,0,false,0.11
SYN006268,LONG_SERVICE,2026-09-28,2026-09-29,DECLINED,ELG-003|BAL-001|NOT-002,2,0,0,2,true,0.24
SYN000982,ANNUAL,2026-09-28,2026-10-04,NEEDS_APPROVAL,NOT-001,4,0,0,4,false,0.26
SYN004524,ANNUAL,2026-09-28,2026-10-04,NEEDS_APPROVAL,NOT-001,3,0,0,3,false,0.42
SYN002009,ANNUAL,2026-09-28,2026-10-01,NEEDS_APPROVAL,NOT-001,2,0,0,2,false,0.47
SYN004215,ANNUAL,2026-09-28,2026-10-25,NEEDS_APPROVAL,NOT-001,3,0,0,3,false,0.53
SYN001785,ANNUAL,2026-09-28,2026-09-30,NEEDS_APPROVAL,NOT-001,2,0,0,2,false,0.13
SYN008594,ANNUAL,2026-09-28,2026-10-09,NEEDS_APPROVAL,NOT-001,10,0,0,10,true,0.25
SYN003010,TOIL,2026-09-28,2026-10-09,RECOMMEND_APPROVE,"",7,0,0,7,false,0.44
SYN006884,TOIL,2026-09-28,2026-09-30,RECOMMEND_APPROVE,"",3,2,0,1,false,18.71
SYN008689,ANNUAL,2026-09-28,2026-10-10,NEEDS_APPROVAL,ELG-001|NOT-001,10,0,0,10,true,0.52
SYN006310,TOIL,2026-09-28,2026-09-28,DECLINED,ELG-002|BAL-003,0,0,0,0,false,0.09
SYN005995,ANNUAL,2026-09-28,2026-10-11,DECLINED,BAL-001|NOT-001,10,0,0,10,false,0.78
SYN000496,ANNUAL,2026-09-28,2026-09-28,NEEDS_APPROVAL,NOT-001,1,0,0,1,false,0.13
SYN001193,TOIL,2026-09-28,2026-09-28,RECOMMEND_APPROVE,"",1,0,0,1,false,0.12
SYN001980,ANNUAL,2026-09-28,2026-10-18,NEEDS_APPROVAL,NOT-001,13,4,0,9,true,8.73
SYN001793,ANNUAL,2026-09-28,2026-10-11,NEEDS_APPROVAL,NOT-001,6,0,0,6,true,0.98
SYN000470,ANNUAL,2026-09-28,2026-11-08,NEEDS_APPROVAL,NOT-001,5,0,0,5,false,0.31
SYN008174,LONG_SERVICE,2026-09-28,2026-10-04,DECLINED,ELG-003|BAL-001|NOT-002,5,0,0,5,true,0.42
SYN006658,TOIL,2026-09-28,2026-10-04,RECOMMEND_APPROVE,"",5,2,0,3,false,5.98
SYN001466,ANNUAL,2026-09-28,2026-10-11,NEEDS_APPROVAL,NOT-001,10,0,0,10,true,0.41
SYN008547,ANNUAL,2026-09-28,2026-10-04,NEEDS_APPROVAL,NOT-001,5,0,0,5,true,0.24
SYN001283,ANNUAL,2026-09-28,2026-10-11,NEEDS_APPROVAL,NOT-001,10,1,0,9,true,0.43
SYN005896,ADO,2026-09-28,2026-09-29,RECOMMEND_APPROVE,"",2,2,0,0,false,2.13
SYN008403,ANNUAL,2026-09-28,2026-10-18,NEEDS_APPROVAL,NOT-001,11,0,0,11,false,1.64
SYN006516,TOIL,2026-09-28,2026-09-28,NEEDS_APPROVAL,BAL-003,1,0,0,1,false,0.15
SYN003862,ANNUAL,2026-09-28,2026-09-29,NEEDS_APPROVAL,NOT-001,2,0,0,2,false,0.28
SYN006045,LONG_SERVICE,2026-09-28,2026-10-04,DECLINED,ELG-003|BAL-001|NOT-002,4,0,0,4,false,0.55
SYN008937,ANNUAL,2026-09-28,2026-10-02,DECLINED,BAL-001|NOT-001,5,1,0,4,false,13.92
SYN007166,TOIL,2026-09-28,2026-09-28,NEEDS_APPROVAL,BAL-003,1,0,0,1,false,0.28
SYN008709,ANNUAL,2026-09-28,2026-10-05,NEEDS_APPROVAL,NOT-001,6,1,0,5,false,13.36
SYN005932,ANNUAL,2026-09-28,2026-10-04,DECLINED,BAL-001|NOT-001,10,0,0,10,false,1.01
SYN004978,LONG_SERVICE,2026-09-28,2026-10-18,NEEDS_APPROVAL,NOT-002,16,0,0,16,false,1.79
SYN002438,ANNUAL,2026-09-28,2026-11-15,DECLINED,BAL-001|NOT-001,23,1,0,22,true,4.81
SYN008908,ANNUAL,2026-09-28,2026-10-04,NEEDS_APPROVAL,NOT-001,5,1,0,4,true,1.24
SYN005873,TOIL,2026-09-28,2026-10-18,DECLINED,BAL-001,15,1,0,14,true,2.17
SYN009008,ANNUAL,2026-09-28,2026-10-02,NEEDS_APPROVAL,NOT-001,2,0,0,2,false,0.32
SYN007383,ANNUAL,2026-09-28,2026-10-11,NEEDS_APPROVAL,NOT-001,9,0,0,9,false,0.87
SYN008489,ANNUAL,2026-09-28,2026-10-04,NEEDS_APPROVAL,NOT-001,4,0,0,4,false,0.62
SYN003651,LONG_SERVICE,2026-09-28,2026-10-02,DECLINED,BAL-001|NOT-002|COV-001,5,0,1,4,true,1.65
SYN002567,UNPAID,2026-09-28,2026-10-25,NEEDS_APPROVAL,ELG-001|NOT-004,12,1,0,11,true,6.8
SYN001435,ANNUAL,2026-09-28,2026-10-11,NEEDS_APPROVAL,NOT-001|COV-002,6,3,0,3,true,3.93
SYN000792,ANNUAL,2026-09-28,2026-10-18,NEEDS_APPROVAL,NOT-001,15,0,0,15,false,0.68
SYN008600,ANNUAL,2026-09-28,2026-09-29,NEEDS_APPROVAL,NOT-001,2,1,0,1,false,1.76
SYN008966,ANNUAL,2026-09-28,2026-09-30,NEEDS_APPROVAL,NOT-001,3,0,0,3,false,0.43
SYN006337,LONG_SERVICE,2026-09-28,2026-09-30,NEEDS_APPROVAL,NOT-002,3,0,0,3,true,0.61
SYN000442,ANNUAL,2026-09-28,2026-10-02,NEEDS_APPROVAL,NOT-001,5,1,0,4,true,0.69
SYN007867,ANNUAL,2026-09-28,2026-10-04,NEEDS_APPROVAL,NOT-001,5,0,0,5,true,1.16
SYN006746,ANNUAL,2026-09-28,2026-09-30,NEEDS_APPROVAL,NOT-001,3,0,0,3,false,0.33
SYN009118,ANNUAL,2026-09-28,2026-10-04,DECLINED,ELG-001|BAL-001|NOT-001,4,0,0,4,true,0.85
SYN000346,ANNUAL,2026-09-28,2026-10-11,NEEDS_APPROVAL,NOT-001,10,0,0,10,false,1.4
SYN002370,ANNUAL,2026-09-28,2026-10-04,NEEDS_APPROVAL,NOT-001,5,0,0,5,false,0.82
SYN003171,ANNUAL,2026-09-28,2026-10-11,NEEDS_APPROVAL,NOT-001,8,2,0,6,true,1.68
SYN004507,ANNUAL,2026-09-28,2026-10-11,NEEDS_APPROVAL,NOT-001,8,0,0,8,false,0.53
SYN003285,TOIL,2026-09-28,2026-09-28,RECOMMEND_APPROVE,"",0,0,0,0,false,0.14
SYN007094,ANNUAL,2026-09-28,2026-10-04,NEEDS_APPROVAL,NOT-001,5,0,0,5,false,0.44
SYN006246,TOIL,2026-09-28,2026-09-28,NEEDS_APPROVAL,BAL-003,1,1,0,0,false,1.06
SYN005479,ANNUAL,2026-09-28,2026-10-18,NEEDS_APPROVAL,NOT-001,7,0,0,7,true,2.36
SYN003086,TOIL,2026-09-28,2026-09-29,RECOMMEND_APPROVE,"",2,1,0,1,true,1.24
SYN006396,ANNUAL,2026-09-28,2026-10-04,NEEDS_APPROVAL,NOT-001|COV-002,3,1,0,2,false,19.57
SYN001505,ANNUAL,2026-09-28,2026-10-04,DECLINED,BAL-001|NOT-001,2,0,0,2,false,0.5
SYN007241,ANNUAL,2026-09-28,2026-10-02,NEEDS_APPROVAL,NOT-001,5,0,0,5,false,0.65
SYN006281,ANNUAL,2026-09-28,2026-09-28,NEEDS_APPROVAL,NOT-001,1,0,0,1,true,0.27
SYN007936,ANNUAL,2026-09-28,2026-10-01,NEEDS_APPROVAL,NOT-001,3,0,0,3,true,0.38
SYN003013,PROF_DEV,2026-09-28,2026-10-03,DECLINED,BAL-001|NOT-004|COV-005,5,0,0,5,false,0.35
SYN006262,LONG_SERVICE,2026-09-28,2026-10-11,NEEDS_APPROVAL,NOT-002,8,5,0,3,true,14.81
SYN007156,PROF_DEV,2026-09-28,2026-10-02,NEEDS_APPROVAL,NOT-004,5,0,0,5,false,0.46
SYN001783,ANNUAL,2026-09-28,2026-10-11,DECLINED,BAL-001|NOT-001|COV-001,4,0,1,3,true,1.12
SYN005365,ANNUAL,2026-09-29,2026-10-04,NEEDS_APPROVAL,NOT-001,4,0,0,4,false,0.37
SYN003459,ADO,2026-09-29,2026-10-02,DECLINED,REQ-004|BAL-001,4,0,0,4,false,0.34
SYN004616,ANNUAL,2026-09-29,2026-10-11,DECLINED,BAL-001|NOT-001,9,0,0,9,true,0.8
SYN006891,ANNUAL,2026-09-29,2026-10-11,NEEDS_APPROVAL,NOT-001|COV-002,4,1,0,3,false,11.63
SYN005835,ANNUAL,2026-09-29,2026-10-01,DECLINED,BAL-001|NOT-001,3,0,0,3,false,0.51
SYN003699,PROF_DEV,2026-09-29,2026-10-03,NEEDS_APPROVAL,BAL-003|NOT-004,4,0,0,4,true,0.32
SYN005646,ANNUAL,2026-09-29,2026-10-02,NEEDS_APPROVAL,NOT-001,4,0,0,4,false,0.29
SYN005213,ANNUAL,2026-09-29,2026-09-29,NEEDS_APPROVAL,NOT-001,1,0,0,1,false,0.28
SYN002692,ANNUAL,2026-09-29,2026-10-09,NEEDS_APPROVAL,NOT-001,7,0,0,7,false,0.38
SYN001032,ANNUAL,2026-09-29,2026-09-29,NEEDS_APPROVAL,NOT-001,1,0,0,1,false,0.27
SYN001905,ANNUAL,2026-09-29,2026-10-02,NEEDS_APPROVAL,NOT-001,4,0,0,4,false,0.55
SYN008200,ANNUAL,2026-09-29,2026-10-02,NEEDS_APPROVAL,NOT-001,4,0,0,4,false,0.29
SYN006516,ANNUAL,2026-09-29,2026-10-11,NEEDS_APPROVAL,NOT-001,11,0,0,11,true,0.86
SYN008270,TOIL,2026-09-29,2026-09-29,RECOMMEND_APPROVE,"",1,0,0,1,false,0.38
SYN003527,UNPAID,2026-09-29,2026-09-29,NEEDS_APPROVAL,ELG-001|NOT-004,1,0,0,1,true,0.25
SYN004850,ANNUAL,2026-09-29,2026-09-29,NEEDS_APPROVAL,NOT-001,1,0,0,1,false,0.21
SYN003180,LONG_SERVICE,2026-09-29,2026-10-04,DECLINED,BAL-001|NOT-002,4,0,0,4,false,0.28
SYN002216,SICK,2026-09-29,2026-09-29,ACCEPTED,"",1,0,0,1,false,0.33
SYN000463,LONG_SERVICE,2026-09-29,2026-11-15,DECLINED,ELG-003|BAL-001|NOT-002,34,0,0,34,true,1.19
SYN008003,ANNUAL,2026-09-29,2026-10-26,NEEDS_APPROVAL,NOT-001,16,2,0,14,true,1.17
SYN006414,ANNUAL,2026-09-29,2026-10-04,NEEDS_APPROVAL,NOT-001,3,1,0,2,true,13.27
SYN001039,LONG_SERVICE,2026-09-29,2026-10-23,DECLINED,ELG-003|BAL-001|NOT-002,19,0,0,19,false,0.58
SYN006738,ANNUAL,2026-09-29,2026-09-29,NEEDS_APPROVAL,NOT-001|COV-002,1,0,0,1,false,0.24
SYN001727,ANNUAL,2026-09-29,2026-10-13,DECLINED,BAL-001|NOT-001|COV-002,9,0,0,9,false,0.67
SYN000980,ANNUAL,2026-09-29,2026-09-29,NEEDS_APPROVAL,NOT-001,1,0,0,1,false,0.24
SYN001816,ANNUAL,2026-09-29,2026-10-01,NEEDS_APPROVAL,NOT-001,3,0,0,3,false,0.28
SYN009306,UNPAID,2026-09-29,2027-01-17,NEEDS_APPROVAL,NOT-004,79,41,0,38,true,23.95
SYN008410,PROF_DEV,2026-09-29,2026-09-29,NEEDS_APPROVAL,BAL-003|NOT-004,1,0,0,1,false,0.32
SYN007462,ANNUAL,2026-09-29,2026-09-30,NEEDS_APPROVAL,NOT-001,2,0,0,2,false,0.3
SYN007654,ANNUAL,2026-09-29,2026-10-04,NEEDS_APPROVAL,NOT-001,3,0,0,3,false,0.87
SYN000787,ANNUAL,2026-09-29,2026-10-11,NEEDS_APPROVAL,NOT-001,8,0,0,8,false,0.71
SYN006498,ANNUAL,2026-09-29,2026-10-02,NEEDS_APPROVAL,NOT-001,5,0,0,5,false,0.33
SYN009205,PROF_DEV,2026-09-29,2026-10-02,NEEDS_APPROVAL,NOT-004,4,0,0,4,true,0.33
SYN002167,ANNUAL,2026-09-29,2026-10-02,DECLINED,BAL-001|NOT-001,4,0,0,4,false,0.32
SYN008727,ANNUAL,2026-09-29,2026-10-01,NEEDS_APPROVAL,NOT-001,3,3,0,0,false,3.59
SYN000895,ANNUAL,2026-09-29,2026-10-04,NEEDS_APPROVAL,NOT-001,4,0,0,4,false,0.47
SYN006246,ANNUAL,2026-09-29,2026-10-09,DECLINED,BAL-001|NOT-001,9,9,0,0,false,8.32
SYN009038,SICK,2026-09-29,2026-09-29,ACCEPTED,"",1,0,0,1,false,0.31
SYN001193,PROF_DEV,2026-09-29,2026-10-03,NEEDS_APPROVAL,NOT-004,1,1,0,0,false,4.02
SYN000251,TOIL,2026-09-29,2026-09-29,RECOMMEND_APPROVE,"",1,0,0,1,true,0.42
SYN000671,ANNUAL,2026-09-29,2026-09-29,NEEDS_APPROVAL,BAL-003|NOT-001,1,0,0,1,false,0.24
SYN004172,ANNUAL,2026-09-29,2026-10-02,NEEDS_APPROVAL,NOT-001,2,0,0,2,false,0.31
SYN006310,ANNUAL,2026-09-29,2026-10-01,NEEDS_APPROVAL,NOT-001,3,0,0,3,false,0.38
SYN004368,ANNUAL,2026-09-29,2026-09-29,NEEDS_APPROVAL,NOT-001|COV-002,1,1,0,0,true,0.43
SYN001042,ANNUAL,2026-09-29,2026-09-30,NEEDS_APPROVAL,NOT-001,2,0,0,2,true,0.24
SYN002181,PROF_DEV,2026-09-29,2026-10-08,NEEDS_APPROVAL,NOT-004,8,1,0,7,true,0.82
SYN002192,ANNUAL,2026-09-29,2026-09-30,NEEDS_APPROVAL,NOT-001,2,0,0,2,true,0.32
SYN008300,LONG_SERVICE,2026-09-29,2026-10-18,DECLINED,ELG-003|BAL-001|NOT-002,11,0,0,11,true,0.67
SYN006125,ANNUAL,2026-09-29,2026-10-11,NEEDS_APPROVAL,NOT-001|COV-002,6,1,0,5,false,11.63
SYN005398,ANNUAL,2026-09-29,2026-10-12,NEEDS_APPROVAL,ELG-001|NOT-001|COV-002,10,6,0,4,false,55.93
SYN003285,ANNUAL,2026-09-29,2026-10-02,NEEDS_APPROVAL,NOT-001,1,0,0,1,false,0.36
SYN003156,ANNUAL,2026-09-29,2026-10-02,NEEDS_APPROVAL,NOT-001,4,1,0,3,false,4.91
SYN002874,ANNUAL,2026-09-29,2026-10-11,DECLINED,BAL-001|NOT-001,11,0,0,11,true,1.12
SYN005771,PROF_DEV,2026-09-29,2026-09-29,NEEDS_APPROVAL,ELG-001|NOT-004,1,0,0,1,true,0.26
SYN008247,ANNUAL,2026-09-29,2026-09-29,NEEDS_APPROVAL,NOT-001,1,0,0,1,false,0.35
SYN005774,SICK,2026-09-29,2026-09-29,ACCEPTED,"",1,0,0,1,true,0.26
SYN006627,ANNUAL,2026-09-29,2026-10-02,NEEDS_APPROVAL,NOT-001,3,2,0,1,false,26.56
SYN009367,UNPAID,2026-09-29,2026-09-29,NEEDS_APPROVAL,NOT-004,1,0,0,1,false,0.27
SYN001945,ANNUAL,2026-09-29,2026-09-29,NEEDS_APPROVAL,NOT-001,1,0,0,1,true,0.25
SYN007166,ANNUAL,2026-09-29,2026-10-02,NEEDS_APPROVAL,NOT-001,4,0,0,4,false,0.42
SYN007640,ANNUAL,2026-09-29,2026-09-29,NEEDS_APPROVAL,NOT-001,1,0,0,1,false,0.51
SYN002686,ANNUAL,2026-09-29,2026-10-02,NEEDS_APPROVAL,NOT-001,4,2,0,2,false,5.95
SYN006186,ANNUAL,2026-09-29,2026-10-19,NEEDS_APPROVAL,NOT-001,5,0,0,5,false,0.42
SYN002305,ADO,2026-09-30,2026-09-30,NEEDS_APPROVAL,BAL-003,1,0,0,1,true,0.25
SYN009038,TOIL,2026-09-30,2026-09-30,RECOMMEND_APPROVE,"",1,0,0,1,false,0.26
SYN003061,ANNUAL,2026-09-30,2026-10-16,NEEDS_APPROVAL,NOT-001,13,0,0,13,true,0.66
SYN007330,ANNUAL,2026-09-30,2026-09-30,NEEDS_APPROVAL,NOT-001,0,0,0,0,false,0.16
SYN004735,PROF_DEV,2026-09-30,2026-09-30,NEEDS_APPROVAL,NOT-004,1,1,0,0,false,4.98
SYN003719,ANNUAL,2026-09-30,2026-09-30,NEEDS_APPROVAL,NOT-001,1,1,0,0,true,0.51
SYN005184,ANNUAL,2026-09-30,2026-09-30,NEEDS_APPROVAL,NOT-001,0,0,0,0,false,0.16
SYN006703,PROF_DEV,2026-09-30,2026-10-02,NEEDS_APPROVAL,NOT-004,3,0,0,3,false,0.28
SYN009314,ANNUAL,2026-09-30,2026-10-07,NEEDS_APPROVAL,NOT-001,8,0,0,8,false,1.06
SYN009163,ANNUAL,2026-09-30,2026-10-08,NEEDS_APPROVAL,NOT-001,3,0,0,3,false,0.39
SYN006048,LONG_SERVICE,2026-09-30,2026-10-25,NEEDS_APPROVAL,ELG-001|NOT-002,14,4,0,10,true,2.57
SYN008903,PROF_DEV,2026-09-30,2026-10-01,NEEDS_APPROVAL,NOT-004,2,1,0,1,false,14.0
SYN007551,ANNUAL,2026-09-30,2026-09-30,NEEDS_APPROVAL,NOT-001,1,0,0,1,false,0.31
SYN006505,ANNUAL,2026-09-30,2026-09-30,NEEDS_APPROVAL,ELG-001|NOT-001,1,1,0,0,true,1.78
SYN003028,ANNUAL,2026-09-30,2026-09-30,NEEDS_APPROVAL,NOT-001,1,0,0,1,true,0.31
SYN006318,PROF_DEV,2026-09-30,2026-10-02,DECLINED,ELG-001|BAL-001|NOT-004,3,0,0,3,false,0.36
SYN008191,TOIL,2026-09-30,2026-10-06,RECOMMEND_APPROVE,"",5,0,0,5,false,1.04
SYN001751,ANNUAL,2026-09-30,2026-10-09,NEEDS_APPROVAL,NOT-001,7,0,0,7,true,1.08
SYN000874,ANNUAL,2026-09-30,2026-10-11,NEEDS_APPROVAL,NOT-001,8,0,0,8,true,0.43
SYN003294,ANNUAL,2026-09-30,2026-10-16,DECLINED,ELG-001|BAL-001|NOT-001,13,1,0,12,true,3.11
SYN009508,LONG_SERVICE,2026-09-30,2026-09-30,NEEDS_APPROVAL,NOT-002,1,0,0,1,false,0.34
SYN000265,ANNUAL,2026-09-30,2026-10-02,NEEDS_APPROVAL,NOT-001|COV-002,3,1,0,2,true,0.92
SYN008247,ANNUAL,2026-09-30,2026-10-02,NEEDS_APPROVAL,NOT-001,1,0,0,1,false,0.21
SYN000908,ANNUAL,2026-09-30,2026-09-30,NEEDS_APPROVAL,NOT-001,1,1,0,0,false,3.62
SYN007112,UNPAID,2026-09-30,2026-10-02,NEEDS_APPROVAL,NOT-004,1,0,0,1,false,0.26
SYN002597,PROF_DEV,2026-09-30,2026-10-08,DECLINED,BAL-001|NOT-004,7,0,0,7,true,0.5
SYN008167,LONG_SERVICE,2026-09-30,2026-09-30,DECLINED,ELG-003|BAL-001|NOT-002,1,0,0,1,false,0.42
SYN002518,ANNUAL,2026-09-30,2026-10-05,NEEDS_APPROVAL,NOT-001,4,0,0,4,true,0.39
SYN000418,PROF_DEV,2026-09-30,2026-09-30,NEEDS_APPROVAL,BAL-003|NOT-004,1,0,0,1,false,0.29
SYN007941,ANNUAL,2026-09-30,2026-10-02,NEEDS_APPROVAL,NOT-001|COV-002,3,3,0,0,true,1.47
SYN005590,ANNUAL,2026-09-30,2026-10-05,NEEDS_APPROVAL,NOT-001,4,0,0,4,false,0.73
SYN001323,ANNUAL,2026-09-30,2026-10-14,NEEDS_APPROVAL,NOT-001,11,0,0,11,true,0.59
SYN002458,ANNUAL,2026-09-30,2026-10-02,NEEDS_APPROVAL,NOT-001,3,0,0,3,true,0.42
SYN007191,ANNUAL,2026-09-30,2026-09-30,NEEDS_APPROVAL,NOT-001,1,1,0,0,false,1.0
SYN001369,TOIL,2026-09-30,2026-10-02,DECLINED,BAL-001,3,3,0,0,false,14.99
SYN000858,PARENTAL,2026-09-30,2027-04-13,DECLINED,ELG-001|NOT-004|COV-001,84,34,27,23,true,82.84
SYN005799,ANNUAL,2026-09-30,2026-10-09,NEEDS_APPROVAL,NOT-001,8,0,0,8,false,0.54
SYN004633,ANNUAL,2026-09-30,2026-09-30,NEEDS_APPROVAL,NOT-001,1,0,0,1,false,0.25
SYN001551,ANNUAL,2026-09-30,2026-09-30,NEEDS_APPROVAL,NOT-001,1,0,0,1,true,0.31
SYN004650,ANNUAL,2026-09-30,2026-10-01,NEEDS_APPROVAL,NOT-001,2,1,0,1,false,1.43
SYN000634,ANNUAL,2026-09-30,2026-10-04,NEEDS_APPROVAL,NOT-001,3,0,0,3,true,0.4
SYN009350,ANNUAL,2026-09-30,2026-09-30,NEEDS_APPROVAL,NOT-001,1,0,0,1,true,0.36
SYN000440,ANNUAL,2026-09-30,2026-10-07,NEEDS_APPROVAL,NOT-001,10,2,0,8,false,2.39
SYN008648,PROF_DEV,2026-09-30,2026-09-30,NEEDS_APPROVAL,BAL-003|NOT-004,0,0,0,0,false,0.18
SYN006900,TOIL,2026-09-30,2026-10-12,DECLINED,ELG-001|BAL-001,9,2,0,7,true,3.53
SYN008871,UNPAID,2026-09-30,2026-10-01,NEEDS_APPROVAL,NOT-004,2,1,0,1,false,1.18
SYN003659,ANNUAL,2026-09-30,2026-10-01,NEEDS_APPROVAL,NOT-001,2,0,0,2,true,0.43
SYN009016,ANNUAL,2026-09-30,2026-10-09,NEEDS_APPROVAL,NOT-001,6,1,0,5,false,1.4
SYN005447,SICK,2026-10-01,2026-10-01,ACCEPTED,"",1,0,0,1,true,0.33
SYN006441,TOIL,2026-10-01,2026-10-01,RECOMMEND_APPROVE,"",1,0,0,1,false,0.27
SYN009477,LONG_SERVICE,2026-10-01,2026-10-02,NEEDS_APPROVAL,NOT-002,2,0,0,2,true,0.4
SYN004587,ANNUAL,2026-10-01,2026-10-02,NEEDS_APPROVAL,NOT-001,2,0,0,2,false,0.26
SYN004190,TOIL,2026-10-01,2026-10-01,RECOMMEND_APPROVE,"",1,0,0,1,false,0.38
SYN004377,ANNUAL,2026-10-01,2026-10-02,NEEDS_APPROVAL,NOT-001,2,0,0,2,false,0.32
SYN004061,LONG_SERVICE,2026-10-01,2026-10-09,NEEDS_APPROVAL,NOT-002,10,2,0,8,false,5.36
SYN009453,UNPAID,2026-10-01,2026-10-01,NEEDS_APPROVAL,NOT-004,1,0,0,1,false,0.34
SYN006281,ANNUAL,2026-10-01,2026-10-01,NEEDS_APPROVAL,NOT-001,0,0,0,0,false,0.29
SYN000426,PROF_DEV,2026-10-01,2026-10-02,NEEDS_APPROVAL,NOT-004,2,1,0,1,false,14.94
SYN003168,ANNUAL,2026-10-01,2026-10-09,NEEDS_APPROVAL,NOT-001,5,0,0,5,true,0.82
SYN000479,UNPAID,2026-10-01,2026-10-02,NEEDS_APPROVAL,ELG-001|NOT-004|COV-002,2,2,0,0,true,1.12
SYN002752,PROF_DEV,2026-10-01,2026-10-02,NEEDS_APPROVAL,ELG-001|NOT-004,2,0,0,2,true,0.3
SYN002682,PROF_DEV,2026-10-01,2026-10-02,NEEDS_APPROVAL,NOT-004,1,0,0,1,true,0.36
SYN006802,ANNUAL,2026-10-01,2026-10-02,NEEDS_APPROVAL,NOT-001|COV-002,2,2,0,0,false,26.59
SYN001771,TOIL,2026-10-01,2026-10-02,RECOMMEND_APPROVE,"",1,0,0,1,true,0.3
SYN008487,ANNUAL,2026-10-01,2026-10-02,NEEDS_APPROVAL,NOT-001,2,1,0,1,false,16.3
SYN002305,TOIL,2026-10-01,2026-10-01,DECLINED,BAL-001,1,0,0,1,true,0.33
SYN006538,ANNUAL,2026-10-01,2026-10-01,NEEDS_APPROVAL,NOT-001,1,0,0,1,true,0.27
SYN004783,PROF_DEV,2026-10-01,2026-10-09,NEEDS_APPROVAL,NOT-004|COV-002,4,1,0,3,true,0.74
SYN007733,ANNUAL,2026-10-01,2026-10-07,NEEDS_APPROVAL,NOT-001,5,3,0,2,true,27.4
SYN007331,ANNUAL,2026-10-01,2026-10-14,DECLINED,BAL-001|NOT-001,8,1,0,7,true,2.18
SYN007554,ANNUAL,2026-10-01,2026-10-05,DECLINED,BAL-001|NOT-001,3,0,0,3,false,0.31
SYN001454,PROF_DEV,2026-10-01,2026-10-01,NEEDS_APPROVAL,BAL-003|NOT-004,0,0,0,0,false,0.15
SYN000489,ANNUAL,2026-10-01,2026-10-16,DECLINED,BAL-001|NOT-001,5,0,0,5,false,0.49
SYN008356,ADO,2026-10-01,2026-10-04,DECLINED,REQ-004|BAL-001,4,0,0,4,false,0.88
SYN000947,PROF_DEV,2026-10-01,2026-10-01,NEEDS_APPROVAL,BAL-003|NOT-004|COV-002,1,0,0,1,false,0.31
SYN005213,ANNUAL,2026-10-01,2026-10-01,NEEDS_APPROVAL,NOT-001,1,0,0,1,false,0.5
SYN008900,ANNUAL,2026-10-01,2026-10-07,NEEDS_APPROVAL,ELG-001|NOT-001,5,1,0,4,false,1.84
SYN007830,LONG_SERVICE,2026-10-01,2026-10-08,DECLINED,ELG-003|BAL-001|NOT-002,5,4,0,1,false,48.51
SYN007573,ANNUAL,2026-10-01,2026-10-01,NEEDS_APPROVAL,NOT-001,1,1,0,0,true,1.23
SYN000762,UNPAID,2026-10-01,2026-10-01,NEEDS_APPROVAL,NOT-004,1,0,0,1,true,0.36
SYN008234,SICK,2026-10-01,2026-10-01,ACCEPTED,"",1,1,0,0,false,2.04
SYN002038,UNPAID,2026-10-01,2026-10-01,NEEDS_APPROVAL,NOT-004,1,0,0,1,false,0.21
SYN002755,ANNUAL,2026-10-01,2026-10-01,NEEDS_APPROVAL,NOT-001,1,0,0,1,false,0.27
SYN007734,PROF_DEV,2026-10-01,2026-10-02,NEEDS_APPROVAL,BAL-003|NOT-004,2,0,0,2,false,0.53
SYN007349,ADO,2026-10-01,2026-10-02,DECLINED,BAL-001|COV-002,2,2,0,0,false,25.36
SYN008197,ANNUAL,2026-10-01,2026-10-05,NEEDS_APPROVAL,NOT-001,2,0,0,2,true,0.34
SYN004723,TOIL,2026-10-01,2026-10-02,DECLINED,BAL-001,2,0,0,2,true,0.33
SYN001264,TOIL,2026-10-01,2026-10-02,RECOMMEND_APPROVE,"",2,0,0,2,true,0.51
SYN008111,ANNUAL,2026-10-01,2026-10-05,NEEDS_APPROVAL,NOT-001,3,0,0,3,true,0.34
SYN007917,TOIL,2026-10-01,2026-10-03,RECOMMEND_APPROVE,"",1,0,0,1,true,0.48
SYN005285,ANNUAL,2026-10-01,2026-10-07,DECLINED,BAL-001|NOT-001,7,0,0,7,false,1.88
SYN000632,ANNUAL,2026-10-01,2026-10-01,NEEDS_APPROVAL,NOT-001,1,0,0,1,false,0.23
SYN003775,ADO,2026-10-01,2026-10-01,RECOMMEND_APPROVE,"",1,0,0,1,false,0.46
SYN000297,ANNUAL,2026-10-01,2026-10-01,NEEDS_APPROVAL,NOT-001,1,0,0,1,false,0.26
SYN003924,ANNUAL,2026-10-01,2026-10-07,NEEDS_APPROVAL,NOT-001,7,0,0,7,true,0.97
SYN000425,PROF_DEV,2026-10-01,2026-10-01,NEEDS_APPROVAL,BAL-003|NOT-004,1,1,0,0,false,15.12
SYN001429,PROF_DEV,2026-10-01,2026-10-01,NEEDS_APPROVAL,BAL-003|NOT-004,1,0,0,1,false,0.37
SYN006749,ANNUAL,2026-10-01,2026-10-08,NEEDS_APPROVAL,NOT-001|COV-001,3,2,1,0,true,1.91
SYN006528,UNPAID,2026-10-01,2026-10-01,NEEDS_APPROVAL,NOT-004,1,0,0,1,false,0.23
SYN004468,PROF_DEV,2026-10-01,2026-10-02,DECLINED,BAL-001|NOT-004,2,0,0,2,false,0.54
SYN003761,PROF_DEV,2026-10-01,2026-10-01,NEEDS_APPROVAL,NOT-004|COV-001,1,0,1,0,true,0.24
SYN002538,ADO,2026-10-01,2026-10-01,RECOMMEND_APPROVE,"",1,0,0,1,true,0.27
SYN003508,ANNUAL,2026-10-02,2026-10-02,NEEDS_APPROVAL,NOT-001,1,0,0,1,true,0.25
SYN002009,PROF_DEV,2026-10-02,2026-10-02,NEEDS_APPROVAL,BAL-003|NOT-004,1,0,0,1,false,0.5
SYN000476,ANNUAL,2026-10-02,2026-10-02,NEEDS_APPROVAL,NOT-001|COV-002,1,0,0,1,false,0.28
SYN008173,ANNUAL,2026-10-02,2026-10-02,NEEDS_APPROVAL,NOT-001,1,0,0,1,false,0.6
SYN008024,ANNUAL,2026-10-02,2026-10-06,NEEDS_APPROVAL,NOT-001,3,0,0,3,false,0.4
SYN008772,ANNUAL,2026-10-02,2026-10-05,NEEDS_APPROVAL,NOT-001,2,0,0,2,false,0.37
SYN007873,ANNUAL,2026-10-02,2026-10-02,NEEDS_APPROVAL,NOT-001,1,0,0,1,false,0.51
SYN001974,PROF_DEV,2026-10-02,2026-10-02,NEEDS_APPROVAL,NOT-004,1,1,0,0,true,0.61
SYN006686,ANNUAL,2026-10-02,2026-10-05,NEEDS_APPROVAL,ELG-001|NOT-001,2,0,0,2,true,0.31
SYN009114,ANNUAL,2026-10-02,2026-10-02,NEEDS_APPROVAL,NOT-001,1,0,0,1,false,0.36
SYN008657,PROF_DEV,2026-10-02,2026-10-02,NEEDS_APPROVAL,NOT-004,2,0,0,2,false,0.26
SYN003346,LONG_SERVICE,2026-10-02,2026-10-02,NEEDS_APPROVAL,NOT-002,0,0,0,0,false,0.13
SYN008548,ANNUAL,2026-10-02,2026-10-02,NEEDS_APPROVAL,NOT-001,1,0,0,1,false,0.23
SYN008560,ANNUAL,2026-10-02,2026-11-15,NEEDS_APPROVAL,NOT-001|COV-002,7,0,0,7,true,1.28
SYN007788,ADO,2026-10-02,2026-10-02,RECOMMEND_APPROVE,"",1,0,0,1,false,0.29
SYN000284,PROF_DEV,2026-10-02,2026-10-02,NEEDS_APPROVAL,BAL-003|NOT-004,1,0,0,1,false,0.22
SYN005618,ANNUAL,2026-10-02,2026-10-07,NEEDS_APPROVAL,NOT-001,6,0,0,6,true,0.9
SYN000759,ANNUAL,2026-10-02,2026-10-09,NEEDS_APPROVAL,NOT-001,8,0,0,8,true,0.68
SYN007935,ADO,2026-10-02,2026-10-03,RECOMMEND_APPROVE,"",2,1,0,1,true,1.2
SYN001946,ANNUAL,2026-10-02,2026-10-09,DECLINED,BAL-001|NOT-001,6,0,0,6,true,0.56
SYN001518,ANNUAL,2026-10-02,2026-10-04,NEEDS_APPROVAL,NOT-001,1,1,0,0,false,5.78
SYN002538,ADO,2026-10-02,2026-10-02,RECOMMEND_APPROVE,"",1,0,0,1,true,0.36
SYN002939,ANNUAL,2026-10-02,2026-10-03,NEEDS_APPROVAL,NOT-001,2,0,0,2,false,0.45
SYN005706,ADO,2026-10-02,2026-10-02,NEEDS_APPROVAL,ELG-001,1,0,0,1,false,0.23
SYN005705,SICK,2026-10-02,2026-10-16,ACCEPTED,BAL-001,8,1,0,7,false,12.18
SYN007084,UNPAID,2026-10-02,2026-10-02,NEEDS_APPROVAL,NOT-004,1,0,0,1,true,0.33
SYN002447,PROF_DEV,2026-10-02,2026-10-02,NEEDS_APPROVAL,NOT-004,1,1,0,0,false,5.27
SYN008299,ANNUAL,2026-10-02,2026-10-02,NEEDS_APPROVAL,NOT-001,1,0,0,1,false,0.3
SYN004032,SICK,2026-10-02,2026-10-02,ACCEPTED,"",1,0,0,1,true,0.32
SYN006589,ANNUAL,2026-10-02,2026-10-04,NEEDS_APPROVAL,NOT-001,1,0,0,1,true,0.36
SYN000601,ANNUAL,2026-10-02,2026-10-02,NEEDS_APPROVAL,NOT-001,1,0,0,1,true,0.36
SYN006752,ANNUAL,2026-10-02,2026-10-02,NEEDS_APPROVAL,NOT-001,0,0,0,0,false,0.18
SYN005530,ANNUAL,2026-10-02,2026-10-02,NEEDS_APPROVAL,NOT-001,1,1,0,0,false,13.46
SYN003122,SICK,2026-10-02,2026-10-02,ACCEPTED,"",1,0,0,1,false,0.21
SYN001062,ANNUAL,2026-10-02,2026-10-04,NEEDS_APPROVAL,NOT-001,1,0,0,1,false,0.34
SYN005377,ADO,2026-10-02,2026-10-05,NEEDS_APPROVAL,REQ-004,2,0,0,2,false,0.26
SYN004357,LONG_SERVICE,2026-10-02,2026-10-02,DECLINED,BAL-001|NOT-002,1,1,0,0,false,2.27
SYN008019,ADO,2026-10-02,2026-10-09,DECLINED,REQ-004|ELG-001|BAL-001,6,0,0,6,false,0.68
SYN002899,LONG_SERVICE,2026-10-02,2026-10-02,DECLINED,BAL-001|NOT-002,1,0,0,1,false,0.24
SYN006472,UNPAID,2026-10-02,2026-10-02,NEEDS_APPROVAL,NOT-004,1,0,0,1,false,0.28
SYN006439,PROF_DEV,2026-10-02,2026-10-02,NEEDS_APPROVAL,NOT-004,1,0,0,1,true,0.38
SYN000607,ANNUAL,2026-10-02,2026-10-04,NEEDS_APPROVAL,NOT-001,1,0,0,1,true,0.29
SYN001399,PROF_DEV,2026-10-02,2026-10-02,NEEDS_APPROVAL,NOT-004,1,1,0,0,false,3.84
SYN009129,SICK,2026-10-02,2026-10-02,ACCEPTED,COV-001,1,0,1,0,true,0.22
SYN007887,PROF_DEV,2026-10-02,2026-10-02,NEEDS_APPROVAL,BAL-003|NOT-004,1,0,0,1,true,0.35
SYN006797,ANNUAL,2026-10-02,2026-10-02,NEEDS_APPROVAL,NOT-001,1,0,0,1,false,0.22
SYN003015,ANNUAL,2026-10-02,2026-10-05,NEEDS_APPROVAL,NOT-001,3,0,0,3,false,0.8
SYN003957,ANNUAL,2026-10-02,2026-10-04,NEEDS_APPROVAL,NOT-001,1,0,0,1,false,0.47
SYN008433,ANNUAL,2026-10-02,2026-10-08,NEEDS_APPROVAL,NOT-001,7,0,0,7,false,0.6
SYN002577,ADO,2026-10-02,2026-10-02,DECLINED,BAL-001,1,0,0,1,false,0.22
SYN007480,ANNUAL,2026-10-02,2026-10-05,NEEDS_APPROVAL,NOT-001,2,0,0,2,true,0.31
SYN009539,PROF_DEV,2026-10-02,2026-10-02,NEEDS_APPROVAL,BAL-003|NOT-004,1,0,0,1,true,0.24
SYN000391,PROF_DEV,2026-10-02,2026-10-02,NEEDS_APPROVAL,BAL-003|NOT-004,1,0,0,1,true,0.58
SYN001333,ANNUAL,2026-10-02,2026-10-02,NEEDS_APPROVAL,NOT-001,1,0,0,1,true,0.21
SYN008696,ANNUAL,2026-10-02,2026-10-08,NEEDS_APPROVAL,NOT-001,5,0,0,5,true,0.48
SYN009530,ANNUAL,2026-10-02,2026-10-02,NEEDS_APPROVAL,NOT-001,1,0,0,1,false,0.2
SYN003455,ANNUAL,2026-10-02,2026-10-05,NEEDS_APPROVAL,NOT-001,2,0,0,2,false,0.38
SYN000950,ANNUAL,2026-10-02,2026-10-02,NEEDS_APPROVAL,NOT-001,1,0,0,1,false,0.21
SYN005787,ANNUAL,2026-10-02,2026-10-05,NEEDS_APPROVAL,NOT-001,2,0,0,2,false,0.31
SYN004493,ANNUAL,2026-10-02,2026-10-05,NEEDS_APPROVAL,NOT-001,2,0,0,2,false,0.36
SYN009357,LONG_SERVICE,2026-10-02,2026-10-16,NEEDS_APPROVAL,NOT-002,9,2,0,7,true,0.82
SYN001936,ANNUAL,2026-10-02,2026-10-11,NEEDS_APPROVAL,NOT-001,2,0,0,2,false,0.27
SYN009295,ANNUAL,2026-10-02,2026-10-02,NEEDS_APPROVAL,NOT-001,0,0,0,0,false,0.14
SYN003390,UNPAID,2026-10-02,2026-10-02,NEEDS_APPROVAL,NOT-004|COV-001,1,0,1,0,true,0.21
SYN002860,ANNUAL,2026-10-02,2026-10-02,NEEDS_APPROVAL,NOT-001,0,0,0,0,false,0.18
SYN003541,TOIL,2026-10-02,2026-10-04,RECOMMEND_APPROVE,"",1,0,0,1,true,0.22
SYN008812,LONG_SERVICE,2026-10-03,2026-10-03,DECLINED,ELG-003|BAL-001|NOT-002,1,0,0,1,false,0.3
SYN006346,PROF_DEV,2026-10-03,2026-10-11,NEEDS_APPROVAL,NOT-004|COV-001|COV-002,5,0,1,4,true,0.6
SYN007622,ANNUAL,2026-10-03,2026-10-11,RECOMMEND_APPROVE,"",4,0,0,4,false,0.78
SYN009205,ANNUAL,2026-10-03,2026-10-18,RECOMMEND_APPROVE,"",10,0,0,10,true,1.23
SYN006980,ANNUAL,2026-10-03,2026-10-03,RECOMMEND_APPROVE,"",1,0,0,1,false,0.52
SYN007108,PARENTAL,2026-10-03,2027-01-10,DECLINED,NOT-004|COV-001,70,0,19,51,true,4.34
SYN002627,ANNUAL,2026-10-03,2026-10-03,RECOMMEND_APPROVE,"",1,0,0,1,false,0.25
SYN008503,UNPAID,2026-10-03,2026-10-11,RECOMMEND_APPROVE,"",4,0,0,4,false,0.26
SYN002873,TOIL,2026-10-03,2026-10-04,DECLINED,BAL-001,1,0,0,1,true,0.33
SYN006868,ANNUAL,2026-10-03,2026-10-03,RECOMMEND_APPROVE,"",1,1,0,0,true,0.49
SYN009477,ANNUAL,2026-10-03,2026-10-04,RECOMMEND_APPROVE,"",2,0,0,2,true,0.49
SYN003982,ANNUAL,2026-10-03,2026-10-18,RECOMMEND_APPROVE,"",12,0,0,12,false,0.52
SYN003011,ANNUAL,2026-10-03,2026-10-04,RECOMMEND_APPROVE,"",0,0,0,0,false,0.12
SYN004641,ANNUAL,2026-10-03,2026-10-10,RECOMMEND_APPROVE,"",5,0,0,5,true,1.34
SYN008010,ANNUAL,2026-10-03,2026-10-04,RECOMMEND_APPROVE,"",2,1,0,1,false,16.9
SYN000406,ANNUAL,2026-10-03,2026-10-09,RECOMMEND_APPROVE,"",2,0,0,2,false,0.28
SYN001816,ANNUAL,2026-10-03,2026-10-25,DECLINED,COV-001,12,0,1,11,true,0.69
SYN003903,LONG_SERVICE,2026-10-03,2026-10-03,DECLINED,BAL-001|NOT-002,1,0,0,1,true,0.39
SYN000019,ANNUAL,2026-10-03,2026-10-03,RECOMMEND_APPROVE,"",1,0,0,1,false,0.36
SYN003540,TOIL,2026-10-03,2026-10-18,RECOMMEND_APPROVE,"",7,0,0,7,false,0.9
SYN009063,ANNUAL,2026-10-03,2026-11-01,DECLINED,ELG-001|BAL-001,17,0,0,17,true,1.56
SYN003187,TOIL,2026-10-03,2026-10-04,RECOMMEND_APPROVE,"",0,0,0,0,false,0.15
SYN005813,TOIL,2026-10-04,2026-10-04,RECOMMEND_APPROVE,"",0,0,0,0,false,0.13
SYN003624,ANNUAL,2026-10-04,2026-10-12,NEEDS_APPROVAL,COV-001,6,1,1,4,true,5.31
SYN008945,ANNUAL,2026-10-04,2026-11-28,DECLINED,ELG-002|BAL-003,31,0,0,31,true,4.35
SYN000913,TOIL,2026-10-04,2026-10-05,RECOMMEND_APPROVE,"",0,0,0,0,false,0.16
SYN001930,PROF_DEV,2026-10-04,2026-10-11,DECLINED,ELG-002|BAL-003|NOT-004,5,0,0,5,true,0.49
SYN003106,UNPAID,2026-10-04,2026-10-15,RECOMMEND_APPROVE,"",4,0,0,4,true,0.44
SYN002991,ANNUAL,2026-10-04,2026-10-11,RECOMMEND_APPROVE,"",4,0,0,4,false,0.64
SYN005363,ADO,2026-10-04,2026-10-04,DECLINED,ELG-002|BAL-003,1,1,0,0,false,7.03
SYN005325,ANNUAL,2026-10-04,2026-10-17,RECOMMEND_APPROVE,"",9,0,0,9,false,1.46
SYN006844,ANNUAL,2026-10-04,2026-10-11,NEEDS_APPROVAL,COV-001,5,0,1,4,true,0.68
SYN008886,ADO,2026-10-04,2026-10-06,DECLINED,REQ-004|BAL-001,3,1,0,2,false,22.21
SYN002136,ANNUAL,2026-10-05,2026-10-19,NEEDS_APPROVAL,ELG-001,9,0,0,9,true,1.29
SYN007825,TOIL,2026-10-05,2026-10-11,RECOMMEND_APPROVE,"",4,0,0,4,false,0.46
SYN000479,ADO,2026-10-05,2026-10-07,NEEDS_APPROVAL,REQ-004|ELG-001|COV-002,3,3,0,0,true,1.7
SYN004435,TOIL,2026-10-05,2026-10-18,DECLINED,BAL-001,10,2,0,8,true,1.14
SYN007916,SICK,2026-10-05,2026-10-22,ACCEPTED,BAL-001,11,2,0,9,false,3.38
SYN000603,TOIL,2026-10-05,2026-10-11,RECOMMEND_APPROVE,"",4,0,0,4,true,0.69
SYN008968,ANNUAL,2026-10-05,2026-10-07,NEEDS_APPROVAL,ELG-001,3,0,0,3,true,0.33
SYN007058,ANNUAL,2026-10-05,2026-10-11,RECOMMEND_APPROVE,"",4,0,0,4,false,1.02
SYN007801,UNPAID,2026-10-05,2027-03-07,RECOMMEND_APPROVE,"",88,52,0,36,true,190.72
SYN009270,LONG_SERVICE,2026-10-05,2026-10-16,DECLINED,ELG-003|BAL-001|NOT-002,10,10,0,0,true,3.71
SYN000893,ANNUAL,2026-10-05,2026-10-25,RECOMMEND_APPROVE,"",6,0,0,6,false,0.48
SYN001689,ANNUAL,2026-10-05,2026-10-11,DECLINED,BAL-001,5,0,0,5,true,0.85
SYN008025,PROF_DEV,2026-10-05,2026-10-05,NEEDS_APPROVAL,NOT-004,1,0,0,1,false,0.23
SYN006555,ANNUAL,2026-10-05,2026-10-11,RECOMMEND_APPROVE,"",5,0,0,5,false,0.7
SYN000116,ANNUAL,2026-10-05,2026-10-06,RECOMMEND_APPROVE,"",2,0,0,2,true,0.54
SYN000299,ANNUAL,2026-10-05,2026-10-06,RECOMMEND_APPROVE,"",2,0,0,2,true,0.24
SYN009477,LONG_SERVICE,2026-10-05,2026-10-05,NEEDS_APPROVAL,NOT-002,1,0,0,1,true,0.4
SYN001181,LONG_SERVICE,2026-10-05,2026-10-18,DECLINED,BAL-001|NOT-002,10,0,0,10,false,0.83
SYN000374,ADO,2026-10-05,2027-01-17,DECLINED,REQ-004|ELG-001|BAL-001,63,0,0,63,true,6.41
SYN008158,PARENTAL,2026-10-05,2027-04-18,NEEDS_APPROVAL,ELG-001|NOT-004,139,63,0,76,true,51.74
SYN002428,ANNUAL,2026-10-05,2026-11-01,DECLINED,COV-001,20,2,4,14,true,5.8
SYN005356,ANNUAL,2026-10-05,2026-10-11,RECOMMEND_APPROVE,"",5,0,0,5,true,0.45
SYN005509,PROF_DEV,2026-10-05,2026-10-09,NEEDS_APPROVAL,NOT-004,5,0,0,5,true,0.52
SYN008585,ANNUAL,2026-10-05,2026-10-05,RECOMMEND_APPROVE,"",1,0,0,1,false,0.22
SYN000870,ANNUAL,2026-10-05,2026-10-09,RECOMMEND_APPROVE,"",5,0,0,5,true,0.31
SYN006357,LONG_SERVICE,2026-10-05,2026-10-11,DECLINED,ELG-003|BAL-001|NOT-002,5,5,0,0,false,72.52
SYN002115,PARENTAL,2026-10-05,2027-01-10,NEEDS_APPROVAL,NOT-004,52,0,0,52,true,1.16
SYN000205,ANNUAL,2026-10-05,2026-10-12,RECOMMEND_APPROVE,"",6,0,0,6,false,0.37
SYN000884,ANNUAL,2026-10-05,2026-10-11,RECOMMEND_APPROVE,"",4,0,0,4,false,0.32
SYN001470,ANNUAL,2026-10-05,2026-10-05,RECOMMEND_APPROVE,"",2,0,0,2,false,0.24
SYN005359,LONG_SERVICE,2026-10-05,2026-10-11,NEEDS_APPROVAL,NOT-002,2,0,0,2,false,0.34
SYN002175,ADO,2026-10-05,2026-10-05,DECLINED,BAL-001,1,1,0,0,false,6.78
SYN008849,SICK,2026-10-05,2026-10-13,ACCEPTED,BAL-001,7,0,0,7,true,0.3
SYN000058,ANNUAL,2026-10-05,2026-10-07,DECLINED,BAL-001,3,3,0,0,false,16.95
SYN005712,TOIL,2026-10-05,2026-10-05,RECOMMEND_APPROVE,"",0,0,0,0,false,0.17
SYN006441,ANNUAL,2026-10-05,2026-10-18,DECLINED,BAL-001,8,3,0,5,false,15.59
SYN005767,ANNUAL,2026-10-05,2026-10-11,RECOMMEND_APPROVE,"",4,2,0,2,false,8.68
SYN007840,ADO,2026-10-05,2026-10-06,RECOMMEND_APPROVE,"",2,0,0,2,true,0.53
SYN008036,ANNUAL,2026-10-05,2026-11-01,DECLINED,ELG-002|BAL-003,16,0,0,16,false,0.88
SYN002943,ANNUAL,2026-10-05,2026-10-11,RECOMMEND_APPROVE,"",5,0,0,5,true,0.69
SYN006141,PROF_DEV,2026-10-05,2026-10-05,NEEDS_APPROVAL,BAL-003|NOT-004,1,0,0,1,false,0.94
SYN002276,ANNUAL,2026-10-05,2026-11-09,DECLINED,BAL-001|COV-001|COV-003,26,3,2,21,true,15.89
SYN002103,ANNUAL,2026-10-05,2026-10-06,NEEDS_APPROVAL,ELG-001,2,0,0,2,true,0.31
SYN008610,TOIL,2026-10-05,2026-10-11,DECLINED,BAL-001,4,1,0,3,false,13.06
SYN002052,ANNUAL,2026-10-05,2026-11-01,DECLINED,BAL-001,31,0,0,31,false,1.51
SYN004887,PROF_DEV,2026-10-05,2026-10-09,NEEDS_APPROVAL,NOT-004,4,0,0,4,false,0.38
SYN007708,ANNUAL,2026-10-05,2026-11-08,DECLINED,BAL-001|COV-001|COV-003,25,5,10,10,true,2.1
SYN000347,ANNUAL,2026-10-05,2026-10-10,DECLINED,BAL-001,4,0,0,4,false,0.74
SYN008509,TOIL,2026-10-05,2026-10-05,DECLINED,BAL-001,1,0,0,1,false,0.27
SYN001716,ANNUAL,2026-10-05,2026-10-18,DECLINED,BAL-001,8,0,0,8,true,0.68
SYN004719,ANNUAL,2026-10-05,2026-10-08,RECOMMEND_APPROVE,"",4,0,0,4,true,0.37
SYN006741,ADO,2026-10-05,2026-10-11,NEEDS_APPROVAL,REQ-004,4,1,0,3,false,13.2
SYN009533,PROF_DEV,2026-10-05,2026-10-06,NEEDS_APPROVAL,NOT-004,2,0,0,2,true,0.37
SYN008614,ANNUAL,2026-10-05,2026-10-18,RECOMMEND_APPROVE,"",4,0,0,4,false,0.88
SYN001496,ANNUAL,2026-10-05,2026-10-09,RECOMMEND_APPROVE,"",4,4,0,0,false,16.19
SYN005086,ANNUAL,2026-10-05,2026-10-18,RECOMMEND_APPROVE,"",7,0,0,7,false,1.4
SYN000285,ANNUAL,2026-10-05,2026-10-11,RECOMMEND_APPROVE,"",4,4,0,0,false,46.3
SYN003362,ANNUAL,2026-10-05,2026-10-26,RECOMMEND_APPROVE,"",16,5,0,11,true,5.12
SYN000861,ANNUAL,2026-10-05,2026-10-09,NEEDS_APPROVAL,COV-001,5,0,3,2,true,0.39
SYN009387,ANNUAL,2026-10-05,2026-10-11,RECOMMEND_APPROVE,"",5,0,0,5,true,0.38
SYN005606,LONG_SERVICE,2026-10-05,2026-10-18,DECLINED,ELG-003|BAL-001|NOT-002,2,0,0,2,true,0.35
SYN003623,TOIL,2026-10-05,2026-10-11,RECOMMEND_APPROVE,"",3,0,0,3,false,0.67
SYN007712,ANNUAL,2026-10-05,2026-10-07,DECLINED,BAL-001,3,2,0,1,false,10.44
SYN003290,ANNUAL,2026-10-05,2026-10-09,RECOMMEND_APPROVE,"",5,0,0,5,false,0.76
SYN003930,ANNUAL,2026-10-05,2026-11-01,DECLINED,BAL-001,17,0,0,17,true,2.87
SYN001785,LONG_SERVICE,2026-10-05,2026-10-11,DECLINED,BAL-001|NOT-002,3,0,0,3,false,0.32
SYN003352,LONG_SERVICE,2026-10-05,2026-10-25,DECLINED,BAL-001|NOT-002,9,3,0,6,true,3.1
SYN001062,TOIL,2026-10-05,2026-10-05,NEEDS_APPROVAL,BAL-003,1,0,0,1,false,0.34
SYN006637,LONG_SERVICE,2026-10-05,2026-10-14,DECLINED,ELG-003|BAL-001|NOT-002|COV-003,8,3,0,5,true,0.89
SYN004421,PROF_DEV,2026-10-05,2026-10-25,DECLINED,NOT-004|COV-001|COV-002,12,0,1,11,true,0.6
SYN001436,ANNUAL,2026-10-05,2026-10-11,RECOMMEND_APPROVE,"",5,0,0,5,false,0.58
SYN006177,ADO,2026-10-05,2026-10-18,DECLINED,REQ-004|BAL-001,10,0,0,10,true,0.92
SYN007359,PROF_DEV,2026-10-05,2026-10-08,NEEDS_APPROVAL,ELG-001|NOT-004|COV-002,4,0,0,4,true,0.63
SYN001050,PROF_DEV,2026-10-05,2026-10-18,DECLINED,BAL-001|NOT-004,10,0,0,10,true,0.72
SYN004281,TOIL,2026-10-05,2026-10-05,RECOMMEND_APPROVE,"",1,0,0,1,false,0.29
SYN000546,PARENTAL,2026-10-05,2027-04-18,NEEDS_APPROVAL,NOT-004,142,33,0,109,true,34.83
SYN004964,ANNUAL,2026-10-05,2026-10-18,DECLINED,BAL-001,10,0,0,10,false,1.01
SYN005218,ANNUAL,2026-10-05,2026-10-06,RECOMMEND_APPROVE,"",1,0,0,1,true,0.33
SYN008429,UNPAID,2026-10-05,2026-10-09,RECOMMEND_APPROVE,"",5,0,0,5,true,0.41
SYN001325,ADO,2026-10-05,2026-10-09,NEEDS_APPROVAL,REQ-004|BAL-003,3,2,0,1,false,11.79
SYN002815,TOIL,2026-10-05,2026-10-18,RECOMMEND_APPROVE,"",6,0,0,6,false,0.57
SYN004870,TOIL,2026-10-05,2026-10-18,RECOMMEND_APPROVE,"",8,1,0,7,false,6.28
SYN006115,SICK,2026-10-05,2026-10-26,ACCEPTED,BAL-001,10,0,0,10,true,0.98
SYN007969,ANNUAL,2026-10-05,2026-10-05,RECOMMEND_APPROVE,"",1,0,0,1,false,0.43
SYN008648,ANNUAL,2026-10-05,2026-11-01,DECLINED,BAL-001,24,0,0,24,true,1.86
SYN004777,ANNUAL,2026-10-05,2026-10-11,NEEDS_APPROVAL,COV-002,4,2,0,2,false,27.04
SYN007817,ANNUAL,2026-10-05,2026-10-08,RECOMMEND_APPROVE,"",4,0,0,4,true,0.39
SYN008310,TOIL,2026-10-05,2026-10-06,RECOMMEND_APPROVE,"",2,0,0,2,false,0.34
SYN006416,ANNUAL,2026-10-05,2026-10-11,NEEDS_APPROVAL,COV-002,3,0,0,3,false,0.78
SYN008316,UNPAID,2026-10-05,2027-02-22,DECLINED,COV-001,101,41,14,46,true,22.69
SYN009188,UNPAID,2026-10-05,2026-10-18,NEEDS_APPROVAL,COV-002,10,0,0,10,true,1.0
SYN004140,ANNUAL,2026-10-05,2026-10-09,RECOMMEND_APPROVE,"",5,0,0,5,false,0.37
SYN000702,ANNUAL,2026-10-05,2026-10-25,RECOMMEND_APPROVE,"",11,4,0,7,true,21.06
SYN000041,ANNUAL,2026-10-05,2026-10-24,RECOMMEND_APPROVE,"",13,0,0,13,true,2.16
SYN003285,LONG_SERVICE,2026-10-05,2026-10-09,DECLINED,BAL-001|NOT-002,1,0,0,1,true,0.4
SYN005813,ANNUAL,2026-10-05,2026-10-18,DECLINED,BAL-001,4,2,0,2,true,1.13
SYN007255,LONG_SERVICE,2026-10-05,2026-10-18,DECLINED,ELG-003|BAL-001|NOT-002,3,0,0,3,false,0.41
SYN008552,ANNUAL,2026-10-05,2026-10-05,RECOMMEND_APPROVE,"",1,0,0,1,false,0.21
SYN003275,ANNUAL,2026-10-05,2026-10-18,RECOMMEND_APPROVE,"",2,0,0,2,true,0.27
SYN008584,ANNUAL,2026-10-05,2026-10-06,RECOMMEND_APPROVE,"",2,0,0,2,false,0.21
SYN007360,ANNUAL,2026-10-05,2026-10-05,RECOMMEND_APPROVE,"",1,0,0,1,false,0.19
SYN002724,ANNUAL,2026-10-05,2026-11-01,RECOMMEND_APPROVE,"",16,0,0,16,false,2.73
SYN009031,ANNUAL,2026-10-05,2026-10-11,DECLINED,ELG-001|BAL-001,3,1,0,2,false,1.03
SYN002177,ANNUAL,2026-10-05,2026-10-11,RECOMMEND_APPROVE,"",1,0,0,1,false,0.28
SYN007772,ANNUAL,2026-10-05,2026-10-25,RECOMMEND_APPROVE,"",15,0,0,15,true,0.78
SYN005491,ANNUAL,2026-10-05,2026-10-08,RECOMMEND_APPROVE,"",4,0,0,4,false,0.35
SYN008299,ANNUAL,2026-10-05,2026-10-05,RECOMMEND_APPROVE,"",1,1,0,0,true,0.72
SYN000404,ANNUAL,2026-10-05,2026-10-25,DECLINED,BAL-001,15,0,0,15,true,4.32
SYN001433,ADO,2026-10-05,2026-10-05,RECOMMEND_APPROVE,"",1,1,0,0,true,1.11
SYN003247,LONG_SERVICE,2026-10-05,2026-10-12,DECLINED,BAL-001|NOT-002,6,1,0,5,true,4.72
SYN003999,ANNUAL,2026-10-05,2026-10-18,RECOMMEND_APPROVE,"",6,0,0,6,false,0.8
SYN007053,ANNUAL,2026-10-05,2026-10-18,RECOMMEND_APPROVE,"",10,0,0,10,false,0.54
SYN003140,ANNUAL,2026-10-05,2026-10-20,RECOMMEND_APPROVE,"",8,3,0,5,true,9.07
SYN007568,ANNUAL,2026-10-05,2026-10-18,RECOMMEND_APPROVE,"",8,0,0,8,false,1.26
SYN003180,LONG_SERVICE,2026-10-05,2026-10-11,DECLINED,BAL-001|NOT-002,5,0,0,5,false,0.35
SYN004672,LONG_SERVICE,2026-10-05,2026-10-05,DECLINED,ELG-003|BAL-001|NOT-002,1,0,0,1,true,0.52
SYN001192,SICK,2026-10-05,2026-10-06,ACCEPTED,"",2,0,0,2,false,0.34
SYN000791,ANNUAL,2026-10-05,2026-10-30,RECOMMEND_APPROVE,"",18,0,0,18,false,0.63
SYN000456,PROF_DEV,2026-10-05,2026-10-12,NEEDS_APPROVAL,NOT-004,6,3,0,3,false,33.42
SYN001171,ANNUAL,2026-10-05,2026-10-11,RECOMMEND_APPROVE,"",5,0,0,5,true,0.92
SYN003457,ANNUAL,2026-10-05,2026-10-18,RECOMMEND_APPROVE,"",3,0,0,3,false,0.33
SYN007349,ANNUAL,2026-10-05,2026-10-11,DECLINED,BAL-001|COV-002,4,0,0,4,false,0.52
SYN006641,ANNUAL,2026-10-05,2026-10-09,RECOMMEND_APPROVE,"",4,0,0,4,true,0.31
SYN001355,ANNUAL,2026-10-05,2026-10-11,DECLINED,BAL-001,7,0,0,7,false,0.4
SYN008161,ANNUAL,2026-10-05,2026-10-11,RECOMMEND_APPROVE,"",4,1,0,3,false,13.68
SYN000530,PROF_DEV,2026-10-05,2026-10-09,NEEDS_APPROVAL,NOT-004,4,3,0,1,true,0.79
SYN002816,ANNUAL,2026-10-05,2026-10-25,RECOMMEND_APPROVE,"",15,0,0,15,true,0.97
SYN000497,ADO,2026-10-05,2026-10-16,DECLINED,REQ-004|BAL-001,10,3,0,7,true,2.52
SYN003046,LONG_SERVICE,2026-10-05,2026-10-09,DECLINED,BAL-001|NOT-002|COV-001,5,0,5,0,true,0.43
SYN005809,ANNUAL,2026-10-05,2026-10-18,RECOMMEND_APPROVE,"",10,2,0,8,true,1.02
SYN007606,ANNUAL,2026-10-05,2026-10-07,RECOMMEND_APPROVE,"",3,0,0,3,false,0.27
SYN005172,ANNUAL,2026-10-05,2026-10-11,RECOMMEND_APPROVE,"",5,3,0,2,true,0.68
SYN005495,ANNUAL,2026-10-05,2026-10-12,NEEDS_APPROVAL,COV-002,5,0,0,5,false,0.64
SYN004535,ADO,2026-10-05,2026-10-05,RECOMMEND_APPROVE,"",1,0,0,1,false,0.19
SYN004871,ANNUAL,2026-10-05,2026-10-05,RECOMMEND_APPROVE,"",1,1,0,0,false,11.5
SYN006242,ANNUAL,2026-10-05,2026-10-09,RECOMMEND_APPROVE,"",5,0,0,5,true,0.5
SYN009295,ANNUAL,2026-10-05,2026-10-06,RECOMMEND_APPROVE,"",1,0,0,1,false,0.21
SYN002506,LONG_SERVICE,2026-10-05,2026-10-16,DECLINED,BAL-001|NOT-002,3,0,0,3,false,0.31
SYN009416,UNPAID,2026-10-05,2026-10-05,RECOMMEND_APPROVE,"",1,0,0,1,true,0.24
SYN007782,PROF_DEV,2026-10-05,2026-10-09,DECLINED,BAL-001|NOT-004,5,0,0,5,false,0.36
SYN002682,ANNUAL,2026-10-05,2026-10-11,DECLINED,BAL-001,4,0,0,4,true,0.56
SYN005331,ANNUAL,2026-10-05,2026-10-11,RECOMMEND_APPROVE,"",2,2,0,0,true,1.37
SYN000819,ANNUAL,2026-10-05,2026-10-07,RECOMMEND_APPROVE,"",3,1,0,2,false,4.39
SYN004071,UNPAID,2026-10-05,2026-11-06,RECOMMEND_APPROVE,"",0,0,0,0,false,0.17
SYN009080,ANNUAL,2026-10-05,2026-11-01,RECOMMEND_APPROVE,"",18,1,0,17,true,7.98
SYN005986,ANNUAL,2026-10-05,2026-10-13,RECOMMEND_APPROVE,"",7,2,0,5,false,21.31
SYN006877,ANNUAL,2026-10-05,2026-10-09,RECOMMEND_APPROVE,"",4,0,0,4,true,0.43
SYN007536,ADO,2026-10-05,2026-10-11,NEEDS_APPROVAL,REQ-004,3,0,0,3,true,0.52
SYN005771,PROF_DEV,2026-10-05,2026-10-09,NEEDS_APPROVAL,ELG-001|NOT-004,5,0,0,5,true,0.43
SYN007736,ANNUAL,2026-10-05,2026-10-11,RECOMMEND_APPROVE,"",5,3,0,2,false,14.16
SYN003665,ANNUAL,2026-10-05,2026-10-11,DECLINED,BAL-001,9,0,0,9,true,1.48
SYN001782,PROF_DEV,2026-10-05,2026-10-07,NEEDS_APPROVAL,NOT-004,3,0,0,3,true,0.28
SYN003185,ANNUAL,2026-10-05,2026-10-11,RECOMMEND_APPROVE,"",4,2,0,2,false,8.97
SYN004606,ADO,2026-10-05,2026-10-18,DECLINED,REQ-004|BAL-001,3,0,0,3,false,0.96
SYN001015,ANNUAL,2026-10-05,2026-10-27,DECLINED,BAL-001,11,4,0,7,true,1.68
SYN008369,ANNUAL,2026-10-05,2026-10-25,DECLINED,BAL-001|COV-001,13,0,2,11,true,2.54
SYN008591,ANNUAL,2026-10-05,2026-10-12,RECOMMEND_APPROVE,"",6,1,0,5,true,4.32
SYN003055,LONG_SERVICE,2026-10-05,2026-10-05,NEEDS_APPROVAL,NOT-002,1,0,0,1,false,0.26
SYN006843,TOIL,2026-10-05,2026-10-06,RECOMMEND_APPROVE,"",1,0,0,1,true,0.39
SYN003298,ANNUAL,2026-10-05,2026-10-19,DECLINED,BAL-001,13,1,0,12,true,1.69
SYN009066,ANNUAL,2026-10-05,2026-10-25,DECLINED,ELG-001|BAL-001,15,0,0,15,true,1.63
SYN002540,TOIL,2026-10-05,2026-10-11,RECOMMEND_APPROVE,"",5,2,0,3,true,5.76
SYN008467,ANNUAL,2026-10-05,2026-10-09,RECOMMEND_APPROVE,"",3,1,0,2,false,9.2
SYN006802,ANNUAL,2026-10-05,2026-10-09,NEEDS_APPROVAL,COV-002,5,5,0,0,true,2.43
SYN005352,ANNUAL,2026-10-05,2026-10-06,RECOMMEND_APPROVE,"",2,0,0,2,true,0.25
SYN006589,LONG_SERVICE,2026-10-05,2026-10-05,DECLINED,ELG-003|BAL-001|NOT-002,1,0,0,1,true,0.34
SYN003011,TOIL,2026-10-05,2026-10-05,RECOMMEND_APPROVE,"",0,0,0,0,false,0.11
SYN003879,ANNUAL,2026-10-05,2026-10-21,RECOMMEND_APPROVE,"",13,0,0,13,false,0.46
SYN005365,TOIL,2026-10-05,2026-10-05,NEEDS_APPROVAL,BAL-003,1,0,0,1,false,0.21
SYN001369,TOIL,2026-10-05,2026-10-05,RECOMMEND_APPROVE,"",1,1,0,0,false,3.0
SYN000194,ANNUAL,2026-10-05,2026-11-01,DECLINED,BAL-001,20,2,0,18,true,8.7
SYN009331,ANNUAL,2026-10-05,2026-10-07,RECOMMEND_APPROVE,"",2,0,0,2,false,0.54
SYN008558,ANNUAL,2026-10-05,2026-10-11,RECOMMEND_APPROVE,"",2,0,0,2,true,0.53
SYN001194,UNPAID,2026-10-05,2026-10-05,RECOMMEND_APPROVE,"",1,1,0,0,false,2.48
SYN005523,ANNUAL,2026-10-05,2026-11-01,RECOMMEND_APPROVE,"",8,0,0,8,true,1.34
SYN005984,ANNUAL,2026-10-05,2026-10-18,NEEDS_APPROVAL,COV-002,20,3,0,17,false,35.13
SYN006414,ANNUAL,2026-10-05,2026-10-09,RECOMMEND_APPROVE,"",4,1,0,3,true,1.88
SYN009155,LONG_SERVICE,2026-10-05,2026-10-05,NEEDS_APPROVAL,NOT-002,1,0,0,1,true,0.26
SYN000853,TOIL,2026-10-05,2026-10-11,NEEDS_APPROVAL,COV-002,5,0,0,5,true,0.67
SYN006839,ANNUAL,2026-10-05,2026-10-19,DECLINED,BAL-001,9,1,0,8,false,5.55
SYN004703,ANNUAL,2026-10-05,2026-10-18,RECOMMEND_APPROVE,"",8,1,0,7,true,2.02
SYN004611,TOIL,2026-10-05,2026-10-09,DECLINED,BAL-001,3,0,0,3,true,0.73
SYN004316,TOIL,2026-10-05,2026-10-11,RECOMMEND_APPROVE,"",5,0,0,5,true,0.31
SYN002746,ANNUAL,2026-10-05,2026-10-09,RECOMMEND_APPROVE,"",4,1,0,3,true,0.76
SYN004708,LONG_SERVICE,2026-10-05,2026-10-11,DECLINED,ELG-001|ELG-003|BAL-001|NOT-002,5,0,0,5,false,0.65
SYN004364,LONG_SERVICE,2026-10-05,2026-10-11,DECLINED,ELG-003|BAL-001|NOT-002,7,0,0,7,true,0.86
SYN000260,UNPAID,2026-10-05,2026-12-09,NEEDS_APPROVAL,COV-002,38,19,0,19,true,6.86
SYN009529,ANNUAL,2026-10-05,2026-10-13,RECOMMEND_APPROVE,"",7,0,0,7,true,0.71
SYN004350,LONG_SERVICE,2026-10-05,2026-10-20,DECLINED,ELG-003|BAL-001|NOT-002|COV-001,12,0,2,10,true,1.04
SYN005932,TOIL,2026-10-05,2026-10-05,RECOMMEND_APPROVE,"",2,0,0,2,false,0.41
SYN006462,ANNUAL,2026-10-05,2026-12-06,NEEDS_APPROVAL,BAL-003,36,0,0,36,true,1.74
SYN003084,ANNUAL,2026-10-05,2026-10-11,RECOMMEND_APPROVE,"",2,0,0,2,true,0.35
SYN006951,TOIL,2026-10-05,2026-10-25,DECLINED,BAL-001,12,0,0,12,false,2.21
SYN002036,ANNUAL,2026-10-05,2026-10-05,RECOMMEND_APPROVE,"",1,0,0,1,false,0.23
SYN001310,ANNUAL,2026-10-05,2026-10-18,RECOMMEND_APPROVE,"",6,0,0,6,true,1.33
SYN008513,PARENTAL,2026-10-05,2027-01-10,NEEDS_APPROVAL,NOT-004,56,0,0,56,true,2.97
SYN008046,ANNUAL,2026-10-05,2026-10-14,RECOMMEND_APPROVE,"",8,0,0,8,true,2.12
SYN000993,ANNUAL,2026-10-05,2026-10-11,RECOMMEND_APPROVE,"",2,0,0,2,true,0.38
SYN001259,ANNUAL,2026-10-05,2026-10-25,DECLINED,BAL-001|COV-001,15,6,3,6,true,1.49
SYN002666,ANNUAL,2026-10-05,2026-10-11,NEEDS_APPROVAL,ELG-001,4,1,0,3,false,6.42
SYN002880,ADO,2026-10-05,2026-10-11,DECLINED,REQ-004|BAL-001,5,0,0,5,false,0.41
SYN006703,ANNUAL,2026-10-05,2026-10-09,RECOMMEND_APPROVE,"",5,0,0,5,false,0.31
SYN003968,ANNUAL,2026-10-05,2026-10-18,RECOMMEND_APPROVE,"",6,1,0,5,true,0.66
SYN002538,ANNUAL,2026-10-05,2026-11-08,RECOMMEND_APPROVE,"",25,1,0,24,true,2.33
SYN008495,TOIL,2026-10-05,2026-10-09,DECLINED,BAL-001|COV-002,5,2,0,3,true,0.93
SYN003396,ANNUAL,2026-10-05,2026-10-12,DECLINED,BAL-001,7,0,0,7,true,0.74
SYN007671,ANNUAL,2026-10-05,2026-10-07,RECOMMEND_APPROVE,"",1,0,0,1,false,0.26
SYN006633,LONG_SERVICE,2026-10-05,2026-10-05,DECLINED,ELG-003|BAL-001|NOT-002,1,0,0,1,true,0.3
SYN003424,ANNUAL,2026-10-05,2026-10-18,RECOMMEND_APPROVE,"",0,0,0,0,false,0.17
SYN003904,ANNUAL,2026-10-05,2026-10-11,RECOMMEND_APPROVE,"",0,0,0,0,false,0.14
SYN000954,ANNUAL,2026-10-05,2026-11-08,DECLINED,BAL-001,21,3,0,18,true,14.3
SYN006806,PROF_DEV,2026-10-05,2026-10-09,NEEDS_APPROVAL,NOT-004|COV-003,5,1,0,4,true,0.85
SYN004050,TOIL,2026-10-05,2026-10-05,RECOMMEND_APPROVE,"",1,0,0,1,false,0.38
SYN000843,ANNUAL,2026-10-05,2026-10-14,RECOMMEND_APPROVE,"",4,0,0,4,false,0.44
SYN004768,PROF_DEV,2026-10-05,2026-10-09,NEEDS_APPROVAL,NOT-004,5,0,0,5,true,0.3
SYN009260,LONG_SERVICE,2026-10-05,2026-10-14,NEEDS_APPROVAL,NOT-002,8,0,0,8,false,0.42
SYN007936,ANNUAL,2026-10-05,2026-10-05,RECOMMEND_APPROVE,"",1,0,0,1,true,0.27
SYN007522,PROF_DEV,2026-10-05,2026-10-06,NEEDS_APPROVAL,NOT-004|COV-001,2,0,1,1,false,0.86
SYN008079,ANNUAL,2026-10-05,2026-10-17,DECLINED,BAL-001,8,0,0,8,false,0.74
SYN008569,TOIL,2026-10-05,2026-10-18,RECOMMEND_APPROVE,"",9,0,0,9,false,1.19
SYN007670,ANNUAL,2026-10-05,2026-10-18,DECLINED,BAL-001,8,0,0,8,true,1.53
SYN003134,ANNUAL,2026-10-05,2026-10-11,DECLINED,BAL-001,8,0,0,8,false,0.45
SYN009219,ANNUAL,2026-10-05,2026-10-12,DECLINED,BAL-001,5,0,0,5,true,0.55
SYN003547,ANNUAL,2026-10-05,2026-10-27,RECOMMEND_APPROVE,"",17,0,0,17,true,2.2
SYN008665,ADO,2026-10-05,2026-10-07,DECLINED,REQ-004|ELG-002|BAL-003,3,0,0,3,true,0.3
SYN004945,ANNUAL,2026-10-05,2026-11-22,RECOMMEND_APPROVE,"",27,4,0,23,true,12.02
SYN002690,LONG_SERVICE,2026-10-05,2026-10-16,DECLINED,BAL-001|NOT-002,10,0,0,10,true,0.6
SYN007630,ANNUAL,2026-10-05,2026-10-08,RECOMMEND_APPROVE,"",4,0,0,4,true,0.46
SYN001551,ANNUAL,2026-10-05,2026-10-23,RECOMMEND_APPROVE,"",9,0,0,9,true,0.7
SYN001909,ANNUAL,2026-10-05,2026-10-09,RECOMMEND_APPROVE,"",5,0,0,5,false,0.28
SYN006164,ANNUAL,2026-10-05,2027-01-31,DECLINED,REQ-004|BAL-001,35,0,0,35,true,2.22
SYN004940,TOIL,2026-10-05,2026-10-08,DECLINED,BAL-001,3,0,0,3,true,1.09
SYN003172,TOIL,2026-10-05,2026-10-05,DECLINED,BAL-001|COV-002,3,0,0,3,false,0.35
SYN004504,ANNUAL,2026-10-05,2026-10-18,NEEDS_APPROVAL,COV-003,4,1,0,3,true,0.47
SYN004661,TOIL,2026-10-05,2026-10-05,NEEDS_APPROVAL,BAL-003,1,0,0,1,true,0.18
SYN005010,ANNUAL,2026-10-05,2026-10-11,RECOMMEND_APPROVE,"",3,0,0,3,false,0.51
SYN000140,ANNUAL,2026-10-05,2026-10-18,DECLINED,ELG-001|BAL-001,10,0,0,10,true,0.52
SYN000091,LONG_SERVICE,2026-10-05,2026-10-11,DECLINED,ELG-003|BAL-001|NOT-002,5,0,0,5,false,0.56
SYN009210,ANNUAL,2026-10-05,2026-11-08,DECLINED,COV-001,20,0,12,8,true,0.95
SYN000426,ANNUAL,2026-10-05,2026-10-09,RECOMMEND_APPROVE,"",6,2,0,4,false,25.22
SYN008804,ANNUAL,2026-10-05,2026-10-15,DECLINED,BAL-001,8,0,0,8,false,0.7
SYN006534,LONG_SERVICE,2026-10-05,2026-10-09,DECLINED,ELG-003|BAL-001|NOT-002,4,1,0,3,true,1.79
SYN003549,LONG_SERVICE,2026-10-05,2026-11-02,DECLINED,BAL-001|NOT-002,19,0,0,19,false,1.4
SYN000690,TOIL,2026-10-05,2026-10-05,NEEDS_APPROVAL,BAL-003,2,0,0,2,false,0.23
SYN001593,PROF_DEV,2026-10-05,2026-10-05,NEEDS_APPROVAL,BAL-003|NOT-004,0,0,0,0,false,0.15
SYN001725,LONG_SERVICE,2026-10-05,2026-10-11,DECLINED,BAL-001|NOT-002,3,0,0,3,false,0.64
SYN002750,ADO,2026-10-05,2026-10-05,RECOMMEND_APPROVE,"",1,0,0,1,false,0.18
SYN007015,ANNUAL,2026-10-05,2026-10-25,DECLINED,BAL-001,16,2,0,14,true,3.21
SYN000276,ANNUAL,2026-10-05,2026-10-09,NEEDS_APPROVAL,COV-002,5,0,0,5,true,0.31
SYN000594,TOIL,2026-10-05,2026-10-05,NEEDS_APPROVAL,BAL-003,1,0,0,1,false,0.35
SYN000081,ANNUAL,2026-10-05,2026-10-12,RECOMMEND_APPROVE,"",6,0,0,6,true,0.32
SYN008026,ANNUAL,2026-10-05,2026-10-11,DECLINED,BAL-001,2,0,0,2,false,0.33
SYN007062,TOIL,2026-10-05,2026-10-05,NEEDS_APPROVAL,BAL-003,1,0,0,1,false,0.28
SYN005435,TOIL,2026-10-05,2026-10-18,DECLINED,BAL-001,7,1,0,6,false,10.37
SYN007852,ANNUAL,2026-10-05,2026-10-18,RECOMMEND_APPROVE,"",4,0,0,4,false,0.6
SYN005326,ANNUAL,2026-10-05,2026-10-18,RECOMMEND_APPROVE,"",10,0,0,10,true,0.54
SYN003145,ANNUAL,2026-10-05,2026-11-01,DECLINED,BAL-001,19,1,0,18,false,7.65
SYN004713,LONG_SERVICE,2026-10-05,2026-10-18,DECLINED,ELG-003|BAL-001|NOT-002,8,0,0,8,false,0.45
SYN001711,PROF_DEV,2026-10-05,2026-10-11,DECLINED,BAL-001|NOT-004|COV-003,5,1,0,4,true,0.78
SYN001518,TOIL,2026-10-05,2026-10-05,NEEDS_APPROVAL,BAL-003,1,1,0,0,false,3.99
SYN006468,UNPAID,2026-10-05,2027-06-27,DECLINED,COV-001,118,0,36,82,true,3.7
SYN004467,PROF_DEV,2026-10-05,2026-10-07,NEEDS_APPROVAL,NOT-004,3,3,0,0,true,0.85
SYN005835,PROF_DEV,2026-10-05,2026-10-11,NEEDS_APPROVAL,NOT-004,4,0,0,4,true,0.3
SYN004712,ANNUAL,2026-10-05,2026-10-06,NEEDS_APPROVAL,BAL-003,2,0,0,2,false,0.2
SYN007289,ANNUAL,2026-10-05,2026-11-02,DECLINED,BAL-001|COV-002,21,1,0,20,true,5.15
SYN002790,ANNUAL,2026-10-05,2026-10-18,RECOMMEND_APPROVE,"",6,0,0,6,false,0.71
SYN009184,ANNUAL,2026-10-05,2026-10-19,DECLINED,BAL-001,10,3,0,7,true,7.91
SYN007647,PROF_DEV,2026-10-05,2026-10-10,NEEDS_APPROVAL,NOT-004,4,1,0,3,false,11.78
SYN005279,ANNUAL,2026-10-05,2026-10-18,RECOMMEND_APPROVE,"",6,0,0,6,true,1.3
SYN007177,LONG_SERVICE,2026-10-05,2026-10-11,DECLINED,ELG-003|BAL-001|NOT-002,6,0,0,6,true,0.67
SYN003855,ANNUAL,2026-10-05,2026-10-25,DECLINED,COV-001,15,0,15,0,true,0.79
SYN001062,ANNUAL,2026-10-06,2026-10-07,RECOMMEND_APPROVE,"",2,0,0,2,false,0.32
SYN001844,ANNUAL,2026-10-06,2026-10-11,NEEDS_APPROVAL,ELG-001,5,0,0,5,true,0.34
SYN007640,ANNUAL,2026-10-06,2026-10-07,RECOMMEND_APPROVE,"",2,0,0,2,false,0.52
SYN004661,ANNUAL,2026-10-06,2026-10-15,RECOMMEND_APPROVE,"",5,0,0,5,true,0.26
SYN005313,ANNUAL,2026-10-06,2026-10-18,RECOMMEND_APPROVE,"",4,0,0,4,false,0.25
SYN000832,PROF_DEV,2026-10-06,2026-10-11,NEEDS_APPROVAL,NOT-004,3,0,0,3,false,0.29
SYN005590,ANNUAL,2026-10-06,2026-10-06,RECOMMEND_APPROVE,"",1,0,0,1,false,0.38
SYN006686,PROF_DEV,2026-10-06,2026-10-09,NEEDS_APPROVAL,ELG-001|NOT-004,3,0,0,3,true,0.3
SYN002413,PROF_DEV,2026-10-06,2026-10-06,NEEDS_APPROVAL,BAL-003|NOT-004,1,0,0,1,true,0.28
SYN002796,ANNUAL,2026-10-06,2026-10-06,RECOMMEND_APPROVE,"",1,0,0,1,false,0.17
SYN005008,ANNUAL,2026-10-06,2026-10-11,NEEDS_APPROVAL,ELG-001,5,0,0,5,false,0.41
SYN003394,PROF_DEV,2026-10-06,2026-10-09,NEEDS_APPROVAL,NOT-004,3,0,0,3,true,0.36
SYN005712,ANNUAL,2026-10-06,2026-10-11,RECOMMEND_APPROVE,"",4,1,0,3,false,12.51
SYN006303,ANNUAL,2026-10-06,2026-10-08,RECOMMEND_APPROVE,"",3,0,0,3,false,0.23
SYN008509,LONG_SERVICE,2026-10-06,2026-10-25,DECLINED,ELG-003|BAL-001|NOT-002,5,0,0,5,false,0.55
SYN007062,ANNUAL,2026-10-06,2026-10-11,RECOMMEND_APPROVE,"",5,0,0,5,true,0.49
SYN000472,UNPAID,2026-10-06,2026-10-06,RECOMMEND_APPROVE,"",1,0,0,1,false,0.22
SYN006738,ANNUAL,2026-10-06,2026-10-09,NEEDS_APPROVAL,COV-002,4,1,0,3,false,10.14
SYN005365,ANNUAL,2026-10-06,2026-10-11,RECOMMEND_APPROVE,"",4,0,0,4,false,0.36
SYN007435,ANNUAL,2026-10-06,2026-10-13,NEEDS_APPROVAL,COV-001|COV-003|COV-002,6,3,3,0,true,0.96
SYN000594,ANNUAL,2026-10-06,2026-10-11,RECOMMEND_APPROVE,"",4,0,0,4,false,0.33
SYN000681,PROF_DEV,2026-10-06,2026-10-06,NEEDS_APPROVAL,NOT-004,1,0,0,1,true,0.26
SYN007156,ANNUAL,2026-10-06,2026-10-09,RECOMMEND_APPROVE,"",3,0,0,3,false,0.28
SYN000690,ANNUAL,2026-10-06,2026-10-16,RECOMMEND_APPROVE,"",9,0,0,9,true,0.48
SYN008307,ANNUAL,2026-10-06,2026-10-06,NEEDS_APPROVAL,ELG-001,1,0,0,1,false,0.21
SYN007686,ANNUAL,2026-10-06,2026-10-06,RECOMMEND_APPROVE,"",1,0,0,1,true,0.2
SYN007936,ANNUAL,2026-10-06,2026-10-06,RECOMMEND_APPROVE,"",1,0,0,1,true,0.23
SYN002047,TOIL,2026-10-06,2026-10-06,RECOMMEND_APPROVE,"",1,0,0,1,true,0.2
SYN000960,PROF_DEV,2026-10-06,2026-10-08,NEEDS_APPROVAL,NOT-004,2,0,0,2,false,0.22
SYN007788,ANNUAL,2026-10-06,2026-10-08,RECOMMEND_APPROVE,"",3,0,0,3,false,0.38
SYN001884,PROF_DEV,2026-10-06,2026-10-07,NEEDS_APPROVAL,NOT-004,2,0,0,2,false,0.26
SYN008751,ADO,2026-10-06,2026-10-06,RECOMMEND_APPROVE,"",1,1,0,0,false,0.99
SYN005328,ANNUAL,2026-10-06,2026-10-25,RECOMMEND_APPROVE,"",14,2,0,12,false,22.79
SYN009514,ANNUAL,2026-10-06,2026-10-06,RECOMMEND_APPROVE,"",1,0,0,1,false,0.3
SYN003069,ANNUAL,2026-10-06,2026-10-09,RECOMMEND_APPROVE,"",4,3,0,1,false,4.46
SYN008743,LONG_SERVICE,2026-10-06,2026-10-13,DECLINED,ELG-001|ELG-003|BAL-001|NOT-002,6,4,0,2,true,5.27
SYN004808,TOIL,2026-10-06,2026-10-06,DECLINED,BAL-001|COV-002,2,0,0,2,false,0.36
SYN003172,ANNUAL,2026-10-06,2026-10-18,NEEDS_APPROVAL,COV-002,18,4,0,14,false,36.89
SYN008232,LONG_SERVICE,2026-10-06,2026-10-08,DECLINED,ELG-001|ELG-003|BAL-001|NOT-002,2,0,0,2,false,0.5
SYN003011,ANNUAL,2026-10-06,2026-10-11,RECOMMEND_APPROVE,"",2,0,0,2,false,0.27
SYN007783,ANNUAL,2026-10-06,2026-10-08,RECOMMEND_APPROVE,"",3,0,0,3,false,0.26
SYN005932,ANNUAL,2026-10-06,2026-10-11,RECOMMEND_APPROVE,"",6,0,0,6,false,0.66
SYN002192,ANNUAL,2026-10-06,2026-10-07,RECOMMEND_APPROVE,"",2,0,0,2,true,0.28
SYN005991,TOIL,2026-10-06,2026-10-16,DECLINED,BAL-001|COV-002,8,0,0,8,false,0.72
SYN000521,ANNUAL,2026-10-06,2026-10-15,RECOMMEND_APPROVE,"",8,0,0,8,true,0.71
SYN009391,ADO,2026-10-06,2026-10-07,RECOMMEND_APPROVE,"",2,1,0,1,false,10.33
SYN003486,ADO,2026-10-06,2026-10-12,NEEDS_APPROVAL,REQ-004,5,4,0,1,true,1.17
SYN002038,UNPAID,2026-10-06,2026-10-06,RECOMMEND_APPROVE,"",1,0,0,1,true,0.2
SYN001194,ANNUAL,2026-10-06,2026-10-09,RECOMMEND_APPROVE,"",4,4,0,0,false,12.29
SYN000834,ADO,2026-10-06,2026-10-06,RECOMMEND_APPROVE,"",1,0,0,1,false,0.27
SYN004144,ANNUAL,2026-10-06,2026-10-06,RECOMMEND_APPROVE,"",1,1,0,0,false,3.7
SYN001961,ANNUAL,2026-10-06,2026-10-06,DECLINED,BAL-001,1,0,0,1,true,0.31
SYN007134,PROF_DEV,2026-10-06,2026-10-06,NEEDS_APPROVAL,BAL-003|NOT-004,1,0,0,1,true,0.48
SYN008308,ANNUAL,2026-10-06,2026-10-19,RECOMMEND_APPROVE,"",7,0,0,7,true,0.51
SYN001488,ANNUAL,2026-10-06,2026-10-06,RECOMMEND_APPROVE,"",1,0,0,1,true,0.25
SYN001838,ANNUAL,2026-10-07,2026-10-07,RECOMMEND_APPROVE,"",0,0,0,0,false,0.11
SYN007615,ADO,2026-10-07,2026-10-13,DECLINED,REQ-004|ELG-002|BAL-001,4,0,0,4,true,0.47
SYN006723,ANNUAL,2026-10-07,2026-10-12,RECOMMEND_APPROVE,"",4,0,0,4,true,0.3
SYN007502,ANNUAL,2026-10-07,2026-10-07,RECOMMEND_APPROVE,"",1,0,0,1,false,0.31
SYN004308,ADO,2026-10-07,2026-10-08,NEEDS_APPROVAL,BAL-003,2,1,0,1,true,0.66
SYN009035,TOIL,2026-10-07,2026-10-07,DECLINED,BAL-001,1,1,0,0,false,4.57
SYN008438,TOIL,2026-10-07,2026-10-07,NEEDS_APPROVAL,ELG-001,0,0,0,0,false,0.2
SYN001488,PROF_DEV,2026-10-07,2026-10-09,NEEDS_APPROVAL,NOT-004,3,0,0,3,true,0.38
SYN002047,PROF_DEV,2026-10-07,2026-10-09,NEEDS_APPROVAL,NOT-004,3,0,0,3,true,0.3
SYN001463,ANNUAL,2026-10-07,2026-10-11,RECOMMEND_APPROVE,"",1,0,0,1,true,0.33
SYN005557,ANNUAL,2026-10-07,2026-10-18,RECOMMEND_APPROVE,"",9,0,0,9,true,1.52
SYN008959,ANNUAL,2026-10-07,2026-10-12,RECOMMEND_APPROVE,"",3,2,0,1,true,1.34
SYN004410,TOIL,2026-10-07,2026-10-07,DECLINED,BAL-001,1,0,0,1,true,0.32
SYN008092,PROF_DEV,2026-10-07,2026-10-08,NEEDS_APPROVAL,NOT-004,1,0,0,1,true,0.25
SYN002939,ANNUAL,2026-10-07,2026-10-07,RECOMMEND_APPROVE,"",1,0,0,1,false,0.2
SYN004537,ANNUAL,2026-10-07,2026-10-07,RECOMMEND_APPROVE,"",1,0,0,1,false,1.27
SYN006992,ANNUAL,2026-10-07,2026-10-07,RECOMMEND_APPROVE,"",1,1,0,0,true,3.69
SYN002748,ADO,2026-10-07,2026-10-08,NEEDS_APPROVAL,BAL-003,2,1,0,1,false,0.85
SYN007811,ANNUAL,2026-10-07,2026-10-13,RECOMMEND_APPROVE,"",4,0,0,4,false,0.92
SYN009404,UNPAID,2026-10-07,2026-10-07,RECOMMEND_APPROVE,"",2,0,0,2,false,0.29
SYN004983,SICK,2026-10-07,2026-10-07,ACCEPTED,COV-001,1,0,1,0,true,0.23
SYN009508,ANNUAL,2026-10-07,2026-10-07,RECOMMEND_APPROVE,"",1,0,0,1,false,0.27
SYN002458,ANNUAL,2026-10-07,2026-10-09,NEEDS_APPROVAL,COV-001,3,0,2,1,true,0.36
SYN009009,ANNUAL,2026-10-07,2026-11-01,RECOMMEND_APPROVE,"",17,0,0,17,true,2.31
SYN002947,PROF_DEV,2026-10-07,2026-10-12,NEEDS_APPROVAL,NOT-004,2,0,0,2,true,0.3
SYN005763,SICK,2026-10-07,2026-10-07,ACCEPTED,"",1,0,0,1,true,0.22
SYN005261,ANNUAL,2026-10-07,2026-10-26,DECLINED,COV-001,12,0,3,9,true,0.78
SYN009234,ADO,2026-10-07,2026-10-09,DECLINED,REQ-004|BAL-001|COV-003,3,3,0,0,true,1.02
SYN000460,ANNUAL,2026-10-07,2026-10-23,DECLINED,BAL-001,16,0,0,16,true,1.37
SYN006836,ANNUAL,2026-10-07,2026-10-16,RECOMMEND_APPROVE,"",8,0,0,8,false,0.92
SYN000730,ANNUAL,2026-10-07,2026-10-09,RECOMMEND_APPROVE,"",2,0,0,2,false,0.31
SYN007112,UNPAID,2026-10-07,2026-10-08,RECOMMEND_APPROVE,"",2,0,0,2,true,0.27
SYN001469,ANNUAL,2026-10-07,2026-10-07,RECOMMEND_APPROVE,"",1,1,0,0,true,0.31
SYN006136,ANNUAL,2026-10-07,2026-10-16,RECOMMEND_APPROVE,"",4,1,0,3,true,0.42
SYN006411,ANNUAL,2026-10-07,2026-10-08,RECOMMEND_APPROVE,"",2,2,0,0,false,27.0
SYN006227,ANNUAL,2026-10-07,2026-10-21,RECOMMEND_APPROVE,"",11,3,0,8,false,29.64
SYN005894,TOIL,2026-10-07,2026-10-07,RECOMMEND_APPROVE,"",1,0,0,1,true,0.3
SYN002483,UNPAID,2026-10-07,2026-10-07,RECOMMEND_APPROVE,"",1,0,0,1,true,0.27
SYN007046,UNPAID,2026-10-07,2026-10-07,RECOMMEND_APPROVE,"",1,0,0,1,false,0.19
SYN007485,ANNUAL,2026-10-07,2026-10-14,NEEDS_APPROVAL,ELG-001,6,0,0,6,false,0.37
SYN009285,PROF_DEV,2026-10-07,2026-10-07,NEEDS_APPROVAL,BAL-003|NOT-004,0,0,0,0,false,0.15
SYN001974,PROF_DEV,2026-10-07,2026-10-09,NEEDS_APPROVAL,NOT-004,3,3,0,0,true,0.84
SYN009427,TOIL,2026-10-07,2026-10-07,RECOMMEND_APPROVE,"",0,0,0,0,false,0.14
SYN007876,LONG_SERVICE,2026-10-07,2026-10-09,NEEDS_APPROVAL,NOT-002,3,0,0,3,false,0.78
SYN000878,ANNUAL,2026-10-07,2026-10-09,RECOMMEND_APPROVE,"",3,0,0,3,false,0.36
SYN007840,UNPAID,2026-10-07,2026-10-07,RECOMMEND_APPROVE,"",0,0,0,0,false,0.11
SYN000795,PROF_DEV,2026-10-07,2026-10-10,NEEDS_APPROVAL,NOT-004,3,0,0,3,true,0.3
SYN005513,ANNUAL,2026-10-07,2026-10-07,RECOMMEND_APPROVE,"",1,0,0,1,true,0.2
SYN004622,ADO,2026-10-07,2026-10-08,RECOMMEND_APPROVE,"",2,0,0,2,false,0.31
SYN002580,ANNUAL,2026-10-07,2026-10-09,NEEDS_APPROVAL,ELG-001,3,0,0,3,false,0.29
SYN008191,ANNUAL,2026-10-07,2026-10-11,RECOMMEND_APPROVE,"",3,0,0,3,false,0.61
SYN000105,ADO,2026-10-08,2026-10-09,RECOMMEND_APPROVE,"",2,0,0,2,false,0.38
SYN008665,ANNUAL,2026-10-08,2026-10-09,RECOMMEND_APPROVE,"",2,0,0,2,true,0.23
SYN001733,TOIL,2026-10-08,2026-10-08,RECOMMEND_APPROVE,"",1,0,0,1,false,0.43
SYN009073,ANNUAL,2026-10-08,2026-10-08,RECOMMEND_APPROVE,"",1,0,0,1,false,0.23
SYN000514,PROF_DEV,2026-10-08,2026-10-10,NEEDS_APPROVAL,NOT-004,2,0,0,2,false,0.29
SYN008828,ANNUAL,2026-10-08,2026-10-12,RECOMMEND_APPROVE,"",3,0,0,3,true,0.25
SYN005043,ANNUAL,2026-10-08,2026-10-09,NEEDS_APPROVAL,COV-001,2,1,1,0,true,0.33
SYN005051,ANNUAL,2026-10-08,2026-10-08,DECLINED,ELG-002|BAL-003,1,0,0,1,true,0.21
SYN006822,ANNUAL,2026-10-08,2026-10-09,RECOMMEND_APPROVE,"",2,1,0,1,false,12.86
SYN004577,ANNUAL,2026-10-08,2026-10-08,RECOMMEND_APPROVE,"",1,1,0,0,false,11.33
SYN008489,ADO,2026-10-08,2026-10-09,DECLINED,BAL-001,2,1,0,1,true,1.6
SYN003561,ADO,2026-10-08,2026-10-10,DECLINED,REQ-004|BAL-001,3,0,0,3,false,0.51
SYN006838,ANNUAL,2026-10-08,2026-10-18,RECOMMEND_APPROVE,"",3,2,0,1,false,1.94
SYN009391,LONG_SERVICE,2026-10-08,2026-10-11,DECLINED,ELG-003|BAL-001|NOT-002,2,0,0,2,false,0.31
SYN005397,ANNUAL,2026-10-08,2026-10-09,RECOMMEND_APPROVE,"",2,0,0,2,true,0.31
SYN009458,UNPAID,2026-10-08,2026-10-08,RECOMMEND_APPROVE,"",2,0,0,2,false,0.61
SYN004052,ANNUAL,2026-10-08,2026-10-08,RECOMMEND_APPROVE,"",1,1,0,0,false,9.99
SYN002344,ANNUAL,2026-10-08,2026-10-09,RECOMMEND_APPROVE,"",2,0,0,2,true,0.24
SYN008931,ANNUAL,2026-10-08,2026-10-19,RECOMMEND_APPROVE,"",4,3,0,1,true,1.35
SYN009331,ANNUAL,2026-10-08,2026-10-18,RECOMMEND_APPROVE,"",6,0,0,6,false,1.1
SYN009035,TOIL,2026-10-08,2026-10-09,DECLINED,BAL-001,2,2,0,0,false,9.27
SYN004286,PROF_DEV,2026-10-08,2026-10-08,DECLINED,ELG-002|BAL-003|NOT-004,1,0,0,1,false,0.39
SYN006457,ANNUAL,2026-10-08,2026-10-15,RECOMMEND_APPROVE,"",3,0,0,3,false,0.28
SYN006992,ANNUAL,2026-10-08,2026-10-08,RECOMMEND_APPROVE,"",1,0,0,1,true,0.41
SYN000253,ANNUAL,2026-10-08,2026-10-08,RECOMMEND_APPROVE,"",1,0,0,1,false,0.18
SYN003455,LONG_SERVICE,2026-10-08,2026-10-11,DECLINED,BAL-001|NOT-002,2,0,0,2,false,0.38
SYN001265,PROF_DEV,2026-10-08,2026-10-08,NEEDS_APPROVAL,BAL-003|NOT-004|COV-002,1,0,0,1,false,0.32
SYN008997,PROF_DEV,2026-10-08,2026-10-09,NEEDS_APPROVAL,NOT-004,4,0,0,4,false,0.37
SYN004075,UNPAID,2026-10-08,2026-10-08,NEEDS_APPROVAL,ELG-001,0,0,0,0,false,0.13
SYN006107,ANNUAL,2026-10-08,2026-10-15,RECOMMEND_APPROVE,"",2,0,0,2,true,0.45
SYN000781,ANNUAL,2026-10-08,2026-10-16,RECOMMEND_APPROVE,"",7,1,0,6,false,4.49
SYN005665,UNPAID,2026-10-08,2026-10-08,RECOMMEND_APPROVE,"",1,0,0,1,false,0.21
SYN007704,TOIL,2026-10-08,2026-10-09,RECOMMEND_APPROVE,"",2,0,0,2,false,0.33
SYN004089,ANNUAL,2026-10-08,2026-10-08,RECOMMEND_APPROVE,"",1,0,0,1,false,0.21
SYN006293,ANNUAL,2026-10-08,2026-10-08,RECOMMEND_APPROVE,"",1,0,0,1,false,0.35
SYN009288,ANNUAL,2026-10-08,2026-10-09,RECOMMEND_APPROVE,"",2,0,0,2,true,0.35
SYN006584,LONG_SERVICE,2026-10-08,2026-10-09,DECLINED,ELG-001|ELG-003|BAL-001|NOT-002,2,2,0,0,false,19.38
SYN003775,ADO,2026-10-08,2026-10-08,RECOMMEND_APPROVE,"",0,0,0,0,false,0.17
SYN004546,PROF_DEV,2026-10-08,2026-10-08,NEEDS_APPROVAL,BAL-003|NOT-004,1,0,0,1,false,0.3
SYN002321,ADO,2026-10-08,2026-10-10,NEEDS_APPROVAL,REQ-004|COV-002,2,2,0,0,false,17.63
SYN001357,ANNUAL,2026-10-08,2026-10-09,RECOMMEND_APPROVE,"",2,0,0,2,false,0.24
SYN000303,ADO,2026-10-08,2026-10-09,RECOMMEND_APPROVE,"",2,0,0,2,false,0.46
SYN005638,ANNUAL,2026-10-08,2026-10-12,NEEDS_APPROVAL,COV-001,3,0,1,2,true,0.29
SYN006505,ANNUAL,2026-10-08,2026-10-08,NEEDS_APPROVAL,ELG-001,1,0,0,1,true,0.38
SYN006287,ANNUAL,2026-10-08,2026-10-12,RECOMMEND_APPROVE,"",0,0,0,0,false,0.14
SYN001469,PROF_DEV,2026-10-08,2026-10-09,DECLINED,BAL-001|NOT-004|COV-001,2,1,1,0,true,0.43
SYN005657,ANNUAL,2026-10-08,2026-10-09,NEEDS_APPROVAL,COV-002,2,1,0,1,false,9.24
SYN009477,ANNUAL,2026-10-08,2026-10-08,RECOMMEND_APPROVE,"",1,0,0,1,true,0.36
SYN001813,PROF_DEV,2026-10-08,2026-10-08,NEEDS_APPROVAL,BAL-003|NOT-004,1,0,0,1,false,0.29
SYN008525,PROF_DEV,2026-10-08,2026-10-08,NEEDS_APPROVAL,NOT-004,1,0,0,1,true,0.23
SYN004712,UNPAID,2026-10-08,2027-03-15,DECLINED,COV-001,68,35,2,31,true,5.57
SYN000138,ANNUAL,2026-10-08,2026-10-09,RECOMMEND_APPROVE,"",2,0,0,2,false,0.4
SYN003278,TOIL,2026-10-08,2026-10-08,RECOMMEND_APPROVE,"",1,1,0,0,false,1.73
SYN002836,ANNUAL,2026-10-08,2026-10-14,DECLINED,BAL-001,5,0,0,5,false,0.49
SYN004650,ANNUAL,2026-10-08,2026-10-08,RECOMMEND_APPROVE,"",1,0,0,1,false,0.35
SYN007617,ANNUAL,2026-10-08,2026-10-12,DECLINED,ELG-002,5,0,0,5,false,1.32
SYN008968,ANNUAL,2026-10-08,2026-10-09,NEEDS_APPROVAL,ELG-001,2,0,0,2,true,0.29
SYN000632,ANNUAL,2026-10-08,2026-10-08,RECOMMEND_APPROVE,"",1,0,0,1,false,0.21
SYN006479,ANNUAL,2026-10-08,2026-10-11,DECLINED,ELG-002,2,0,0,2,true,0.57
SYN000479,UNPAID,2026-10-08,2026-10-09,NEEDS_APPROVAL,ELG-001|COV-002,2,2,0,0,true,0.96
SYN007395,UNPAID,2026-10-08,2026-10-09,RECOMMEND_APPROVE,"",2,0,0,2,true,0.2
SYN001952,ANNUAL,2026-10-08,2026-10-17,RECOMMEND_APPROVE,"",3,0,0,3,false,0.81
SYN007238,PROF_DEV,2026-10-08,2026-10-08,NEEDS_APPROVAL,BAL-003|NOT-004,1,0,0,1,false,0.21
SYN006848,PROF_DEV,2026-10-09,2026-10-09,NEEDS_APPROVAL,NOT-004,1,0,0,1,false,0.21
SYN003685,ANNUAL,2026-10-09,2026-10-09,RECOMMEND_APPROVE,"",0,0,0,0,false,0.11
SYN003237,ANNUAL,2026-10-09,2026-10-18,RECOMMEND_APPROVE,"",2,0,0,2,true,0.32
SYN009295,ANNUAL,2026-10-09,2026-10-09,RECOMMEND_APPROVE,"",1,0,0,1,false,0.19
SYN002749,PROF_DEV,2026-10-09,2026-10-10,NEEDS_APPROVAL,NOT-004|COV-005,1,0,0,1,true,0.24
SYN009239,ANNUAL,2026-10-09,2026-10-18,DECLINED,BAL-001,6,1,0,5,false,9.63
SYN003346,LONG_SERVICE,2026-10-09,2026-10-09,NEEDS_APPROVAL,NOT-002,0,0,0,0,false,0.28
SYN007399,ADO,2026-10-09,2026-10-09,DECLINED,BAL-001,1,0,0,1,true,0.27
SYN005508,ANNUAL,2026-10-09,2026-10-16,RECOMMEND_APPROVE,"",8,0,0,8,true,0.84
SYN008621,ANNUAL,2026-10-09,2026-10-09,RECOMMEND_APPROVE,"",1,1,0,0,true,0.56
SYN002654,ADO,2026-10-09,2026-10-12,NEEDS_APPROVAL,REQ-004,4,1,0,3,false,1.36
SYN008678,ANNUAL,2026-10-09,2026-10-09,RECOMMEND_APPROVE,"",1,0,0,1,true,0.21
SYN006936,ANNUAL,2026-10-09,2026-10-10,NEEDS_APPROVAL,COV-001,2,0,1,1,true,0.45
SYN004308,ANNUAL,2026-10-09,2026-10-12,RECOMMEND_APPROVE,"",2,0,0,2,true,0.44
SYN005293,PROF_DEV,2026-10-09,2026-10-11,NEEDS_APPROVAL,NOT-004,1,0,0,1,false,0.28
SYN008702,ANNUAL,2026-10-09,2026-10-19,RECOMMEND_APPROVE,"",7,4,0,3,true,6.72
SYN002860,TOIL,2026-10-09,2026-10-09,RECOMMEND_APPROVE,"",0,0,0,0,false,1.7
SYN000950,ANNUAL,2026-10-09,2026-10-09,RECOMMEND_APPROVE,"",1,0,0,1,false,0.21
SYN003517,ADO,2026-10-09,2026-10-09,NEEDS_APPROVAL,BAL-003,1,0,0,1,false,0.25
SYN004614,ANNUAL,2026-10-09,2026-10-18,RECOMMEND_APPROVE,"",6,1,0,5,true,2.02
SYN004299,ANNUAL,2026-10-09,2026-10-09,RECOMMEND_APPROVE,"",1,0,0,1,false,0.36
SYN009142,TOIL,2026-10-09,2026-10-09,NEEDS_APPROVAL,ELG-001,1,0,0,1,true,0.25
SYN000159,ANNUAL,2026-10-09,2026-10-09,RECOMMEND_APPROVE,"",1,0,0,1,true,0.27
SYN001897,LONG_SERVICE,2026-10-09,2026-10-09,DECLINED,BAL-001|NOT-002,2,0,0,2,false,0.35
SYN006496,PROF_DEV,2026-10-09,2026-10-18,NEEDS_APPROVAL,NOT-004,4,0,0,4,true,0.34
SYN002161,ANNUAL,2026-10-09,2026-10-09,RECOMMEND_APPROVE,"",1,0,0,1,false,0.2
SYN001940,ANNUAL,2026-10-09,2026-10-10,RECOMMEND_APPROVE,"",1,0,0,1,false,0.43
SYN004643,PROF_DEV,2026-10-09,2026-10-09,NEEDS_APPROVAL,ELG-001|BAL-003|NOT-004,1,0,0,1,true,0.27
SYN007817,ANNUAL,2026-10-09,2026-10-11,RECOMMEND_APPROVE,"",1,0,0,1,true,0.21
SYN007788,ADO,2026-10-09,2026-10-09,RECOMMEND_APPROVE,"",1,0,0,1,false,0.24
SYN005565,ANNUAL,2026-10-09,2026-10-13,RECOMMEND_APPROVE,"",3,3,0,0,false,3.32
SYN003787,ANNUAL,2026-10-09,2026-10-18,RECOMMEND_APPROVE,"",4,1,0,3,true,1.31
SYN004652,ADO,2026-10-09,2026-10-09,DECLINED,BAL-001,1,0,0,1,false,0.22
SYN003235,ANNUAL,2026-10-09,2026-10-13,RECOMMEND_APPROVE,"",5,0,0,5,false,0.83
SYN000691,ANNUAL,2026-10-09,2026-10-09,RECOMMEND_APPROVE,"",0,0,0,0,false,0.13
SYN003823,PROF_DEV,2026-10-09,2026-10-09,NEEDS_APPROVAL,BAL-003|NOT-004,1,0,0,1,true,0.3
SYN004766,ANNUAL,2026-10-09,2026-10-12,NEEDS_APPROVAL,BAL-003,2,0,0,2,true,0.36
SYN001356,PROF_DEV,2026-10-09,2026-10-19,NEEDS_APPROVAL,NOT-004,7,5,0,2,false,16.68
SYN007634,ANNUAL,2026-10-09,2026-10-10,RECOMMEND_APPROVE,"",2,0,0,2,true,0.42
SYN008245,LONG_SERVICE,2026-10-09,2026-12-04,DECLINED,ELG-003|BAL-001|NOT-002|COV-001,41,3,12,26,true,1.52
SYN006311,ANNUAL,2026-10-09,2026-10-19,DECLINED,BAL-001,7,0,0,7,false,0.91
SYN005871,ANNUAL,2026-10-09,2026-10-09,RECOMMEND_APPROVE,"",1,0,0,1,false,0.21
SYN000596,ANNUAL,2026-10-09,2026-10-09,RECOMMEND_APPROVE,"",1,0,0,1,false,0.39
SYN003775,PROF_DEV,2026-10-09,2026-10-09,NEEDS_APPROVAL,BAL-003|NOT-004,2,0,0,2,false,0.52
SYN001333,ANNUAL,2026-10-09,2026-10-09,RECOMMEND_APPROVE,"",1,0,0,1,true,0.19
SYN003523,ADO,2026-10-09,2026-10-09,NEEDS_APPROVAL,BAL-003,1,0,0,1,true,0.22
SYN008993,ANNUAL,2026-10-09,2026-10-11,RECOMMEND_APPROVE,"",1,0,0,1,true,0.27
SYN009008,ANNUAL,2026-10-09,2026-10-12,RECOMMEND_APPROVE,"",1,0,0,1,false,0.21
SYN004719,PROF_DEV,2026-10-09,2026-10-11,NEEDS_APPROVAL,NOT-004,3,0,0,3,true,0.37
SYN003456,PROF_DEV,2026-10-09,2026-10-09,NEEDS_APPROVAL,NOT-004,1,1,0,0,true,1.89
SYN000936,ANNUAL,2026-10-09,2026-10-09,RECOMMEND_APPROVE,"",1,0,0,1,false,0.21
SYN008142,ADO,2026-10-09,2026-10-10,NEEDS_APPROVAL,BAL-003|COV-001,2,0,1,1,true,0.4
SYN006594,ANNUAL,2026-10-09,2026-10-11,RECOMMEND_APPROVE,"",3,0,0,3,false,0.34
SYN001714,ADO,2026-10-09,2026-10-09,DECLINED,ELG-002|BAL-003,0,0,0,0,false,0.15
SYN001790,PROF_DEV,2026-10-09,2026-10-09,NEEDS_APPROVAL,BAL-003|NOT-004,1,0,0,1,true,0.36
SYN003578,ADO,2026-10-09,2026-10-09,RECOMMEND_APPROVE,"",1,0,0,1,false,0.2
SYN004543,PARENTAL,2026-10-09,2027-04-23,DECLINED,NOT-004|COV-001,56,0,2,54,true,1.28
SYN002004,PROF_DEV,2026-10-09,2026-10-09,NEEDS_APPROVAL,NOT-004,0,0,0,0,false,0.18
SYN000703,ANNUAL,2026-10-09,2026-10-10,RECOMMEND_APPROVE,"",1,0,0,1,true,0.29
SYN003451,PROF_DEV,2026-10-09,2026-10-09,DECLINED,BAL-001|NOT-004,1,0,0,1,true,0.24
SYN009230,ANNUAL,2026-10-09,2026-10-12,RECOMMEND_APPROVE,"",2,0,0,2,true,0.44
SYN008028,LONG_SERVICE,2026-10-09,2026-10-09,DECLINED,ELG-003|NOT-002,1,0,0,1,false,0.25
SYN004577,ANNUAL,2026-10-09,2026-10-09,RECOMMEND_APPROVE,"",1,1,0,0,false,10.41
SYN002499,PROF_DEV,2026-10-09,2026-10-09,NEEDS_APPROVAL,BAL-003|NOT-004|COV-002,1,0,0,1,false,0.31
SYN004180,ANNUAL,2026-10-09,2026-10-09,RECOMMEND_APPROVE,"",1,0,0,1,true,0.26
SYN000872,PROF_DEV,2026-10-09,2026-10-09,NEEDS_APPROVAL,BAL-003|NOT-004,1,0,0,1,true,0.26
SYN007039,ANNUAL,2026-10-09,2026-10-19,DECLINED,BAL-001|COV-001|COV-003|COV-002,7,4,2,1,true,1.11
SYN005729,ANNUAL,2026-10-09,2026-10-11,RECOMMEND_APPROVE,"",3,0,0,3,false,0.38
SYN004239,PROF_DEV,2026-10-09,2026-10-09,NEEDS_APPROVAL,NOT-004,1,0,0,1,false,0.21
SYN008277,PROF_DEV,2026-10-09,2026-10-09,NEEDS_APPROVAL,BAL-003|NOT-004,1,0,0,1,false,0.37
SYN001462,PROF_DEV,2026-10-09,2026-10-09,NEEDS_APPROVAL,NOT-004,1,0,0,1,true,0.23
SYN007700,PROF_DEV,2026-10-09,2026-10-09,NEEDS_APPROVAL,BAL-003|NOT-004,1,0,0,1,false,0.37
SYN004137,TOIL,2026-10-09,2026-10-09,RECOMMEND_APPROVE,"",1,0,0,1,false,0.4
SYN008946,UNPAID,2026-10-09,2026-10-09,RECOMMEND_APPROVE,"",1,1,0,0,false,1.46
SYN004808,TOIL,2026-10-09,2026-10-09,RECOMMEND_APPROVE,"",0,0,0,0,false,0.14
SYN000922,LONG_SERVICE,2026-10-09,2026-10-09,DECLINED,ELG-003|BAL-001|NOT-002,1,0,0,1,true,0.26
SYN002828,PROF_DEV,2026-10-09,2026-10-09,NEEDS_APPROVAL,BAL-003|NOT-004,1,0,0,1,true,0.6
SYN006780,PROF_DEV,2026-10-09,2026-10-12,NEEDS_APPROVAL,NOT-004|COV-002,2,1,0,1,false,9.4
SYN002710,ANNUAL,2026-10-09,2026-10-25,DECLINED,BAL-001,6,2,0,4,true,2.94
SYN002676,LONG_SERVICE,2026-10-09,2026-10-26,NEEDS_APPROVAL,NOT-002,8,4,0,4,true,1.2
SYN007112,ANNUAL,2026-10-09,2026-10-09,RECOMMEND_APPROVE,"",1,1,0,0,true,1.4
SYN005084,ANNUAL,2026-10-10,2026-10-13,RECOMMEND_APPROVE,"",1,0,0,1,false,0.22
SYN008636,ANNUAL,2026-10-10,2026-10-25,RECOMMEND_APPROVE,"",12,0,0,12,true,0.48
SYN009038,ADO,2026-10-10,2026-10-10,DECLINED,BAL-001,1,0,0,1,false,0.26
SYN002985,ANNUAL,2026-10-10,2026-10-10,RECOMMEND_APPROVE,"",1,0,0,1,false,0.26
SYN008008,ANNUAL,2026-10-10,2026-10-25,RECOMMEND_APPROVE,"",4,2,0,2,false,14.58
SYN006806,ANNUAL,2026-10-10,2026-10-11,RECOMMEND_APPROVE,"",1,0,0,1,true,0.42
SYN002908,ANNUAL,2026-10-10,2026-10-11,RECOMMEND_APPROVE,"",1,0,0,1,false,0.27
SYN006259,PROF_DEV,2026-10-10,2026-10-15,NEEDS_APPROVAL,ELG-001|NOT-004,4,0,0,4,true,0.33
SYN008251,ANNUAL,2026-10-10,2026-10-31,RECOMMEND_APPROVE,"",4,3,0,1,true,7.73
SYN002288,LONG_SERVICE,2026-10-10,2026-10-14,DECLINED,BAL-001|NOT-002,2,0,0,2,true,0.34
SYN001325,ANNUAL,2026-10-10,2026-10-18,RECOMMEND_APPROVE,"",3,2,0,1,false,5.95
SYN006108,ANNUAL,2026-10-10,2026-10-24,DECLINED,BAL-001,6,0,0,6,true,0.52
SYN007338,ANNUAL,2026-10-10,2026-10-10,RECOMMEND_APPROVE,"",0,0,0,0,false,0.14
SYN005102,UNPAID,2026-10-10,2026-10-16,RECOMMEND_APPROVE,"",5,0,0,5,true,0.36
SYN004393,UNPAID,2026-10-10,2026-10-24,DECLINED,COV-001,11,0,1,10,true,0.49
SYN008812,LONG_SERVICE,2026-10-10,2026-10-10,DECLINED,ELG-003|BAL-001|NOT-002,1,0,0,1,true,0.38
SYN009429,ANNUAL,2026-10-10,2026-10-11,RECOMMEND_APPROVE,"",2,0,0,2,true,0.47
SYN009275,PROF_DEV,2026-10-10,2026-10-25,NEEDS_APPROVAL,NOT-004,10,0,0,10,true,0.55
SYN003197,PROF_DEV,2026-10-10,2026-10-16,NEEDS_APPROVAL,NOT-004,5,0,0,5,true,0.38
SYN004218,ANNUAL,2026-10-11,2026-10-18,NEEDS_APPROVAL,ELG-001,8,1,0,7,true,4.86
SYN004641,TOIL,2026-10-11,2026-10-17,RECOMMEND_APPROVE,"",5,0,0,5,true,1.43
SYN000889,TOIL,2026-10-11,2026-10-13,RECOMMEND_APPROVE,"",2,0,0,2,true,0.64
SYN005480,ANNUAL,2026-10-11,2026-10-11,RECOMMEND_APPROVE,"",1,1,0,0,false,8.53
SYN002738,ANNUAL,2026-10-11,2026-11-13,DECLINED,BAL-001,34,3,0,31,true,3.6
SYN009235,PROF_DEV,2026-10-11,2026-10-19,DECLINED,BAL-001|NOT-004,2,0,0,2,true,0.31
SYN000703,ANNUAL,2026-10-11,2026-10-17,RECOMMEND_APPROVE,"",5,0,0,5,true,0.49
SYN005946,ANNUAL,2026-10-11,2026-10-15,RECOMMEND_APPROVE,"",4,0,0,4,false,0.46
SYN006515,ANNUAL,2026-10-11,2026-10-11,NEEDS_APPROVAL,COV-001,1,0,1,0,true,0.37
SYN008706,ANNUAL,2026-10-11,2026-10-20,DECLINED,ELG-002|BAL-001,7,0,0,7,true,0.73
SYN000347,ANNUAL,2026-10-11,2026-10-18,DECLINED,BAL-001,3,0,0,3,false,0.58
SYN001468,ANNUAL,2026-10-11,2026-10-11,RECOMMEND_APPROVE,"",1,0,0,1,true,0.36
SYN009167,ANNUAL,2026-10-11,2026-10-11,RECOMMEND_APPROVE,"",0,0,0,0,false,0.62
SYN003510,ANNUAL,2026-10-11,2026-10-11,RECOMMEND_APPROVE,"",0,0,0,0,false,0.14
SYN001648,ANNUAL,2026-10-11,2026-11-09,DECLINED,BAL-001,20,0,0,20,true,2.86
SYN000989,TOIL,2026-10-11,2026-10-11,NEEDS_APPROVAL,ELG-001,1,0,0,1,true,0.35
SYN007573,ANNUAL,2026-10-12,2026-10-12,RECOMMEND_APPROVE,"",1,0,0,1,true,0.3
SYN005003,LONG_SERVICE,2026-10-12,2026-11-22,NEEDS_APPROVAL,NOT-002,18,3,0,15,true,11.66
SYN002666,ANNUAL,2026-10-12,2026-10-15,NEEDS_APPROVAL,ELG-001,4,1,0,3,false,5.34
SYN005480,ANNUAL,2026-10-12,2026-10-18,RECOMMEND_APPROVE,"",5,0,0,5,false,0.52
SYN001245,ANNUAL,2026-10-12,2026-10-16,RECOMMEND_APPROVE,"",2,2,0,0,true,0.42
SYN002964,ANNUAL,2026-10-12,2026-10-25,NEEDS_APPROVAL,BAL-003,10,1,0,9,true,2.13
SYN007389,TOIL,2026-10-12,2026-10-12,DECLINED,ELG-002|BAL-003,1,0,0,1,false,0.2
SYN000406,ANNUAL,2026-10-12,2026-11-01,RECOMMEND_APPROVE,"",6,0,0,6,true,0.34
SYN007041,ANNUAL,2026-10-12,2026-10-18,RECOMMEND_APPROVE,"",5,0,0,5,false,0.63
SYN004777,TOIL,2026-10-12,2026-10-12,RECOMMEND_APPROVE,"",1,0,0,1,false,0.21
SYN003274,ANNUAL,2026-10-12,2026-10-25,DECLINED,ELG-001|BAL-001,12,1,0,11,true,0.81
SYN004119,ANNUAL,2026-10-12,2026-12-06,DECLINED,BAL-001,24,6,0,18,true,4.88
SYN004188,ANNUAL,2026-10-12,2026-10-18,RECOMMEND_APPROVE,"",5,0,0,5,true,0.34
SYN008213,PROF_DEV,2026-10-12,2026-10-14,NEEDS_APPROVAL,NOT-004,2,0,0,2,false,0.26
SYN007502,ANNUAL,2026-10-12,2026-10-14,RECOMMEND_APPROVE,"",3,0,0,3,false,0.54
SYN006265,ANNUAL,2026-10-12,2026-11-08,DECLINED,BAL-001|COV-001|COV-002,28,0,1,27,true,4.42
SYN005835,PROF_DEV,2026-10-12,2026-10-17,NEEDS_APPROVAL,NOT-004|COV-001,4,0,1,3,true,0.32
SYN000110,ANNUAL,2026-10-12,2026-10-30,RECOMMEND_APPROVE,"",15,2,0,13,false,6.58
SYN004064,LONG_SERVICE,2026-10-12,2026-10-18,DECLINED,BAL-001|NOT-002,5,0,0,5,true,0.44
SYN004657,LONG_SERVICE,2026-10-12,2026-10-25,DECLINED,ELG-003|BAL-001|NOT-002,6,0,0,6,false,0.58
SYN000960,LONG_SERVICE,2026-10-12,2026-10-29,NEEDS_APPROVAL,NOT-002,9,0,0,9,true,0.43
SYN006440,TOIL,2026-10-12,2026-10-15,RECOMMEND_APPROVE,"",2,0,0,2,true,0.24
SYN000089,PROF_DEV,2026-10-12,2026-10-18,NEEDS_APPROVAL,NOT-004,5,0,0,5,false,0.42
SYN009535,ANNUAL,2026-10-12,2026-10-14,RECOMMEND_APPROVE,"",3,0,0,3,false,0.33
SYN007688,ANNUAL,2026-10-12,2026-10-25,RECOMMEND_APPROVE,"",4,0,0,4,true,0.73
SYN005545,ANNUAL,2026-10-12,2026-10-12,RECOMMEND_APPROVE,"",1,1,0,0,false,10.13
SYN007834,TOIL,2026-10-12,2026-11-08,DECLINED,BAL-001,8,0,0,8,true,0.56
SYN009152,ANNUAL,2026-10-12,2026-10-25,DECLINED,BAL-001,9,0,0,9,false,1.72
SYN000387,ANNUAL,2026-10-12,2026-10-25,RECOMMEND_APPROVE,"",10,0,0,10,true,0.52
SYN001898,TOIL,2026-10-12,2026-10-18,RECOMMEND_APPROVE,"",1,0,0,1,true,0.25
SYN009315,PARENTAL,2026-10-12,2027-01-15,DECLINED,NOT-004|COV-001,15,0,14,1,true,1.51
SYN004292,ADO,2026-10-12,2026-11-08,NEEDS_APPROVAL,REQ-004|BAL-003,18,0,0,18,false,1.21
SYN007667,ANNUAL,2026-10-12,2026-10-23,NEEDS_APPROVAL,COV-001,10,2,2,6,true,16.74
SYN000479,ANNUAL,2026-10-12,2026-10-14,NEEDS_APPROVAL,ELG-001,3,2,0,1,true,1.33
SYN005975,TOIL,2026-10-12,2026-10-14,RECOMMEND_APPROVE,"",2,0,0,2,true,0.43
SYN002854,ANNUAL,2026-10-12,2026-10-23,RECOMMEND_APPROVE,"",7,0,0,7,true,1.25
SYN003699,ANNUAL,2026-10-12,2026-10-23,NEEDS_APPROVAL,COV-001,8,0,1,7,true,0.45
SYN007936,ANNUAL,2026-10-12,2026-10-15,RECOMMEND_APPROVE,"",3,0,0,3,true,0.34
SYN003541,ANNUAL,2026-10-12,2026-10-29,DECLINED,BAL-001,14,0,0,14,true,0.62
SYN007156,ANNUAL,2026-10-12,2026-10-16,RECOMMEND_APPROVE,"",5,0,0,5,false,0.36
SYN005712,ANNUAL,2026-10-12,2026-10-25,DECLINED,BAL-001,10,2,0,8,true,19.21
SYN001901,LONG_SERVICE,2026-10-12,2026-11-08,DECLINED,BAL-001|NOT-002,19,1,0,18,true,4.43
SYN006703,ANNUAL,2026-10-12,2026-10-12,RECOMMEND_APPROVE,"",1,0,0,1,false,0.31
SYN001496,ANNUAL,2026-10-12,2026-10-13,RECOMMEND_APPROVE,"",2,2,0,0,false,6.59
SYN007677,UNPAID,2026-10-12,2026-10-14,NEEDS_APPROVAL,ELG-001,3,0,0,3,true,0.56
SYN004270,LONG_SERVICE,2026-10-12,2026-10-12,NEEDS_APPROVAL,NOT-002,1,0,0,1,true,0.26
SYN005650,PROF_DEV,2026-10-12,2026-10-16,NEEDS_APPROVAL,NOT-004,5,0,0,5,true,0.31
SYN000138,UNPAID,2026-10-12,2026-10-12,RECOMMEND_APPROVE,"",1,0,0,1,false,0.3
SYN005133,ANNUAL,2026-10-12,2026-11-01,DECLINED,BAL-001,8,0,0,8,false,0.55
SYN001864,ANNUAL,2026-10-12,2026-10-19,DECLINED,BAL-001,4,2,0,2,false,5.2
SYN008700,ANNUAL,2026-10-12,2026-10-12,RECOMMEND_APPROVE,"",1,0,0,1,true,0.23
SYN007544,ANNUAL,2026-10-12,2026-10-18,RECOMMEND_APPROVE,"",3,0,0,3,false,0.5
SYN008525,ANNUAL,2026-10-12,2026-10-14,RECOMMEND_APPROVE,"",3,2,0,1,true,0.45
SYN002748,ADO,2026-10-12,2026-10-12,NEEDS_APPROVAL,BAL-003,1,1,0,0,false,0.78
SYN001402,ANNUAL,2026-10-12,2026-10-30,RECOMMEND_APPROVE,"",6,0,0,6,true,0.5
SYN008791,ANNUAL,2026-10-12,2026-10-22,NEEDS_APPROVAL,COV-001,8,0,1,7,true,0.84
SYN000512,ANNUAL,2026-10-12,2026-10-15,RECOMMEND_APPROVE,"",3,0,0,3,true,0.84
SYN003505,LONG_SERVICE,2026-10-12,2027-04-11,DECLINED,BAL-003|NOT-002|COV-001,78,0,78,0,true,2.45
SYN006160,LONG_SERVICE,2026-10-12,2026-10-16,DECLINED,BAL-001|NOT-002,3,0,0,3,true,0.36
SYN004481,ANNUAL,2026-10-12,2026-10-18,RECOMMEND_APPROVE,"",5,0,0,5,true,0.4
SYN007401,UNPAID,2026-10-12,2026-11-07,NEEDS_APPROVAL,ELG-001,20,0,0,20,true,1.07
SYN003120,ANNUAL,2026-10-12,2026-11-08,DECLINED,BAL-001,28,0,0,28,true,2.34
SYN001262,ANNUAL,2026-10-12,2026-10-18,RECOMMEND_APPROVE,"",5,1,0,4,true,1.67
SYN000107,ANNUAL,2026-10-12,2026-10-16,DECLINED,BAL-001,5,0,0,5,false,0.34
SYN003134,TOIL,2026-10-12,2026-10-12,NEEDS_APPROVAL,BAL-003,0,0,0,0,false,0.12
SYN003258,ANNUAL,2026-10-12,2026-10-18,RECOMMEND_APPROVE,"",4,0,0,4,true,0.78
SYN006894,ANNUAL,2026-10-12,2026-11-01,RECOMMEND_APPROVE,"",15,0,0,15,true,0.99
SYN000520,ANNUAL,2026-10-12,2026-10-25,RECOMMEND_APPROVE,"",8,0,0,8,false,0.79
SYN007536,TOIL,2026-10-12,2026-10-18,RECOMMEND_APPROVE,"",3,0,0,3,true,0.48
SYN006004,LONG_SERVICE,2026-10-12,2026-10-25,DECLINED,ELG-003|BAL-001|NOT-002,2,0,0,2,false,0.31
SYN005471,UNPAID,2026-10-12,2026-10-12,RECOMMEND_APPROVE,"",1,0,0,1,false,0.17
SYN006479,TOIL,2026-10-12,2026-10-18,RECOMMEND_APPROVE,"",4,0,0,4,true,1.14
SYN004761,ANNUAL,2026-10-12,2026-10-13,RECOMMEND_APPROVE,"",2,0,0,2,false,0.69
SYN007817,TOIL,2026-10-12,2026-10-12,NEEDS_APPROVAL,BAL-003,1,0,0,1,true,0.19
SYN004416,ADO,2026-10-12,2026-10-18,NEEDS_APPROVAL,REQ-004|ELG-001,4,1,0,3,true,4.42
SYN006848,ANNUAL,2026-10-12,2026-10-13,RECOMMEND_APPROVE,"",2,0,0,2,true,0.29
SYN008657,PROF_DEV,2026-10-12,2026-10-16,NEEDS_APPROVAL,NOT-004,4,2,0,2,true,1.06
SYN005610,UNPAID,2026-10-12,2026-11-05,RECOMMEND_APPROVE,"",15,1,0,14,true,2.24
SYN002401,LONG_SERVICE,2026-10-12,2026-10-16,DECLINED,BAL-001|NOT-002,5,0,0,5,false,0.38
SYN000019,LONG_SERVICE,2026-10-12,2026-10-18,DECLINED,ELG-001|ELG-003|BAL-001|NOT-002,3,0,0,3,false,0.74
SYN009512,ANNUAL,2026-10-12,2026-10-15,RECOMMEND_APPROVE,"",1,0,0,1,true,0.47
SYN003677,ANNUAL,2026-10-12,2026-10-25,DECLINED,BAL-001|COV-001,8,0,4,4,true,0.93
SYN006843,TOIL,2026-10-12,2026-10-13,RECOMMEND_APPROVE,"",1,1,0,0,true,5.08
SYN007437,PARENTAL,2026-10-12,2027-04-25,NEEDS_APPROVAL,ELG-001|NOT-004,57,4,0,53,true,4.19
SYN003455,TOIL,2026-10-12,2026-10-12,RECOMMEND_APPROVE,"",1,0,0,1,false,0.35
SYN006594,TOIL,2026-10-12,2026-10-12,NEEDS_APPROVAL,BAL-003,1,0,0,1,false,0.25
SYN005218,ANNUAL,2026-10-12,2026-10-18,RECOMMEND_APPROVE,"",4,0,0,4,true,0.42
SYN002739,TOIL,2026-10-12,2026-10-18,NEEDS_APPROVAL,COV-001,4,0,1,3,true,0.73
SYN000569,ANNUAL,2026-10-12,2026-10-15,RECOMMEND_APPROVE,"",3,0,0,3,false,0.24
SYN001468,ANNUAL,2026-10-12,2026-10-25,RECOMMEND_APPROVE,"",4,1,0,3,true,2.07
SYN003781,TOIL,2026-10-12,2026-10-13,RECOMMEND_APPROVE,"",2,0,0,2,false,0.73
SYN009353,LONG_SERVICE,2026-10-12,2026-10-18,DECLINED,ELG-003|BAL-001|NOT-002,7,0,0,7,true,0.78
SYN009416,ANNUAL,2026-10-12,2026-11-03,DECLINED,COV-001,17,0,10,7,true,1.19
SYN007104,ANNUAL,2026-10-12,2026-10-22,RECOMMEND_APPROVE,"",9,2,0,7,false,2.73
SYN006630,ANNUAL,2026-10-12,2026-11-15,RECOMMEND_APPROVE,"",10,0,0,10,true,2.68
SYN006652,TOIL,2026-10-12,2026-10-12,RECOMMEND_APPROVE,"",1,0,0,1,false,0.4
SYN000412,SICK,2026-10-12,2026-10-13,ACCEPTED,"",2,1,0,1,false,11.98
SYN000183,ANNUAL,2026-10-12,2026-10-18,RECOMMEND_APPROVE,"",4,0,0,4,false,0.34
SYN005317,TOIL,2026-10-12,2026-10-18,DECLINED,BAL-001,4,0,0,4,false,0.47
SYN008331,ADO,2026-10-12,2026-10-16,NEEDS_APPROVAL,REQ-004,5,0,0,5,false,0.46
SYN002474,ANNUAL,2026-10-12,2026-11-21,DECLINED,BAL-001|COV-001|COV-002,35,0,3,32,true,1.78
SYN008554,UNPAID,2026-10-12,2027-03-28,NEEDS_APPROVAL,ELG-001|COV-002,72,9,0,63,true,11.65
SYN007043,ANNUAL,2026-10-12,2026-10-18,DECLINED,BAL-001,6,0,0,6,true,0.95
SYN008612,ANNUAL,2026-10-12,2026-11-08,RECOMMEND_APPROVE,"",8,0,0,8,true,0.89
SYN000532,ANNUAL,2026-10-12,2026-11-01,RECOMMEND_APPROVE,"",19,0,0,19,true,1.79
SYN008836,UNPAID,2026-10-12,2026-10-12,RECOMMEND_APPROVE,"",1,0,0,1,true,0.36
SYN001206,ANNUAL,2026-10-12,2026-10-12,RECOMMEND_APPROVE,"",1,0,0,1,false,0.26
SYN005213,TOIL,2026-10-12,2026-10-12,RECOMMEND_APPROVE,"",1,0,0,1,false,0.27
SYN008782,ANNUAL,2026-10-12,2026-11-08,RECOMMEND_APPROVE,"",20,1,0,19,true,2.07
SYN003203,ANNUAL,2026-10-12,2026-11-03,RECOMMEND_APPROVE,"",11,0,0,11,false,0.6
SYN005857,TOIL,2026-10-12,2026-10-12,DECLINED,ELG-002|BAL-003,1,0,0,1,false,0.21
SYN002339,ADO,2026-10-12,2026-10-25,NEEDS_APPROVAL,REQ-004|BAL-003,5,1,0,4,false,4.13
SYN004154,ANNUAL,2026-10-12,2026-10-18,DECLINED,BAL-001,4,0,0,4,false,0.44
SYN006750,SICK,2026-10-12,2026-10-13,ACCEPTED,"",2,0,0,2,true,0.41
SYN001130,TOIL,2026-10-12,2026-10-12,NEEDS_APPROVAL,BAL-003,1,0,0,1,false,0.29
SYN008178,ANNUAL,2026-10-12,2026-10-23,RECOMMEND_APPROVE,"",6,0,0,6,false,0.48
SYN009387,ANNUAL,2026-10-12,2026-10-13,RECOMMEND_APPROVE,"",1,0,0,1,true,0.22
SYN006065,ANNUAL,2026-10-12,2026-10-25,NEEDS_APPROVAL,ELG-001|BAL-003,10,0,0,10,true,1.46
SYN009277,ANNUAL,2026-10-12,2026-10-18,RECOMMEND_APPROVE,"",2,0,0,2,false,0.33
SYN005046,PROF_DEV,2026-10-12,2026-10-13,NEEDS_APPROVAL,NOT-004,2,0,0,2,true,0.36
SYN008001,ANNUAL,2026-10-12,2026-10-18,RECOMMEND_APPROVE,"",2,0,0,2,true,0.32
SYN007522,TOIL,2026-10-12,2026-10-12,NEEDS_APPROVAL,BAL-003,1,0,0,1,false,0.18
SYN001283,PROF_DEV,2026-10-12,2026-10-18,DECLINED,BAL-001|NOT-004,5,0,0,5,true,0.41
SYN002557,TOIL,2026-10-12,2026-10-25,NEEDS_APPROVAL,COV-002,6,2,0,4,false,16.32
SYN001063,ADO,2026-10-12,2026-10-25,NEEDS_APPROVAL,REQ-004,8,0,0,8,false,1.29
SYN002378,PROF_DEV,2026-10-12,2026-10-25,DECLINED,BAL-001|NOT-004,4,0,0,4,false,0.64
SYN001315,ANNUAL,2026-10-12,2026-10-18,RECOMMEND_APPROVE,"",5,0,0,5,true,0.76
SYN006996,PROF_DEV,2026-10-12,2026-10-19,NEEDS_APPROVAL,NOT-004,2,0,0,2,true,0.34
SYN007509,TOIL,2026-10-12,2026-10-13,RECOMMEND_APPROVE,"",0,0,0,0,false,0.15
SYN007011,ANNUAL,2026-10-12,2026-10-16,RECOMMEND_APPROVE,"",5,3,0,2,false,3.11
SYN005407,UNPAID,2026-10-12,2027-03-14,RECOMMEND_APPROVE,"",88,45,0,43,true,137.29
SYN009155,LONG_SERVICE,2026-10-12,2026-10-12,NEEDS_APPROVAL,NOT-002,1,0,0,1,true,0.45
SYN001977,ANNUAL,2026-10-12,2026-10-18,RECOMMEND_APPROVE,"",5,0,0,5,false,0.38
SYN008484,ANNUAL,2026-10-12,2026-10-25,DECLINED,BAL-001,8,2,0,6,true,4.69
SYN003535,ANNUAL,2026-10-12,2026-10-25,NEEDS_APPROVAL,BAL-003,4,0,0,4,true,1.35
SYN008818,PROF_DEV,2026-10-12,2026-10-16,NEEDS_APPROVAL,NOT-004,5,0,0,5,true,0.33
SYN007973,ANNUAL,2026-10-12,2026-11-08,DECLINED,BAL-001,13,0,0,13,true,2.4
SYN003561,ANNUAL,2026-10-12,2026-10-25,RECOMMEND_APPROVE,"",11,1,0,10,false,8.6
SYN009098,ANNUAL,2026-10-12,2026-10-15,DECLINED,BAL-001,4,0,0,4,false,0.42
SYN006876,ANNUAL,2026-10-12,2026-11-06,DECLINED,BAL-001,20,3,0,17,true,0.79
SYN005365,PROF_DEV,2026-10-12,2026-10-25,NEEDS_APPROVAL,NOT-004,10,0,0,10,false,0.51
SYN009392,LONG_SERVICE,2026-10-12,2026-12-06,DECLINED,ELG-001|ELG-003|BAL-001|NOT-002|COV-001,39,4,17,18,true,3.35
SYN005445,UNPAID,2026-10-12,2026-10-12,RECOMMEND_APPROVE,"",1,0,0,1,false,0.25
SYN004526,ANNUAL,2026-10-12,2026-10-25,RECOMMEND_APPROVE,"",10,1,0,9,false,3.1
SYN006755,LONG_SERVICE,2026-10-12,2026-10-18,NEEDS_APPROVAL,NOT-002,2,2,0,0,false,7.99
SYN004708,TOIL,2026-10-12,2026-10-12,NEEDS_APPROVAL,ELG-001,1,0,0,1,false,0.24
SYN006937,ANNUAL,2026-10-12,2026-10-18,DECLINED,BAL-001,3,1,0,2,false,3.3
SYN006416,LONG_SERVICE,2026-10-12,2026-12-13,DECLINED,BAL-001|NOT-002|COV-001|COV-003|COV-002,28,2,1,25,true,2.54
SYN008880,PROF_DEV,2026-10-12,2026-10-16,NEEDS_APPROVAL,NOT-004,5,0,0,5,true,0.41
SYN009424,TOIL,2026-10-12,2026-10-18,RECOMMEND_APPROVE,"",5,0,0,5,false,0.59
SYN001785,LONG_SERVICE,2026-10-12,2026-10-18,DECLINED,BAL-001|NOT-002,2,0,0,2,false,0.27
SYN004317,ADO,2026-10-12,2026-10-25,NEEDS_APPROVAL,REQ-004|BAL-003,8,0,0,8,false,0.59
SYN007629,PROF_DEV,2026-10-12,2026-10-15,DECLINED,BAL-001|NOT-004,3,0,0,3,true,0.36
SYN006357,TOIL,2026-10-12,2026-10-12,NEEDS_APPROVAL,BAL-003,1,0,0,1,false,0.19
SYN007830,ANNUAL,2026-10-12,2026-10-15,NEEDS_APPROVAL,COV-002,4,4,0,0,false,30.82
SYN004686,ANNUAL,2026-10-12,2026-10-18,RECOMMEND_APPROVE,"",3,0,0,3,false,0.67
SYN003566,PROF_DEV,2026-10-12,2026-11-01,NEEDS_APPROVAL,BAL-003|NOT-004,8,0,0,8,false,1.48
SYN005720,PROF_DEV,2026-10-12,2026-10-15,NEEDS_APPROVAL,NOT-004|COV-001|COV-005,4,0,3,1,true,0.37
SYN002473,ADO,2026-10-12,2026-10-12,NEEDS_APPROVAL,BAL-003,1,0,0,1,false,0.21
SYN008305,PROF_DEV,2026-10-12,2026-10-18,NEEDS_APPROVAL,NOT-004,3,0,0,3,true,0.6
SYN006712,ANNUAL,2026-10-12,2026-10-18,DECLINED,BAL-001,3,0,0,3,false,0.4
SYN008592,ANNUAL,2026-10-12,2026-10-18,RECOMMEND_APPROVE,"",5,1,0,4,true,1.68
SYN001419,ANNUAL,2026-10-12,2026-10-18,RECOMMEND_APPROVE,"",3,2,0,1,true,0.57
SYN001379,TOIL,2026-10-12,2026-10-12,NEEDS_APPROVAL,BAL-003,1,0,0,1,false,0.25
SYN001147,TOIL,2026-10-12,2026-10-13,RECOMMEND_APPROVE,"",2,0,0,2,false,0.77
SYN005665,ANNUAL,2026-10-12,2026-11-22,DECLINED,BAL-001,29,2,0,27,true,8.75
SYN008187,ANNUAL,2026-10-12,2026-10-18,RECOMMEND_APPROVE,"",5,4,0,1,false,39.28
SYN009012,ANNUAL,2026-10-12,2026-10-19,RECOMMEND_APPROVE,"",6,0,0,6,false,0.48
SYN004250,UNPAID,2026-10-12,2026-11-22,RECOMMEND_APPROVE,"",18,3,0,15,true,3.62
SYN008568,LONG_SERVICE,2026-10-12,2026-10-18,DECLINED,ELG-003|BAL-001|NOT-002,4,1,0,3,true,0.96
SYN004692,PROF_DEV,2026-10-12,2026-10-19,NEEDS_APPROVAL,NOT-004,6,2,0,4,false,13.57
SYN000740,ANNUAL,2026-10-12,2026-10-18,RECOMMEND_APPROVE,"",3,0,0,3,false,0.28
SYN006659,ANNUAL,2026-10-12,2026-10-30,RECOMMEND_APPROVE,"",15,0,0,15,true,0.54
SYN003101,ANNUAL,2026-10-12,2026-10-18,RECOMMEND_APPROVE,"",5,0,0,5,true,1.23
SYN002908,ANNUAL,2026-10-12,2026-10-14,RECOMMEND_APPROVE,"",3,1,0,2,true,1.02
SYN002177,TOIL,2026-10-12,2026-10-12,NEEDS_APPROVAL,BAL-003,1,0,0,1,false,0.21
SYN001761,ANNUAL,2026-10-12,2026-11-08,NEEDS_APPROVAL,BAL-003,12,0,0,12,true,2.15
SYN001903,ANNUAL,2026-10-12,2026-10-25,RECOMMEND_APPROVE,"",9,8,0,1,false,8.69
SYN004134,ADO,2026-10-12,2026-10-23,NEEDS_APPROVAL,REQ-004,3,0,0,3,false,0.64
SYN002801,ANNUAL,2026-10-12,2026-10-16,RECOMMEND_APPROVE,"",5,0,0,5,false,0.36
SYN005821,ANNUAL,2026-10-12,2026-10-18,RECOMMEND_APPROVE,"",5,0,0,5,false,0.79
SYN003500,UNPAID,2026-10-12,2027-02-28,DECLINED,COV-001,100,22,12,66,true,9.95
SYN005779,ANNUAL,2026-10-12,2026-10-18,RECOMMEND_APPROVE,"",6,0,0,6,false,0.52
SYN008124,ANNUAL,2026-10-12,2026-11-01,RECOMMEND_APPROVE,"",9,0,0,9,false,0.48
SYN004418,PARENTAL,2026-10-12,2027-01-17,NEEDS_APPROVAL,NOT-004,67,0,0,67,true,1.5
SYN000644,ANNUAL,2026-10-12,2026-10-12,RECOMMEND_APPROVE,"",1,1,0,0,false,3.31
SYN004255,ANNUAL,2026-10-12,2026-10-18,DECLINED,BAL-001,5,1,0,4,false,1.1
SYN003701,LONG_SERVICE,2026-10-12,2026-10-14,NEEDS_APPROVAL,NOT-002,3,0,0,3,true,0.32
SYN007361,ANNUAL,2026-10-12,2026-10-16,RECOMMEND_APPROVE,"",5,0,0,5,true,0.31
SYN008161,TOIL,2026-10-12,2026-10-12,NEEDS_APPROVAL,BAL-003,0,0,0,0,false,0.14
SYN008839,ADO,2026-10-12,2026-10-18,DECLINED,REQ-004|ELG-002|BAL-001,6,0,0,6,true,0.97
SYN004719,TOIL,2026-10-12,2026-10-12,NEEDS_APPROVAL,BAL-003,1,0,0,1,true,0.22
SYN006134,ANNUAL,2026-10-12,2026-10-18,RECOMMEND_APPROVE,"",3,0,0,3,false,0.63
SYN000103,PROF_DEV,2026-10-12,2026-10-18,NEEDS_APPROVAL,NOT-004,5,0,0,5,false,0.32
SYN004311,ANNUAL,2026-10-12,2026-10-18,RECOMMEND_APPROVE,"",4,0,0,4,true,1.84
SYN005871,TOIL,2026-10-12,2026-10-12,NEEDS_APPROVAL,BAL-003,1,0,0,1,false,0.21
SYN003897,ANNUAL,2026-10-12,2026-10-16,DECLINED,BAL-001,2,1,0,1,false,1.07
SYN006400,ANNUAL,2026-10-12,2026-10-18,RECOMMEND_APPROVE,"",4,1,0,3,true,0.66
SYN006891,LONG_SERVICE,2026-10-12,2026-11-15,DECLINED,ELG-003|BAL-001|NOT-002|COV-002,10,1,0,9,true,0.82
SYN002772,ANNUAL,2026-10-12,2026-11-01,RECOMMEND_APPROVE,"",10,1,0,9,true,2.56
SYN003646,PROF_DEV,2026-10-12,2026-10-13,NEEDS_APPROVAL,NOT-004,2,1,0,1,false,0.75
SYN008778,TOIL,2026-10-12,2026-10-13,NEEDS_APPROVAL,ELG-001,1,0,0,1,true,0.48
SYN004492,UNPAID,2026-10-12,2027-04-30,NEEDS_APPROVAL,COV-002,145,49,0,96,true,11.11
SYN001436,ANNUAL,2026-10-12,2026-10-18,RECOMMEND_APPROVE,"",5,1,0,4,true,0.76
SYN009330,TOIL,2026-10-12,2026-10-18,RECOMMEND_APPROVE,"",3,0,0,3,true,0.33
SYN000675,ANNUAL,2026-10-12,2027-01-31,DECLINED,REQ-004|ELG-001|ELG-002|BAL-003,64,0,0,64,true,7.62
SYN004407,ANNUAL,2026-10-12,2026-10-18,RECOMMEND_APPROVE,"",2,0,0,2,true,0.74
SYN005321,ANNUAL,2026-10-12,2026-10-12,RECOMMEND_APPROVE,"",1,1,0,0,false,5.08
SYN008074,ANNUAL,2026-10-12,2026-10-21,RECOMMEND_APPROVE,"",7,0,0,7,false,0.98
SYN002333,PROF_DEV,2026-10-12,2026-10-14,NEEDS_APPROVAL,NOT-004,3,0,0,3,true,0.3
SYN001192,TOIL,2026-10-12,2026-10-12,NEEDS_APPROVAL,BAL-003,1,0,0,1,false,0.27
SYN008756,PARENTAL,2026-10-12,2027-04-25,NEEDS_APPROVAL,ELG-001|NOT-004,140,0,0,140,true,6.86
SYN004473,PROF_DEV,2026-10-12,2026-10-19,DECLINED,BAL-001|NOT-004,7,0,0,7,false,0.59
SYN006206,ANNUAL,2026-10-12,2026-10-20,DECLINED,ELG-002|COV-002,9,0,0,9,true,0.82
SYN004409,ANNUAL,2026-10-12,2026-10-19,RECOMMEND_APPROVE,"",3,0,0,3,false,0.86
SYN007279,LONG_SERVICE,2026-10-12,2026-11-08,DECLINED,ELG-003|BAL-001|NOT-002,8,0,0,8,true,0.87
SYN002003,SICK,2026-10-12,2026-10-12,ACCEPTED,"",1,0,0,1,false,0.18
SYN002461,ANNUAL,2026-10-12,2026-10-16,DECLINED,BAL-001|COV-001,5,0,4,1,true,0.37
SYN006198,TOIL,2026-10-12,2026-10-14,RECOMMEND_APPROVE,"",1,0,0,1,true,0.42
SYN003583,TOIL,2026-10-12,2026-10-12,NEEDS_APPROVAL,BAL-003,1,0,0,1,false,0.25
SYN006421,ANNUAL,2026-10-12,2026-10-25,DECLINED,BAL-001,6,1,0,5,true,1.39
SYN008908,TOIL,2026-10-12,2026-10-16,RECOMMEND_APPROVE,"",3,1,0,2,true,0.65
SYN006788,ANNUAL,2026-10-12,2026-10-25,DECLINED,BAL-001,4,0,0,4,true,0.87
SYN000799,UNPAID,2026-10-12,2026-10-30,RECOMMEND_APPROVE,"",13,0,0,13,true,0.92
SYN008261,LONG_SERVICE,2026-10-12,2026-10-18,NEEDS_APPROVAL,NOT-002,3,0,0,3,false,0.4
SYN005932,TOIL,2026-10-12,2026-10-16,DECLINED,BAL-001,4,0,0,4,false,0.57
SYN006350,ANNUAL,2026-10-12,2026-10-25,RECOMMEND_APPROVE,"",12,0,0,12,false,0.54
SYN006802,ANNUAL,2026-10-12,2026-10-12,RECOMMEND_APPROVE,"",1,1,0,0,true,0.71
SYN005423,ANNUAL,2026-10-12,2026-10-24,DECLINED,BAL-001|COV-003,9,3,0,6,true,1.15
SYN008623,ANNUAL,2026-10-12,2026-10-16,RECOMMEND_APPROVE,"",4,0,0,4,true,0.52
SYN008993,PROF_DEV,2026-10-12,2026-10-16,NEEDS_APPROVAL,NOT-004,5,0,0,5,true,0.51
SYN002206,ANNUAL,2026-10-12,2026-10-18,RECOMMEND_APPROVE,"",4,1,0,3,true,2.16
SYN004584,ANNUAL,2026-10-12,2026-11-01,RECOMMEND_APPROVE,"",12,2,0,10,true,13.47
SYN003907,ANNUAL,2026-10-12,2026-10-25,RECOMMEND_APPROVE,"",7,0,0,7,true,0.62
SYN000496,ANNUAL,2026-10-12,2026-10-12,RECOMMEND_APPROVE,"",1,0,0,1,true,0.2
SYN001697,TOIL,2026-10-12,2026-10-12,DECLINED,ELG-002|BAL-003,1,0,0,1,false,0.27
SYN004316,ANNUAL,2026-10-12,2026-10-18,DECLINED,BAL-001,5,0,0,5,true,0.38
SYN000426,PROF_DEV,2026-10-12,2026-10-12,NEEDS_APPROVAL,NOT-004|COV-001,1,0,1,0,true,0.26
SYN000294,LONG_SERVICE,2026-10-12,2026-11-02,DECLINED,ELG-003|BAL-001|NOT-002,8,1,0,7,true,3.12
SYN000832,ANNUAL,2026-10-12,2026-10-13,RECOMMEND_APPROVE,"",2,0,0,2,true,0.24
SYN006942,ANNUAL,2026-10-12,2026-10-16,RECOMMEND_APPROVE,"",5,0,0,5,true,0.44
SYN003523,ADO,2026-10-12,2026-10-12,NEEDS_APPROVAL,BAL-003,1,0,0,1,true,0.25
SYN008678,ANNUAL,2026-10-12,2026-10-14,RECOMMEND_APPROVE,"",3,0,0,3,true,0.25
SYN002345,LONG_SERVICE,2026-10-12,2026-10-25,DECLINED,BAL-001|NOT-002,8,1,0,7,false,14.72
SYN008360,PARENTAL,2026-10-12,2026-12-27,DECLINED,NOT-004|COV-001,33,4,6,23,true,1.33
SYN006741,TOIL,2026-10-12,2026-10-18,DECLINED,BAL-001,3,1,0,2,false,11.25
SYN002675,ANNUAL,2026-10-12,2026-11-15,RECOMMEND_APPROVE,"",20,0,0,20,false,1.47
SYN003345,LONG_SERVICE,2026-10-13,2026-10-18,NEEDS_APPROVAL,NOT-002,4,2,0,2,false,19.19
SYN005871,ANNUAL,2026-10-13,2026-10-13,RECOMMEND_APPROVE,"",1,0,0,1,false,0.24
SYN008270,TOIL,2026-10-13,2026-10-13,NEEDS_APPROVAL,ELG-001,1,0,0,1,true,0.46
SYN004004,ADO,2026-10-13,2026-10-13,RECOMMEND_APPROVE,"",1,0,0,1,false,0.36
SYN006802,ANNUAL,2026-10-13,2026-10-13,RECOMMEND_APPROVE,"",1,1,0,0,true,0.76
SYN005253,ANNUAL,2026-10-13,2026-10-22,DECLINED,BAL-001,9,0,0,9,true,0.75
SYN001192,ANNUAL,2026-10-13,2026-10-18,RECOMMEND_APPROVE,"",2,0,0,2,false,0.34
SYN007389,ANNUAL,2026-10-13,2026-10-22,RECOMMEND_APPROVE,"",1,0,0,1,false,0.21
SYN003651,ANNUAL,2026-10-13,2026-10-20,NEEDS_APPROVAL,COV-001,6,0,2,4,true,0.38
SYN006652,ANNUAL,2026-10-13,2026-10-16,DECLINED,ELG-002|BAL-003,4,0,0,4,false,0.65
SYN008218,TOIL,2026-10-13,2026-10-13,NEEDS_APPROVAL,ELG-001,1,0,0,1,false,0.25
SYN000058,ANNUAL,2026-10-13,2026-10-16,DECLINED,BAL-001,4,3,0,1,false,9.2
SYN001130,LONG_SERVICE,2026-10-13,2026-10-25,DECLINED,ELG-003|BAL-001|NOT-002,7,0,0,7,false,1.4
SYN004202,ANNUAL,2026-10-13,2026-11-12,RECOMMEND_APPROVE,"",19,0,0,19,false,0.61
SYN002177,ANNUAL,2026-10-13,2026-10-18,RECOMMEND_APPROVE,"",1,0,0,1,false,0.27
SYN004708,LONG_SERVICE,2026-10-13,2026-10-30,DECLINED,ELG-001|ELG-003|BAL-001|NOT-002,14,0,0,14,false,0.59
SYN002129,ANNUAL,2026-10-13,2026-10-15,RECOMMEND_APPROVE,"",3,0,0,3,false,0.29
SYN001771,PROF_DEV,2026-10-13,2026-10-13,NEEDS_APPROVAL,NOT-004,1,0,0,1,true,0.25
SYN004531,ANNUAL,2026-10-13,2026-10-18,RECOMMEND_APPROVE,"",4,0,0,4,false,0.28
SYN006780,ANNUAL,2026-10-13,2026-10-16,RECOMMEND_APPROVE,"",2,2,0,0,false,15.61
SYN008161,ANNUAL,2026-10-13,2026-10-18,RECOMMEND_APPROVE,"",4,1,0,3,false,11.08
SYN005857,LONG_SERVICE,2026-10-13,2026-11-15,DECLINED,ELG-001|ELG-003|BAL-001|NOT-002,24,9,0,15,true,25.58
SYN006036,UNPAID,2026-10-13,2026-10-16,NEEDS_APPROVAL,ELG-001,4,1,0,3,true,0.43
SYN006809,ADO,2026-10-13,2026-10-16,DECLINED,REQ-004|BAL-001,4,0,0,4,false,0.36
SYN000247,PROF_DEV,2026-10-13,2026-10-13,NEEDS_APPROVAL,NOT-004|COV-001,1,0,1,0,true,0.26
SYN004097,ANNUAL,2026-10-13,2026-11-09,DECLINED,COV-001,20,0,8,12,true,0.73
SYN007089,ADO,2026-10-13,2026-10-14,RECOMMEND_APPROVE,"",2,0,0,2,false,0.36
SYN007782,ANNUAL,2026-10-13,2026-10-16,DECLINED,BAL-001,4,0,0,4,false,0.4
SYN000253,ANNUAL,2026-10-13,2026-10-13,RECOMMEND_APPROVE,"",1,0,0,1,true,0.2
SYN003911,ANNUAL,2026-10-13,2026-10-16,RECOMMEND_APPROVE,"",3,3,0,0,false,23.51
SYN001010,SICK,2026-10-13,2026-10-13,ACCEPTED,"",1,0,0,1,true,0.23
SYN004183,PROF_DEV,2026-10-13,2026-10-16,NEEDS_APPROVAL,NOT-004,3,1,0,2,false,7.01
SYN004225,PROF_DEV,2026-10-13,2026-10-13,NEEDS_APPROVAL,NOT-004,1,0,0,1,true,0.47
SYN001258,ANNUAL,2026-10-13,2026-10-14,DECLINED,BAL-001,2,0,0,2,false,0.31
SYN000868,ANNUAL,2026-10-13,2026-10-16,RECOMMEND_APPROVE,"",4,4,0,0,false,11.64
SYN006069,PROF_DEV,2026-10-13,2026-10-18,NEEDS_APPROVAL,NOT-004,3,0,0,3,true,0.31
SYN000205,ANNUAL,2026-10-13,2026-10-23,RECOMMEND_APPROVE,"",9,0,0,9,false,0.68
SYN005794,ANNUAL,2026-10-13,2026-10-26,RECOMMEND_APPROVE,"",4,0,0,4,true,0.47
SYN007393,PROF_DEV,2026-10-13,2026-10-13,NEEDS_APPROVAL,BAL-003|NOT-004,0,0,0,0,false,0.17
SYN000618,TOIL,2026-10-13,2026-10-13,RECOMMEND_APPROVE,"",1,0,0,1,false,0.23
SYN004777,ANNUAL,2026-10-13,2026-10-17,RECOMMEND_APPROVE,"",3,2,0,1,false,14.78
SYN004509,ANNUAL,2026-10-13,2026-10-28,RECOMMEND_APPROVE,"",6,3,0,3,false,3.1
SYN003583,ANNUAL,2026-10-13,2026-10-19,RECOMMEND_APPROVE,"",5,1,0,4,true,1.47
SYN007751,PROF_DEV,2026-10-13,2026-10-13,NEEDS_APPROVAL,BAL-003|NOT-004,1,0,0,1,false,0.26
SYN004437,ANNUAL,2026-10-13,2026-10-21,RECOMMEND_APPROVE,"",4,0,0,4,false,0.27
SYN001357,ANNUAL,2026-10-13,2026-10-14,RECOMMEND_APPROVE,"",2,1,0,1,false,2.21
SYN002344,PROF_DEV,2026-10-13,2026-10-13,NEEDS_APPROVAL,BAL-003|NOT-004|COV-001,1,0,1,0,true,0.23
SYN006818,ANNUAL,2026-10-13,2026-10-29,DECLINED,BAL-001,9,0,0,9,true,0.74
SYN003846,PROF_DEV,2026-10-13,2026-10-13,NEEDS_APPROVAL,BAL-003|NOT-004,1,0,0,1,true,0.29
SYN002947,ANNUAL,2026-10-13,2026-10-18,RECOMMEND_APPROVE,"",2,0,0,2,true,0.27
SYN000481,PROF_DEV,2026-10-13,2026-10-13,NEEDS_APPROVAL,BAL-003|NOT-004,0,0,0,0,false,0.14
SYN007671,ANNUAL,2026-10-13,2026-10-14,RECOMMEND_APPROVE,"",1,0,0,1,false,0.21
SYN005359,LONG_SERVICE,2026-10-13,2026-10-18,NEEDS_APPROVAL,NOT-002,2,0,0,2,false,0.43
SYN004339,PROF_DEV,2026-10-13,2026-10-14,NEEDS_APPROVAL,NOT-004,2,1,0,1,false,7.02
SYN002564,TOIL,2026-10-13,2026-10-13,RECOMMEND_APPROVE,"",1,1,0,0,false,8.15
SYN003455,LONG_SERVICE,2026-10-13,2026-11-06,DECLINED,BAL-001|NOT-002,19,0,0,19,true,1.4
SYN007650,ANNUAL,2026-10-13,2026-10-13,RECOMMEND_APPROVE,"",1,0,0,1,true,0.23
SYN001625,ANNUAL,2026-10-13,2027-01-07,DECLINED,REQ-004|BAL-003|COV-001,51,3,5,43,true,4.47
SYN009055,UNPAID,2026-10-13,2026-10-13,RECOMMEND_APPROVE,"",1,0,0,1,true,0.41
SYN007522,PROF_DEV,2026-10-13,2026-10-13,NEEDS_APPROVAL,NOT-004|COV-001,1,0,1,0,false,0.56
SYN004239,PROF_DEV,2026-10-13,2026-10-14,NEEDS_APPROVAL,NOT-004,2,0,0,2,false,0.25
SYN004719,PROF_DEV,2026-10-13,2026-10-22,NEEDS_APPROVAL,NOT-004,10,0,0,10,true,0.73
SYN001697,ANNUAL,2026-10-13,2026-10-18,RECOMMEND_APPROVE,"",3,0,0,3,false,0.36
SYN000355,ANNUAL,2026-10-13,2026-10-14,RECOMMEND_APPROVE,"",1,0,0,1,false,0.19
SYN006795,PROF_DEV,2026-10-13,2026-10-16,NEEDS_APPROVAL,ELG-001|NOT-004,3,0,0,3,true,0.32
SYN009437,PROF_DEV,2026-10-13,2026-10-14,NEEDS_APPROVAL,NOT-004,2,2,0,0,false,1.81
SYN008851,ANNUAL,2026-10-13,2026-10-23,RECOMMEND_APPROVE,"",9,0,0,9,true,0.69
SYN006527,ANNUAL,2026-10-13,2026-10-22,RECOMMEND_APPROVE,"",8,0,0,8,true,0.69
SYN007817,ANNUAL,2026-10-13,2026-10-18,RECOMMEND_APPROVE,"",4,0,0,4,true,0.27
SYN006357,LONG_SERVICE,2026-10-13,2026-11-01,DECLINED,ELG-003|BAL-001|NOT-002,14,14,0,0,false,93.89
SYN008999,ANNUAL,2026-10-13,2026-10-13,DECLINED,ELG-002|BAL-001,1,1,0,0,true,0.82
SYN005805,ANNUAL,2026-10-13,2026-10-13,RECOMMEND_APPROVE,"",1,0,0,1,false,0.33
SYN007917,PROF_DEV,2026-10-13,2026-10-13,NEEDS_APPROVAL,BAL-003|NOT-004,0,0,0,0,false,0.18
SYN007297,ANNUAL,2026-10-13,2026-10-14,RECOMMEND_APPROVE,"",2,0,0,2,true,0.24
SYN003390,UNPAID,2026-10-14,2026-10-14,NEEDS_APPROVAL,COV-001,1,0,1,0,true,0.21
SYN004537,ANNUAL,2026-10-14,2026-10-15,RECOMMEND_APPROVE,"",2,0,0,2,false,0.24
SYN007109,ANNUAL,2026-10-14,2026-10-15,RECOMMEND_APPROVE,"",2,0,0,2,false,0.25
SYN003838,ANNUAL,2026-10-14,2026-10-18,RECOMMEND_APPROVE,"",4,0,0,4,false,0.37
SYN002973,TOIL,2026-10-14,2026-10-17,DECLINED,BAL-001,4,0,0,4,true,0.65
SYN007767,ANNUAL,2026-10-14,2026-10-15,NEEDS_APPROVAL,COV-001,2,0,1,1,true,0.24
SYN001462,PROF_DEV,2026-10-14,2026-10-16,NEEDS_APPROVAL,NOT-004,3,0,0,3,true,0.29
SYN008935,UNPAID,2026-10-14,2026-10-14,RECOMMEND_APPROVE,"",1,0,0,1,true,0.16
SYN007862,PROF_DEV,2026-10-14,2026-10-14,NEEDS_APPROVAL,NOT-004,0,0,0,0,false,0.13
SYN007074,ANNUAL,2026-10-14,2026-10-14,RECOMMEND_APPROVE,"",1,0,0,1,true,0.19
SYN003235,UNPAID,2026-10-14,2026-10-14,RECOMMEND_APPROVE,"",1,0,0,1,false,0.24
SYN005041,ANNUAL,2026-10-14,2026-11-08,DECLINED,ELG-002|BAL-001,18,0,0,18,true,2.58
SYN000307,ANNUAL,2026-10-14,2026-10-25,RECOMMEND_APPROVE,"",5,0,0,5,false,0.76
SYN009131,ANNUAL,2026-10-14,2026-10-16,RECOMMEND_APPROVE,"",3,2,0,1,false,6.89
SYN007138,PROF_DEV,2026-10-14,2026-10-15,NEEDS_APPROVAL,NOT-004,2,2,0,0,true,6.42
SYN006749,ANNUAL,2026-10-14,2026-10-16,NEEDS_APPROVAL,COV-001,2,0,2,0,true,0.32
SYN008397,TOIL,2026-10-14,2026-10-14,RECOMMEND_APPROVE,"",1,0,0,1,false,0.35
SYN007551,ANNUAL,2026-10-14,2026-10-14,RECOMMEND_APPROVE,"",1,0,0,1,true,0.27
SYN007573,ANNUAL,2026-10-14,2026-10-14,RECOMMEND_APPROVE,"",1,0,0,1,true,0.26
SYN001703,ANNUAL,2026-10-14,2026-10-18,NEEDS_APPROVAL,COV-001,2,0,2,0,true,2.34
SYN004287,PROF_DEV,2026-10-14,2026-10-18,DECLINED,ELG-001|BAL-001|NOT-004,3,0,0,3,true,0.36
SYN003076,ANNUAL,2026-10-14,2026-10-18,RECOMMEND_APPROVE,"",2,0,0,2,false,0.28
SYN002852,PROF_DEV,2026-10-14,2026-10-14,NEEDS_APPROVAL,BAL-003|NOT-004,1,0,0,1,false,0.19
SYN007291,LONG_SERVICE,2026-10-14,2026-10-14,DECLINED,ELG-001|ELG-003|BAL-001|NOT-002,1,0,0,1,true,0.29
SYN007650,PROF_DEV,2026-10-14,2026-10-15,NEEDS_APPROVAL,NOT-004,2,0,0,2,true,0.24
SYN000904,ANNUAL,2026-10-14,2026-10-15,RECOMMEND_APPROVE,"",2,0,0,2,true,0.25
SYN007839,PROF_DEV,2026-10-14,2026-10-23,NEEDS_APPROVAL,NOT-004,8,3,0,5,true,11.55
SYN006358,PROF_DEV,2026-10-14,2026-10-14,NEEDS_APPROVAL,BAL-003|NOT-004,1,0,0,1,false,0.42
SYN009119,ANNUAL,2026-10-14,2026-10-18,RECOMMEND_APPROVE,"",3,0,0,3,false,0.65
SYN001327,PROF_DEV,2026-10-14,2026-10-14,NEEDS_APPROVAL,BAL-003|NOT-004,1,1,0,0,true,0.79
SYN008429,PROF_DEV,2026-10-14,2026-10-15,NEEDS_APPROVAL,NOT-004,2,0,0,2,true,0.31
SYN007682,ANNUAL,2026-10-14,2026-10-27,DECLINED,ELG-002,11,0,0,11,true,0.94
SYN005445,LONG_SERVICE,2026-10-14,2026-10-18,NEEDS_APPROVAL,NOT-002,3,0,0,3,false,0.33
SYN007885,ANNUAL,2026-10-14,2026-10-15,RECOMMEND_APPROVE,"",2,0,0,2,false,0.24
SYN007985,ANNUAL,2026-10-14,2026-10-16,RECOMMEND_APPROVE,"",3,0,0,3,false,0.46
SYN005005,TOIL,2026-10-14,2026-10-19,DECLINED,BAL-001,4,1,0,3,true,3.1
SYN007435,ANNUAL,2026-10-14,2026-10-23,NEEDS_APPROVAL,COV-001,8,2,2,4,true,0.87
SYN001990,PROF_DEV,2026-10-14,2026-10-14,NEEDS_APPROVAL,BAL-003|NOT-004,1,0,0,1,false,0.27
SYN008631,ANNUAL,2026-10-14,2026-10-16,RECOMMEND_APPROVE,"",3,1,0,2,false,1.48
SYN008167,LONG_SERVICE,2026-10-14,2026-10-14,DECLINED,ELG-003|BAL-001|NOT-002,1,0,0,1,true,0.6
SYN001524,ANNUAL,2026-10-14,2026-10-21,RECOMMEND_APPROVE,"",4,3,0,1,false,5.98
SYN004892,UNPAID,2026-10-14,2026-10-14,NEEDS_APPROVAL,ELG-001,1,0,0,1,true,0.3
SYN001892,PROF_DEV,2026-10-14,2026-10-16,NEEDS_APPROVAL,NOT-004|COV-001,3,0,1,2,true,0.42
SYN001496,ANNUAL,2026-10-14,2026-10-16,RECOMMEND_APPROVE,"",3,3,0,0,false,8.92
SYN000966,ADO,2026-10-14,2026-10-15,RECOMMEND_APPROVE,"",1,0,0,1,true,0.31
SYN004408,ANNUAL,2026-10-14,2026-10-23,NEEDS_APPROVAL,COV-001,8,4,4,0,true,0.76
SYN002755,ANNUAL,2026-10-14,2026-10-15,DECLINED,BAL-001,2,0,0,2,false,0.35
SYN007330,ANNUAL,2026-10-14,2026-10-14,RECOMMEND_APPROVE,"",0,0,0,0,false,0.14
SYN002645,UNPAID,2026-10-14,2026-10-14,RECOMMEND_APPROVE,"",0,0,0,0,false,0.1
SYN005429,ANNUAL,2026-10-14,2026-10-18,RECOMMEND_APPROVE,"",3,0,0,3,false,0.59
SYN009274,PROF_DEV,2026-10-14,2026-10-14,NEEDS_APPROVAL,BAL-003|NOT-004,1,0,0,1,true,0.3
SYN007761,PROF_DEV,2026-10-14,2026-10-14,DECLINED,BAL-001|NOT-004|COV-001,1,0,1,0,true,0.27
SYN003131,LONG_SERVICE,2026-10-14,2026-10-15,DECLINED,BAL-001|NOT-002,2,0,0,2,false,0.4
SYN007634,ANNUAL,2026-10-14,2026-10-16,RECOMMEND_APPROVE,"",3,0,0,3,true,0.44
SYN000663,PROF_DEV,2026-10-14,2026-10-16,NEEDS_APPROVAL,NOT-004,3,0,0,3,false,0.27
SYN003136,ANNUAL,2026-10-14,2026-10-23,NEEDS_APPROVAL,ELG-001,6,0,0,6,false,0.61
SYN004225,PROF_DEV,2026-10-14,2026-10-14,NEEDS_APPROVAL,NOT-004,1,0,0,1,true,0.24
SYN004052,ANNUAL,2026-10-14,2026-10-14,RECOMMEND_APPROVE,"",1,1,0,0,true,0.61
SYN009350,ANNUAL,2026-10-14,2026-10-14,RECOMMEND_APPROVE,"",1,0,0,1,true,0.24
SYN000833,PROF_DEV,2026-10-14,2026-10-14,NEEDS_APPROVAL,BAL-003|NOT-004,1,0,0,1,true,0.53
SYN001374,ANNUAL,2026-10-14,2026-10-14,NEEDS_APPROVAL,ELG-001,1,0,0,1,true,0.32
SYN002012,PROF_DEV,2026-10-14,2026-10-16,NEEDS_APPROVAL,NOT-004,2,0,0,2,true,0.3
SYN005414,LONG_SERVICE,2026-10-14,2026-10-14,DECLINED,ELG-003|NOT-002,0,0,0,0,false,0.16
SYN003620,PROF_DEV,2026-10-14,2026-10-14,NEEDS_APPROVAL,BAL-003|NOT-004,1,1,0,0,false,456.67
SYN003456,ANNUAL,2026-10-14,2026-10-15,RECOMMEND_APPROVE,"",1,0,0,1,true,0.37
SYN004761,ANNUAL,2026-10-14,2026-10-18,RECOMMEND_APPROVE,"",3,0,0,3,false,0.25
SYN000949,LONG_SERVICE,2026-10-15,2026-10-17,NEEDS_APPROVAL,NOT-002,2,0,0,2,false,0.26
SYN005586,ADO,2026-10-15,2026-10-16,DECLINED,BAL-001,2,1,0,1,false,1.23
SYN007647,ANNUAL,2026-10-15,2026-10-16,RECOMMEND_APPROVE,"",2,0,0,2,false,0.28
SYN005817,PROF_DEV,2026-10-15,2026-10-16,DECLINED,BAL-001|NOT-004,2,0,0,2,true,0.35
SYN002225,SICK,2026-10-15,2026-10-15,ACCEPTED,ELG-001,1,1,0,0,false,3.91
SYN004096,ANNUAL,2026-10-15,2026-10-16,NEEDS_APPROVAL,BAL-003,0,0,0,0,false,0.14
SYN008954,PROF_DEV,2026-10-15,2026-10-26,NEEDS_APPROVAL,ELG-001|NOT-004|COV-001,8,0,7,1,true,0.59
SYN000253,ANNUAL,2026-10-15,2026-10-15,NEEDS_APPROVAL,COV-001,1,0,1,0,true,0.22
SYN007383,LONG_SERVICE,2026-10-15,2026-10-15,DECLINED,ELG-003|BAL-001|NOT-002,1,0,0,1,false,0.38
SYN008620,ANNUAL,2026-10-15,2026-10-15,RECOMMEND_APPROVE,"",1,0,0,1,false,0.25
SYN008661,ADO,2026-10-15,2026-10-16,DECLINED,BAL-001,2,0,0,2,true,0.3
SYN000426,SICK,2026-10-15,2026-10-16,ACCEPTED,BAL-001|COV-001,2,1,1,0,true,0.45
SYN008404,ANNUAL,2026-10-15,2026-10-19,RECOMMEND_APPROVE,"",0,0,0,0,false,0.12
SYN000182,UNPAID,2026-10-15,2026-10-15,RECOMMEND_APPROVE,"",1,0,0,1,false,0.51
SYN000802,ANNUAL,2026-10-15,2026-10-15,RECOMMEND_APPROVE,"",1,1,0,0,false,3.5
SYN000632,ANNUAL,2026-10-15,2026-10-15,RECOMMEND_APPROVE,"",1,0,0,1,false,0.19
SYN007573,PROF_DEV,2026-10-15,2026-10-18,NEEDS_APPROVAL,NOT-004,2,0,0,2,true,0.33
SYN006584,LONG_SERVICE,2026-10-15,2026-10-16,DECLINED,ELG-001|ELG-003|BAL-001|NOT-002,2,2,0,0,true,0.61
SYN009544,ANNUAL,2026-10-15,2026-11-15,DECLINED,COV-001,22,0,22,0,true,0.84
SYN006831,ANNUAL,2026-10-15,2026-10-19,NEEDS_APPROVAL,COV-001,3,0,1,2,false,0.85
SYN009388,PROF_DEV,2026-10-15,2026-10-15,DECLINED,ELG-002|BAL-003|NOT-004,2,1,0,1,false,9.22
SYN007241,ANNUAL,2026-10-15,2026-10-16,RECOMMEND_APPROVE,"",2,0,0,2,true,0.41
SYN009247,ANNUAL,2026-10-15,2026-10-15,RECOMMEND_APPROVE,"",1,0,0,1,false,0.75
SYN001714,ANNUAL,2026-10-15,2026-11-01,RECOMMEND_APPROVE,"",7,0,0,7,true,0.57
SYN002787,PROF_DEV,2026-10-15,2026-10-18,NEEDS_APPROVAL,NOT-004,2,0,0,2,false,0.33
SYN007733,ANNUAL,2026-10-15,2026-10-19,RECOMMEND_APPROVE,"",3,2,0,1,true,0.84
SYN007969,ANNUAL,2026-10-15,2026-10-15,RECOMMEND_APPROVE,"",1,0,0,1,false,0.27
SYN005222,PROF_DEV,2026-10-15,2026-10-16,NEEDS_APPROVAL,NOT-004,2,0,0,2,true,0.43
SYN001771,PROF_DEV,2026-10-15,2026-10-15,NEEDS_APPROVAL,NOT-004,1,0,0,1,true,0.24
SYN001675,PROF_DEV,2026-10-15,2026-10-16,NEEDS_APPROVAL,NOT-004,2,0,0,2,true,0.23
SYN003646,PROF_DEV,2026-10-15,2026-10-16,NEEDS_APPROVAL,NOT-004,2,0,0,2,false,0.21
SYN000965,ANNUAL,2026-10-15,2026-10-15,RECOMMEND_APPROVE,"",1,0,0,1,false,0.17
SYN006379,ANNUAL,2026-10-15,2026-10-18,RECOMMEND_APPROVE,"",4,1,0,3,false,11.2
SYN008043,ANNUAL,2026-10-15,2026-10-15,RECOMMEND_APPROVE,"",1,1,0,0,false,9.47
SYN000726,TOIL,2026-10-15,2026-10-17,RECOMMEND_APPROVE,"",1,0,0,1,true,0.5
SYN006140,PARENTAL,2026-10-15,2027-04-28,NEEDS_APPROVAL,NOT-004,110,51,0,59,true,77.33
SYN006051,ANNUAL,2026-10-15,2026-10-18,RECOMMEND_APPROVE,"",2,0,0,2,false,0.71
SYN002868,ANNUAL,2026-10-15,2026-10-16,RECOMMEND_APPROVE,"",2,0,0,2,false,0.54
SYN003775,ADO,2026-10-15,2026-10-15,RECOMMEND_APPROVE,"",1,0,0,1,true,0.7
SYN007731,PROF_DEV,2026-10-15,2026-10-19,NEEDS_APPROVAL,NOT-004,3,0,0,3,true,0.34
SYN008779,ANNUAL,2026-10-15,2026-10-25,RECOMMEND_APPROVE,"",7,0,0,7,true,0.62
SYN007113,LONG_SERVICE,2026-10-15,2026-10-15,DECLINED,ELG-003|NOT-002,0,0,0,0,false,0.17
SYN000479,UNPAID,2026-10-15,2026-10-16,NEEDS_APPROVAL,ELG-001,2,0,0,2,true,0.31
SYN003175,UNPAID,2026-10-15,2026-10-15,RECOMMEND_APPROVE,"",1,0,0,1,false,0.2
SYN008572,ANNUAL,2026-10-15,2026-10-19,RECOMMEND_APPROVE,"",2,0,0,2,false,0.27
SYN005300,TOIL,2026-10-15,2026-10-28,DECLINED,BAL-001|COV-001,9,2,1,6,true,2.23
SYN005421,ANNUAL,2026-10-15,2026-10-27,RECOMMEND_APPROVE,"",6,0,0,6,true,0.63
SYN008653,SICK,2026-10-15,2026-10-15,ACCEPTED,"",1,1,0,0,true,0.38
SYN007153,UNPAID,2026-10-15,2026-10-15,RECOMMEND_APPROVE,"",1,0,0,1,false,0.19
SYN002223,ANNUAL,2026-10-15,2026-11-05,DECLINED,BAL-001,13,2,0,11,true,16.38
SYN007297,ANNUAL,2026-10-15,2026-10-23,RECOMMEND_APPROVE,"",7,0,0,7,true,0.45
SYN008800,ANNUAL,2026-10-15,2026-10-16,RECOMMEND_APPROVE,"",2,0,0,2,true,0.34
SYN009348,ANNUAL,2026-10-15,2026-11-12,RECOMMEND_APPROVE,"",1,0,0,1,false,0.29
SYN007967,PROF_DEV,2026-10-15,2026-10-15,NEEDS_APPROVAL,BAL-003|NOT-004,0,0,0,0,false,0.13
SYN002379,ANNUAL,2026-10-15,2026-10-16,RECOMMEND_APPROVE,"",0,0,0,0,false,0.11
SYN006488,ANNUAL,2026-10-16,2026-10-16,RECOMMEND_APPROVE,"",1,0,0,1,false,0.32
SYN005722,SICK,2026-10-16,2026-10-16,ACCEPTED,ELG-001,1,0,0,1,false,0.28
SYN008548,ANNUAL,2026-10-16,2026-10-16,RECOMMEND_APPROVE,"",1,0,0,1,true,0.22
SYN006647,ANNUAL,2026-10-16,2026-10-25,RECOMMEND_APPROVE,"",4,0,0,4,false,0.35
SYN007111,TOIL,2026-10-16,2026-10-18,RECOMMEND_APPROVE,"",1,0,0,1,false,0.55
SYN007413,ADO,2026-10-16,2026-10-19,DECLINED,REQ-004|BAL-001,2,0,0,2,true,0.31
SYN001229,TOIL,2026-10-16,2026-10-16,RECOMMEND_APPROVE,"",1,0,0,1,true,0.4
SYN009130,TOIL,2026-10-16,2026-10-21,RECOMMEND_APPROVE,"",6,0,0,6,false,0.63
SYN004848,ADO,2026-10-16,2026-10-16,RECOMMEND_APPROVE,"",1,0,0,1,true,0.19
SYN005862,ADO,2026-10-16,2026-10-18,NEEDS_APPROVAL,REQ-004|ELG-001,3,0,0,3,true,0.67
SYN003099,PROF_DEV,2026-10-16,2026-10-16,NEEDS_APPROVAL,BAL-003|NOT-004,1,0,0,1,false,0.29
SYN008084,ANNUAL,2026-10-16,2026-10-16,NEEDS_APPROVAL,ELG-001|COV-001,1,0,1,0,true,0.28
SYN006523,ANNUAL,2026-10-16,2026-10-16,RECOMMEND_APPROVE,"",1,0,0,1,false,0.17
SYN002266,TOIL,2026-10-16,2026-10-16,RECOMMEND_APPROVE,"",1,0,0,1,false,0.21
SYN008298,TOIL,2026-10-16,2026-10-20,DECLINED,BAL-001,3,0,0,3,true,0.57
SYN002860,ANNUAL,2026-10-16,2026-10-16,RECOMMEND_APPROVE,"",0,0,0,0,false,0.16
SYN008061,ANNUAL,2026-10-16,2026-10-18,RECOMMEND_APPROVE,"",1,0,0,1,true,0.25
SYN006446,TOIL,2026-10-16,2026-10-19,NEEDS_APPROVAL,ELG-001,4,0,0,4,false,0.94
SYN008181,ADO,2026-10-16,2026-10-18,DECLINED,REQ-004|BAL-001,3,1,0,2,false,1.03
SYN008173,ANNUAL,2026-10-16,2026-10-16,RECOMMEND_APPROVE,"",1,0,0,1,false,0.19
SYN000521,ANNUAL,2026-10-16,2026-11-01,RECOMMEND_APPROVE,"",11,0,0,11,true,0.6
SYN006345,PROF_DEV,2026-10-16,2026-10-16,NEEDS_APPROVAL,NOT-004,1,0,0,1,true,0.24
SYN003313,PROF_DEV,2026-10-16,2026-10-16,NEEDS_APPROVAL,BAL-003|NOT-004,2,0,0,2,false,0.48
SYN006257,PROF_DEV,2026-10-16,2026-10-16,NEEDS_APPROVAL,NOT-004,1,0,0,1,false,0.19
SYN001150,ANNUAL,2026-10-16,2026-10-18,RECOMMEND_APPROVE,"",1,0,0,1,false,0.21
SYN003811,ANNUAL,2026-10-16,2026-10-16,RECOMMEND_APPROVE,"",0,0,0,0,false,0.12
SYN000766,ANNUAL,2026-10-16,2026-10-16,RECOMMEND_APPROVE,"",1,1,0,0,false,3.02
SYN005892,TOIL,2026-10-16,2026-10-16,RECOMMEND_APPROVE,"",1,0,0,1,true,0.3
SYN005231,PROF_DEV,2026-10-16,2026-10-16,NEEDS_APPROVAL,BAL-003|NOT-004,1,0,0,1,true,0.22
SYN002333,PROF_DEV,2026-10-16,2026-10-16,NEEDS_APPROVAL,NOT-004,1,0,0,1,true,0.23
SYN009143,LONG_SERVICE,2026-10-16,2026-10-16,DECLINED,ELG-003|BAL-001|NOT-002,1,0,0,1,false,0.3
SYN005995,PROF_DEV,2026-10-16,2026-10-17,DECLINED,ELG-002|BAL-003|NOT-004,1,0,0,1,false,0.71
SYN006299,ANNUAL,2026-10-16,2026-10-19,RECOMMEND_APPROVE,"",2,0,0,2,true,0.47
SYN003261,TOIL,2026-10-16,2026-10-16,RECOMMEND_APPROVE,"",1,0,0,1,false,0.26
SYN003042,TOIL,2026-10-16,2026-10-18,DECLINED,BAL-001,4,0,0,4,false,0.8
SYN008731,PROF_DEV,2026-10-16,2026-10-19,NEEDS_APPROVAL,NOT-004,2,0,0,2,true,0.32
SYN008743,TOIL,2026-10-16,2026-10-16,NEEDS_APPROVAL,ELG-001,1,1,0,0,true,1.6
SYN000563,ANNUAL,2026-10-16,2026-10-25,RECOMMEND_APPROVE,"",3,0,0,3,false,0.52
SYN003390,UNPAID,2026-10-16,2026-10-16,NEEDS_APPROVAL,COV-001,1,0,1,0,true,0.19
SYN000802,ANNUAL,2026-10-16,2026-10-16,RECOMMEND_APPROVE,"",1,0,0,1,true,0.24
SYN007518,PROF_DEV,2026-10-16,2026-10-16,NEEDS_APPROVAL,NOT-004,0,0,0,0,false,0.17
SYN002197,PROF_DEV,2026-10-16,2026-10-16,NEEDS_APPROVAL,BAL-003|NOT-004|COV-001,1,0,1,0,true,0.26
SYN008009,ANNUAL,2026-10-16,2026-10-16,RECOMMEND_APPROVE,"",1,0,0,1,false,0.18
SYN008764,ANNUAL,2026-10-16,2026-10-19,RECOMMEND_APPROVE,"",2,2,0,0,true,7.23
SYN006221,PROF_DEV,2026-10-16,2026-10-19,DECLINED,BAL-001|NOT-004|COV-001,2,0,1,1,true,0.32
SYN005340,ADO,2026-10-16,2026-10-16,RECOMMEND_APPROVE,"",1,0,0,1,false,1.05
SYN005084,ANNUAL,2026-10-16,2026-10-25,RECOMMEND_APPROVE,"",3,1,0,2,false,7.38
SYN006444,PROF_DEV,2026-10-16,2026-10-17,NEEDS_APPROVAL,NOT-004,1,0,0,1,true,0.33
SYN002564,ANNUAL,2026-10-16,2026-10-16,RECOMMEND_APPROVE,"",1,0,0,1,false,0.33
SYN001751,UNPAID,2026-10-16,2026-10-16,RECOMMEND_APPROVE,"",1,0,0,1,true,0.29
SYN008899,ANNUAL,2026-10-16,2026-10-20,NEEDS_APPROVAL,ELG-001|COV-002,3,0,0,3,true,0.48
SYN004868,PROF_DEV,2026-10-16,2026-10-16,NEEDS_APPROVAL,NOT-004|COV-001,1,0,1,0,true,0.26
SYN008955,ADO,2026-10-16,2026-10-18,NEEDS_APPROVAL,REQ-004,1,0,0,1,false,0.23
SYN006460,ANNUAL,2026-10-16,2026-10-19,RECOMMEND_APPROVE,"",2,0,0,2,true,0.33
SYN002800,ANNUAL,2026-10-16,2026-10-16,RECOMMEND_APPROVE,"",1,0,0,1,false,0.19
SYN004916,ANNUAL,2026-10-16,2026-10-19,RECOMMEND_APPROVE,"",2,1,0,1,false,1.96
SYN001258,ANNUAL,2026-10-16,2026-10-16,DECLINED,BAL-001,1,0,0,1,false,0.26
SYN003346,LONG_SERVICE,2026-10-16,2026-10-16,NEEDS_APPROVAL,NOT-002,0,0,0,0,false,1.16
SYN007373,PROF_DEV,2026-10-16,2026-10-18,NEEDS_APPROVAL,BAL-003|NOT-004,1,1,0,0,true,0.8
SYN009295,LONG_SERVICE,2026-10-16,2026-10-16,DECLINED,ELG-003|BAL-001|NOT-002,1,0,0,1,false,0.29
SYN009489,ANNUAL,2026-10-16,2026-10-16,RECOMMEND_APPROVE,"",1,1,0,0,false,3.09
SYN000251,ADO,2026-10-16,2026-10-16,RECOMMEND_APPROVE,"",1,0,0,1,true,0.75
SYN009035,UNPAID,2026-10-16,2026-10-16,RECOMMEND_APPROVE,"",1,1,0,0,false,3.05
SYN003456,ANNUAL,2026-10-16,2026-10-16,RECOMMEND_APPROVE,"",1,0,0,1,true,0.3
SYN004838,ANNUAL,2026-10-16,2026-10-16,RECOMMEND_APPROVE,"",1,0,0,1,false,0.25
SYN005064,LONG_SERVICE,2026-10-16,2026-11-06,DECLINED,ELG-003|BAL-001|NOT-002,16,13,0,3,false,22.85
SYN004098,ANNUAL,2026-10-16,2026-10-17,RECOMMEND_APPROVE,"",2,0,0,2,false,0.58
SYN006641,ANNUAL,2026-10-16,2026-10-19,RECOMMEND_APPROVE,"",2,0,0,2,true,0.27
SYN001377,ANNUAL,2026-10-16,2026-10-16,RECOMMEND_APPROVE,"",1,0,0,1,false,0.2
SYN005655,TOIL,2026-10-16,2026-10-16,RECOMMEND_APPROVE,"",1,1,0,0,true,1.51
SYN002853,PROF_DEV,2026-10-16,2026-10-16,DECLINED,BAL-001|NOT-004|COV-002,1,0,0,1,true,0.43
SYN007862,LONG_SERVICE,2026-10-16,2026-10-28,DECLINED,ELG-003|BAL-001|NOT-002,4,0,0,4,false,0.62
SYN006528,ADO,2026-10-16,2026-10-16,RECOMMEND_APPROVE,"",1,0,0,1,false,0.19
SYN001158,ANNUAL,2026-10-16,2026-10-19,DECLINED,BAL-001,3,0,0,3,false,0.32
SYN001338,PROF_DEV,2026-10-16,2026-10-16,NEEDS_APPROVAL,BAL-003|NOT-004,1,0,0,1,false,0.38
SYN002541,PROF_DEV,2026-10-16,2026-10-16,NEEDS_APPROVAL,BAL-003|NOT-004,1,0,0,1,true,0.26
SYN000613,ANNUAL,2026-10-16,2026-10-16,RECOMMEND_APPROVE,"",1,0,0,1,false,0.31
SYN005162,SICK,2026-10-16,2026-10-16,ACCEPTED,"",1,0,0,1,true,0.23
SYN005687,ANNUAL,2026-10-16,2026-10-19,RECOMMEND_APPROVE,"",2,0,0,2,false,0.31
SYN000794,UNPAID,2026-10-16,2026-10-16,RECOMMEND_APPROVE,"",1,1,0,0,false,2.94
SYN008604,ANNUAL,2026-10-17,2026-10-18,RECOMMEND_APPROVE,"",2,0,0,2,true,0.35
SYN005927,TOIL,2026-10-17,2026-10-18,NEEDS_APPROVAL,ELG-001,2,0,0,2,true,0.58
SYN006585,ANNUAL,2026-10-17,2026-10-27,RECOMMEND_APPROVE,"",7,0,0,7,true,0.8
SYN004045,ANNUAL,2026-10-17,2026-10-17,RECOMMEND_APPROVE,"",0,0,0,0,false,0.11
SYN005363,TOIL,2026-10-17,2026-10-17,RECOMMEND_APPROVE,"",1,1,0,0,true,2.85
SYN006385,UNPAID,2026-10-17,2027-06-03,RECOMMEND_APPROVE,"",164,0,0,164,true,5.85
SYN009508,ANNUAL,2026-10-17,2026-10-28,RECOMMEND_APPROVE,"",12,0,0,12,false,0.95
SYN001014,ANNUAL,2026-10-17,2026-10-17,RECOMMEND_APPROVE,"",1,1,0,0,false,2.59
SYN001721,ANNUAL,2026-10-17,2026-10-22,RECOMMEND_APPROVE,"",4,1,0,3,false,8.05
SYN005705,ANNUAL,2026-10-17,2026-11-01,RECOMMEND_APPROVE,"",8,0,0,8,false,0.63
SYN008880,ANNUAL,2026-10-17,2026-11-03,RECOMMEND_APPROVE,"",12,0,0,12,true,0.85
SYN005102,ANNUAL,2026-10-17,2026-10-25,RECOMMEND_APPROVE,"",5,0,0,5,true,0.4
SYN000214,ANNUAL,2026-10-17,2026-10-28,RECOMMEND_APPROVE,"",0,0,0,0,false,0.14
SYN009339,LONG_SERVICE,2026-10-17,2026-10-25,DECLINED,ELG-001|ELG-003|BAL-001|NOT-002,8,0,0,8,true,0.58
SYN003903,LONG_SERVICE,2026-10-17,2026-10-17,DECLINED,BAL-001,1,0,0,1,true,0.32
SYN000239,ANNUAL,2026-10-17,2026-11-01,RECOMMEND_APPROVE,"",8,0,0,8,true,2.14
SYN008287,PROF_DEV,2026-10-17,2026-10-20,RECOMMEND_APPROVE,"",2,0,0,2,true,0.34
SYN003888,ANNUAL,2026-10-17,2026-10-19,RECOMMEND_APPROVE,"",1,0,0,1,false,0.23
SYN004673,LONG_SERVICE,2026-10-17,2026-10-17,DECLINED,ELG-003|NOT-002,0,0,0,0,false,0.18
SYN008812,LONG_SERVICE,2026-10-17,2026-10-18,DECLINED,ELG-003|BAL-001,2,0,0,2,true,0.56
SYN002695,ANNUAL,2026-10-17,2026-10-26,RECOMMEND_APPROVE,"",4,0,0,4,true,0.38
SYN001775,ANNUAL,2026-10-17,2026-10-20,NEEDS_APPROVAL,COV-002,1,0,0,1,false,0.33
SYN001870,UNPAID,2026-10-18,2027-06-06,NEEDS_APPROVAL,COV-002,161,35,0,126,true,57.41
SYN003089,PROF_DEV,2026-10-18,2026-10-31,DECLINED,BAL-001,11,0,0,11,false,0.53
SYN004447,ANNUAL,2026-10-18,2026-10-18,RECOMMEND_APPROVE,"",1,0,0,1,false,0.34
SYN000924,ANNUAL,2026-10-18,2026-11-15,DECLINED,BAL-001,13,0,0,13,true,1.23
SYN005835,PROF_DEV,2026-10-18,2026-10-21,RECOMMEND_APPROVE,"",3,0,0,3,true,0.26
SYN005674,PROF_DEV,2026-10-18,2026-10-18,RECOMMEND_APPROVE,"",1,0,0,1,true,0.39
SYN008437,PROF_DEV,2026-10-18,2026-10-31,NEEDS_APPROVAL,COV-001,10,0,2,8,true,0.49
SYN007982,ANNUAL,2026-10-18,2026-11-01,RECOMMEND_APPROVE,"",8,0,0,8,true,1.77
SYN004098,ANNUAL,2026-10-18,2026-10-19,RECOMMEND_APPROVE,"",2,0,0,2,false,0.44
SYN006296,ANNUAL,2026-10-18,2026-10-19,RECOMMEND_APPROVE,"",2,0,0,2,false,0.44
SYN006301,PROF_DEV,2026-10-18,2026-10-21,NEEDS_APPROVAL,ELG-001,3,0,0,3,true,0.42
SYN007198,ANNUAL,2026-10-18,2026-11-01,RECOMMEND_APPROVE,"",7,0,0,7,true,1.3
SYN006868,LONG_SERVICE,2026-10-18,2026-11-08,DECLINED,ELG-003|BAL-001,16,12,0,4,true,2.76
SYN003914,ANNUAL,2026-10-18,2026-10-18,RECOMMEND_APPROVE,"",1,0,0,1,false,0.21
SYN009054,ANNUAL,2026-10-19,2026-11-15,NEEDS_APPROVAL,ELG-001,20,0,0,20,true,1.1
SYN005408,PARENTAL,2026-10-19,2027-05-02,NEEDS_APPROVAL,NOT-004,140,4,0,136,true,6.91
SYN007286,ANNUAL,2026-10-19,2026-10-25,NEEDS_APPROVAL,COV-001,4,0,3,1,false,1.76
SYN006440,TOIL,2026-10-19,2026-10-22,NEEDS_APPROVAL,COV-001,2,0,1,1,true,0.25
SYN003621,ANNUAL,2026-10-19,2026-10-25,RECOMMEND_APPROVE,"",4,1,0,3,false,9.88
SYN009193,ANNUAL,2026-10-19,2026-11-08,RECOMMEND_APPROVE,"",15,0,0,15,true,3.01
SYN006132,UNPAID,2026-10-19,2026-10-19,NEEDS_APPROVAL,ELG-001,1,0,0,1,true,0.28
SYN002579,TOIL,2026-10-19,2026-11-01,DECLINED,ELG-001|BAL-001,6,0,0,6,true,1.53
SYN007400,TOIL,2026-10-19,2026-10-25,DECLINED,ELG-001|BAL-001,5,2,0,3,true,2.32
SYN000327,ANNUAL,2026-10-19,2026-11-06,DECLINED,BAL-001,16,0,0,16,true,1.39
SYN006362,TOIL,2026-10-19,2026-10-25,RECOMMEND_APPROVE,"",3,0,0,3,false,0.67
SYN004269,ANNUAL,2026-10-19,2026-10-30,RECOMMEND_APPROVE,"",6,0,0,6,true,0.38
SYN007547,ANNUAL,2026-10-19,2026-11-01,NEEDS_APPROVAL,ELG-001,6,0,0,6,true,0.54
SYN000493,ANNUAL,2026-10-19,2026-10-25,RECOMMEND_APPROVE,"",5,1,0,4,true,0.98
SYN004505,UNPAID,2026-10-19,2026-11-15,RECOMMEND_APPROVE,"",18,1,0,17,true,3.09
SYN005722,ANNUAL,2026-10-19,2026-10-19,NEEDS_APPROVAL,ELG-001,1,0,0,1,false,0.29
SYN006795,ANNUAL,2026-10-19,2026-10-19,NEEDS_APPROVAL,ELG-001,1,0,0,1,true,0.24
SYN006576,ANNUAL,2026-10-19,2026-10-27,RECOMMEND_APPROVE,"",5,0,0,5,true,0.27
SYN008989,ANNUAL,2026-10-19,2026-10-23,RECOMMEND_APPROVE,"",5,0,0,5,false,0.26
SYN007364,ANNUAL,2026-10-19,2026-11-01,RECOMMEND_APPROVE,"",9,0,0,9,false,0.79
SYN004435,ADO,2026-10-19,2026-11-01,DECLINED,REQ-004|BAL-001,10,2,0,8,true,1.12
SYN001302,TOIL,2026-10-19,2026-11-08,RECOMMEND_APPROVE,"",0,0,0,0,false,0.15
SYN004002,LONG_SERVICE,2026-10-19,2026-10-25,DECLINED,BAL-001|NOT-002,4,1,0,3,false,3.07
SYN000904,ANNUAL,2026-10-19,2026-10-29,RECOMMEND_APPROVE,"",8,0,0,8,true,0.39
SYN004059,TOIL,2026-10-19,2026-10-25,DECLINED,BAL-001|COV-002,6,0,0,6,true,0.88
SYN001256,ANNUAL,2026-10-19,2026-11-08,RECOMMEND_APPROVE,"",12,0,0,12,true,2.8
SYN001475,TOIL,2026-10-19,2026-10-19,DECLINED,ELG-002|BAL-003|COV-001,1,0,1,0,true,0.22
SYN000059,UNPAID,2026-10-19,2027-04-09,RECOMMEND_APPROVE,"",125,23,0,102,true,17.31
SYN007009,LONG_SERVICE,2026-10-19,2026-10-23,DECLINED,ELG-003|BAL-001|NOT-002,3,0,0,3,false,0.79
SYN000031,ANNUAL,2026-10-19,2026-10-25,RECOMMEND_APPROVE,"",4,0,0,4,false,0.65
SYN007097,PROF_DEV,2026-10-19,2026-10-25,RECOMMEND_APPROVE,"",2,0,0,2,true,0.45
SYN003833,ANNUAL,2026-10-19,2026-10-25,RECOMMEND_APPROVE,"",4,0,0,4,true,0.75
SYN002175,ANNUAL,2026-10-19,2026-10-25,NEEDS_APPROVAL,COV-001,5,0,3,2,true,0.42
SYN008187,TOIL,2026-10-19,2026-10-19,NEEDS_APPROVAL,BAL-003,1,1,0,0,false,8.04
SYN001785,TOIL,2026-10-19,2026-10-19,RECOMMEND_APPROVE,"",1,0,0,1,false,0.18
SYN000181,ANNUAL,2026-10-19,2026-11-01,RECOMMEND_APPROVE,"",4,0,0,4,true,1.09
SYN008978,LONG_SERVICE,2026-10-19,2026-10-25,RECOMMEND_APPROVE,"",3,0,0,3,false,0.26
SYN006005,ADO,2026-10-19,2026-11-01,DECLINED,REQ-004|BAL-001,10,2,0,8,true,5.1
SYN003652,ANNUAL,2026-10-19,2026-10-19,RECOMMEND_APPROVE,"",1,0,0,1,false,0.21
SYN000938,UNPAID,2026-10-19,2026-10-19,RECOMMEND_APPROVE,"",1,0,0,1,false,0.13
SYN002942,ANNUAL,2026-10-19,2026-11-01,RECOMMEND_APPROVE,"",4,0,0,4,true,0.47
SYN009353,LONG_SERVICE,2026-10-19,2026-11-01,DECLINED,ELG-003|BAL-001|NOT-002,14,3,0,11,true,6.77
SYN007954,UNPAID,2026-10-19,2027-02-21,RECOMMEND_APPROVE,"",90,68,0,22,true,149.26
SYN004835,LONG_SERVICE,2026-10-19,2026-11-01,DECLINED,ELG-003|BAL-001,8,2,0,6,true,1.71
SYN002637,ADO,2026-10-19,2026-10-22,NEEDS_APPROVAL,REQ-004|BAL-003,4,0,0,4,true,0.49
SYN001283,ANNUAL,2026-10-19,2026-10-20,RECOMMEND_APPROVE,"",2,1,0,1,true,0.57
SYN004416,TOIL,2026-10-19,2026-10-25,DECLINED,ELG-001|BAL-001,4,1,0,3,true,1.8
SYN008181,ANNUAL,2026-10-19,2026-11-04,RECOMMEND_APPROVE,"",13,3,0,10,false,5.32
SYN002809,LONG_SERVICE,2026-10-19,2026-11-08,DECLINED,BAL-001|NOT-002,14,0,0,14,true,2.85
SYN003248,ANNUAL,2026-10-19,2026-10-23,NEEDS_APPROVAL,COV-002,3,1,0,2,false,1.56
SYN007852,UNPAID,2026-10-19,2026-10-25,RECOMMEND_APPROVE,"",3,0,0,3,false,0.57
SYN002776,ANNUAL,2026-10-19,2026-10-19,RECOMMEND_APPROVE,"",1,0,0,1,true,0.26
SYN005586,ANNUAL,2026-10-19,2026-10-25,RECOMMEND_APPROVE,"",5,2,0,3,false,3.79
SYN007673,PROF_DEV,2026-10-19,2026-11-09,NEEDS_APPROVAL,BAL-003,3,0,0,3,false,0.84
SYN008409,ANNUAL,2026-10-19,2026-10-28,NEEDS_APPROVAL,ELG-001,4,0,0,4,true,1.37
SYN005086,ADO,2026-10-19,2026-10-20,RECOMMEND_APPROVE,"",2,0,0,2,false,0.42
SYN001536,ANNUAL,2026-10-19,2026-10-25,RECOMMEND_APPROVE,"",4,0,0,4,false,0.75
SYN006953,ANNUAL,2026-10-19,2026-11-06,DECLINED,BAL-001|COV-001,15,0,3,12,true,0.93
SYN000740,ANNUAL,2026-10-19,2026-10-25,RECOMMEND_APPROVE,"",3,0,0,3,false,0.28
SYN005445,TOIL,2026-10-19,2026-10-19,RECOMMEND_APPROVE,"",1,0,0,1,false,0.22
SYN008818,PROF_DEV,2026-10-19,2026-10-23,RECOMMEND_APPROVE,"",5,0,0,5,true,0.27
SYN001781,ANNUAL,2026-10-19,2026-10-25,NEEDS_APPROVAL,ELG-001,3,0,0,3,false,0.79
SYN003268,ANNUAL,2026-10-19,2026-10-30,NEEDS_APPROVAL,COV-001,2,0,2,0,true,0.26
SYN003777,ANNUAL,2026-10-19,2026-11-01,DECLINED,BAL-001|COV-001,6,0,1,5,false,1.86
SYN008705,ANNUAL,2026-10-19,2026-10-25,RECOMMEND_APPROVE,"",5,0,0,5,true,0.81
SYN008668,ANNUAL,2026-10-19,2026-10-26,DECLINED,BAL-001,8,0,0,8,true,0.91
SYN000668,ANNUAL,2026-10-19,2026-10-21,RECOMMEND_APPROVE,"",3,0,0,3,false,0.33
SYN005515,TOIL,2026-10-19,2026-10-25,RECOMMEND_APPROVE,"",4,0,0,4,true,0.79
SYN002791,TOIL,2026-10-19,2026-10-19,RECOMMEND_APPROVE,"",1,0,0,1,false,0.18
SYN005795,ANNUAL,2026-10-19,2026-10-23,NEEDS_APPROVAL,ELG-001|COV-002,5,0,0,5,true,0.67
SYN009155,LONG_SERVICE,2026-10-19,2026-10-19,NEEDS_APPROVAL,NOT-002,1,0,0,1,true,0.27
SYN004830,ANNUAL,2026-10-19,2026-11-01,DECLINED,BAL-001|COV-002,8,2,0,6,true,1.72
SYN005719,TOIL,2026-10-19,2026-10-19,NEEDS_APPROVAL,BAL-003,1,0,0,1,false,0.16
SYN005651,TOIL,2026-10-19,2026-10-19,DECLINED,BAL-001,1,0,0,1,false,0.38
SYN003934,PROF_DEV,2026-10-19,2026-10-19,RECOMMEND_APPROVE,"",1,0,0,1,true,0.22
SYN004870,PROF_DEV,2026-10-19,2026-10-25,DECLINED,BAL-001,4,1,0,3,true,0.56
SYN001670,PROF_DEV,2026-10-19,2026-10-23,RECOMMEND_APPROVE,"",5,0,0,5,true,0.27
SYN003792,LONG_SERVICE,2026-10-19,2026-11-16,DECLINED,BAL-001|NOT-002,13,0,0,13,true,2.61
SYN005606,LONG_SERVICE,2026-10-19,2026-12-10,DECLINED,ELG-003|BAL-001|NOT-002,8,0,0,8,true,0.6
SYN006808,ANNUAL,2026-10-19,2026-12-13,DECLINED,BAL-001|COV-002,24,12,0,12,true,19.6
SYN007745,ANNUAL,2026-10-19,2026-10-25,RECOMMEND_APPROVE,"",4,1,0,3,true,1.89
SYN001576,ANNUAL,2026-10-19,2026-10-25,RECOMMEND_APPROVE,"",8,0,0,8,false,0.69
SYN007520,LONG_SERVICE,2026-10-19,2026-10-25,DECLINED,ELG-003|BAL-001|NOT-002,5,0,0,5,true,0.53
SYN001150,TOIL,2026-10-19,2026-10-19,NEEDS_APPROVAL,BAL-003,1,0,0,1,false,0.23
SYN006878,ANNUAL,2026-10-19,2026-11-01,RECOMMEND_APPROVE,"",2,0,0,2,false,0.56
SYN005159,ANNUAL,2026-10-19,2026-11-22,DECLINED,BAL-001,24,7,0,17,true,9.18
SYN007160,ANNUAL,2026-10-19,2026-10-25,RECOMMEND_APPROVE,"",4,0,0,4,false,0.65
SYN000911,ANNUAL,2026-10-19,2026-10-30,RECOMMEND_APPROVE,"",10,0,0,10,false,0.45
SYN003348,ANNUAL,2026-10-19,2026-10-25,RECOMMEND_APPROVE,"",5,0,0,5,false,0.94
SYN006556,TOIL,2026-10-19,2026-10-26,DECLINED,BAL-001,5,0,0,5,false,1.15
SYN005887,ANNUAL,2026-10-19,2026-10-31,RECOMMEND_APPROVE,"",7,1,0,6,true,5.59
SYN008582,LONG_SERVICE,2026-10-19,2026-11-01,NEEDS_APPROVAL,NOT-002,2,0,0,2,false,0.38
SYN009269,ANNUAL,2026-10-19,2026-10-30,RECOMMEND_APPROVE,"",6,0,0,6,false,0.63
SYN000570,TOIL,2026-10-19,2026-10-25,RECOMMEND_APPROVE,"",5,1,0,4,false,4.4
SYN004761,TOIL,2026-10-19,2026-10-19,NEEDS_APPROVAL,BAL-003,1,0,0,1,false,0.17
SYN001968,ANNUAL,2026-10-19,2026-11-01,DECLINED,BAL-001,10,0,0,10,true,2.51
SYN008292,ANNUAL,2026-10-19,2026-11-01,NEEDS_APPROVAL,COV-001,6,0,3,3,true,0.66
SYN003493,ANNUAL,2026-10-19,2026-10-30,NEEDS_APPROVAL,COV-003,8,2,0,6,true,0.66
SYN005813,TOIL,2026-10-19,2026-10-25,RECOMMEND_APPROVE,"",2,1,0,1,true,0.59
SYN008356,ANNUAL,2026-10-19,2026-10-21,NEEDS_APPROVAL,ELG-001,3,0,0,3,true,0.33
SYN003037,ANNUAL,2026-10-19,2026-11-01,RECOMMEND_APPROVE,"",8,1,0,7,true,2.03
SYN003823,ANNUAL,2026-10-19,2026-11-08,RECOMMEND_APPROVE,"",9,0,0,9,true,0.9
SYN009572,TOIL,2026-10-19,2026-10-25,DECLINED,BAL-001,4,0,0,4,false,0.71
SYN003704,TOIL,2026-10-19,2026-10-19,DECLINED,ELG-002|BAL-003,1,0,0,1,false,0.22
SYN009424,ANNUAL,2026-10-19,2026-11-01,DECLINED,BAL-001,10,2,0,8,true,1.61
SYN007558,ANNUAL,2026-10-19,2026-11-01,RECOMMEND_APPROVE,"",10,0,0,10,true,1.22
SYN001193,ANNUAL,2026-10-19,2026-11-01,RECOMMEND_APPROVE,"",2,1,0,1,true,0.42
SYN006041,ANNUAL,2026-10-19,2026-11-08,RECOMMEND_APPROVE,"",9,0,0,9,true,1.46
SYN006652,ANNUAL,2026-10-19,2026-10-21,DECLINED,ELG-002|BAL-003,3,0,0,3,false,0.54
SYN005209,ANNUAL,2026-10-19,2026-10-25,RECOMMEND_APPROVE,"",5,1,0,4,false,3.63
SYN007536,ADO,2026-10-19,2026-10-25,NEEDS_APPROVAL,REQ-004,3,0,0,3,true,0.5
SYN009413,TOIL,2026-10-19,2026-10-25,RECOMMEND_APPROVE,"",5,0,0,5,true,0.42
SYN005098,ANNUAL,2026-10-19,2026-10-25,RECOMMEND_APPROVE,"",5,2,0,3,false,5.94
SYN001368,ANNUAL,2026-10-19,2026-10-25,RECOMMEND_APPROVE,"",5,2,0,3,true,1.85
SYN008303,TOIL,2026-10-19,2026-10-20,RECOMMEND_APPROVE,"",2,2,0,0,false,15.52
SYN000961,SICK,2026-10-19,2026-10-19,ACCEPTED,BAL-001,1,0,0,1,false,0.29
SYN002937,ADO,2026-10-19,2026-11-01,NEEDS_APPROVAL,REQ-004|BAL-003,10,2,0,8,true,14.51
SYN001664,ANNUAL,2026-10-19,2026-11-01,NEEDS_APPROVAL,COV-001,12,0,1,11,true,1.53
SYN006409,ANNUAL,2026-10-19,2026-10-20,RECOMMEND_APPROVE,"",2,0,0,2,true,0.25
SYN003015,ANNUAL,2026-10-19,2026-10-24,RECOMMEND_APPROVE,"",3,0,0,3,true,0.67
SYN001508,ANNUAL,2026-10-19,2026-10-25,NEEDS_APPROVAL,ELG-001,4,1,0,3,true,1.19
SYN008746,TOIL,2026-10-19,2026-10-25,RECOMMEND_APPROVE,"",3,0,0,3,false,1.09
SYN000183,TOIL,2026-10-19,2026-10-19,NEEDS_APPROVAL,BAL-003,1,0,0,1,false,0.19
SYN004504,ANNUAL,2026-10-19,2026-11-01,RECOMMEND_APPROVE,"",4,1,0,3,true,0.47
SYN005513,ANNUAL,2026-10-19,2026-10-19,RECOMMEND_APPROVE,"",1,0,0,1,true,0.18
SYN009311,LONG_SERVICE,2026-10-19,2026-11-13,DECLINED,ELG-003|BAL-001|NOT-002,20,0,0,20,true,0.67
SYN001381,ANNUAL,2026-10-19,2026-11-01,DECLINED,BAL-001,10,0,0,10,true,0.81
SYN007666,ANNUAL,2026-10-19,2026-10-25,RECOMMEND_APPROVE,"",5,1,0,4,true,0.99
SYN002787,TOIL,2026-10-19,2026-10-19,NEEDS_APPROVAL,BAL-003,1,0,0,1,false,0.24
SYN008808,ANNUAL,2026-10-19,2026-11-03,RECOMMEND_APPROVE,"",9,0,0,9,true,0.73
SYN007767,ANNUAL,2026-10-19,2026-10-20,RECOMMEND_APPROVE,"",2,0,0,2,true,0.24
SYN005536,ANNUAL,2026-10-19,2026-10-30,RECOMMEND_APPROVE,"",6,2,0,4,true,10.42
SYN002338,ANNUAL,2026-10-19,2026-11-15,DECLINED,BAL-001,20,2,0,18,true,6.91
SYN002483,ANNUAL,2026-10-19,2026-11-01,RECOMMEND_APPROVE,"",10,2,0,8,true,2.41
SYN002815,TOIL,2026-10-19,2026-10-19,RECOMMEND_APPROVE,"",1,0,0,1,false,0.25
SYN008742,PROF_DEV,2026-10-19,2026-10-23,DECLINED,BAL-001|COV-001,4,0,1,3,true,0.33
SYN007305,TOIL,2026-10-19,2026-10-19,NEEDS_APPROVAL,BAL-003,1,0,0,1,false,0.22
SYN002177,ANNUAL,2026-10-19,2026-10-20,RECOMMEND_APPROVE,"",1,0,0,1,false,0.23
SYN006325,ANNUAL,2026-10-19,2026-11-22,DECLINED,BAL-001,15,1,0,14,true,3.54
SYN004800,UNPAID,2026-10-19,2027-04-04,DECLINED,ELG-001|COV-001|COV-002,120,21,38,61,true,8.07
SYN000479,ANNUAL,2026-10-19,2026-10-21,NEEDS_APPROVAL,ELG-001,3,1,0,2,true,0.89
SYN008180,ANNUAL,2026-10-19,2026-10-25,RECOMMEND_APPROVE,"",4,0,0,4,false,0.56
SYN005768,ANNUAL,2026-10-19,2026-11-04,RECOMMEND_APPROVE,"",10,2,0,8,true,3.31
SYN000868,PROF_DEV,2026-10-19,2026-10-23,RECOMMEND_APPROVE,"",5,5,0,0,false,16.02
SYN006809,TOIL,2026-10-19,2026-10-21,RECOMMEND_APPROVE,"",3,0,0,3,false,0.27
SYN008661,SICK,2026-10-19,2026-11-01,ACCEPTED,"",10,0,0,10,true,0.64
SYN007729,ANNUAL,2026-10-19,2026-10-26,RECOMMEND_APPROVE,"",2,0,0,2,false,0.21
SYN002641,ANNUAL,2026-10-19,2026-11-22,NEEDS_APPROVAL,ELG-001|BAL-003,20,3,0,17,true,3.8
SYN008001,TOIL,2026-10-19,2026-10-25,RECOMMEND_APPROVE,"",2,0,0,2,true,0.35
SYN005092,LONG_SERVICE,2026-10-19,2026-11-29,DECLINED,ELG-003|BAL-001|NOT-002,24,0,0,24,true,1.71
SYN005107,ANNUAL,2026-10-19,2026-10-26,RECOMMEND_APPROVE,"",3,0,0,3,false,0.56
SYN003260,ANNUAL,2026-10-19,2026-10-25,RECOMMEND_APPROVE,"",2,0,0,2,true,0.35
SYN004859,ANNUAL,2026-10-19,2026-10-20,RECOMMEND_APPROVE,"",2,0,0,2,false,0.22
SYN004690,TOIL,2026-10-19,2026-10-23,RECOMMEND_APPROVE,"",4,0,0,4,false,0.33
SYN001758,UNPAID,2026-10-19,2026-11-02,RECOMMEND_APPROVE,"",13,1,0,12,true,5.2
SYN007936,ANNUAL,2026-10-19,2026-10-20,RECOMMEND_APPROVE,"",2,0,0,2,true,0.27
SYN007607,LONG_SERVICE,2026-10-19,2026-11-03,DECLINED,ELG-003|BAL-001|NOT-002,12,1,0,11,false,5.04
SYN000140,ADO,2026-10-19,2026-10-20,DECLINED,ELG-001|BAL-001,2,0,0,2,true,0.29
SYN005892,LONG_SERVICE,2026-10-19,2026-11-01,DECLINED,ELG-003|BAL-001|NOT-002,10,0,0,10,true,0.84
SYN008231,ANNUAL,2026-10-19,2026-10-23,RECOMMEND_APPROVE,"",5,0,0,5,false,0.25
SYN001722,PROF_DEV,2026-10-19,2026-10-25,NEEDS_APPROVAL,COV-003,5,1,0,4,true,0.57
SYN008206,ANNUAL,2026-10-19,2026-10-24,NEEDS_APPROVAL,COV-001,4,0,2,2,true,0.3
SYN006841,ANNUAL,2026-10-19,2026-11-22,NEEDS_APPROVAL,ELG-001,25,3,0,22,true,10.71
SYN002188,ANNUAL,2026-10-19,2026-10-23,RECOMMEND_APPROVE,"",5,0,0,5,false,0.37
SYN008054,PARENTAL,2026-10-19,2027-05-02,NEEDS_APPROVAL,NOT-004,84,41,0,43,true,66.66
SYN006534,PROF_DEV,2026-10-19,2026-10-25,RECOMMEND_APPROVE,"",3,1,0,2,true,1.38
SYN005984,ANNUAL,2026-10-19,2026-10-25,NEEDS_APPROVAL,COV-002,5,0,0,5,true,0.39
SYN007255,LONG_SERVICE,2026-10-19,2026-11-01,DECLINED,ELG-003|BAL-001|NOT-002,4,0,0,4,true,0.43
SYN008849,ANNUAL,2026-10-19,2026-10-22,RECOMMEND_APPROVE,"",4,0,0,4,true,1.79
SYN004281,ANNUAL,2026-10-19,2026-11-09,DECLINED,BAL-001,10,5,0,5,true,7.23
SYN002758,TOIL,2026-10-19,2026-10-19,NEEDS_APPROVAL,BAL-003,1,0,0,1,false,0.26
SYN001481,ANNUAL,2026-10-19,2026-11-02,RECOMMEND_APPROVE,"",9,0,0,9,false,1.89
SYN005029,UNPAID,2026-10-19,2026-10-19,RECOMMEND_APPROVE,"",0,0,0,0,false,0.1
SYN007328,ANNUAL,2026-10-19,2026-10-24,RECOMMEND_APPROVE,"",2,0,0,2,false,0.33
SYN008948,PROF_DEV,2026-10-19,2026-10-25,RECOMMEND_APPROVE,"",5,0,0,5,false,0.83
SYN002980,LONG_SERVICE,2026-10-19,2026-11-01,DECLINED,BAL-001,20,0,0,20,false,1.15
SYN000089,TOIL,2026-10-19,2026-10-19,NEEDS_APPROVAL,BAL-003,1,0,0,1,false,0.27
SYN003914,TOIL,2026-10-19,2026-10-21,RECOMMEND_APPROVE,"",3,0,0,3,false,0.24
SYN004793,UNPAID,2026-10-19,2026-11-20,RECOMMEND_APPROVE,"",13,0,0,13,true,0.94
SYN006651,LONG_SERVICE,2026-10-19,2026-11-09,NEEDS_APPROVAL,NOT-002,9,0,0,9,false,0.86
SYN008672,ANNUAL,2026-10-19,2026-10-19,RECOMMEND_APPROVE,"",1,0,0,1,false,0.16
SYN003974,ANNUAL,2026-10-19,2026-10-25,RECOMMEND_APPROVE,"",1,0,0,1,true,0.21
SYN006396,ANNUAL,2026-10-19,2026-10-25,RECOMMEND_APPROVE,"",2,0,0,2,true,0.64
SYN000426,ANNUAL,2026-10-19,2026-10-30,NEEDS_APPROVAL,COV-001,6,2,4,0,true,0.69
SYN001845,ANNUAL,2026-10-19,2026-10-22,RECOMMEND_APPROVE,"",4,0,0,4,true,0.42
SYN007574,ANNUAL,2026-10-19,2026-11-04,RECOMMEND_APPROVE,"",9,1,0,8,true,6.04
SYN001257,ANNUAL,2026-10-19,2026-10-26,DECLINED,BAL-001,7,0,0,7,true,0.97
SYN009542,TOIL,2026-10-19,2026-10-25,DECLINED,BAL-001|COV-002,6,0,0,6,true,1.25
SYN005479,ANNUAL,2026-10-19,2026-10-25,RECOMMEND_APPROVE,"",2,0,0,2,true,0.57
SYN007007,ANNUAL,2026-10-19,2026-10-23,RECOMMEND_APPROVE,"",4,1,0,3,true,1.71
SYN003160,ANNUAL,2026-10-19,2026-10-28,NEEDS_APPROVAL,COV-002,4,0,0,4,false,0.31
SYN005317,PROF_DEV,2026-10-19,2026-10-25,DECLINED,ELG-002|BAL-003,5,0,0,5,false,0.64
SYN001843,ANNUAL,2026-10-19,2026-11-01,DECLINED,BAL-001,10,2,0,8,true,2.92
SYN002135,ANNUAL,2026-10-19,2026-11-09,RECOMMEND_APPROVE,"",10,0,0,10,true,0.58
SYN009332,ANNUAL,2026-10-19,2026-10-25,RECOMMEND_APPROVE,"",4,0,0,4,false,0.46
SYN008025,PROF_DEV,2026-10-19,2026-10-21,RECOMMEND_APPROVE,"",1,0,0,1,true,0.2
SYN001977,TOIL,2026-10-19,2026-10-19,NEEDS_APPROVAL,BAL-003,1,0,0,1,false,0.18
SYN003128,TOIL,2026-10-19,2026-10-25,NEEDS_APPROVAL,COV-002,4,2,0,2,true,0.98
SYN006779,TOIL,2026-10-19,2026-10-19,RECOMMEND_APPROVE,"",1,0,0,1,true,0.18
SYN006051,TOIL,2026-10-19,2026-10-19,DECLINED,BAL-001|COV-002,1,1,0,0,false,0.94
SYN002331,PROF_DEV,2026-10-19,2026-11-01,NEEDS_APPROVAL,COV-001,8,5,1,2,false,3.05
SYN000467,TOIL,2026-10-19,2026-10-19,NEEDS_APPROVAL,BAL-003,1,0,0,1,false,0.22
SYN009108,TOIL,2026-10-19,2026-10-19,NEEDS_APPROVAL,BAL-003,1,0,0,1,false,0.19
SYN001771,PROF_DEV,2026-10-19,2026-10-19,RECOMMEND_APPROVE,"",1,0,0,1,true,0.19
SYN003548,LONG_SERVICE,2026-10-19,2026-10-25,DECLINED,BAL-001|NOT-002,4,2,0,2,true,2.92
SYN003968,ANNUAL,2026-10-19,2026-10-25,RECOMMEND_APPROVE,"",3,1,0,2,true,0.56
SYN004965,TOIL,2026-10-19,2026-10-19,NEEDS_APPROVAL,ELG-001,1,0,0,1,true,0.26
SYN006255,PROF_DEV,2026-10-19,2026-10-19,RECOMMEND_APPROVE,"",1,1,0,0,false,6.91
SYN009101,LONG_SERVICE,2026-10-19,2026-12-20,DECLINED,ELG-003|BAL-003|NOT-002,45,0,0,45,true,2.07
SYN006123,LONG_SERVICE,2026-10-19,2026-10-25,DECLINED,ELG-003|BAL-001|NOT-002,4,0,0,4,false,0.77
SYN001109,ANNUAL,2026-10-19,2026-10-21,DECLINED,BAL-001,3,0,0,3,false,0.39
SYN003905,ANNUAL,2026-10-19,2026-11-01,RECOMMEND_APPROVE,"",10,0,0,10,true,1.16
SYN006376,ANNUAL,2026-10-19,2026-11-01,RECOMMEND_APPROVE,"",10,0,0,10,true,1.08
SYN006174,ADO,2026-10-19,2026-10-20,DECLINED,BAL-001,2,0,0,2,false,0.63
SYN002390,ANNUAL,2026-10-19,2026-11-01,DECLINED,BAL-001,8,2,0,6,false,3.36
SYN002571,LONG_SERVICE,2026-10-19,2026-11-01,DECLINED,BAL-001|COV-001,6,2,2,2,true,1.08
SYN001307,ANNUAL,2026-10-19,2026-10-23,RECOMMEND_APPROVE,"",5,0,0,5,true,0.32
SYN000887,LONG_SERVICE,2026-10-19,2026-10-29,NEEDS_APPROVAL,NOT-002,6,0,0,6,false,1.41
SYN007182,ANNUAL,2026-10-19,2026-10-20,RECOMMEND_APPROVE,"",2,0,0,2,false,0.22
SYN003405,LONG_SERVICE,2026-10-19,2026-11-15,NEEDS_APPROVAL,NOT-002,12,0,0,12,true,1.79
SYN001315,TOIL,2026-10-19,2026-10-20,RECOMMEND_APPROVE,"",2,0,0,2,true,0.42
SYN003284,PARENTAL,2026-10-19,2027-01-24,NEEDS_APPROVAL,NOT-004,69,28,0,41,true,21.38
SYN008009,TOIL,2026-10-19,2026-10-19,NEEDS_APPROVAL,BAL-003,1,0,0,1,false,0.22
SYN008160,ANNUAL,2026-10-19,2026-11-15,DECLINED,COV-001,10,0,1,9,true,1.34
SYN003902,ANNUAL,2026-10-19,2026-10-25,RECOMMEND_APPROVE,"",2,0,0,2,true,0.46
SYN000335,ANNUAL,2026-10-19,2026-10-25,NEEDS_APPROVAL,COV-001,4,0,1,3,true,0.33
SYN009459,ANNUAL,2026-10-19,2026-11-01,RECOMMEND_APPROVE,"",6,0,0,6,false,0.98
SYN002790,ANNUAL,2026-10-19,2026-10-25,RECOMMEND_APPROVE,"",3,1,0,2,false,6.7
SYN000674,ANNUAL,2026-10-19,2026-10-25,RECOMMEND_APPROVE,"",5,1,0,4,false,2.23
SYN003229,TOIL,2026-10-19,2026-10-19,RECOMMEND_APPROVE,"",1,1,0,0,false,2.35
SYN004516,ANNUAL,2026-10-19,2026-11-02,DECLINED,BAL-001,11,1,0,10,false,6.34
SYN006869,ANNUAL,2026-10-19,2026-11-16,DECLINED,COV-001|COV-002,16,0,2,14,true,2.77
SYN005553,LONG_SERVICE,2026-10-19,2026-11-01,DECLINED,ELG-003|BAL-001,6,0,0,6,false,1.12
SYN005599,PROF_DEV,2026-10-19,2026-11-03,RECOMMEND_APPROVE,"",6,0,0,6,true,0.29
SYN003982,TOIL,2026-10-19,2026-10-19,RECOMMEND_APPROVE,"",1,0,0,1,false,0.18
SYN006750,ANNUAL,2026-10-19,2026-10-20,RECOMMEND_APPROVE,"",2,0,0,2,true,0.35
SYN003457,ANNUAL,2026-10-19,2026-11-01,RECOMMEND_APPROVE,"",3,1,0,2,false,2.78
SYN001633,ANNUAL,2026-10-19,2026-11-08,NEEDS_APPROVAL,COV-002,15,0,0,15,true,0.76
SYN007676,LONG_SERVICE,2026-10-19,2026-11-01,DECLINED,ELG-003|BAL-001|NOT-002,4,0,0,4,false,0.34
SYN007691,ANNUAL,2026-10-19,2026-11-13,DECLINED,BAL-001|COV-001,20,4,4,12,true,4.64
SYN003264,LONG_SERVICE,2026-10-19,2026-11-22,DECLINED,NOT-002|COV-001|COV-002,10,0,6,4,true,1.94
SYN009290,TOIL,2026-10-19,2026-11-01,RECOMMEND_APPROVE,"",0,0,0,0,false,0.16
SYN001147,ANNUAL,2026-10-19,2026-11-08,RECOMMEND_APPROVE,"",12,0,0,12,true,2.69
SYN005330,ANNUAL,2026-10-19,2026-11-01,RECOMMEND_APPROVE,"",14,0,0,14,true,1.23
SYN001419,ANNUAL,2026-10-19,2026-11-01,RECOMMEND_APPROVE,"",6,4,0,2,true,0.6
SYN003881,TOIL,2026-10-19,2026-10-21,RECOMMEND_APPROVE,"",2,0,0,2,false,0.27
SYN008959,ANNUAL,2026-10-19,2026-11-04,RECOMMEND_APPROVE,"",8,7,0,1,true,2.79
SYN007113,TOIL,2026-10-19,2026-10-19,DECLINED,BAL-001,1,0,0,1,false,0.2
SYN005212,TOIL,2026-10-19,2026-10-19,RECOMMEND_APPROVE,"",1,0,0,1,false,0.2
SYN001332,LONG_SERVICE,2026-10-19,2026-10-25,NEEDS_APPROVAL,NOT-002,3,1,0,2,false,2.97
SYN004266,ANNUAL,2026-10-19,2026-10-31,RECOMMEND_APPROVE,"",8,0,0,8,true,1.24
SYN005110,PROF_DEV,2026-10-19,2026-10-20,DECLINED,BAL-001,2,0,0,2,true,0.33
SYN008805,TOIL,2026-10-19,2026-10-23,RECOMMEND_APPROVE,"",4,0,0,4,true,0.77
SYN004672,LONG_SERVICE,2026-10-19,2026-10-19,DECLINED,ELG-003|BAL-001,1,0,0,1,true,0.96
SYN000926,ANNUAL,2026-10-19,2026-11-01,DECLINED,BAL-001|COV-002,10,0,0,10,true,1.93
SYN008084,ANNUAL,2026-10-19,2026-10-19,NEEDS_APPROVAL,ELG-001|COV-001,1,0,1,0,true,0.28
SYN007598,PROF_DEV,2026-10-19,2026-10-20,DECLINED,BAL-001|COV-002,2,2,0,0,true,0.95
SYN002055,ANNUAL,2026-10-19,2026-10-21,DECLINED,BAL-001,3,0,0,3,false,0.39
SYN003213,PROF_DEV,2026-10-19,2026-10-23,RECOMMEND_APPROVE,"",5,0,0,5,true,0.37
SYN007573,ANNUAL,2026-10-19,2026-10-19,RECOMMEND_APPROVE,"",1,0,0,1,true,0.28
SYN005222,ANNUAL,2026-10-19,2026-10-25,RECOMMEND_APPROVE,"",5,1,0,4,true,1.42
SYN006931,PARENTAL,2026-10-19,2027-04-25,DECLINED,ELG-002|NOT-004|COV-001,108,0,33,75,true,12.88
SYN007109,ANNUAL,2026-10-19,2026-10-19,RECOMMEND_APPROVE,"",1,0,0,1,false,0.24
SYN002060,ANNUAL,2026-10-19,2026-10-23,RECOMMEND_APPROVE,"",5,0,0,5,false,0.44
SYN005688,ANNUAL,2026-10-19,2026-10-21,RECOMMEND_APPROVE,"",3,0,0,3,true,0.35
SYN005158,PROF_DEV,2026-10-19,2026-10-23,RECOMMEND_APPROVE,"",4,0,0,4,false,0.21
SYN004713,LONG_SERVICE,2026-10-19,2026-11-26,DECLINED,ELG-003|BAL-001|NOT-002|COV-001,24,12,2,10,true,21.41
SYN002143,ANNUAL,2026-10-19,2026-11-01,DECLINED,BAL-001|COV-001,8,0,2,6,true,1.36
SYN002763,ANNUAL,2026-10-19,2026-10-25,RECOMMEND_APPROVE,"",4,0,0,4,false,0.62
SYN002569,ANNUAL,2026-10-19,2026-12-06,DECLINED,BAL-001|COV-001,28,5,7,16,true,1.52
SYN006026,ANNUAL,2026-10-19,2026-11-22,DECLINED,BAL-001,21,6,0,15,true,19.29
SYN003753,UNPAID,2026-10-19,2026-10-23,RECOMMEND_APPROVE,"",4,0,0,4,false,0.43
SYN002564,ADO,2026-10-19,2026-10-20,RECOMMEND_APPROVE,"",2,0,0,2,true,0.37
SYN002007,ANNUAL,2026-10-19,2026-10-25,NEEDS_APPROVAL,COV-002,4,2,0,2,true,0.96
SYN004561,ANNUAL,2026-10-19,2026-10-25,DECLINED,BAL-001,7,0,0,7,true,2.21
SYN003964,PARENTAL,2026-10-19,2027-05-02,DECLINED,ELG-001|ELG-002|NOT-004|COV-002,112,27,0,85,true,24.01
SYN002347,ANNUAL,2026-10-19,2026-10-25,RECOMMEND_APPROVE,"",4,0,0,4,false,0.4
SYN004873,TOIL,2026-10-19,2026-11-08,RECOMMEND_APPROVE,"",6,1,0,5,true,3.26
SYN001408,SICK,2026-10-19,2026-11-08,ACCEPTED,COV-001,12,3,3,6,true,0.83
SYN005078,ANNUAL,2026-10-19,2026-11-01,DECLINED,BAL-001,12,0,0,12,true,0.59
SYN002095,TOIL,2026-10-19,2026-10-19,RECOMMEND_APPROVE,"",1,0,0,1,true,0.26
SYN005055,ANNUAL,2026-10-19,2026-10-31,DECLINED,BAL-001,9,0,0,9,false,1.49
SYN000767,LONG_SERVICE,2026-10-19,2026-11-08,DECLINED,ELG-003|BAL-001|NOT-002,12,0,0,12,true,1.63
SYN008305,PROF_DEV,2026-10-19,2026-10-25,RECOMMEND_APPROVE,"",3,0,0,3,true,0.63
SYN005851,ANNUAL,2026-10-19,2026-11-01,RECOMMEND_APPROVE,"",10,0,0,10,true,0.77
SYN004293,TOIL,2026-10-19,2026-11-08,RECOMMEND_APPROVE,"",15,0,0,15,false,0.55
SYN003258,ADO,2026-10-19,2026-10-20,NEEDS_APPROVAL,BAL-003,1,0,0,1,true,0.33
SYN001790,ANNUAL,2026-10-19,2026-11-15,DECLINED,BAL-001,12,1,0,11,true,2.34
SYN007521,LONG_SERVICE,2026-10-19,2026-10-25,DECLINED,ELG-003|BAL-001,5,0,0,5,false,0.82
SYN007651,ANNUAL,2026-10-19,2026-11-01,RECOMMEND_APPROVE,"",10,0,0,10,true,0.4
SYN001949,ANNUAL,2026-10-19,2026-10-23,RECOMMEND_APPROVE,"",5,0,0,5,false,0.26
SYN007609,TOIL,2026-10-19,2026-11-01,DECLINED,BAL-001,8,1,0,7,true,0.98
SYN006596,ADO,2026-10-19,2026-10-22,NEEDS_APPROVAL,REQ-004,4,0,0,4,false,0.26
SYN004098,ANNUAL,2026-10-20,2026-10-25,RECOMMEND_APPROVE,"",3,0,0,3,false,0.52
SYN001977,ANNUAL,2026-10-20,2026-10-23,RECOMMEND_APPROVE,"",4,0,0,4,false,0.29
SYN006816,ANNUAL,2026-10-20,2026-10-22,RECOMMEND_APPROVE,"",3,0,0,3,true,0.33
SYN005029,ANNUAL,2026-10-20,2026-11-04,DECLINED,ELG-001|BAL-001,12,0,0,12,true,1.32
SYN003229,ANNUAL,2026-10-20,2026-10-25,RECOMMEND_APPROVE,"",1,1,0,0,false,3.08
SYN000689,UNPAID,2026-10-20,2026-10-20,RECOMMEND_APPROVE,"",1,0,0,1,false,0.24
SYN003916,PROF_DEV,2026-10-20,2026-10-20,DECLINED,ELG-002|BAL-003,1,0,0,1,true,0.22
SYN003888,ANNUAL,2026-10-20,2026-10-26,NEEDS_APPROVAL,ELG-001,5,0,0,5,true,0.34
SYN003704,PROF_DEV,2026-10-20,2026-10-23,DECLINED,BAL-001,4,0,0,4,false,0.34
SYN009460,LONG_SERVICE,2026-10-20,2027-07-23,DECLINED,REQ-004|ELG-001|ELG-003,0,0,0,0,false,0.71
SYN003746,TOIL,2026-10-20,2026-10-21,DECLINED,BAL-001,1,0,0,1,true,0.29
SYN007845,SICK,2026-10-20,2026-10-20,ACCEPTED,BAL-001,1,0,0,1,true,0.24
SYN009108,ANNUAL,2026-10-20,2026-10-28,RECOMMEND_APPROVE,"",7,2,0,5,true,7.39
SYN005026,PROF_DEV,2026-10-20,2026-10-27,RECOMMEND_APPROVE,"",6,2,0,4,true,0.95
SYN002791,ANNUAL,2026-10-20,2026-11-06,RECOMMEND_APPROVE,"",14,0,0,14,false,0.46
SYN002639,ANNUAL,2026-10-20,2026-10-20,RECOMMEND_APPROVE,"",1,1,0,0,false,2.53
SYN002909,ANNUAL,2026-10-20,2026-10-22,RECOMMEND_APPROVE,"",1,0,0,1,true,0.19
SYN005655,TOIL,2026-10-20,2026-10-20,RECOMMEND_APPROVE,"",1,0,0,1,true,0.23
SYN006779,PROF_DEV,2026-10-20,2026-10-24,RECOMMEND_APPROVE,"",5,0,0,5,true,0.34
SYN002758,ANNUAL,2026-10-20,2026-10-20,RECOMMEND_APPROVE,"",1,0,0,1,false,0.22
SYN004705,TOIL,2026-10-20,2026-10-20,RECOMMEND_APPROVE,"",1,0,0,1,true,0.23
SYN001475,PROF_DEV,2026-10-20,2026-10-27,NEEDS_APPROVAL,COV-001,5,0,5,0,true,0.34
SYN003261,ANNUAL,2026-10-20,2026-10-25,RECOMMEND_APPROVE,"",5,0,0,5,false,0.63
SYN008603,ANNUAL,2026-10-20,2026-10-23,DECLINED,BAL-001,4,0,0,4,false,0.31
SYN008155,ANNUAL,2026-10-20,2026-10-31,NEEDS_APPROVAL,COV-002,9,6,0,3,false,32.45
SYN000386,PROF_DEV,2026-10-20,2026-10-20,RECOMMEND_APPROVE,"",0,0,0,0,false,0.13
SYN007614,LONG_SERVICE,2026-10-20,2026-11-01,DECLINED,ELG-003|BAL-001,7,4,0,3,false,2.39
SYN000183,ANNUAL,2026-10-20,2026-10-23,RECOMMEND_APPROVE,"",4,0,0,4,true,0.33
SYN008187,ANNUAL,2026-10-20,2026-10-25,RECOMMEND_APPROVE,"",4,3,0,1,false,26.18
SYN005719,ANNUAL,2026-10-20,2026-11-08,DECLINED,BAL-001,7,3,0,4,true,0.86
SYN006794,ANNUAL,2026-10-20,2026-10-27,DECLINED,BAL-001,5,0,0,5,false,0.54
SYN005651,ANNUAL,2026-10-20,2026-10-22,RECOMMEND_APPROVE,"",3,0,0,3,false,0.53
SYN000089,PROF_DEV,2026-10-20,2026-10-29,DECLINED,BAL-001|COV-001,10,0,4,6,true,0.9
SYN000569,ANNUAL,2026-10-20,2026-10-29,RECOMMEND_APPROVE,"",6,0,0,6,false,0.31
SYN000063,ADO,2026-10-20,2026-10-25,NEEDS_APPROVAL,REQ-004,5,0,0,5,false,0.77
SYN000103,PROF_DEV,2026-10-20,2026-10-27,RECOMMEND_APPROVE,"",5,0,0,5,true,0.31
SYN003825,TOIL,2026-10-20,2026-10-22,RECOMMEND_APPROVE,"",3,0,0,3,true,0.25
SYN007215,ANNUAL,2026-10-20,2026-10-28,RECOMMEND_APPROVE,"",7,0,0,7,true,0.41
SYN007731,PROF_DEV,2026-10-20,2026-10-25,RECOMMEND_APPROVE,"",4,0,0,4,true,0.33
SYN002776,PROF_DEV,2026-10-20,2026-10-20,RECOMMEND_APPROVE,"",1,0,0,1,true,0.34
SYN001227,ANNUAL,2026-10-20,2026-10-26,RECOMMEND_APPROVE,"",5,3,0,2,false,7.87
SYN002787,PROF_DEV,2026-10-20,2026-10-29,DECLINED,BAL-001,8,0,0,8,false,0.73
SYN002815,TOIL,2026-10-20,2026-10-22,RECOMMEND_APPROVE,"",1,0,0,1,false,0.24
SYN006822,ANNUAL,2026-10-20,2026-10-23,RECOMMEND_APPROVE,"",4,0,0,4,false,0.38
SYN000255,LONG_SERVICE,2026-10-20,2026-10-23,DECLINED,ELG-003|BAL-001|NOT-002,4,0,0,4,false,0.34
SYN001785,LONG_SERVICE,2026-10-20,2026-10-23,DECLINED,BAL-001,2,0,0,2,false,0.21
SYN009012,ANNUAL,2026-10-20,2026-10-20,RECOMMEND_APPROVE,"",1,0,0,1,false,0.2
SYN008715,LONG_SERVICE,2026-10-20,2026-10-23,DECLINED,ELG-003|BAL-001,4,0,0,4,false,0.3
SYN002542,ANNUAL,2026-10-20,2026-10-23,RECOMMEND_APPROVE,"",3,0,0,3,false,0.2
SYN007237,ANNUAL,2026-10-20,2026-10-23,DECLINED,BAL-001,8,0,0,8,false,0.54
SYN000682,PROF_DEV,2026-10-20,2026-10-25,RECOMMEND_APPROVE,"",4,0,0,4,false,0.35
SYN001150,ANNUAL,2026-10-20,2026-10-22,RECOMMEND_APPROVE,"",3,0,0,3,false,0.29
SYN006937,PROF_DEV,2026-10-20,2026-10-20,NEEDS_APPROVAL,ELG-001|BAL-003,1,0,0,1,false,0.51
SYN001599,UNPAID,2026-10-20,2027-05-30,NEEDS_APPROVAL,COV-002,63,6,0,57,true,6.83
SYN005445,LONG_SERVICE,2026-10-20,2026-10-21,RECOMMEND_APPROVE,"",2,0,0,2,false,0.27
SYN006051,ANNUAL,2026-10-20,2026-10-22,NEEDS_APPROVAL,COV-002,3,0,0,3,false,0.48
SYN000355,ANNUAL,2026-10-20,2026-10-20,RECOMMEND_APPROVE,"",1,0,0,1,false,0.18
SYN005212,LONG_SERVICE,2026-10-20,2026-10-25,DECLINED,ELG-003|BAL-001|NOT-002,4,0,0,4,false,0.63
SYN003076,ANNUAL,2026-10-20,2026-10-29,RECOMMEND_APPROVE,"",4,0,0,4,false,0.38
SYN009393,ANNUAL,2026-10-20,2026-10-21,RECOMMEND_APPROVE,"",2,0,0,2,false,0.27
SYN004761,ANNUAL,2026-10-20,2026-10-25,RECOMMEND_APPROVE,"",4,0,0,4,false,0.22
SYN007373,ANNUAL,2026-10-20,2026-10-20,RECOMMEND_APPROVE,"",1,0,0,1,true,0.24
SYN007170,PROF_DEV,2026-10-20,2026-10-21,RECOMMEND_APPROVE,"",2,0,0,2,true,0.22
SYN002512,ANNUAL,2026-10-20,2026-10-23,DECLINED,BAL-001,4,1,0,3,false,6.51
SYN007662,ANNUAL,2026-10-20,2026-10-30,NEEDS_APPROVAL,COV-001,7,0,6,1,true,0.47
SYN004908,TOIL,2026-10-20,2026-10-20,DECLINED,ELG-002|BAL-001,1,0,0,1,true,0.24
SYN008563,ANNUAL,2026-10-20,2026-10-28,RECOMMEND_APPROVE,"",4,4,0,0,false,8.77
SYN000016,PROF_DEV,2026-10-20,2026-10-20,RECOMMEND_APPROVE,"",1,0,0,1,false,0.26
SYN003404,PROF_DEV,2026-10-20,2026-10-20,NEEDS_APPROVAL,BAL-003,1,0,0,1,true,0.25
SYN005905,PROF_DEV,2026-10-20,2026-10-20,NEEDS_APPROVAL,BAL-003,1,0,0,1,true,0.25
SYN004027,ANNUAL,2026-10-20,2026-10-22,RECOMMEND_APPROVE,"",3,0,0,3,false,0.28
SYN008009,ANNUAL,2026-10-20,2026-10-30,RECOMMEND_APPROVE,"",9,0,0,9,false,0.44
SYN007212,ANNUAL,2026-10-20,2026-10-24,RECOMMEND_APPROVE,"",1,0,0,1,false,0.34
SYN000949,LONG_SERVICE,2026-10-20,2026-10-20,NEEDS_APPROVAL,NOT-002,1,0,0,1,false,0.44
SYN000467,ANNUAL,2026-10-20,2026-10-25,NEEDS_APPROVAL,BAL-003,4,0,0,4,false,0.53
SYN006860,ANNUAL,2026-10-20,2026-11-02,RECOMMEND_APPROVE,"",6,6,0,0,false,4.47
SYN003159,ANNUAL,2026-10-20,2026-10-20,RECOMMEND_APPROVE,"",1,0,0,1,false,0.27
SYN000816,ANNUAL,2026-10-20,2026-10-27,RECOMMEND_APPROVE,"",6,0,0,6,true,0.38
SYN005151,LONG_SERVICE,2026-10-20,2026-10-23,DECLINED,ELG-003|BAL-001|NOT-002,4,0,0,4,false,0.4
SYN000834,ADO,2026-10-20,2026-10-20,RECOMMEND_APPROVE,"",1,0,0,1,true,0.27
SYN002732,LONG_SERVICE,2026-10-20,2026-11-01,DECLINED,BAL-001,9,4,0,5,false,3.68
SYN008646,PARENTAL,2026-10-21,2026-10-21,NEEDS_APPROVAL,NOT-004,1,0,0,1,false,0.25
SYN000903,ANNUAL,2026-10-21,2026-10-23,NEEDS_APPROVAL,COV-001,3,1,2,0,true,0.42
SYN005061,ANNUAL,2026-10-21,2026-10-23,RECOMMEND_APPROVE,"",0,0,0,0,false,0.1
SYN000953,ANNUAL,2026-10-21,2026-10-30,RECOMMEND_APPROVE,"",8,6,0,2,false,12.29
SYN007868,ANNUAL,2026-10-21,2026-10-21,RECOMMEND_APPROVE,"",1,1,0,0,false,7.16
SYN002076,ANNUAL,2026-10-21,2026-10-21,RECOMMEND_APPROVE,"",1,0,0,1,true,0.25
SYN003064,PROF_DEV,2026-10-21,2026-11-09,RECOMMEND_APPROVE,"",8,3,0,5,true,1.45
SYN004365,PROF_DEV,2026-10-21,2026-10-21,RECOMMEND_APPROVE,"",1,0,0,1,false,0.26
SYN005086,ANNUAL,2026-10-21,2026-11-01,RECOMMEND_APPROVE,"",7,0,0,7,true,0.91
SYN003347,ANNUAL,2026-10-21,2026-10-30,RECOMMEND_APPROVE,"",10,0,0,10,true,1.17
SYN000605,ANNUAL,2026-10-21,2026-10-21,RECOMMEND_APPROVE,"",1,1,0,0,false,1.99
SYN006792,ANNUAL,2026-10-21,2026-10-23,RECOMMEND_APPROVE,"",2,0,0,2,true,0.25
SYN003515,ANNUAL,2026-10-21,2026-11-06,RECOMMEND_APPROVE,"",13,2,0,11,false,1.38
SYN000961,UNPAID,2026-10-21,2026-10-22,RECOMMEND_APPROVE,"",2,0,0,2,false,0.18
SYN009208,ADO,2026-10-21,2026-10-21,DECLINED,BAL-001,1,0,0,1,false,0.21
SYN002564,TOIL,2026-10-21,2026-10-23,RECOMMEND_APPROVE,"",3,0,0,3,true,0.35
SYN000358,ANNUAL,2026-10-21,2026-10-23,RECOMMEND_APPROVE,"",3,0,0,3,false,0.38
SYN008530,TOIL,2026-10-21,2026-10-25,DECLINED,BAL-001,3,0,0,3,false,0.29
SYN004327,TOIL,2026-10-21,2026-10-28,NEEDS_APPROVAL,ELG-001,6,0,0,6,true,0.8
SYN005321,ANNUAL,2026-10-21,2026-10-21,RECOMMEND_APPROVE,"",1,0,0,1,false,0.21
SYN000730,SICK,2026-10-21,2026-10-22,ACCEPTED,"",2,0,0,2,false,0.27
SYN006255,ANNUAL,2026-10-21,2026-10-21,RECOMMEND_APPROVE,"",1,0,0,1,false,0.17
SYN007751,SICK,2026-10-21,2026-10-21,ACCEPTED,"",1,0,0,1,false,0.21
SYN009517,ANNUAL,2026-10-21,2026-10-21,RECOMMEND_APPROVE,"",1,0,0,1,false,0.19
SYN008287,ANNUAL,2026-10-21,2026-10-21,RECOMMEND_APPROVE,"",1,0,0,1,true,0.19
SYN007603,ANNUAL,2026-10-21,2026-10-22,RECOMMEND_APPROVE,"",0,0,0,0,false,0.11
SYN002639,ANNUAL,2026-10-21,2026-11-20,RECOMMEND_APPROVE,"",8,5,0,3,true,5.22
SYN007561,PROF_DEV,2026-10-21,2026-10-29,RECOMMEND_APPROVE,"",4,0,0,4,false,0.39
SYN003140,UNPAID,2026-10-21,2026-11-01,RECOMMEND_APPROVE,"",4,1,0,3,true,2.89
SYN007200,ADO,2026-10-21,2026-10-21,RECOMMEND_APPROVE,"",1,1,0,0,false,0.49
SYN007808,PROF_DEV,2026-10-21,2026-10-21,NEEDS_APPROVAL,BAL-003,1,0,0,1,false,0.24
SYN003829,ANNUAL,2026-10-21,2026-10-27,RECOMMEND_APPROVE,"",5,0,0,5,true,0.31
SYN006618,LONG_SERVICE,2026-10-21,2026-10-23,DECLINED,ELG-003|BAL-001|NOT-002,3,3,0,0,true,0.75
SYN004149,PROF_DEV,2026-10-21,2026-10-22,NEEDS_APPROVAL,COV-001,2,0,1,1,true,0.24
SYN004908,PROF_DEV,2026-10-21,2026-10-23,RECOMMEND_APPROVE,"",3,0,0,3,true,0.33
SYN000908,ANNUAL,2026-10-21,2026-10-21,NEEDS_APPROVAL,COV-001,1,0,1,0,true,0.2
SYN002294,ANNUAL,2026-10-21,2026-11-17,RECOMMEND_APPROVE,"",12,0,0,12,true,3.0
SYN003236,ANNUAL,2026-10-21,2026-10-22,RECOMMEND_APPROVE,"",2,0,0,2,true,0.31
SYN006445,TOIL,2026-10-21,2026-10-22,RECOMMEND_APPROVE,"",2,0,0,2,false,0.3
SYN008094,PROF_DEV,2026-10-21,2026-10-22,RECOMMEND_APPROVE,"",2,0,0,2,true,0.19
SYN005233,PROF_DEV,2026-10-21,2026-10-21,NEEDS_APPROVAL,BAL-003,1,0,0,1,false,0.27
SYN003534,PROF_DEV,2026-10-21,2026-10-21,NEEDS_APPROVAL,BAL-003,0,0,0,0,false,0.1
SYN006186,ANNUAL,2026-10-21,2026-10-25,RECOMMEND_APPROVE,"",1,0,0,1,false,0.18
SYN004015,UNPAID,2026-10-21,2026-10-21,RECOMMEND_APPROVE,"",1,0,0,1,false,0.2
SYN006234,ADO,2026-10-21,2026-10-21,RECOMMEND_APPROVE,"",1,0,0,1,false,0.2
SYN002652,TOIL,2026-10-21,2026-11-11,DECLINED,BAL-001,13,3,0,10,true,4.56
SYN004242,ANNUAL,2026-10-21,2026-11-01,DECLINED,BAL-001,6,0,0,6,true,0.66
SYN000938,ANNUAL,2026-10-21,2026-10-23,RECOMMEND_APPROVE,"",3,0,0,3,false,0.24
SYN006813,ANNUAL,2026-10-21,2026-10-26,RECOMMEND_APPROVE,"",4,0,0,4,true,0.32
SYN003992,ANNUAL,2026-10-21,2026-10-23,RECOMMEND_APPROVE,"",3,3,0,0,false,8.61
SYN006870,ANNUAL,2026-10-21,2026-10-21,RECOMMEND_APPROVE,"",1,0,0,1,true,0.2
SYN006836,ADO,2026-10-21,2026-10-23,NEEDS_APPROVAL,REQ-004|BAL-003,3,0,0,3,false,0.48
SYN004728,UNPAID,2026-10-21,2026-10-21,RECOMMEND_APPROVE,"",1,0,0,1,false,0.24
SYN000302,ANNUAL,2026-10-21,2026-11-02,DECLINED,BAL-001,7,0,0,7,true,0.35
SYN006245,SICK,2026-10-21,2026-10-21,ACCEPTED,"",2,0,0,2,false,0.34
SYN007623,TOIL,2026-10-21,2026-10-23,RECOMMEND_APPROVE,"",3,0,0,3,true,0.74
SYN007109,ANNUAL,2026-10-21,2026-10-22,RECOMMEND_APPROVE,"",2,0,0,2,false,0.21
SYN004236,ANNUAL,2026-10-21,2026-10-24,RECOMMEND_APPROVE,"",4,0,0,4,true,0.63
SYN006463,ANNUAL,2026-10-21,2026-10-23,RECOMMEND_APPROVE,"",3,0,0,3,true,0.23
SYN000424,ANNUAL,2026-10-21,2026-11-02,RECOMMEND_APPROVE,"",8,0,0,8,true,0.56
SYN001957,SICK,2026-10-21,2026-10-21,ACCEPTED,"",1,0,0,1,false,0.17
SYN009259,TOIL,2026-10-21,2026-10-23,RECOMMEND_APPROVE,"",3,0,0,3,false,0.27
SYN007302,PROF_DEV,2026-10-21,2026-10-23,NEEDS_APPROVAL,ELG-001,0,0,0,0,false,0.14
SYN008303,PROF_DEV,2026-10-21,2026-10-22,RECOMMEND_APPROVE,"",2,2,0,0,false,13.36
SYN007492,ANNUAL,2026-10-21,2026-10-21,RECOMMEND_APPROVE,"",1,1,0,0,false,5.93
SYN008649,ANNUAL,2026-10-21,2026-10-25,RECOMMEND_APPROVE,"",3,0,0,3,false,0.34
SYN005480,ADO,2026-10-21,2026-10-21,RECOMMEND_APPROVE,"",1,0,0,1,false,0.24
SYN005913,ANNUAL,2026-10-21,2026-10-23,NEEDS_APPROVAL,ELG-001,1,0,0,1,true,0.3
SYN004462,LONG_SERVICE,2026-10-21,2026-10-30,DECLINED,ELG-003|BAL-001|NOT-002,8,0,0,8,false,0.48
SYN006509,ADO,2026-10-21,2026-10-23,NEEDS_APPROVAL,REQ-004|COV-001,3,0,3,0,true,0.32
SYN005899,PROF_DEV,2026-10-22,2026-10-22,NEEDS_APPROVAL,BAL-003,1,0,0,1,true,0.23
SYN001902,ANNUAL,2026-10-22,2026-10-23,RECOMMEND_APPROVE,"",1,0,0,1,false,0.19
SYN006652,PARENTAL,2026-10-22,2027-01-27,DECLINED,ELG-001|ELG-002|NOT-004,70,15,0,55,true,23.13
SYN009423,ANNUAL,2026-10-22,2026-10-26,RECOMMEND_APPROVE,"",4,1,0,3,true,1.95
SYN004166,ANNUAL,2026-10-22,2026-10-27,RECOMMEND_APPROVE,"",4,4,0,0,false,7.57
SYN009155,ANNUAL,2026-10-22,2026-10-22,RECOMMEND_APPROVE,"",1,0,0,1,true,0.28
SYN000971,ADO,2026-10-22,2026-10-23,RECOMMEND_APPROVE,"",2,0,0,2,false,0.42
SYN009110,PROF_DEV,2026-10-22,2026-10-23,RECOMMEND_APPROVE,"",1,0,0,1,true,0.25
SYN001925,ANNUAL,2026-10-22,2026-11-04,DECLINED,ELG-001|BAL-001,8,4,0,4,true,11.85
SYN004955,LONG_SERVICE,2026-10-22,2026-10-30,DECLINED,ELG-003|BAL-001|NOT-002|COV-002,4,4,0,0,false,22.42
SYN008572,ANNUAL,2026-10-22,2026-10-22,RECOMMEND_APPROVE,"",1,0,0,1,false,0.22
SYN000261,ANNUAL,2026-10-22,2026-10-22,RECOMMEND_APPROVE,"",1,0,0,1,false,0.41
SYN008135,ANNUAL,2026-10-22,2026-10-25,DECLINED,BAL-001,2,1,0,1,false,5.9
SYN008892,ANNUAL,2026-10-22,2026-10-23,RECOMMEND_APPROVE,"",2,0,0,2,true,0.51
SYN002880,ADO,2026-10-22,2026-10-22,RECOMMEND_APPROVE,"",1,0,0,1,false,0.18
SYN000803,ANNUAL,2026-10-22,2026-11-12,NEEDS_APPROVAL,ELG-001,15,0,0,15,true,1.74
SYN004150,ANNUAL,2026-10-22,2026-10-29,RECOMMEND_APPROVE,"",5,0,0,5,false,0.97
SYN006798,ANNUAL,2026-10-22,2026-11-01,NEEDS_APPROVAL,ELG-001,6,0,0,6,true,0.33
SYN006781,ANNUAL,2026-10-22,2026-11-22,DECLINED,BAL-001,9,0,0,9,true,0.44
SYN000363,ANNUAL,2026-10-22,2026-10-22,RECOMMEND_APPROVE,"",1,0,0,1,false,0.2
SYN003175,PROF_DEV,2026-10-22,2026-10-22,NEEDS_APPROVAL,BAL-003,1,0,0,1,false,0.19
SYN006620,UNPAID,2026-10-22,2026-10-24,RECOMMEND_APPROVE,"",2,0,0,2,true,0.27
SYN009440,PROF_DEV,2026-10-22,2026-10-22,NEEDS_APPROVAL,BAL-003,1,0,0,1,true,0.32
SYN000405,ANNUAL,2026-10-22,2026-10-26,DECLINED,BAL-001|COV-001,3,2,1,0,true,0.46
SYN000993,PROF_DEV,2026-10-22,2026-10-22,NEEDS_APPROVAL,BAL-003,0,0,0,0,false,0.11
SYN006142,ANNUAL,2026-10-22,2026-10-25,RECOMMEND_APPROVE,"",3,0,0,3,false,0.65
SYN007266,ANNUAL,2026-10-22,2026-10-30,RECOMMEND_APPROVE,"",6,0,0,6,true,0.42
SYN008747,PROF_DEV,2026-10-22,2026-10-23,NEEDS_APPROVAL,ELG-001,2,0,0,2,true,0.42
SYN001264,TOIL,2026-10-22,2026-10-23,RECOMMEND_APPROVE,"",2,1,0,1,true,1.12
SYN001229,TOIL,2026-10-22,2026-10-22,RECOMMEND_APPROVE,"",0,0,0,0,false,0.11
SYN001892,ANNUAL,2026-10-22,2026-10-23,NEEDS_APPROVAL,COV-001,2,0,1,1,true,0.34
SYN004217,TOIL,2026-10-22,2026-10-23,RECOMMEND_APPROVE,"",2,1,0,1,true,0.41
SYN008199,ANNUAL,2026-10-22,2026-10-23,RECOMMEND_APPROVE,"",2,1,0,1,false,0.61
SYN006635,PROF_DEV,2026-10-22,2026-10-22,NEEDS_APPROVAL,BAL-003,1,1,0,0,false,8.49
SYN005874,ANNUAL,2026-10-22,2026-10-23,NEEDS_APPROVAL,COV-001,2,0,1,1,true,0.25
SYN008288,ANNUAL,2026-10-22,2026-10-23,NEEDS_APPROVAL,ELG-001,1,0,0,1,true,0.4
SYN006937,TOIL,2026-10-22,2026-10-22,NEEDS_APPROVAL,ELG-001,1,0,0,1,false,0.35
SYN001593,PROF_DEV,2026-10-22,2026-10-22,NEEDS_APPROVAL,BAL-003|COV-001,1,0,1,0,true,0.23
SYN004738,UNPAID,2026-10-22,2026-10-27,RECOMMEND_APPROVE,"",2,0,0,2,true,0.4
SYN000881,ANNUAL,2026-10-22,2026-10-29,NEEDS_APPROVAL,COV-002,5,0,0,5,true,0.94
SYN006285,UNPAID,2026-10-22,2026-10-22,RECOMMEND_APPROVE,"",1,0,0,1,false,0.22
SYN009133,ANNUAL,2026-10-22,2026-11-30,DECLINED,BAL-001,38,13,0,25,true,11.8
SYN008539,PROF_DEV,2026-10-22,2026-10-22,RECOMMEND_APPROVE,"",1,0,0,1,true,0.34
SYN005669,ADO,2026-10-22,2026-10-22,NEEDS_APPROVAL,BAL-003,0,0,0,0,false,0.11
SYN002312,PROF_DEV,2026-10-22,2026-10-22,NEEDS_APPROVAL,BAL-003,1,0,0,1,true,0.21
SYN001397,ANNUAL,2026-10-22,2026-10-25,RECOMMEND_APPROVE,"",2,0,0,2,true,0.29
SYN000231,PROF_DEV,2026-10-22,2026-10-22,RECOMMEND_APPROVE,"",1,1,0,0,true,0.36
SYN001704,PROF_DEV,2026-10-22,2026-10-23,RECOMMEND_APPROVE,"",2,0,0,2,true,0.28
SYN007638,ANNUAL,2026-10-22,2026-11-11,DECLINED,COV-001,15,0,3,12,true,1.12
SYN008922,TOIL,2026-10-22,2026-10-23,NEEDS_APPROVAL,ELG-001,1,0,0,1,true,0.48
SYN007366,ANNUAL,2026-10-22,2026-10-25,RECOMMEND_APPROVE,"",4,0,0,4,false,0.48
SYN003450,ANNUAL,2026-10-22,2026-12-02,DECLINED,BAL-001|COV-001,30,6,15,9,true,3.26
SYN008524,ANNUAL,2026-10-22,2026-10-22,NEEDS_APPROVAL,ELG-001,1,0,0,1,true,0.23
SYN003775,ADO,2026-10-22,2026-10-22,RECOMMEND_APPROVE,"",1,0,0,1,true,0.42
SYN004735,SICK,2026-10-22,2026-10-22,ACCEPTED,"",1,0,0,1,false,0.17
SYN007964,ANNUAL,2026-10-22,2026-10-29,NEEDS_APPROVAL,ELG-001,7,0,0,7,true,0.93
SYN006227,UNPAID,2026-10-22,2026-10-30,RECOMMEND_APPROVE,"",7,1,0,6,false,6.38
SYN003761,PROF_DEV,2026-10-22,2026-10-22,NEEDS_APPROVAL,COV-001,1,0,1,0,true,0.21
SYN007182,ANNUAL,2026-10-22,2026-10-23,RECOMMEND_APPROVE,"",1,0,0,1,false,0.18
SYN007113,LONG_SERVICE,2026-10-22,2026-10-22,DECLINED,ELG-003,0,0,0,0,false,0.12
SYN005083,ANNUAL,2026-10-22,2026-10-23,RECOMMEND_APPROVE,"",2,0,0,2,false,0.18
SYN004676,ANNUAL,2026-10-22,2026-11-30,DECLINED,ELG-001|BAL-001,28,0,0,28,true,0.9
SYN003925,ADO,2026-10-22,2026-10-22,NEEDS_APPROVAL,BAL-003,1,1,0,0,false,2.41
SYN008154,ANNUAL,2026-10-22,2026-10-23,RECOMMEND_APPROVE,"",2,1,0,1,false,5.86
SYN006899,UNPAID,2026-10-22,2026-10-22,RECOMMEND_APPROVE,"",1,0,0,1,true,0.27
SYN000605,UNPAID,2026-10-22,2026-10-23,RECOMMEND_APPROVE,"",2,0,0,2,false,0.25
SYN001423,PROF_DEV,2026-10-22,2026-10-22,RECOMMEND_APPROVE,"",0,0,0,0,false,0.11
SYN002379,ANNUAL,2026-10-22,2026-10-23,RECOMMEND_APPROVE,"",1,0,0,1,false,0.21
SYN000479,UNPAID,2026-10-22,2026-10-23,NEEDS_APPROVAL,ELG-001,2,0,0,2,true,0.27
SYN006848,ANNUAL,2026-10-22,2026-10-23,RECOMMEND_APPROVE,"",2,1,0,1,true,0.32
SYN004069,ANNUAL,2026-10-22,2026-10-25,RECOMMEND_APPROVE,"",2,0,0,2,true,0.36
SYN002537,ANNUAL,2026-10-22,2026-10-23,RECOMMEND_APPROVE,"",2,0,0,2,true,0.21
SYN002712,PROF_DEV,2026-10-22,2026-10-22,NEEDS_APPROVAL,BAL-003,1,0,0,1,false,0.27
SYN009128,ANNUAL,2026-10-22,2026-10-23,RECOMMEND_APPROVE,"",2,0,0,2,false,0.27
SYN000251,ADO,2026-10-22,2026-10-22,RECOMMEND_APPROVE,"",1,1,0,0,true,3.44
SYN006565,ADO,2026-10-22,2026-10-23,RECOMMEND_APPROVE,"",1,0,0,1,true,0.22
SYN000632,ANNUAL,2026-10-22,2026-10-22,RECOMMEND_APPROVE,"",1,0,0,1,false,0.16
SYN000238,PROF_DEV,2026-10-22,2026-10-22,RECOMMEND_APPROVE,"",1,0,0,1,false,0.17
SYN002462,LONG_SERVICE,2026-10-22,2026-10-27,DECLINED,BAL-001|NOT-002,3,1,0,2,false,2.76
SYN002637,ANNUAL,2026-10-23,2026-11-06,NEEDS_APPROVAL,COV-003,11,2,0,9,true,0.7
SYN009255,TOIL,2026-10-23,2026-10-23,RECOMMEND_APPROVE,"",1,0,0,1,true,0.5
SYN008389,LONG_SERVICE,2026-10-23,2026-10-23,DECLINED,ELG-003|BAL-001|NOT-002,1,0,0,1,false,0.43
SYN005635,ANNUAL,2026-10-23,2026-10-23,NEEDS_APPROVAL,COV-002,1,1,0,0,false,6.09
SYN007925,UNPAID,2026-10-23,2026-10-24,RECOMMEND_APPROVE,"",2,0,0,2,false,0.38
SYN006729,PROF_DEV,2026-10-23,2026-10-23,NEEDS_APPROVAL,BAL-003,1,0,0,1,false,0.27
SYN005822,PROF_DEV,2026-10-23,2026-10-23,RECOMMEND_APPROVE,"",1,0,0,1,true,0.47
SYN001046,PROF_DEV,2026-10-23,2026-10-23,RECOMMEND_APPROVE,"",1,1,0,0,false,1.65
SYN007181,ANNUAL,2026-10-23,2026-10-23,RECOMMEND_APPROVE,"",1,0,0,1,false,0.17
SYN008366,PROF_DEV,2026-10-23,2026-10-23,RECOMMEND_APPROVE,"",1,0,0,1,false,0.24
SYN006646,PROF_DEV,2026-10-23,2026-10-23,DECLINED,ELG-002|BAL-003,1,0,0,1,false,0.33
SYN000699,ADO,2026-10-23,2026-10-27,NEEDS_APPROVAL,REQ-004,3,0,0,3,true,0.46
SYN004045,ANNUAL,2026-10-23,2026-10-23,RECOMMEND_APPROVE,"",1,0,0,1,true,0.19
SYN005941,TOIL,2026-10-23,2026-10-27,RECOMMEND_APPROVE,"",0,0,0,0,false,0.11
SYN000970,ANNUAL,2026-10-23,2026-10-23,RECOMMEND_APPROVE,"",1,0,0,1,true,0.17
SYN000208,PROF_DEV,2026-10-23,2026-10-24,NEEDS_APPROVAL,BAL-003,1,0,0,1,true,0.18
SYN007617,UNPAID,2026-10-23,2026-10-23,RECOMMEND_APPROVE,"",1,0,0,1,false,0.31
SYN003681,ANNUAL,2026-10-23,2026-10-25,RECOMMEND_APPROVE,"",3,0,0,3,false,0.23
SYN000261,ADO,2026-10-23,2026-10-28,NEEDS_APPROVAL,REQ-004|BAL-003,4,0,0,4,false,0.64
SYN008010,ANNUAL,2026-10-23,2026-10-24,RECOMMEND_APPROVE,"",2,0,0,2,true,0.34
SYN008197,PROF_DEV,2026-10-23,2026-10-23,RECOMMEND_APPROVE,"",1,0,0,1,true,0.17
SYN007356,ANNUAL,2026-10-23,2026-10-23,RECOMMEND_APPROVE,"",1,1,0,0,false,6.49
SYN002351,PROF_DEV,2026-10-23,2026-10-23,RECOMMEND_APPROVE,"",1,0,0,1,false,0.2
SYN005283,TOIL,2026-10-23,2026-10-23,RECOMMEND_APPROVE,"",1,0,0,1,true,0.37
SYN008588,PROF_DEV,2026-10-23,2026-10-26,RECOMMEND_APPROVE,"",4,0,0,4,true,1.12
SYN005856,ADO,2026-10-23,2026-10-23,RECOMMEND_APPROVE,"",0,0,0,0,false,0.09
SYN006549,LONG_SERVICE,2026-10-23,2026-10-23,DECLINED,ELG-003|NOT-002,0,0,0,0,false,0.14
SYN000805,TOIL,2026-10-23,2026-10-25,RECOMMEND_APPROVE,"",3,0,0,3,true,0.68
SYN003404,ADO,2026-10-23,2026-10-23,DECLINED,BAL-001,1,0,0,1,true,0.24
SYN004057,ANNUAL,2026-10-23,2026-10-27,RECOMMEND_APPROVE,"",0,0,0,0,false,0.13
SYN002018,ANNUAL,2026-10-23,2026-10-23,RECOMMEND_APPROVE,"",1,0,0,1,false,0.15
SYN003735,ADO,2026-10-23,2026-10-23,NEEDS_APPROVAL,BAL-003,1,0,0,1,false,0.25
SYN006754,PROF_DEV,2026-10-23,2026-10-25,RECOMMEND_APPROVE,"",1,0,0,1,true,0.24
SYN007697,ANNUAL,2026-10-23,2026-10-26,NEEDS_APPROVAL,ELG-001|COV-001,2,0,2,0,true,0.27
SYN008283,ADO,2026-10-23,2026-10-23,NEEDS_APPROVAL,BAL-003,1,0,0,1,false,0.2
SYN008310,PROF_DEV,2026-10-23,2026-10-23,NEEDS_APPROVAL,BAL-003,0,0,0,0,false,0.1
SYN002898,ANNUAL,2026-10-23,2026-11-01,RECOMMEND_APPROVE,"",4,0,0,4,true,0.92
SYN002758,ANNUAL,2026-10-23,2026-10-26,RECOMMEND_APPROVE,"",5,0,0,5,true,0.36
SYN003094,UNPAID,2026-10-23,2026-10-23,RECOMMEND_APPROVE,"",1,0,0,1,false,0.22
SYN003599,ANNUAL,2026-10-23,2026-11-06,DECLINED,ELG-002|BAL-003,6,0,0,6,true,0.32
SYN006850,ANNUAL,2026-10-23,2026-10-23,RECOMMEND_APPROVE,"",1,1,0,0,false,2.18
SYN004729,ANNUAL,2026-10-23,2026-10-25,RECOMMEND_APPROVE,"",1,1,0,0,false,2.51
SYN006176,UNPAID,2026-10-23,2026-10-23,RECOMMEND_APPROVE,"",1,0,0,1,false,0.33
SYN003574,ANNUAL,2026-10-23,2026-11-01,DECLINED,ELG-002,4,4,0,0,true,2.68
SYN002414,PROF_DEV,2026-10-23,2026-10-23,RECOMMEND_APPROVE,"",1,0,0,1,true,0.28
SYN002412,ANNUAL,2026-10-23,2026-10-30,RECOMMEND_APPROVE,"",7,0,0,7,true,1.04
SYN005963,UNPAID,2026-10-23,2026-10-23,RECOMMEND_APPROVE,"",1,0,0,1,true,0.2
SYN008388,ANNUAL,2026-10-23,2026-11-03,RECOMMEND_APPROVE,"",8,1,0,7,true,2.19
SYN002860,ANNUAL,2026-10-23,2026-10-30,RECOMMEND_APPROVE,"",3,2,0,1,true,2.63
SYN004997,ANNUAL,2026-10-23,2026-10-23,RECOMMEND_APPROVE,"",1,0,0,1,true,0.21
SYN003397,ANNUAL,2026-10-23,2026-10-24,RECOMMEND_APPROVE,"",1,0,0,1,false,0.17
SYN001883,PROF_DEV,2026-10-23,2026-10-23,NEEDS_APPROVAL,ELG-001,1,0,0,1,false,0.21
SYN009114,LONG_SERVICE,2026-10-23,2026-10-23,DECLINED,ELG-003|BAL-001|NOT-002,1,1,0,0,true,1.03
SYN006950,ANNUAL,2026-10-23,2026-10-30,NEEDS_APPROVAL,ELG-001,5,1,0,4,true,4.19
SYN006752,ANNUAL,2026-10-23,2026-10-23,RECOMMEND_APPROVE,"",0,0,0,0,false,0.11
SYN000142,PROF_DEV,2026-10-23,2026-10-29,RECOMMEND_APPROVE,"",5,0,0,5,true,0.44
SYN009143,LONG_SERVICE,2026-10-23,2026-10-23,DECLINED,ELG-003|BAL-001|NOT-002,1,0,0,1,false,0.3
SYN000029,TOIL,2026-10-23,2026-10-24,RECOMMEND_APPROVE,"",0,0,0,0,false,0.11
SYN005657,LONG_SERVICE,2026-10-23,2026-10-30,DECLINED,ELG-003|BAL-001|NOT-002,3,0,0,3,true,0.35
SYN004958,UNPAID,2026-10-23,2026-10-23,NEEDS_APPROVAL,ELG-001,1,0,0,1,true,0.21
SYN004021,ANNUAL,2026-10-23,2026-10-23,RECOMMEND_APPROVE,"",1,0,0,1,true,0.18
SYN004719,ANNUAL,2026-10-23,2026-10-23,RECOMMEND_APPROVE,"",1,0,0,1,true,0.19
SYN004019,ANNUAL,2026-10-23,2026-10-27,DECLINED,BAL-001|COV-002,6,0,0,6,false,0.87
SYN001810,ANNUAL,2026-10-23,2026-11-15,DECLINED,BAL-001,16,0,0,16,true,0.87
SYN008057,ANNUAL,2026-10-23,2026-11-04,RECOMMEND_APPROVE,"",4,0,0,4,true,0.4
SYN003346,LONG_SERVICE,2026-10-23,2026-10-23,NEEDS_APPROVAL,NOT-002,0,0,0,0,false,0.13
SYN005894,TOIL,2026-10-23,2026-10-23,RECOMMEND_APPROVE,"",0,0,0,0,false,0.1
SYN003456,ANNUAL,2026-10-23,2026-11-01,RECOMMEND_APPROVE,"",4,1,0,3,true,1.56
SYN008847,ANNUAL,2026-10-23,2026-11-10,RECOMMEND_APPROVE,"",10,2,0,8,true,4.96
SYN008148,PROF_DEV,2026-10-23,2026-10-23,RECOMMEND_APPROVE,"",1,0,0,1,false,0.21
SYN005011,TOIL,2026-10-23,2026-10-25,DECLINED,BAL-001,3,0,0,3,false,0.68
SYN008502,PROF_DEV,2026-10-23,2026-10-23,RECOMMEND_APPROVE,"",1,0,0,1,true,0.18
SYN005362,ANNUAL,2026-10-23,2026-10-27,RECOMMEND_APPROVE,"",2,0,0,2,true,0.53
SYN000238,ANNUAL,2026-10-23,2026-10-23,RECOMMEND_APPROVE,"",1,0,0,1,false,0.17
SYN005752,ANNUAL,2026-10-23,2026-10-23,RECOMMEND_APPROVE,"",1,0,0,1,true,0.28
SYN007376,ANNUAL,2026-10-23,2026-10-27,RECOMMEND_APPROVE,"",2,0,0,2,false,0.22
SYN008700,ANNUAL,2026-10-23,2026-10-23,RECOMMEND_APPROVE,"",1,1,0,0,true,0.39
SYN001688,UNPAID,2026-10-23,2026-10-23,RECOMMEND_APPROVE,"",1,1,0,0,false,4.83
SYN007483,PROF_DEV,2026-10-23,2026-10-23,RECOMMEND_APPROVE,"",1,0,0,1,true,0.27
SYN000988,LONG_SERVICE,2026-10-23,2026-10-23,DECLINED,ELG-003|BAL-001|NOT-002,1,0,0,1,false,0.49
SYN001150,ANNUAL,2026-10-23,2026-10-25,RECOMMEND_APPROVE,"",1,0,0,1,false,0.25
SYN005721,ANNUAL,2026-10-23,2026-10-23,RECOMMEND_APPROVE,"",1,0,0,1,false,0.17
SYN004048,ANNUAL,2026-10-24,2026-10-31,RECOMMEND_APPROVE,"",2,0,0,2,false,0.29
SYN008886,ANNUAL,2026-10-24,2026-10-25,RECOMMEND_APPROVE,"",1,0,0,1,true,0.31
SYN008669,LONG_SERVICE,2026-10-24,2026-10-28,NEEDS_APPROVAL,NOT-002,3,0,0,3,true,0.52
SYN008812,LONG_SERVICE,2026-10-24,2026-10-25,DECLINED,ELG-003|BAL-001,2,0,0,2,true,0.47
SYN002737,ANNUAL,2026-10-24,2026-11-07,RECOMMEND_APPROVE,"",13,0,0,13,true,0.52
SYN004532,TOIL,2026-10-24,2026-10-24,RECOMMEND_APPROVE,"",0,0,0,0,false,0.14
SYN001703,ANNUAL,2026-10-24,2026-11-08,DECLINED,COV-001,8,0,4,4,true,0.43
SYN003607,ANNUAL,2026-10-24,2026-10-28,RECOMMEND_APPROVE,"",3,0,0,3,true,0.23
SYN005006,ANNUAL,2026-10-24,2026-11-08,DECLINED,BAL-001,8,0,0,8,true,0.73
SYN006296,ANNUAL,2026-10-24,2026-10-25,RECOMMEND_APPROVE,"",2,0,0,2,true,0.68
SYN003524,ADO,2026-10-24,2026-10-28,NEEDS_APPROVAL,REQ-004,4,0,0,4,false,0.25
SYN009482,ANNUAL,2026-10-24,2026-11-01,DECLINED,BAL-001,9,0,0,9,true,0.75
SYN002323,ADO,2026-10-24,2026-10-24,RECOMMEND_APPROVE,"",1,0,0,1,true,0.31
SYN007459,ANNUAL,2026-10-24,2026-10-25,RECOMMEND_APPROVE,"",0,0,0,0,false,0.11
SYN002433,ANNUAL,2026-10-24,2026-12-10,NEEDS_APPROVAL,ELG-001,27,4,0,23,true,3.99
SYN000933,ANNUAL,2026-10-24,2026-10-31,RECOMMEND_APPROVE,"",7,0,0,7,true,0.49
SYN005366,TOIL,2026-10-24,2026-11-01,NEEDS_APPROVAL,COV-001,5,0,2,3,true,0.61
SYN008436,ANNUAL,2026-10-24,2026-10-31,RECOMMEND_APPROVE,"",5,0,0,5,true,0.33
SYN002870,PROF_DEV,2026-10-24,2026-11-01,RECOMMEND_APPROVE,"",5,1,0,4,true,0.49
SYN006866,ANNUAL,2026-10-24,2026-11-01,RECOMMEND_APPROVE,"",4,2,0,2,true,0.64
SYN008259,TOIL,2026-10-24,2026-10-25,DECLINED,BAL-001,2,0,0,2,true,0.91
SYN008839,TOIL,2026-10-24,2026-10-24,NEEDS_APPROVAL,COV-002,1,0,0,1,true,0.33
SYN008239,PROF_DEV,2026-10-25,2026-10-29,DECLINED,ELG-002|BAL-003,4,0,0,4,true,1.19
SYN009251,ANNUAL,2026-10-25,2026-10-31,RECOMMEND_APPROVE,"",4,0,0,4,true,0.43
SYN008500,PROF_DEV,2026-10-25,2026-11-07,DECLINED,BAL-001,10,0,0,10,true,0.5
SYN001331,PROF_DEV,2026-10-25,2026-11-06,DECLINED,BAL-001,10,0,0,10,true,0.42
SYN004173,ANNUAL,2026-10-25,2026-11-01,RECOMMEND_APPROVE,"",5,0,0,5,false,0.78
SYN002001,ANNUAL,2026-10-25,2026-11-08,RECOMMEND_APPROVE,"",5,5,0,0,true,8.78
SYN007305,PROF_DEV,2026-10-25,2026-10-28,DECLINED,BAL-001,3,0,0,3,true,0.37
SYN003107,ANNUAL,2026-10-25,2026-10-25,RECOMMEND_APPROVE,"",1,0,0,1,true,0.37
SYN008230,ANNUAL,2026-10-25,2026-11-01,RECOMMEND_APPROVE,"",1,0,0,1,false,0.43
SYN002877,ANNUAL,2026-10-25,2026-11-03,DECLINED,BAL-001,3,0,0,3,true,0.51
SYN009240,ANNUAL,2026-10-25,2026-10-27,DECLINED,BAL-001,3,1,0,2,false,6.31
SYN005008,ADO,2026-10-25,2026-10-26,NEEDS_APPROVAL,ELG-001,2,0,0,2,true,0.34
SYN004673,LONG_SERVICE,2026-10-25,2026-10-27,DECLINED,ELG-003|BAL-001|NOT-002,3,0,0,3,true,0.65
SYN003323,ANNUAL,2026-10-25,2026-10-26,RECOMMEND_APPROVE,"",1,0,0,1,false,0.33
SYN003708,ANNUAL,2026-10-26,2026-10-29,RECOMMEND_APPROVE,"",4,0,0,4,true,0.42
SYN001775,TOIL,2026-10-26,2026-10-26,RECOMMEND_APPROVE,"",1,0,0,1,false,0.25
SYN006851,ANNUAL,2026-10-26,2026-11-08,RECOMMEND_APPROVE,"",4,0,0,4,true,1.23
SYN000674,TOIL,2026-10-26,2026-10-26,RECOMMEND_APPROVE,"",1,1,0,0,false,1.93
SYN005452,ANNUAL,2026-10-26,2026-11-01,RECOMMEND_APPROVE,"",5,0,0,5,true,0.82
SYN004507,TOIL,2026-10-26,2026-11-15,RECOMMEND_APPROVE,"",9,0,0,9,true,0.52
SYN005109,ANNUAL,2026-10-26,2026-11-29,DECLINED,ELG-001|COV-001,15,5,3,7,true,3.15
SYN000851,ANNUAL,2026-10-26,2026-11-22,RECOMMEND_APPROVE,"",4,0,0,4,true,0.27
SYN000570,TOIL,2026-10-26,2026-10-27,RECOMMEND_APPROVE,"",1,0,0,1,false,0.26
SYN005834,ANNUAL,2026-10-26,2026-11-06,NEEDS_APPROVAL,COV-001,10,0,2,8,true,0.53
SYN008649,TOIL,2026-10-26,2026-10-26,NEEDS_APPROVAL,BAL-003,1,0,0,1,false,0.2
SYN007229,PROF_DEV,2026-10-26,2026-10-29,NEEDS_APPROVAL,COV-001,4,0,1,3,true,0.3
SYN002142,ANNUAL,2026-10-26,2026-11-08,DECLINED,ELG-001|BAL-001,10,0,0,10,true,1.86
SYN001711,ANNUAL,2026-10-26,2026-11-08,DECLINED,BAL-001,10,0,0,10,true,1.24
SYN006170,ANNUAL,2026-10-26,2026-11-08,RECOMMEND_APPROVE,"",6,0,0,6,true,0.96
SYN008830,ANNUAL,2026-10-26,2026-11-08,DECLINED,ELG-001|BAL-001,6,1,0,5,true,1.6
SYN007392,LONG_SERVICE,2026-10-26,2026-10-30,DECLINED,ELG-003|BAL-001|NOT-002|COV-001,5,0,1,4,true,0.37
SYN002968,ANNUAL,2026-10-26,2026-11-02,RECOMMEND_APPROVE,"",4,0,0,4,false,1.03
SYN000433,ANNUAL,2026-10-26,2026-11-16,RECOMMEND_APPROVE,"",15,2,0,13,true,4.29
SYN004135,ANNUAL,2026-10-26,2026-10-28,NEEDS_APPROVAL,ELG-001|COV-002,3,2,0,1,false,2.15
SYN003348,ANNUAL,2026-10-26,2026-11-08,RECOMMEND_APPROVE,"",10,0,0,10,false,1.89
SYN001457,ANNUAL,2026-10-26,2026-11-08,RECOMMEND_APPROVE,"",7,0,0,7,false,0.45
SYN002017,ANNUAL,2026-10-26,2026-11-02,RECOMMEND_APPROVE,"",6,0,0,6,false,0.29
SYN000682,TOIL,2026-10-26,2026-10-26,NEEDS_APPROVAL,BAL-003,1,0,0,1,false,0.27
SYN005945,ANNUAL,2026-10-26,2026-10-29,NEEDS_APPROVAL,ELG-001,3,0,0,3,true,0.37
SYN004859,ANNUAL,2026-10-26,2026-11-02,RECOMMEND_APPROVE,"",5,0,0,5,false,0.43
SYN004533,ANNUAL,2026-10-26,2026-11-01,NEEDS_APPROVAL,BAL-003,6,0,0,6,false,0.56
SYN005212,ANNUAL,2026-10-26,2026-11-01,RECOMMEND_APPROVE,"",5,0,0,5,false,0.8
SYN008619,PROF_DEV,2026-10-26,2026-10-30,DECLINED,BAL-001|COV-005,5,0,0,5,true,0.29
SYN006996,PROF_DEV,2026-10-26,2026-10-26,RECOMMEND_APPROVE,"",1,0,0,1,true,0.17
SYN007876,LONG_SERVICE,2026-10-26,2026-10-30,NEEDS_APPROVAL,NOT-002,5,0,0,5,true,0.34
SYN002047,ANNUAL,2026-10-26,2026-11-01,RECOMMEND_APPROVE,"",5,0,0,5,true,0.39
SYN003704,PROF_DEV,2026-10-26,2026-10-30,DECLINED,BAL-001,5,0,0,5,true,0.42
SYN001245,PROF_DEV,2026-10-26,2026-10-30,RECOMMEND_APPROVE,"",2,2,0,0,true,0.58
SYN001994,ANNUAL,2026-10-26,2026-11-09,NEEDS_APPROVAL,COV-003,11,2,0,9,true,0.61
SYN006009,ANNUAL,2026-10-26,2026-10-30,RECOMMEND_APPROVE,"",4,0,0,4,true,0.45
SYN002277,ANNUAL,2026-10-26,2026-11-29,DECLINED,BAL-001|COV-001,20,3,12,5,true,1.35
SYN005561,ANNUAL,2026-10-26,2026-11-15,RECOMMEND_APPROVE,"",12,0,0,12,true,1.44
SYN009155,LONG_SERVICE,2026-10-26,2026-10-26,NEEDS_APPROVAL,NOT-002,1,0,0,1,true,0.26
SYN009049,ANNUAL,2026-10-26,2026-11-09,RECOMMEND_APPROVE,"",9,0,0,9,true,0.75
SYN002007,PROF_DEV,2026-10-26,2026-10-27,RECOMMEND_APPROVE,"",2,0,0,2,true,0.29
SYN006979,ANNUAL,2026-10-26,2026-11-06,NEEDS_APPROVAL,COV-001,10,0,3,7,true,0.51
SYN002904,PARENTAL,2026-10-26,2027-01-10,DECLINED,NOT-004|COV-001,54,8,36,10,true,11.74
SYN001292,TOIL,2026-10-26,2026-11-01,RECOMMEND_APPROVE,"",2,0,0,2,true,0.49
SYN005807,PARENTAL,2026-10-26,2027-05-09,NEEDS_APPROVAL,ELG-001|NOT-004|COV-002,140,0,0,140,true,14.44
SYN008795,ADO,2026-10-26,2026-11-08,DECLINED,REQ-004|ELG-001|BAL-001,10,0,0,10,true,0.99
SYN001781,ADO,2026-10-26,2026-10-27,NEEDS_APPROVAL,ELG-001|BAL-003,1,0,0,1,false,0.56
SYN003612,ANNUAL,2026-10-26,2026-10-30,NEEDS_APPROVAL,COV-001,5,0,2,3,true,0.56
SYN003397,TOIL,2026-10-26,2026-10-26,RECOMMEND_APPROVE,"",1,0,0,1,false,0.18
SYN005349,ANNUAL,2026-10-26,2026-11-08,NEEDS_APPROVAL,COV-002,10,0,0,10,true,1.66
SYN000326,ANNUAL,2026-10-26,2026-11-01,RECOMMEND_APPROVE,"",4,0,0,4,false,0.98
SYN006440,TOIL,2026-10-26,2026-10-29,RECOMMEND_APPROVE,"",2,0,0,2,true,0.2
SYN002214,PARENTAL,2026-10-26,2027-05-10,NEEDS_APPROVAL,ELG-001|NOT-004,112,0,0,112,true,8.19
SYN001512,LONG_SERVICE,2026-10-26,2026-11-08,DECLINED,ELG-003|BAL-001|NOT-002,6,0,0,6,false,0.63
SYN000030,ANNUAL,2026-10-26,2026-11-08,DECLINED,BAL-001,12,0,0,12,true,1.58
SYN005098,TOIL,2026-10-26,2026-10-26,NEEDS_APPROVAL,BAL-003,1,0,0,1,false,0.2
SYN006017,ANNUAL,2026-10-26,2026-11-08,RECOMMEND_APPROVE,"",4,0,0,4,true,0.63
SYN002296,ANNUAL,2026-10-26,2026-11-01,RECOMMEND_APPROVE,"",4,0,0,4,false,0.51
SYN004908,ANNUAL,2026-10-26,2026-11-01,RECOMMEND_APPROVE,"",5,0,0,5,true,0.44
SYN003274,TOIL,2026-10-26,2026-10-30,NEEDS_APPROVAL,ELG-001,5,0,0,5,true,0.37
SYN000392,LONG_SERVICE,2026-10-26,2026-10-26,DECLINED,ELG-003|BAL-001,1,0,0,1,true,0.31
SYN009111,ANNUAL,2026-10-26,2026-11-01,RECOMMEND_APPROVE,"",3,1,0,2,true,0.94
SYN003492,ANNUAL,2026-10-26,2026-11-08,RECOMMEND_APPROVE,"",2,0,0,2,true,0.27
SYN009234,ADO,2026-10-26,2026-11-02,DECLINED,REQ-004|BAL-001|COV-001|COV-003|COV-002,6,3,1,2,true,0.81
SYN001704,PROF_DEV,2026-10-26,2026-10-26,RECOMMEND_APPROVE,"",1,0,0,1,true,0.3
SYN007373,ANNUAL,2026-10-26,2026-11-01,DECLINED,BAL-001,4,0,0,4,true,0.46
SYN005927,TOIL,2026-10-26,2026-10-27,NEEDS_APPROVAL,ELG-001,2,0,0,2,true,0.5
SYN008356,ANNUAL,2026-10-26,2026-10-28,NEEDS_APPROVAL,ELG-001|COV-002,3,0,0,3,true,0.3
SYN006281,ANNUAL,2026-10-26,2026-10-26,RECOMMEND_APPROVE,"",1,0,0,1,true,0.2
SYN001990,ANNUAL,2026-10-26,2026-11-08,RECOMMEND_APPROVE,"",4,0,0,4,false,0.58
SYN004270,LONG_SERVICE,2026-10-26,2026-10-26,NEEDS_APPROVAL,NOT-002,1,0,0,1,true,0.22
SYN002347,PARENTAL,2026-10-26,2027-05-09,NEEDS_APPROVAL,NOT-004|COV-002,112,50,0,62,true,7.47
SYN007109,ANNUAL,2026-10-26,2026-10-26,RECOMMEND_APPROVE,"",1,0,0,1,false,0.25
SYN003525,ANNUAL,2026-10-26,2026-11-04,RECOMMEND_APPROVE,"",8,0,0,8,false,0.89
SYN006695,ADO,2026-10-26,2026-10-27,RECOMMEND_APPROVE,"",2,0,0,2,true,0.47
SYN001977,PROF_DEV,2026-10-26,2026-10-31,RECOMMEND_APPROVE,"",4,0,0,4,false,0.28
SYN002749,PROF_DEV,2026-10-26,2026-10-30,NEEDS_APPROVAL,COV-005,5,0,0,5,true,0.34
SYN000107,ANNUAL,2026-10-26,2026-11-01,DECLINED,BAL-001,4,0,0,4,false,0.31
SYN009323,LONG_SERVICE,2026-10-26,2026-11-08,DECLINED,ELG-003|BAL-001|COV-001,6,0,4,2,true,0.42
SYN002003,ANNUAL,2026-10-26,2026-10-30,RECOMMEND_APPROVE,"",2,0,0,2,false,0.21
SYN007488,ANNUAL,2026-10-26,2026-11-22,DECLINED,BAL-001,12,4,0,8,true,9.03
SYN008848,ANNUAL,2026-10-26,2026-10-29,RECOMMEND_APPROVE,"",4,0,0,4,false,0.65
SYN003934,ANNUAL,2026-10-26,2026-10-26,RECOMMEND_APPROVE,"",1,0,0,1,true,0.21
SYN002525,ANNUAL,2026-10-26,2026-11-16,RECOMMEND_APPROVE,"",6,0,0,6,true,0.55
SYN005417,TOIL,2026-10-26,2026-10-27,RECOMMEND_APPROVE,"",2,1,0,1,false,1.9
SYN001332,TOIL,2026-10-26,2026-10-26,NEEDS_APPROVAL,BAL-003,1,0,0,1,false,0.29
SYN007509,ANNUAL,2026-10-26,2026-10-27,RECOMMEND_APPROVE,"",0,0,0,0,false,0.11
SYN005311,LONG_SERVICE,2026-10-26,2026-11-01,NEEDS_APPROVAL,ELG-001|NOT-002,4,1,0,3,true,0.86
SYN002220,ANNUAL,2026-10-26,2026-11-16,DECLINED,COV-001,13,0,1,12,true,1.47
SYN006240,PARENTAL,2026-10-26,2027-01-10,NEEDS_APPROVAL,NOT-004|COV-002,55,0,0,55,true,2.55
SYN004047,LONG_SERVICE,2026-10-26,2026-11-20,DECLINED,BAL-001|NOT-002,20,7,0,13,true,2.74
SYN007762,ANNUAL,2026-10-26,2026-11-22,NEEDS_APPROVAL,COV-002,12,3,0,9,true,5.91
SYN007624,ANNUAL,2026-10-26,2026-11-01,RECOMMEND_APPROVE,"",3,0,0,3,false,0.31
SYN009061,ANNUAL,2026-10-26,2026-11-06,RECOMMEND_APPROVE,"",6,0,0,6,true,0.36
SYN009301,PROF_DEV,2026-10-26,2026-11-01,RECOMMEND_APPROVE,"",5,0,0,5,false,0.28
SYN002784,ANNUAL,2026-10-26,2026-10-30,NEEDS_APPROVAL,COV-001,5,0,1,4,true,0.65
SYN008673,ANNUAL,2026-10-26,2026-11-08,RECOMMEND_APPROVE,"",12,0,0,12,true,1.93
SYN002378,PROF_DEV,2026-10-26,2026-11-08,DECLINED,BAL-001,4,0,0,4,false,0.5
SYN008576,ANNUAL,2026-10-26,2026-11-08,RECOMMEND_APPROVE,"",10,0,0,10,true,0.73
SYN004622,ADO,2026-10-26,2026-10-28,NEEDS_APPROVAL,REQ-004,3,1,0,2,false,5.69
SYN009567,ANNUAL,2026-10-26,2026-11-06,NEEDS_APPROVAL,COV-001|COV-002,10,0,4,6,true,0.65
SYN005100,UNPAID,2026-10-26,2027-04-11,NEEDS_APPROVAL,ELG-001,120,0,0,120,true,5.98
SYN006779,TOIL,2026-10-26,2026-11-01,DECLINED,BAL-001,7,0,0,7,true,0.46
SYN009021,ANNUAL,2026-10-26,2026-11-23,DECLINED,ELG-002|BAL-001,12,2,0,10,true,6.51
SYN001661,ANNUAL,2026-10-26,2026-11-01,NEEDS_APPROVAL,COV-001,5,0,4,1,false,1.59
SYN008667,ANNUAL,2026-10-26,2026-11-01,NEEDS_APPROVAL,ELG-001,2,0,0,2,true,2.61
SYN005813,SICK,2026-10-26,2026-11-08,ACCEPTED,"",4,2,0,2,true,1.26
SYN005688,ANNUAL,2026-10-26,2026-11-01,RECOMMEND_APPROVE,"",5,0,0,5,true,0.49
SYN007007,ANNUAL,2026-10-26,2026-11-01,RECOMMEND_APPROVE,"",5,1,0,4,true,1.92
SYN001543,ANNUAL,2026-10-26,2026-12-06,DECLINED,ELG-002|BAL-003,30,0,0,30,true,1.89
SYN008721,ANNUAL,2026-10-26,2026-11-06,RECOMMEND_APPROVE,"",10,2,0,8,false,2.77
SYN000689,TOIL,2026-10-26,2026-10-26,RECOMMEND_APPROVE,"",1,0,0,1,true,0.38
SYN006338,LONG_SERVICE,2026-10-26,2026-11-08,DECLINED,ELG-003|BAL-001|NOT-002,4,0,0,4,true,0.51
SYN001924,ANNUAL,2026-10-26,2026-11-01,NEEDS_APPROVAL,ELG-001,3,0,0,3,true,0.84
SYN003544,ANNUAL,2026-10-26,2026-11-05,DECLINED,ELG-001|BAL-001,8,6,0,2,true,0.87
SYN004512,LONG_SERVICE,2026-10-26,2026-11-08,DECLINED,ELG-003|BAL-001|NOT-002,10,3,0,7,true,3.8
SYN005872,LONG_SERVICE,2026-10-26,2026-11-08,DECLINED,ELG-003|BAL-001|NOT-002,10,7,0,3,true,2.18
SYN008288,ANNUAL,2026-10-26,2026-10-28,NEEDS_APPROVAL,ELG-001,3,0,0,3,true,0.96
SYN008028,ANNUAL,2026-10-26,2026-10-26,RECOMMEND_APPROVE,"",1,0,0,1,true,0.2
SYN008270,ANNUAL,2026-10-26,2026-11-15,NEEDS_APPROVAL,ELG-001,9,2,0,7,true,9.32
SYN007089,ADO,2026-10-26,2026-10-26,RECOMMEND_APPROVE,"",1,0,0,1,false,0.33
SYN008862,PARENTAL,2026-10-26,2027-01-31,NEEDS_APPROVAL,ELG-001|NOT-004,56,42,0,14,true,78.28
SYN008372,ANNUAL,2026-10-26,2026-11-01,DECLINED,BAL-001,5,0,0,5,true,0.5
SYN004212,ANNUAL,2026-10-26,2026-10-29,RECOMMEND_APPROVE,"",3,0,0,3,true,0.3
SYN002350,ANNUAL,2026-10-26,2026-11-01,RECOMMEND_APPROVE,"",5,1,0,4,true,0.87
SYN002379,ANNUAL,2026-10-26,2026-10-30,NEEDS_APPROVAL,COV-002,4,0,0,4,false,0.48
SYN002018,ANNUAL,2026-10-26,2026-10-27,RECOMMEND_APPROVE,"",2,1,0,1,false,5.34
SYN000171,ANNUAL,2026-10-26,2026-10-31,RECOMMEND_APPROVE,"",3,0,0,3,true,0.48
SYN002140,ANNUAL,2026-10-26,2026-10-29,RECOMMEND_APPROVE,"",4,0,0,4,true,0.75
SYN000805,ANNUAL,2026-10-26,2026-11-01,RECOMMEND_APPROVE,"",6,0,0,6,true,1.2
SYN006226,ANNUAL,2026-10-26,2026-11-06,RECOMMEND_APPROVE,"",10,1,0,9,true,1.68
SYN008216,ANNUAL,2026-10-26,2026-11-01,DECLINED,BAL-001,3,0,0,3,false,0.29
SYN000574,ANNUAL,2026-10-26,2026-10-28,RECOMMEND_APPROVE,"",3,1,0,2,false,2.42
SYN002723,ANNUAL,2026-10-26,2026-11-06,RECOMMEND_APPROVE,"",10,4,0,6,true,2.77
SYN007420,ANNUAL,2026-10-26,2026-11-03,RECOMMEND_APPROVE,"",6,3,0,3,false,2.52
SYN007022,LONG_SERVICE,2026-10-26,2026-10-26,DECLINED,ELG-003|BAL-001|NOT-002,1,0,0,1,true,0.37
SYN005437,ANNUAL,2026-10-26,2026-11-24,RECOMMEND_APPROVE,"",22,0,0,22,true,1.04
SYN005533,ANNUAL,2026-10-26,2026-10-30,RECOMMEND_APPROVE,"",4,1,0,3,true,0.83
SYN005903,PROF_DEV,2026-10-26,2026-11-08,RECOMMEND_APPROVE,"",10,0,0,10,true,0.34
SYN009028,ADO,2026-10-26,2026-10-28,NEEDS_APPROVAL,REQ-004,3,0,0,3,false,0.24
SYN000984,ANNUAL,2026-10-26,2026-11-01,DECLINED,BAL-001,7,1,0,6,true,0.83
SYN004146,LONG_SERVICE,2026-10-26,2026-10-26,DECLINED,BAL-001,1,0,0,1,true,0.33
SYN001734,TOIL,2026-10-26,2026-11-01,RECOMMEND_APPROVE,"",2,0,0,2,true,0.35
SYN002016,PROF_DEV,2026-10-26,2026-10-30,RECOMMEND_APPROVE,"",5,0,0,5,true,0.33
SYN002329,ANNUAL,2026-10-26,2026-11-01,RECOMMEND_APPROVE,"",3,0,0,3,true,0.38
SYN007384,TOIL,2026-10-26,2026-10-27,NEEDS_APPROVAL,ELG-001,2,0,0,2,true,0.3
SYN005192,TOIL,2026-10-26,2026-10-26,DECLINED,ELG-002|BAL-003,0,0,0,0,false,0.11
SYN006053,PROF_DEV,2026-10-26,2026-10-28,RECOMMEND_APPROVE,"",3,0,0,3,true,0.23
SYN002878,ANNUAL,2026-10-26,2026-11-23,RECOMMEND_APPROVE,"",21,6,0,15,true,2.07
SYN000717,ANNUAL,2026-10-26,2026-10-30,RECOMMEND_APPROVE,"",2,1,0,1,true,0.59
SYN008180,LONG_SERVICE,2026-10-26,2027-01-10,DECLINED,ELG-003|BAL-001|NOT-002,55,21,0,34,true,8.91
SYN000479,ANNUAL,2026-10-26,2026-10-28,NEEDS_APPROVAL,ELG-001,3,2,0,1,true,0.86
SYN005622,ANNUAL,2026-10-26,2026-11-08,RECOMMEND_APPROVE,"",10,0,0,10,true,0.75
SYN006740,LONG_SERVICE,2026-10-26,2026-11-08,DECLINED,BAL-001|NOT-002|COV-003,8,8,0,0,true,2.04
SYN008097,TOIL,2026-10-26,2026-10-26,RECOMMEND_APPROVE,"",1,1,0,0,false,5.55
SYN001218,ANNUAL,2026-10-26,2026-11-01,NEEDS_APPROVAL,COV-002,4,0,0,4,true,0.57
SYN006118,ANNUAL,2026-10-26,2026-11-15,DECLINED,ELG-001|BAL-001,15,0,0,15,true,0.94
SYN001318,TOIL,2026-10-26,2026-11-01,RECOMMEND_APPROVE,"",4,0,0,4,true,0.66
SYN007075,ANNUAL,2026-10-26,2026-11-01,RECOMMEND_APPROVE,"",3,0,0,3,false,1.13
SYN007434,ANNUAL,2026-10-26,2026-11-08,DECLINED,ELG-001|BAL-001,10,0,0,10,true,0.61
SYN007145,ANNUAL,2026-10-26,2026-11-02,RECOMMEND_APPROVE,"",5,1,0,4,true,1.24
SYN000796,ANNUAL,2026-10-26,2026-11-01,RECOMMEND_APPROVE,"",5,0,0,5,false,0.26
SYN001107,TOIL,2026-10-26,2026-11-01,RECOMMEND_APPROVE,"",5,0,0,5,true,0.77
SYN002926,ANNUAL,2026-10-26,2026-11-22,RECOMMEND_APPROVE,"",16,3,0,13,true,2.27
SYN002627,ANNUAL,2026-10-26,2026-11-03,RECOMMEND_APPROVE,"",7,2,0,5,false,7.45
SYN005479,ADO,2026-10-26,2026-11-08,NEEDS_APPROVAL,REQ-004,4,0,0,4,true,1.11
SYN000467,LONG_SERVICE,2026-10-26,2026-11-15,DECLINED,ELG-003|BAL-003|NOT-002,16,2,0,14,true,13.29
SYN007741,ANNUAL,2026-10-26,2026-11-17,DECLINED,ELG-001|COV-001,17,0,13,4,true,0.59
SYN006423,ANNUAL,2026-10-26,2026-11-01,RECOMMEND_APPROVE,"",5,0,0,5,false,0.97
SYN005947,ANNUAL,2026-10-26,2026-11-15,NEEDS_APPROVAL,COV-002,6,0,0,6,true,1.1
SYN002964,ANNUAL,2026-10-26,2026-11-08,NEEDS_APPROVAL,BAL-003,10,1,0,9,true,2.0
SYN004870,ANNUAL,2026-10-26,2026-11-01,RECOMMEND_APPROVE,"",4,0,0,4,true,0.33
SYN004752,ANNUAL,2026-10-26,2026-11-08,DECLINED,BAL-001,6,0,0,6,false,0.57
SYN001553,LONG_SERVICE,2026-10-26,2026-11-08,NEEDS_APPROVAL,NOT-002,10,0,0,10,false,0.44
SYN004365,TOIL,2026-10-26,2026-10-26,DECLINED,ELG-002|BAL-003,1,0,0,1,false,0.39
SYN002099,ANNUAL,2026-10-26,2026-11-08,DECLINED,BAL-001,4,0,0,4,false,0.78
SYN000515,PROF_DEV,2026-10-26,2026-10-29,DECLINED,BAL-001,4,0,0,4,true,0.3
SYN009538,ANNUAL,2026-10-26,2026-11-20,DECLINED,COV-001,20,1,3,16,true,1.02
SYN000250,ANNUAL,2026-10-26,2026-11-01,RECOMMEND_APPROVE,"",3,0,0,3,true,0.43
SYN005021,ANNUAL,2026-10-26,2026-11-22,DECLINED,BAL-001,21,2,0,19,true,4.7
SYN009223,ANNUAL,2026-10-26,2026-11-08,DECLINED,BAL-001,9,0,0,9,false,2.06
SYN009458,UNPAID,2026-10-26,2026-11-08,RECOMMEND_APPROVE,"",8,0,0,8,true,1.82
SYN004728,TOIL,2026-10-26,2026-10-27,RECOMMEND_APPROVE,"",0,0,0,0,false,0.12
SYN001739,ADO,2026-10-26,2026-10-28,NEEDS_APPROVAL,REQ-004,3,1,0,2,false,2.93
SYN004620,ANNUAL,2026-10-26,2026-11-08,NEEDS_APPROVAL,ELG-001,10,0,0,10,true,1.6
SYN008529,ANNUAL,2026-10-26,2026-11-28,DECLINED,BAL-001,15,0,0,15,true,0.62
SYN003229,ANNUAL,2026-10-26,2026-11-01,RECOMMEND_APPROVE,"",2,1,0,1,false,2.79
SYN002093,ANNUAL,2026-10-26,2026-11-06,RECOMMEND_APPROVE,"",9,2,0,7,true,1.04
SYN008861,TOIL,2026-10-26,2026-11-01,DECLINED,ELG-002,4,0,0,4,true,0.87
SYN004066,ANNUAL,2026-10-26,2026-11-05,NEEDS_APPROVAL,ELG-001,9,0,0,9,true,1.09
SYN004229,ANNUAL,2026-10-26,2026-11-01,RECOMMEND_APPROVE,"",5,0,0,5,true,0.67
SYN004925,ANNUAL,2026-10-26,2026-11-01,RECOMMEND_APPROVE,"",5,0,0,5,true,0.71
SYN001441,ANNUAL,2026-10-26,2026-11-09,DECLINED,BAL-001,9,0,0,9,false,2.35
SYN001713,ANNUAL,2026-10-26,2026-10-26,RECOMMEND_APPROVE,"",1,1,0,0,false,1.82
SYN000866,ANNUAL,2026-10-26,2026-11-08,DECLINED,BAL-001|COV-001,10,2,2,6,true,0.85
SYN006812,ANNUAL,2026-10-26,2026-10-27,RECOMMEND_APPROVE,"",2,1,0,1,true,0.51
SYN006757,ANNUAL,2026-10-26,2026-11-15,RECOMMEND_APPROVE,"",6,0,0,6,true,0.84
SYN008977,LONG_SERVICE,2026-10-26,2026-11-09,DECLINED,BAL-001,4,0,0,4,false,0.67
SYN001654,TOIL,2026-10-26,2026-10-27,RECOMMEND_APPROVE,"",2,0,0,2,false,0.31
SYN000823,PROF_DEV,2026-10-26,2026-10-26,RECOMMEND_APPROVE,"",1,0,0,1,false,0.17
SYN006639,ANNUAL,2026-10-26,2026-11-15,RECOMMEND_APPROVE,"",15,0,0,15,true,2.69
SYN006816,ANNUAL,2026-10-26,2026-10-27,RECOMMEND_APPROVE,"",2,0,0,2,true,0.31
SYN005321,ADO,2026-10-26,2026-10-26,NEEDS_APPROVAL,BAL-003,1,1,0,0,false,0.78
SYN007505,ANNUAL,2026-10-26,2026-11-01,RECOMMEND_APPROVE,"",3,0,0,3,true,0.39
SYN003621,TOIL,2026-10-26,2026-10-28,RECOMMEND_APPROVE,"",3,0,0,3,false,1.02
SYN007536,LONG_SERVICE,2026-10-26,2026-12-06,DECLINED,ELG-003|BAL-001,18,0,0,18,true,1.28
SYN004907,ANNUAL,2026-10-26,2026-11-08,NEEDS_APPROVAL,ELG-001,10,5,0,5,true,3.1
SYN005233,ANNUAL,2026-10-26,2026-11-04,RECOMMEND_APPROVE,"",5,0,0,5,true,0.96
SYN000972,PROF_DEV,2026-10-26,2026-11-08,NEEDS_APPROVAL,COV-001,10,0,1,9,true,0.45
SYN001295,LONG_SERVICE,2026-10-26,2026-11-24,DECLINED,ELG-003|BAL-001|NOT-002,13,0,0,13,true,0.63
SYN003248,TOIL,2026-10-26,2026-10-26,NEEDS_APPROVAL,BAL-003,1,0,0,1,false,0.37
SYN007639,ANNUAL,2026-10-26,2026-11-08,RECOMMEND_APPROVE,"",2,0,0,2,true,0.48
SYN004299,ANNUAL,2026-10-26,2026-10-26,RECOMMEND_APPROVE,"",1,0,0,1,false,0.18
SYN000164,PROF_DEV,2026-10-26,2026-10-26,RECOMMEND_APPROVE,"",1,0,0,1,true,0.18
SYN008746,ANNUAL,2026-10-26,2026-11-08,DECLINED,BAL-001,7,0,0,7,false,1.89
SYN008981,ANNUAL,2026-10-26,2026-10-26,RECOMMEND_APPROVE,"",1,0,0,1,true,0.28
SYN008099,UNPAID,2026-10-26,2026-11-15,RECOMMEND_APPROVE,"",12,0,0,12,true,0.78
SYN003598,ANNUAL,2026-10-26,2026-11-01,RECOMMEND_APPROVE,"",4,0,0,4,true,0.72
SYN002172,ADO,2026-10-26,2026-10-30,DECLINED,REQ-004|BAL-001,5,0,0,5,false,0.32
SYN009180,ANNUAL,2026-10-26,2026-11-09,DECLINED,BAL-001,13,0,0,13,true,1.39
SYN005833,ANNUAL,2026-10-26,2026-11-01,DECLINED,BAL-001,7,0,0,7,true,0.62
SYN007992,ANNUAL,2026-10-26,2026-11-15,DECLINED,BAL-001,15,1,0,14,true,1.12
SYN002564,ANNUAL,2026-10-26,2026-11-22,DECLINED,BAL-001,28,2,0,26,true,3.41
SYN002153,PARENTAL,2026-10-26,2027-05-16,DECLINED,NOT-004|COV-001,87,0,26,61,true,4.85
SYN000520,ADO,2026-10-26,2026-11-08,NEEDS_APPROVAL,REQ-004,8,0,0,8,false,0.79
SYN001073,ANNUAL,2026-10-26,2026-11-06,NEEDS_APPROVAL,COV-001,10,4,4,2,true,9.32
SYN009572,ANNUAL,2026-10-26,2026-11-11,DECLINED,BAL-001,9,0,0,9,true,1.32
SYN000493,ANNUAL,2026-10-26,2026-11-01,RECOMMEND_APPROVE,"",5,0,0,5,true,0.49
SYN006362,UNPAID,2026-10-26,2027-07-11,NEEDS_APPROVAL,COV-002,111,0,0,111,true,9.73
SYN000526,ANNUAL,2026-10-26,2026-11-29,RECOMMEND_APPROVE,"",16,3,0,13,true,3.84
SYN003778,ANNUAL,2026-10-26,2026-11-22,DECLINED,ELG-001|BAL-001,9,1,0,8,true,2.99
SYN002279,ANNUAL,2026-10-26,2026-11-09,RECOMMEND_APPROVE,"",8,0,0,8,true,1.48
SYN007306,ANNUAL,2026-10-26,2026-10-29,RECOMMEND_APPROVE,"",3,0,0,3,true,0.29
SYN003681,TOIL,2026-10-26,2026-10-26,NEEDS_APPROVAL,BAL-003,1,0,0,1,false,0.19
SYN007492,ANNUAL,2026-10-26,2026-11-08,RECOMMEND_APPROVE,"",10,4,0,6,true,2.77
SYN008058,PROF_DEV,2026-10-26,2026-11-05,DECLINED,BAL-001|COV-001,6,0,1,5,true,0.42
SYN008881,LONG_SERVICE,2026-10-26,2026-11-01,DECLINED,ELG-001|ELG-003|BAL-001|NOT-002,5,0,0,5,false,0.76
SYN005272,ANNUAL,2026-10-26,2026-11-08,DECLINED,BAL-001,12,0,0,12,true,2.59
SYN009187,ANNUAL,2026-10-26,2026-11-02,RECOMMEND_APPROVE,"",6,1,0,5,true,5.53
SYN006004,LONG_SERVICE,2026-10-26,2026-11-08,DECLINED,ELG-003|BAL-001|NOT-002,2,0,0,2,false,0.34
SYN000919,ANNUAL,2026-10-26,2026-11-06,NEEDS_APPROVAL,BAL-003,10,0,0,10,true,0.89
SYN002123,ANNUAL,2026-10-26,2026-11-29,RECOMMEND_APPROVE,"",24,1,0,23,true,7.43
SYN001891,ANNUAL,2026-10-26,2026-11-08,DECLINED,BAL-001,8,0,0,8,false,1.11
SYN005182,TOIL,2026-10-26,2026-12-06,DECLINED,BAL-001,18,0,0,18,true,0.73
SYN006234,ANNUAL,2026-10-26,2026-11-01,RECOMMEND_APPROVE,"",4,1,0,3,false,2.83
SYN008318,ANNUAL,2026-10-26,2026-11-01,NEEDS_APPROVAL,ELG-001,3,0,0,3,true,0.61
SYN004320,ANNUAL,2026-10-26,2026-10-27,NEEDS_APPROVAL,COV-002,2,0,0,2,true,0.45
SYN004130,ANNUAL,2026-10-26,2026-11-01,DECLINED,BAL-001,4,1,0,3,true,1.04
SYN009145,PARENTAL,2026-10-26,2027-01-31,NEEDS_APPROVAL,NOT-004,70,0,0,70,true,3.29
SYN000868,ANNUAL,2026-10-26,2026-10-30,RECOMMEND_APPROVE,"",5,5,0,0,false,9.95
SYN001845,TOIL,2026-10-26,2026-10-26,NEEDS_APPROVAL,BAL-003,1,0,0,1,true,0.27
SYN002935,ANNUAL,2026-10-26,2026-11-08,DECLINED,BAL-001,6,1,0,5,true,2.24
SYN006035,TOIL,2026-10-26,2026-10-26,RECOMMEND_APPROVE,"",1,0,0,1,false,0.24
SYN005628,LONG_SERVICE,2026-10-26,2026-11-01,DECLINED,ELG-001|ELG-003|BAL-001|NOT-002,4,0,0,4,true,0.57
SYN000486,ANNUAL,2026-10-26,2026-11-08,RECOMMEND_APPROVE,"",11,0,0,11,false,0.91
SYN003506,ANNUAL,2026-10-26,2026-11-06,DECLINED,BAL-001|COV-001,9,1,1,7,true,1.22
SYN006549,LONG_SERVICE,2026-10-26,2026-10-28,DECLINED,ELG-003|NOT-002,2,1,0,1,false,4.98
SYN000496,ANNUAL,2026-10-26,2026-10-26,NEEDS_APPROVAL,COV-001,1,0,1,0,true,0.22
SYN000086,TOIL,2026-10-26,2026-11-08,RECOMMEND_APPROVE,"",5,0,0,5,false,0.64
SYN001424,ANNUAL,2026-10-26,2026-10-28,NEEDS_APPROVAL,COV-001,3,0,3,0,true,0.3
SYN007238,LONG_SERVICE,2026-10-26,2026-11-20,DECLINED,BAL-001|NOT-002|COV-001|COV-003,16,3,1,12,true,1.1
SYN008344,ANNUAL,2026-10-26,2026-11-16,DECLINED,ELG-001|BAL-001,16,0,0,16,true,3.59
SYN006463,PROF_DEV,2026-10-26,2026-12-03,DECLINED,BAL-001,29,0,0,29,true,0.62
SYN000761,ANNUAL,2026-10-26,2026-11-01,RECOMMEND_APPROVE,"",5,0,0,5,false,0.35
SYN007686,ANNUAL,2026-10-26,2026-10-27,RECOMMEND_APPROVE,"",2,0,0,2,true,0.25
SYN001488,PROF_DEV,2026-10-26,2026-10-29,RECOMMEND_APPROVE,"",4,0,0,4,true,0.35
SYN008198,LONG_SERVICE,2026-10-26,2026-11-13,DECLINED,ELG-003|BAL-001|NOT-002,15,0,0,15,true,1.43
SYN008700,ANNUAL,2026-10-26,2026-10-26,RECOMMEND_APPROVE,"",1,0,0,1,true,0.24
SYN007360,ANNUAL,2026-10-26,2026-10-28,RECOMMEND_APPROVE,"",2,1,0,1,false,3.85
SYN006116,ANNUAL,2026-10-27,2026-10-30,RECOMMEND_APPROVE,"",2,1,0,1,false,1.78
SYN009393,ANNUAL,2026-10-27,2026-10-30,RECOMMEND_APPROVE,"",3,0,0,3,false,0.41
SYN004365,PROF_DEV,2026-10-27,2026-11-01,RECOMMEND_APPROVE,"",4,0,0,4,false,0.51
SYN005192,ANNUAL,2026-10-27,2026-11-08,RECOMMEND_APPROVE,"",10,0,0,10,false,0.9
SYN001332,LONG_SERVICE,2026-10-27,2026-11-02,NEEDS_APPROVAL,NOT-002,3,0,0,3,false,0.54
SYN002082,ANNUAL,2026-10-27,2026-10-29,NEEDS_APPROVAL,COV-001,3,0,1,2,true,0.32
SYN001775,ANNUAL,2026-10-27,2026-10-28,RECOMMEND_APPROVE,"",1,0,0,1,false,0.23
SYN009441,ANNUAL,2026-10-27,2026-10-27,RECOMMEND_APPROVE,"",0,0,0,0,false,0.09
SYN004299,ANNUAL,2026-10-27,2026-11-01,RECOMMEND_APPROVE,"",4,2,0,2,false,0.83
SYN000762,UNPAID,2026-10-27,2026-11-04,RECOMMEND_APPROVE,"",5,1,0,4,true,0.72
SYN008841,ANNUAL,2026-10-27,2026-11-08,RECOMMEND_APPROVE,"",8,5,0,3,false,18.23
SYN002387,PROF_DEV,2026-10-27,2026-10-28,RECOMMEND_APPROVE,"",2,0,0,2,false,0.33
SYN006556,PARENTAL,2026-10-27,2027-05-10,DECLINED,ELG-001|NOT-004|COV-001,112,15,2,95,true,14.0
SYN008978,LONG_SERVICE,2026-10-27,2026-12-25,DECLINED,ELG-001|BAL-001,27,0,0,27,true,1.04
SYN008097,LONG_SERVICE,2026-10-27,2026-11-15,DECLINED,ELG-003|BAL-001|NOT-002,14,12,0,2,false,54.84
SYN008649,ANNUAL,2026-10-27,2026-10-27,RECOMMEND_APPROVE,"",1,0,0,1,false,0.27
SYN000823,ANNUAL,2026-10-27,2026-10-30,RECOMMEND_APPROVE,"",3,2,0,1,false,3.3
SYN008999,ANNUAL,2026-10-27,2026-10-27,DECLINED,ELG-002|BAL-001,1,0,0,1,true,0.25
SYN009280,ADO,2026-10-27,2026-10-27,RECOMMEND_APPROVE,"",1,0,0,1,false,0.33
SYN005275,ANNUAL,2026-10-27,2026-11-01,RECOMMEND_APPROVE,"",4,2,0,2,false,9.26
SYN000674,ANNUAL,2026-10-27,2026-11-08,RECOMMEND_APPROVE,"",9,1,0,8,false,3.16
SYN009128,ANNUAL,2026-10-27,2026-10-29,RECOMMEND_APPROVE,"",3,0,0,3,false,0.36
SYN003146,ANNUAL,2026-10-27,2026-11-01,DECLINED,BAL-001,5,0,0,5,true,0.6
SYN003397,ANNUAL,2026-10-27,2026-10-27,RECOMMEND_APPROVE,"",1,1,0,0,false,3.73
SYN007730,ANNUAL,2026-10-27,2026-10-30,RECOMMEND_APPROVE,"",3,0,0,3,false,0.43
SYN001845,PROF_DEV,2026-10-27,2026-10-29,RECOMMEND_APPROVE,"",3,0,0,3,true,0.41
SYN000164,PROF_DEV,2026-10-27,2026-10-29,DECLINED,BAL-001,3,0,0,3,true,0.28
SYN000053,ANNUAL,2026-10-27,2026-11-01,RECOMMEND_APPROVE,"",3,0,0,3,false,0.23
SYN000185,ANNUAL,2026-10-27,2026-11-22,RECOMMEND_APPROVE,"",16,1,0,15,true,2.11
SYN006928,ANNUAL,2026-10-27,2026-10-27,NEEDS_APPROVAL,ELG-001,1,0,0,1,false,0.21
SYN001411,PROF_DEV,2026-10-27,2026-10-28,RECOMMEND_APPROVE,"",1,0,0,1,false,0.15
SYN004511,UNPAID,2026-10-27,2026-10-27,RECOMMEND_APPROVE,"",1,0,0,1,true,0.29
SYN001225,ANNUAL,2026-10-27,2026-10-30,RECOMMEND_APPROVE,"",2,1,0,1,false,2.55
SYN004323,ANNUAL,2026-10-27,2026-10-30,RECOMMEND_APPROVE,"",4,2,0,2,false,3.3
SYN001137,ANNUAL,2026-10-27,2026-10-27,RECOMMEND_APPROVE,"",0,0,0,0,false,0.14
SYN007591,PROF_DEV,2026-10-27,2026-10-28,NEEDS_APPROVAL,ELG-001,2,1,0,1,false,2.1
SYN008668,TOIL,2026-10-27,2026-11-01,RECOMMEND_APPROVE,"",6,0,0,6,true,0.58
SYN001401,PROF_DEV,2026-10-27,2026-10-27,RECOMMEND_APPROVE,"",1,0,0,1,false,0.18
SYN003721,LONG_SERVICE,2026-10-27,2026-11-01,DECLINED,BAL-001|NOT-002|COV-002,4,3,0,1,true,12.44
SYN005805,ANNUAL,2026-10-27,2026-10-27,RECOMMEND_APPROVE,"",1,0,0,1,false,0.37
SYN005098,ANNUAL,2026-10-27,2026-10-29,RECOMMEND_APPROVE,"",3,2,0,1,false,3.15
SYN006618,ANNUAL,2026-10-27,2026-11-06,NEEDS_APPROVAL,COV-001,9,6,2,1,true,1.29
SYN000682,PROF_DEV,2026-10-27,2026-11-05,DECLINED,BAL-001|COV-001,8,0,4,4,true,0.64
SYN004961,TOIL,2026-10-27,2026-10-27,RECOMMEND_APPROVE,"",1,0,0,1,false,0.27
SYN006886,UNPAID,2026-10-27,2027-07-21,DECLINED,ELG-001|COV-001,192,63,1,128,true,33.37
SYN004459,ANNUAL,2026-10-27,2026-11-05,RECOMMEND_APPROVE,"",4,0,0,4,false,0.51
SYN003735,ADO,2026-10-27,2026-10-27,NEEDS_APPROVAL,BAL-003,1,0,0,1,false,0.69
SYN005395,UNPAID,2026-10-27,2026-10-27,RECOMMEND_APPROVE,"",0,0,0,0,false,0.1
SYN005013,ANNUAL,2026-10-27,2026-12-08,NEEDS_APPROVAL,ELG-001,18,0,0,18,true,1.33
SYN007147,PROF_DEV,2026-10-27,2026-10-27,NEEDS_APPROVAL,BAL-003|COV-002,1,0,0,1,true,0.41
SYN000548,ANNUAL,2026-10-27,2026-11-05,NEEDS_APPROVAL,COV-001,8,1,1,6,true,0.51
SYN008745,ANNUAL,2026-10-27,2026-10-27,RECOMMEND_APPROVE,"",1,0,0,1,true,0.4
SYN000016,PROF_DEV,2026-10-27,2026-10-27,RECOMMEND_APPROVE,"",1,0,0,1,false,0.18
SYN001757,ANNUAL,2026-10-27,2026-10-29,RECOMMEND_APPROVE,"",2,0,0,2,true,0.36
SYN006499,ANNUAL,2026-10-27,2026-10-29,NEEDS_APPROVAL,ELG-001,2,0,0,2,false,0.27
SYN003854,ANNUAL,2026-10-27,2026-10-30,RECOMMEND_APPROVE,"",3,0,0,3,true,0.27
SYN008088,PROF_DEV,2026-10-27,2026-10-30,NEEDS_APPROVAL,COV-001|COV-002,4,0,3,1,true,0.57
SYN000091,TOIL,2026-10-27,2026-10-27,RECOMMEND_APPROVE,"",1,0,0,1,true,0.3
SYN006768,PROF_DEV,2026-10-27,2026-10-28,RECOMMEND_APPROVE,"",2,0,0,2,false,0.33
SYN003620,PROF_DEV,2026-10-27,2026-10-27,NEEDS_APPROVAL,BAL-003,1,0,0,1,false,0.46
SYN003725,PROF_DEV,2026-10-27,2026-10-28,RECOMMEND_APPROVE,"",2,0,0,2,true,0.25
SYN006773,UNPAID,2026-10-27,2026-11-07,RECOMMEND_APPROVE,"",7,2,0,5,true,1.1
SYN003681,ANNUAL,2026-10-27,2026-11-13,NEEDS_APPROVAL,ELG-001,12,0,0,12,true,0.46
SYN001314,PROF_DEV,2026-10-27,2026-10-28,RECOMMEND_APPROVE,"",2,0,0,2,true,0.24
SYN006292,ANNUAL,2026-10-27,2026-10-27,RECOMMEND_APPROVE,"",1,0,0,1,false,0.21
SYN004976,ANNUAL,2026-10-27,2026-11-04,RECOMMEND_APPROVE,"",7,2,0,5,true,3.36
SYN000232,ADO,2026-10-27,2026-10-27,NEEDS_APPROVAL,BAL-003,1,0,0,1,false,0.29
SYN003028,ANNUAL,2026-10-27,2026-10-28,RECOMMEND_APPROVE,"",2,0,0,2,true,0.36
SYN006035,ANNUAL,2026-10-27,2026-11-25,RECOMMEND_APPROVE,"",22,0,0,22,true,1.01
SYN007399,ADO,2026-10-28,2026-10-31,DECLINED,REQ-004|BAL-001,3,1,0,2,true,0.56
SYN004411,ANNUAL,2026-10-28,2026-11-08,RECOMMEND_APPROVE,"",7,0,0,7,false,0.89
SYN001363,PROF_DEV,2026-10-28,2026-10-28,RECOMMEND_APPROVE,"",1,0,0,1,false,0.23
SYN005984,PARENTAL,2026-10-28,2027-01-31,NEEDS_APPROVAL,NOT-004|COV-002,68,46,0,22,true,10.61
SYN009350,ANNUAL,2026-10-28,2026-10-28,RECOMMEND_APPROVE,"",1,0,0,1,true,0.39
SYN007330,ANNUAL,2026-10-28,2026-10-28,RECOMMEND_APPROVE,"",0,0,0,0,false,0.12
SYN002755,ANNUAL,2026-10-28,2026-10-28,RECOMMEND_APPROVE,"",1,0,0,1,true,0.21
SYN008504,PROF_DEV,2026-10-28,2026-10-29,RECOMMEND_APPROVE,"",0,0,0,0,false,0.11
SYN003829,PROF_DEV,2026-10-28,2026-10-28,NEEDS_APPROVAL,BAL-003,1,0,0,1,true,0.19
SYN003690,ANNUAL,2026-10-28,2026-10-28,RECOMMEND_APPROVE,"",1,1,0,0,false,0.94
SYN008801,LONG_SERVICE,2026-10-28,2026-11-18,DECLINED,ELG-003|BAL-001|NOT-002,10,3,0,7,true,3.58
SYN000516,ANNUAL,2026-10-28,2026-10-29,RECOMMEND_APPROVE,"",2,0,0,2,false,0.31
SYN001297,TOIL,2026-10-28,2026-10-30,NEEDS_APPROVAL,COV-002,3,0,0,3,false,0.55
SYN009381,ANNUAL,2026-10-28,2026-11-08,RECOMMEND_APPROVE,"",8,2,0,6,true,3.48
SYN007384,ADO,2026-10-28,2026-10-28,DECLINED,ELG-001|ELG-002|BAL-003|COV-001,1,0,1,0,true,0.31
SYN004074,ANNUAL,2026-10-28,2026-11-02,NEEDS_APPROVAL,ELG-001,4,0,0,4,false,0.5
SYN006142,PROF_DEV,2026-10-28,2026-10-28,NEEDS_APPROVAL,BAL-003,1,1,0,0,false,2.89
SYN005401,TOIL,2026-10-28,2026-11-01,RECOMMEND_APPROVE,"",2,2,0,0,true,1.25
SYN008602,PROF_DEV,2026-10-28,2026-11-01,RECOMMEND_APPROVE,"",2,0,0,2,false,0.24
SYN005550,ANNUAL,2026-10-28,2026-10-29,RECOMMEND_APPROVE,"",2,2,0,0,false,1.86
SYN004872,PROF_DEV,2026-10-28,2026-10-28,NEEDS_APPROVAL,BAL-003,1,1,0,0,true,0.6
SYN008255,ANNUAL,2026-10-28,2026-11-11,DECLINED,ELG-002|BAL-001,3,3,0,0,false,12.33
SYN000392,LONG_SERVICE,2026-10-28,2026-10-28,DECLINED,ELG-003|BAL-001,1,1,0,0,true,0.48
SYN008133,TOIL,2026-10-28,2026-11-01,RECOMMEND_APPROVE,"",1,0,0,1,true,0.39
SYN006633,LONG_SERVICE,2026-10-28,2026-10-29,DECLINED,ELG-003|BAL-001|NOT-002|COV-003|COV-002,2,2,0,0,true,0.54
SYN008397,TOIL,2026-10-28,2026-10-28,RECOMMEND_APPROVE,"",0,0,0,0,false,0.12
SYN006916,ADO,2026-10-28,2026-10-28,DECLINED,BAL-001,1,0,0,1,true,0.28
SYN007929,PROF_DEV,2026-10-28,2026-10-28,NEEDS_APPROVAL,BAL-003|COV-002,1,0,0,1,false,0.35
SYN005941,TOIL,2026-10-28,2026-10-28,RECOMMEND_APPROVE,"",1,0,0,1,true,0.46
SYN006222,ANNUAL,2026-10-28,2026-10-28,RECOMMEND_APPROVE,"",1,1,0,0,false,7.96
SYN005565,ANNUAL,2026-10-28,2026-10-30,RECOMMEND_APPROVE,"",3,2,0,1,false,1.8
SYN007291,LONG_SERVICE,2026-10-28,2026-10-28,DECLINED,ELG-001|ELG-003|BAL-001,1,0,0,1,true,0.33
SYN006255,ANNUAL,2026-10-28,2026-10-30,RECOMMEND_APPROVE,"",2,1,0,1,false,5.72
SYN008213,PROF_DEV,2026-10-28,2026-10-28,RECOMMEND_APPROVE,"",1,0,0,1,true,0.21
SYN005250,ANNUAL,2026-10-28,2026-11-05,RECOMMEND_APPROVE,"",4,0,0,4,true,0.32
SYN000344,TOIL,2026-10-28,2026-10-30,DECLINED,BAL-001,3,0,0,3,true,0.62
SYN001645,TOIL,2026-10-28,2026-10-28,RECOMMEND_APPROVE,"",0,0,0,0,false,0.11
SYN007589,TOIL,2026-10-28,2026-10-28,RECOMMEND_APPROVE,"",1,0,0,1,false,0.32
SYN001704,PROF_DEV,2026-10-28,2026-10-30,RECOMMEND_APPROVE,"",3,0,0,3,true,0.42
SYN009517,ANNUAL,2026-10-28,2026-10-28,NEEDS_APPROVAL,COV-002,1,0,0,1,false,0.26
SYN000418,TOIL,2026-10-28,2026-10-28,NEEDS_APPROVAL,COV-001,1,0,1,0,true,0.33
SYN004633,ANNUAL,2026-10-28,2026-10-28,RECOMMEND_APPROVE,"",0,0,0,0,false,0.22
SYN007892,ANNUAL,2026-10-28,2026-12-01,DECLINED,ELG-002|BAL-001,27,0,0,27,true,2.24
SYN000997,PROF_DEV,2026-10-28,2026-10-28,RECOMMEND_APPROVE,"",1,0,0,1,false,0.25
SYN006509,ADO,2026-10-28,2026-10-30,NEEDS_APPROVAL,REQ-004|COV-001,3,0,3,0,true,0.49
SYN007761,ANNUAL,2026-10-28,2026-11-26,DECLINED,COV-001,18,0,18,0,true,0.88
SYN007551,ANNUAL,2026-10-28,2026-10-28,RECOMMEND_APPROVE,"",1,0,0,1,true,0.38
SYN009208,TOIL,2026-10-28,2026-10-28,RECOMMEND_APPROVE,"",1,0,0,1,false,0.21
SYN005160,ANNUAL,2026-10-28,2026-10-30,RECOMMEND_APPROVE,"",3,0,0,3,false,0.4
SYN007788,PROF_DEV,2026-10-28,2026-10-28,NEEDS_APPROVAL,BAL-003,1,0,0,1,true,0.27
SYN006036,UNPAID,2026-10-28,2026-10-30,NEEDS_APPROVAL,ELG-001,3,1,0,2,true,0.31
SYN001727,PROF_DEV,2026-10-28,2026-10-28,NEEDS_APPROVAL,BAL-003,1,0,0,1,true,0.27
SYN006946,ANNUAL,2026-10-28,2026-11-12,RECOMMEND_APPROVE,"",16,0,0,16,true,1.39
SYN006221,PROF_DEV,2026-10-28,2026-10-30,DECLINED,BAL-001,3,0,0,3,true,0.29
SYN006497,ANNUAL,2026-10-28,2026-11-05,NEEDS_APPROVAL,ELG-001,4,0,0,4,true,0.48
SYN007076,TOIL,2026-10-29,2026-10-30,RECOMMEND_APPROVE,"",2,0,0,2,true,0.21
SYN006732,ANNUAL,2026-10-29,2026-11-08,NEEDS_APPROVAL,ELG-001|COV-001,7,0,4,3,true,0.84
SYN007591,ANNUAL,2026-10-29,2026-11-01,NEEDS_APPROVAL,ELG-001,2,0,0,2,false,0.52
SYN008671,ANNUAL,2026-10-29,2026-10-29,RECOMMEND_APPROVE,"",1,0,0,1,false,0.21
SYN008461,ANNUAL,2026-10-29,2026-10-29,NEEDS_APPROVAL,COV-002,1,0,0,1,true,0.25
SYN003906,LONG_SERVICE,2026-10-29,2026-10-29,DECLINED,BAL-001|NOT-002,1,0,0,1,false,0.36
SYN005418,PROF_DEV,2026-10-29,2026-10-29,NEEDS_APPROVAL,BAL-003,0,0,0,0,false,0.1
SYN006693,ANNUAL,2026-10-29,2026-11-06,RECOMMEND_APPROVE,"",7,0,0,7,true,0.55
SYN002318,ANNUAL,2026-10-29,2026-11-04,RECOMMEND_APPROVE,"",5,2,0,3,true,0.65
SYN009041,ANNUAL,2026-10-29,2026-11-03,NEEDS_APPROVAL,ELG-001,1,0,0,1,false,0.22
SYN006512,PROF_DEV,2026-10-29,2026-10-29,RECOMMEND_APPROVE,"",1,0,0,1,true,0.27
SYN000479,UNPAID,2026-10-29,2026-10-30,NEEDS_APPROVAL,ELG-001,2,0,0,2,true,0.26
SYN008935,UNPAID,2026-10-29,2026-10-29,RECOMMEND_APPROVE,"",1,0,0,1,true,0.14
SYN004338,PROF_DEV,2026-10-29,2026-10-30,RECOMMEND_APPROVE,"",2,0,0,2,true,0.25
SYN008855,ANNUAL,2026-10-29,2026-10-29,RECOMMEND_APPROVE,"",1,0,0,1,false,0.19
SYN005365,PROF_DEV,2026-10-29,2026-10-29,RECOMMEND_APPROVE,"",0,0,0,0,false,0.55
SYN002873,TOIL,2026-10-29,2026-10-31,DECLINED,BAL-001,2,0,0,2,true,0.34
SYN004937,TOIL,2026-10-29,2026-11-02,RECOMMEND_APPROVE,"",3,0,0,3,true,0.32
SYN008358,ADO,2026-10-29,2026-10-30,DECLINED,BAL-001,1,0,0,1,false,0.47
SYN001739,ANNUAL,2026-10-29,2026-10-30,RECOMMEND_APPROVE,"",2,0,0,2,false,0.21
SYN006370,ANNUAL,2026-10-29,2026-10-30,RECOMMEND_APPROVE,"",2,2,0,0,true,0.43
SYN008512,TOIL,2026-10-29,2026-10-30,RECOMMEND_APPROVE,"",2,0,0,2,false,0.18
SYN004768,UNPAID,2026-10-29,2026-10-29,RECOMMEND_APPROVE,"",1,0,0,1,true,0.13
SYN008351,LONG_SERVICE,2026-10-29,2026-11-08,DECLINED,ELG-001|ELG-003|BAL-001|NOT-002,7,0,0,7,true,0.85
SYN000261,TOIL,2026-10-29,2026-10-30,RECOMMEND_APPROVE,"",2,0,0,2,false,0.44
SYN006069,PROF_DEV,2026-10-29,2026-11-06,RECOMMEND_APPROVE,"",5,0,0,5,true,0.3
SYN001219,ANNUAL,2026-10-29,2026-10-30,RECOMMEND_APPROVE,"",2,0,0,2,false,0.43
SYN005720,PROF_DEV,2026-10-29,2026-10-29,NEEDS_APPROVAL,COV-001|COV-005,1,0,1,0,true,0.21
SYN007305,ANNUAL,2026-10-29,2026-10-30,RECOMMEND_APPROVE,"",2,0,0,2,true,0.29
SYN009376,UNPAID,2026-10-29,2026-10-30,RECOMMEND_APPROVE,"",1,0,0,1,false,0.44
SYN003607,PROF_DEV,2026-10-29,2026-11-01,RECOMMEND_APPROVE,"",2,0,0,2,true,0.2
SYN009079,TOIL,2026-10-29,2026-11-01,RECOMMEND_APPROVE,"",2,0,0,2,false,0.61
SYN006923,ANNUAL,2026-10-29,2026-11-03,DECLINED,ELG-002|BAL-001,2,0,0,2,true,0.68
SYN001423,PROF_DEV,2026-10-29,2026-10-29,RECOMMEND_APPROVE,"",0,0,0,0,false,0.11
SYN008148,ANNUAL,2026-10-29,2026-11-02,RECOMMEND_APPROVE,"",2,0,0,2,false,0.24
SYN006281,ANNUAL,2026-10-29,2026-10-29,RECOMMEND_APPROVE,"",0,0,0,0,false,0.1
SYN007657,TOIL,2026-10-29,2026-10-30,DECLINED,BAL-001,1,0,0,1,true,0.36
SYN000291,ANNUAL,2026-10-29,2026-11-04,RECOMMEND_APPROVE,"",5,0,0,5,true,0.43
SYN008786,ANNUAL,2026-10-29,2026-11-29,DECLINED,ELG-001|BAL-001|COV-001,22,11,3,8,true,2.29
SYN003775,ADO,2026-10-29,2026-10-29,RECOMMEND_APPROVE,"",1,0,0,1,true,0.33
SYN007383,LONG_SERVICE,2026-10-29,2026-10-29,DECLINED,ELG-003|BAL-001,1,0,0,1,false,0.31
SYN001865,PROF_DEV,2026-10-29,2026-10-29,RECOMMEND_APPROVE,"",1,0,0,1,true,0.24
SYN005445,ANNUAL,2026-10-29,2026-10-30,RECOMMEND_APPROVE,"",2,0,0,2,false,0.25
SYN002273,ANNUAL,2026-10-29,2026-11-05,RECOMMEND_APPROVE,"",4,0,0,4,false,0.26
SYN002893,ANNUAL,2026-10-29,2026-10-31,RECOMMEND_APPROVE,"",0,0,0,0,false,0.14
SYN006885,ANNUAL,2026-10-30,2026-11-02,RECOMMEND_APPROVE,"",1,0,0,1,false,0.19
SYN001181,TOIL,2026-10-30,2026-10-30,DECLINED,BAL-001,1,0,0,1,true,0.27
SYN005888,PROF_DEV,2026-10-30,2026-10-30,RECOMMEND_APPROVE,"",1,0,0,1,true,0.31
SYN001391,ADO,2026-10-30,2026-11-01,DECLINED,REQ-004|BAL-001,3,0,0,3,true,0.57
SYN003861,SICK,2026-10-30,2026-10-30,ACCEPTED,"",1,0,0,1,true,0.21
SYN003415,PROF_DEV,2026-10-30,2026-10-30,DECLINED,ELG-002|BAL-003,2,0,0,2,false,0.23
SYN008552,ANNUAL,2026-10-30,2026-10-30,NEEDS_APPROVAL,COV-001,1,0,1,0,true,0.21
SYN001670,ANNUAL,2026-10-30,2026-11-06,RECOMMEND_APPROVE,"",6,0,0,6,true,0.26
SYN002939,ADO,2026-10-30,2026-10-31,RECOMMEND_APPROVE,"",1,0,0,1,true,0.25
SYN006569,ANNUAL,2026-10-30,2026-11-01,RECOMMEND_APPROVE,"",1,0,0,1,true,0.34
SYN003541,PROF_DEV,2026-10-30,2026-10-30,NEEDS_APPROVAL,BAL-003,1,0,0,1,true,0.17
SYN006407,UNPAID,2026-10-30,2026-10-30,RECOMMEND_APPROVE,"",0,0,0,0,false,0.08
SYN009565,ANNUAL,2026-10-30,2026-11-21,DECLINED,BAL-001|COV-001,7,0,2,5,true,1.19
SYN007337,ANNUAL,2026-10-30,2026-10-30,RECOMMEND_APPROVE,"",1,0,0,1,false,0.24
SYN009490,TOIL,2026-10-30,2026-10-30,NEEDS_APPROVAL,COV-002,1,0,0,1,true,0.37
SYN002055,TOIL,2026-10-30,2026-10-30,RECOMMEND_APPROVE,"",1,0,0,1,false,0.23
SYN002841,ANNUAL,2026-10-30,2026-10-30,RECOMMEND_APPROVE,"",0,0,0,0,false,0.09
SYN002432,TOIL,2026-10-30,2026-10-30,RECOMMEND_APPROVE,"",1,0,0,1,false,0.37
SYN006136,PROF_DEV,2026-10-30,2026-10-30,RECOMMEND_APPROVE,"",1,1,0,0,true,0.25
SYN007129,PROF_DEV,2026-10-30,2026-10-30,RECOMMEND_APPROVE,"",1,0,0,1,true,0.18
SYN007278,ANNUAL,2026-10-30,2026-10-30,RECOMMEND_APPROVE,"",1,0,0,1,true,0.17
SYN005052,LONG_SERVICE,2026-10-30,2026-11-27,DECLINED,ELG-003|BAL-001|NOT-002,16,0,0,16,true,0.45
SYN005921,ANNUAL,2026-10-30,2026-11-29,RECOMMEND_APPROVE,"",21,2,0,19,true,3.15
SYN003346,LONG_SERVICE,2026-10-30,2026-10-30,NEEDS_APPROVAL,NOT-002,0,0,0,0,false,0.16
SYN001842,ANNUAL,2026-10-30,2026-10-30,RECOMMEND_APPROVE,"",1,0,0,1,true,0.26
SYN002839,LONG_SERVICE,2026-10-30,2026-11-18,DECLINED,BAL-001|COV-001,13,3,2,8,true,2.6
SYN001314,ANNUAL,2026-10-30,2026-10-30,RECOMMEND_APPROVE,"",1,0,0,1,true,0.21
SYN008173,ANNUAL,2026-10-30,2026-10-30,RECOMMEND_APPROVE,"",1,0,0,1,true,0.19
SYN006842,ANNUAL,2026-10-30,2026-11-02,NEEDS_APPROVAL,COV-001|COV-002,2,0,2,0,true,0.3
SYN005277,ADO,2026-10-30,2026-11-09,NEEDS_APPROVAL,REQ-004|BAL-003,7,0,0,7,true,0.71
SYN001374,ANNUAL,2026-10-30,2026-10-30,NEEDS_APPROVAL,ELG-001,1,0,0,1,true,0.38
SYN008117,ANNUAL,2026-10-30,2026-10-30,NEEDS_APPROVAL,ELG-001,1,0,0,1,true,0.24
SYN007521,PROF_DEV,2026-10-30,2026-10-30,NEEDS_APPROVAL,BAL-003,1,0,0,1,false,0.31
SYN000596,TOIL,2026-10-30,2026-10-30,RECOMMEND_APPROVE,"",1,0,0,1,true,0.42
SYN001733,PROF_DEV,2026-10-30,2026-10-30,NEEDS_APPROVAL,BAL-003,1,0,0,1,true,0.3
SYN006827,ANNUAL,2026-10-30,2026-10-30,RECOMMEND_APPROVE,"",1,0,0,1,false,0.17
SYN004420,ADO,2026-10-30,2026-10-30,RECOMMEND_APPROVE,"",1,0,0,1,true,0.2
SYN007246,ANNUAL,2026-10-30,2026-11-13,NEEDS_APPROVAL,ELG-001,11,0,0,11,true,1.37
SYN004410,ANNUAL,2026-10-30,2026-11-01,RECOMMEND_APPROVE,"",1,0,0,1,true,0.3
SYN001518,ANNUAL,2026-10-30,2026-11-01,RECOMMEND_APPROVE,"",1,1,0,0,true,0.37
SYN001229,TOIL,2026-10-30,2026-10-30,RECOMMEND_APPROVE,"",1,0,0,1,true,0.32
SYN000142,ANNUAL,2026-10-30,2026-10-30,RECOMMEND_APPROVE,"",1,0,0,1,true,0.27
SYN004045,ANNUAL,2026-10-30,2026-11-03,RECOMMEND_APPROVE,"",3,0,0,3,true,0.26
SYN006599,PROF_DEV,2026-10-30,2026-10-30,DECLINED,ELG-002|BAL-003,1,0,0,1,true,0.22
SYN005635,ANNUAL,2026-10-30,2026-11-02,NEEDS_APPROVAL,COV-002,2,1,0,1,true,0.69
SYN009143,LONG_SERVICE,2026-10-30,2026-10-30,DECLINED,ELG-003|BAL-001|NOT-002,1,0,0,1,false,0.25
SYN006627,ANNUAL,2026-10-30,2026-11-03,RECOMMEND_APPROVE,"",3,2,0,1,true,0.9
SYN008454,ANNUAL,2026-10-30,2026-11-02,NEEDS_APPROVAL,COV-001,2,0,2,0,true,0.24
SYN002872,ANNUAL,2026-10-30,2026-11-05,RECOMMEND_APPROVE,"",5,0,0,5,false,0.43
SYN001713,ANNUAL,2026-10-30,2026-10-30,RECOMMEND_APPROVE,"",1,0,0,1,false,0.17
SYN007376,ANNUAL,2026-10-30,2026-11-03,RECOMMEND_APPROVE,"",2,0,0,2,false,0.21
SYN001949,ANNUAL,2026-10-30,2026-11-03,RECOMMEND_APPROVE,"",3,0,0,3,false,0.22
SYN000089,ANNUAL,2026-10-30,2026-10-30,NEEDS_APPROVAL,COV-001,1,0,1,0,true,0.22
SYN005787,UNPAID,2026-10-30,2026-10-30,RECOMMEND_APPROVE,"",1,0,0,1,false,0.18
SYN000351,TOIL,2026-10-30,2026-11-10,RECOMMEND_APPROVE,"",5,0,0,5,true,0.41
SYN005423,ANNUAL,2026-10-30,2026-11-02,RECOMMEND_APPROVE,"",4,2,0,2,true,0.83
SYN008094,ANNUAL,2026-10-30,2026-10-30,RECOMMEND_APPROVE,"",1,0,0,1,true,0.19
SYN008848,ANNUAL,2026-10-30,2026-11-15,NEEDS_APPROVAL,ELG-001,11,0,0,11,true,1.19
SYN004112,LONG_SERVICE,2026-10-30,2026-10-30,DECLINED,BAL-001|NOT-002,1,0,0,1,false,0.3
SYN006366,UNPAID,2026-10-30,2026-10-30,NEEDS_APPROVAL,ELG-001,1,0,0,1,true,0.39
SYN003042,ANNUAL,2026-10-31,2026-11-08,NEEDS_APPROVAL,ELG-001,5,0,0,5,true,1.06
SYN003401,ANNUAL,2026-10-31,2026-11-08,RECOMMEND_APPROVE,"",5,0,0,5,true,0.41
SYN000817,PROF_DEV,2026-10-31,2026-11-06,NEEDS_APPROVAL,COV-001,4,0,4,0,true,0.29
SYN000489,ANNUAL,2026-10-31,2026-10-31,RECOMMEND_APPROVE,"",0,0,0,0,false,0.11
SYN008077,ANNUAL,2026-10-31,2026-11-06,RECOMMEND_APPROVE,"",5,0,0,5,true,0.45
SYN008265,ANNUAL,2026-10-31,2026-11-01,RECOMMEND_APPROVE,"",1,0,0,1,false,0.63
SYN007837,ANNUAL,2026-10-31,2026-11-29,DECLINED,BAL-001,30,8,0,22,true,5.06
SYN004933,TOIL,2026-10-31,2026-11-01,RECOMMEND_APPROVE,"",2,0,0,2,true,0.53
SYN008192,TOIL,2026-10-31,2026-11-01,RECOMMEND_APPROVE,"",2,0,0,2,true,0.32
SYN004503,ANNUAL,2026-10-31,2026-10-31,RECOMMEND_APPROVE,"",0,0,0,0,false,0.11
SYN005046,PROF_DEV,2026-10-31,2026-11-02,RECOMMEND_APPROVE,"",1,0,0,1,true,0.24
SYN009055,TOIL,2026-10-31,2026-11-01,RECOMMEND_APPROVE,"",0,0,0,0,false,0.12
SYN003903,LONG_SERVICE,2026-10-31,2026-10-31,DECLINED,BAL-001,1,0,0,1,true,0.27
SYN000060,ANNUAL,2026-10-31,2026-11-14,DECLINED,BAL-001,11,0,0,11,true,3.28
SYN004612,ANNUAL,2026-10-31,2026-11-22,DECLINED,BAL-001,15,4,0,11,true,1.92
SYN003397,LONG_SERVICE,2026-10-31,2027-01-09,NEEDS_APPROVAL,NOT-002|COV-002,50,12,0,38,true,9.97
SYN007461,TOIL,2026-10-31,2026-10-31,NEEDS_APPROVAL,ELG-001,1,0,0,1,true,0.33
SYN000571,ANNUAL,2026-10-31,2026-11-22,DECLINED,BAL-001|COV-001,15,0,2,13,true,1.2
SYN001696,ANNUAL,2026-10-31,2026-10-31,NEEDS_APPROVAL,ELG-001,0,0,0,0,false,0.14
SYN002489,ANNUAL,2026-11-01,2026-11-14,DECLINED,BAL-001,8,0,0,8,true,0.69
SYN001539,ANNUAL,2026-11-01,2026-12-13,DECLINED,BAL-001,13,5,0,8,true,8.36
SYN000769,UNPAID,2026-11-01,2027-07-25,DECLINED,ELG-001|COV-001|COV-002,190,71,43,76,true,17.95
SYN009547,TOIL,2026-11-01,2026-11-03,NEEDS_APPROVAL,ELG-001|BAL-003|COV-001,3,0,2,1,true,0.83
SYN006296,ANNUAL,2026-11-01,2026-11-02,NEEDS_APPROVAL,ELG-001,1,0,0,1,true,0.66
SYN003240,ANNUAL,2026-11-01,2026-12-12,DECLINED,COV-001,31,1,5,25,true,2.1
SYN003009,PROF_DEV,2026-11-01,2026-11-07,RECOMMEND_APPROVE,"",5,0,0,5,true,0.4
SYN001645,TOIL,2026-11-01,2026-11-01,RECOMMEND_APPROVE,"",0,0,0,0,false,0.11
SYN005480,ANNUAL,2026-11-01,2026-11-08,RECOMMEND_APPROVE,"",7,0,0,7,true,0.72
SYN009393,ANNUAL,2026-11-01,2026-11-03,RECOMMEND_APPROVE,"",1,0,0,1,false,0.36
SYN004235,PROF_DEV,2026-11-01,2026-11-05,DECLINED,BAL-001,4,0,0,4,true,0.45
SYN001722,PROF_DEV,2026-11-01,2026-11-04,RECOMMEND_APPROVE,"",3,0,0,3,true,0.36
SYN003830,LONG_SERVICE,2026-11-01,2026-11-15,DECLINED,BAL-001|NOT-002,8,0,0,8,true,0.74
SYN002448,ANNUAL,2026-11-01,2026-11-22,DECLINED,COV-001,16,0,3,13,true,1.06
SYN003474,TOIL,2026-11-02,2026-11-30,DECLINED,ELG-001|BAL-001|COV-001,12,0,3,9,true,0.82
SYN004242,ANNUAL,2026-11-02,2026-11-03,RECOMMEND_APPROVE,"",2,0,0,2,true,0.43
SYN003175,ANNUAL,2026-11-02,2026-11-08,DECLINED,BAL-001,4,0,0,4,true,0.49
SYN002113,ANNUAL,2026-11-02,2026-11-29,RECOMMEND_APPROVE,"",8,2,0,6,true,2.28
SYN006695,ADO,2026-11-02,2026-11-03,RECOMMEND_APPROVE,"",2,0,0,2,true,0.63
SYN006000,ANNUAL,2026-11-02,2026-11-15,DECLINED,BAL-001|COV-001,10,4,4,2,true,1.29
SYN006423,TOIL,2026-11-02,2026-11-08,DECLINED,BAL-001,6,0,0,6,true,1.41
SYN006945,ANNUAL,2026-11-02,2026-11-08,RECOMMEND_APPROVE,"",5,0,0,5,true,0.34
SYN000805,ANNUAL,2026-11-02,2026-11-08,RECOMMEND_APPROVE,"",6,0,0,6,true,1.14
SYN004087,LONG_SERVICE,2026-11-02,2026-11-15,DECLINED,BAL-001|NOT-002,10,0,0,10,true,0.43
SYN008951,LONG_SERVICE,2026-11-02,2026-11-08,DECLINED,ELG-003|BAL-001|NOT-002,5,1,0,4,true,1.24
SYN008656,ANNUAL,2026-11-02,2026-11-13,DECLINED,BAL-001|COV-001,8,0,4,4,true,0.46
SYN004523,LONG_SERVICE,2026-11-02,2026-11-29,DECLINED,ELG-003|BAL-001|NOT-002,12,5,0,7,true,6.07
SYN004866,PROF_DEV,2026-11-02,2026-11-02,NEEDS_APPROVAL,BAL-003,1,0,0,1,true,0.27
SYN004929,ANNUAL,2026-11-02,2026-11-13,RECOMMEND_APPROVE,"",4,1,0,3,true,0.57
SYN001644,ANNUAL,2026-11-02,2026-11-02,RECOMMEND_APPROVE,"",0,0,0,0,false,0.11
SYN003976,ANNUAL,2026-11-02,2026-11-15,RECOMMEND_APPROVE,"",10,0,0,10,true,0.86
SYN000970,ANNUAL,2026-11-02,2026-11-06,NEEDS_APPROVAL,COV-001,4,2,1,1,true,0.42
SYN007651,ANNUAL,2026-11-02,2026-11-03,RECOMMEND_APPROVE,"",2,0,0,2,true,0.22
SYN007885,PROF_DEV,2026-11-02,2026-11-04,DECLINED,BAL-001,2,0,0,2,true,0.24
SYN003721,LONG_SERVICE,2026-11-02,2026-11-15,DECLINED,BAL-001|NOT-002|COV-001,8,0,1,7,true,0.55
SYN001640,ANNUAL,2026-11-02,2026-11-22,RECOMMEND_APPROVE,"",9,2,0,7,true,2.31
SYN007982,TOIL,2026-11-02,2026-11-17,DECLINED,ELG-002|BAL-001,9,1,0,8,true,4.31
SYN006889,PROF_DEV,2026-11-02,2026-11-03,RECOMMEND_APPROVE,"",2,2,0,0,true,0.45
SYN001905,ANNUAL,2026-11-02,2026-11-20,DECLINED,BAL-001|COV-001,15,0,5,10,true,1.87
SYN005140,PROF_DEV,2026-11-02,2026-11-06,RECOMMEND_APPROVE,"",5,0,0,5,true,0.38
SYN007255,LONG_SERVICE,2026-11-02,2026-11-15,DECLINED,ELG-003|BAL-001|NOT-002,4,0,0,4,true,0.37
SYN009452,ANNUAL,2026-11-02,2026-11-22,DECLINED,BAL-001,12,2,0,10,true,3.12
SYN007810,UNPAID,2026-11-02,2027-04-18,RECOMMEND_APPROVE,"",120,0,0,120,true,3.12
SYN005078,TOIL,2026-11-02,2026-11-08,DECLINED,BAL-001,6,0,0,6,true,0.61
SYN004730,ANNUAL,2026-11-02,2026-11-08,RECOMMEND_APPROVE,"",2,1,0,1,true,0.65
SYN006779,ANNUAL,2026-11-02,2026-11-20,DECLINED,COV-001,19,0,4,15,true,0.78
SYN005368,ANNUAL,2026-11-02,2026-11-15,RECOMMEND_APPROVE,"",4,1,0,3,true,2.02
SYN007839,ANNUAL,2026-11-02,2026-11-08,RECOMMEND_APPROVE,"",5,2,0,3,true,0.75
SYN000221,ANNUAL,2026-11-02,2026-11-08,RECOMMEND_APPROVE,"",0,0,0,0,false,0.13
SYN006181,LONG_SERVICE,2026-11-02,2026-12-06,DECLINED,ELG-001|ELG-003|BAL-001|COV-001,20,0,10,10,true,2.39
SYN003621,TOIL,2026-11-02,2026-11-04,RECOMMEND_APPROVE,"",3,0,0,3,false,1.05
SYN002016,ANNUAL,2026-11-02,2026-11-06,RECOMMEND_APPROVE,"",5,0,0,5,true,0.42
SYN001430,ANNUAL,2026-11-02,2026-11-23,DECLINED,BAL-001,17,0,0,17,true,1.15
SYN007147,LONG_SERVICE,2026-11-02,2026-11-15,DECLINED,ELG-003|BAL-001|COV-002,14,1,0,13,true,2.11
SYN005835,ANNUAL,2026-11-02,2026-11-16,DECLINED,BAL-001|COV-001,9,0,2,7,true,0.42
SYN005462,ANNUAL,2026-11-02,2026-11-09,RECOMMEND_APPROVE,"",6,0,0,6,true,0.36
SYN003149,ANNUAL,2026-11-02,2026-11-13,NEEDS_APPROVAL,COV-001,10,0,10,0,true,0.41
SYN003826,ANNUAL,2026-11-02,2026-11-22,RECOMMEND_APPROVE,"",1,0,0,1,false,0.47
SYN008505,PROF_DEV,2026-11-02,2026-11-08,RECOMMEND_APPROVE,"",5,0,0,5,true,0.38
SYN005534,ANNUAL,2026-11-02,2026-11-15,RECOMMEND_APPROVE,"",8,0,0,8,true,1.07
SYN008582,LONG_SERVICE,2026-11-02,2027-03-05,NEEDS_APPROVAL,NOT-002,34,32,0,2,true,27.07
SYN009532,ANNUAL,2026-11-02,2026-11-15,RECOMMEND_APPROVE,"",8,0,0,8,true,1.73
SYN004984,ANNUAL,2026-11-02,2026-11-27,RECOMMEND_APPROVE,"",16,2,0,14,true,1.73
SYN005551,ANNUAL,2026-11-02,2026-11-06,RECOMMEND_APPROVE,"",3,0,0,3,true,0.45
SYN001848,ANNUAL,2026-11-02,2026-11-08,NEEDS_APPROVAL,ELG-001,5,2,0,3,true,3.44
SYN000842,ANNUAL,2026-11-02,2026-11-15,DECLINED,BAL-001,10,10,0,0,true,1.97
SYN008739,ANNUAL,2026-11-02,2026-11-08,RECOMMEND_APPROVE,"",2,0,0,2,true,0.92
SYN007832,PROF_DEV,2026-11-02,2026-11-03,RECOMMEND_APPROVE,"",2,0,0,2,true,0.68
SYN005555,LONG_SERVICE,2026-11-02,2026-11-15,DECLINED,ELG-003|BAL-003|NOT-002,10,1,0,9,true,1.63
SYN007845,ANNUAL,2026-11-02,2026-11-02,NEEDS_APPROVAL,ELG-001,1,0,0,1,true,0.24
SYN000962,LONG_SERVICE,2026-11-02,2026-11-02,DECLINED,ELG-003|BAL-001|NOT-002,1,0,0,1,true,0.36
SYN005133,ANNUAL,2026-11-02,2026-11-08,RECOMMEND_APPROVE,"",3,0,0,3,false,0.31
SYN002482,TOIL,2026-11-02,2026-11-03,NEEDS_APPROVAL,ELG-001,0,0,0,0,false,0.15
SYN001218,ANNUAL,2026-11-02,2026-11-06,RECOMMEND_APPROVE,"",4,0,0,4,true,0.68
SYN001672,ANNUAL,2026-11-02,2026-11-04,RECOMMEND_APPROVE,"",3,0,0,3,true,0.26
SYN002510,ANNUAL,2026-11-02,2026-11-23,DECLINED,ELG-001|BAL-001,16,0,0,16,true,0.78
SYN004988,ANNUAL,2026-11-02,2026-11-06,NEEDS_APPROVAL,COV-003,5,1,0,4,true,0.58
SYN006866,ANNUAL,2026-11-02,2026-11-02,RECOMMEND_APPROVE,"",0,0,0,0,false,0.12
SYN001391,TOIL,2026-11-02,2026-11-15,RECOMMEND_APPROVE,"",10,0,0,10,true,1.04
SYN000536,ADO,2026-11-02,2026-11-08,NEEDS_APPROVAL,REQ-004,4,0,0,4,false,1.0
SYN000493,ANNUAL,2026-11-02,2026-11-08,RECOMMEND_APPROVE,"",5,0,0,5,true,0.53
SYN004437,PROF_DEV,2026-11-02,2026-11-04,RECOMMEND_APPROVE,"",3,0,0,3,true,0.24
SYN005861,TOIL,2026-11-02,2026-11-05,NEEDS_APPROVAL,ELG-001,2,0,0,2,true,0.61
SYN003516,ADO,2026-11-02,2026-11-02,RECOMMEND_APPROVE,"",1,0,0,1,true,0.29
SYN002003,UNPAID,2026-11-02,2026-11-16,RECOMMEND_APPROVE,"",9,2,0,7,true,0.69
SYN008711,PROF_DEV,2026-11-02,2026-11-15,DECLINED,ELG-001|BAL-001,8,0,0,8,true,1.09
SYN006079,ANNUAL,2026-11-02,2026-11-06,RECOMMEND_APPROVE,"",5,0,0,5,true,0.43
SYN001318,ANNUAL,2026-11-02,2026-11-08,RECOMMEND_APPROVE,"",4,0,0,4,true,0.63
SYN006102,TOIL,2026-11-02,2026-11-08,RECOMMEND_APPROVE,"",4,0,0,4,true,0.77
SYN004023,ANNUAL,2026-11-02,2026-11-15,RECOMMEND_APPROVE,"",10,0,0,10,true,0.62
SYN005691,ANNUAL,2026-11-02,2026-11-08,RECOMMEND_APPROVE,"",5,0,0,5,true,1.07
SYN003842,TOIL,2026-11-02,2026-11-08,DECLINED,BAL-001,5,0,0,5,true,1.17
SYN009301,PROF_DEV,2026-11-02,2026-11-08,RECOMMEND_APPROVE,"",5,0,0,5,false,0.4
SYN002673,ANNUAL,2026-11-02,2026-11-15,DECLINED,BAL-001,10,1,0,9,true,2.89
SYN006643,ANNUAL,2026-11-02,2026-11-06,RECOMMEND_APPROVE,"",5,0,0,5,true,0.35
SYN003546,ANNUAL,2026-11-02,2026-11-05,RECOMMEND_APPROVE,"",4,0,0,4,true,0.32
SYN005646,ANNUAL,2026-11-02,2026-11-05,NEEDS_APPROVAL,COV-001,4,3,1,0,true,0.62
SYN008436,LONG_SERVICE,2026-11-02,2026-12-06,NEEDS_APPROVAL,NOT-002,25,0,0,25,true,0.8
SYN004500,ANNUAL,2026-11-02,2026-11-20,DECLINED,COV-001,15,0,9,6,true,0.74
SYN001734,TOIL,2026-11-02,2026-11-08,RECOMMEND_APPROVE,"",2,0,0,2,true,0.32
SYN007657,ANNUAL,2026-11-02,2026-11-15,DECLINED,BAL-001,10,2,0,8,true,1.81
SYN008356,ANNUAL,2026-11-02,2026-11-04,NEEDS_APPROVAL,ELG-001,3,0,0,3,true,0.29
SYN004435,PARENTAL,2026-11-02,2027-05-16,NEEDS_APPROVAL,NOT-004,140,82,0,58,true,12.97
SYN002682,ANNUAL,2026-11-02,2026-11-08,DECLINED,ELG-001|BAL-001,4,0,0,4,true,0.91
SYN008396,ANNUAL,2026-11-02,2026-11-06,RECOMMEND_APPROVE,"",3,0,0,3,true,0.5
SYN003154,ANNUAL,2026-11-02,2026-11-13,DECLINED,BAL-001,9,0,0,9,true,1.15
SYN008461,ANNUAL,2026-11-02,2026-11-06,DECLINED,BAL-001|COV-001|COV-003|COV-002,5,1,1,3,true,0.74
SYN001362,ANNUAL,2026-11-02,2026-11-15,RECOMMEND_APPROVE,"",12,1,0,11,true,1.36
SYN006048,UNPAID,2026-11-02,2026-11-06,NEEDS_APPROVAL,ELG-001|COV-001|COV-003,4,1,1,2,true,0.47
SYN009174,PROF_DEV,2026-11-02,2026-11-03,NEEDS_APPROVAL,ELG-001,1,0,0,1,true,0.23
SYN005731,ANNUAL,2026-11-02,2026-11-08,RECOMMEND_APPROVE,"",5,2,0,3,true,1.62
SYN007751,ANNUAL,2026-11-02,2026-11-08,DECLINED,BAL-001,6,0,0,6,true,0.49
SYN008088,ANNUAL,2026-11-02,2026-11-10,DECLINED,BAL-001|COV-001|COV-002,7,0,6,1,true,0.57
SYN006255,ANNUAL,2026-11-02,2026-11-05,RECOMMEND_APPROVE,"",1,1,0,0,false,5.04
SYN000479,ANNUAL,2026-11-02,2026-11-04,NEEDS_APPROVAL,ELG-001,3,0,0,3,true,0.51
SYN006753,ANNUAL,2026-11-02,2026-11-04,RECOMMEND_APPROVE,"",0,0,0,0,false,0.15
SYN009155,LONG_SERVICE,2026-11-02,2026-11-02,NEEDS_APPROVAL,NOT-002,1,0,0,1,true,0.25
SYN003229,ANNUAL,2026-11-02,2026-11-08,RECOMMEND_APPROVE,"",2,2,0,0,false,2.95
SYN006234,ANNUAL,2026-11-02,2026-11-08,RECOMMEND_APPROVE,"",7,1,0,6,true,2.9
SYN002739,ANNUAL,2026-11-02,2026-11-08,RECOMMEND_APPROVE,"",4,0,0,4,true,0.69
SYN006772,ANNUAL,2026-11-02,2026-11-23,DECLINED,COV-001,10,3,4,3,true,2.11
SYN008133,ANNUAL,2026-11-02,2026-11-04,RECOMMEND_APPROVE,"",2,0,0,2,true,0.68
SYN004651,ANNUAL,2026-11-02,2026-11-15,RECOMMEND_APPROVE,"",8,0,0,8,true,1.77
SYN002958,ANNUAL,2026-11-02,2026-11-08,RECOMMEND_APPROVE,"",5,0,0,5,true,0.47
SYN007991,ANNUAL,2026-11-02,2026-11-22,DECLINED,BAL-001,12,3,0,9,true,1.73
SYN002172,ANNUAL,2026-11-02,2026-11-06,RECOMMEND_APPROVE,"",5,0,0,5,false,0.3
SYN007623,ANNUAL,2026-11-02,2026-11-04,RECOMMEND_APPROVE,"",3,0,0,3,true,0.57
SYN003457,ANNUAL,2026-11-02,2026-11-15,RECOMMEND_APPROVE,"",4,0,0,4,true,0.35
SYN002140,ANNUAL,2026-11-02,2026-11-05,RECOMMEND_APPROVE,"",4,0,0,4,true,0.82
SYN004452,ANNUAL,2026-11-02,2026-11-08,RECOMMEND_APPROVE,"",5,0,0,5,true,0.49
SYN004410,PROF_DEV,2026-11-02,2026-11-08,RECOMMEND_APPROVE,"",2,0,0,2,true,0.38
SYN000708,TOIL,2026-11-02,2026-11-03,RECOMMEND_APPROVE,"",0,0,0,0,false,0.09
SYN009147,ANNUAL,2026-11-02,2026-12-07,DECLINED,ELG-002|BAL-001|COV-001,32,0,7,25,true,4.19
SYN001107,TOIL,2026-11-02,2026-11-08,RECOMMEND_APPROVE,"",5,0,0,5,true,0.78
SYN000183,ANNUAL,2026-11-02,2026-11-02,RECOMMEND_APPROVE,"",1,0,0,1,true,0.21
SYN006739,PROF_DEV,2026-11-02,2026-11-06,RECOMMEND_APPROVE,"",5,1,0,4,true,0.46
SYN004064,LONG_SERVICE,2026-11-02,2026-11-08,DECLINED,BAL-001|NOT-002,5,0,0,5,true,0.41
SYN004057,ANNUAL,2026-11-02,2026-11-09,RECOMMEND_APPROVE,"",5,0,0,5,false,1.08
SYN000309,ANNUAL,2026-11-02,2026-11-23,DECLINED,COV-001,16,0,9,7,true,1.38
SYN003171,ANNUAL,2026-11-02,2026-11-08,RECOMMEND_APPROVE,"",4,0,0,4,true,0.96
SYN002143,ADO,2026-11-02,2026-11-02,DECLINED,BAL-001|COV-001,1,0,1,0,true,0.32
SYN008891,ANNUAL,2026-11-02,2026-11-10,DECLINED,BAL-001,5,0,0,5,true,0.68
SYN007475,ANNUAL,2026-11-02,2026-11-09,RECOMMEND_APPROVE,"",5,0,0,5,true,0.68
SYN007220,UNPAID,2026-11-02,2027-04-18,NEEDS_APPROVAL,ELG-001,120,47,0,73,true,22.23
SYN009533,PROF_DEV,2026-11-02,2026-11-02,RECOMMEND_APPROVE,"",1,0,0,1,true,0.38
SYN004584,ANNUAL,2026-11-02,2026-11-08,RECOMMEND_APPROVE,"",2,1,0,1,true,1.83
SYN001755,ANNUAL,2026-11-02,2026-11-08,RECOMMEND_APPROVE,"",5,0,0,5,false,1.0
SYN007997,LONG_SERVICE,2026-11-02,2026-11-08,DECLINED,ELG-003|BAL-001|NOT-002,2,0,0,2,true,0.73
SYN004299,ANNUAL,2026-11-02,2026-11-02,RECOMMEND_APPROVE,"",1,0,0,1,true,0.22
SYN002394,ANNUAL,2026-11-02,2026-11-29,DECLINED,COV-001|COV-002,20,0,10,10,true,2.17
SYN002772,LONG_SERVICE,2026-11-02,2026-11-03,DECLINED,BAL-001,2,1,0,1,true,0.75
SYN003612,ANNUAL,2026-11-02,2026-11-06,NEEDS_APPROVAL,COV-001,5,0,2,3,true,0.56
SYN000219,ANNUAL,2026-11-02,2026-11-07,RECOMMEND_APPROVE,"",0,0,0,0,false,0.13
SYN000171,ANNUAL,2026-11-02,2026-11-13,RECOMMEND_APPROVE,"",6,0,0,6,true,0.68
SYN001883,ANNUAL,2026-11-02,2026-11-15,NEEDS_APPROVAL,ELG-001,0,0,0,0,false,0.16
SYN008336,ANNUAL,2026-11-02,2026-11-06,NEEDS_APPROVAL,ELG-001,5,0,0,5,true,0.41
SYN003334,PARENTAL,2026-11-02,2027-05-16,NEEDS_APPROVAL,NOT-004,140,83,0,57,true,46.99
SYN004102,ANNUAL,2026-11-02,2026-11-10,RECOMMEND_APPROVE,"",7,0,0,7,false,0.52
SYN008036,LONG_SERVICE,2026-11-02,2026-11-15,DECLINED,ELG-003|BAL-003|NOT-002,8,0,0,8,false,0.58
SYN001941,ANNUAL,2026-11-02,2026-11-16,DECLINED,ELG-002|BAL-001,8,3,0,5,true,9.08
SYN001995,ANNUAL,2026-11-02,2026-11-15,RECOMMEND_APPROVE,"",10,0,0,10,true,0.69
SYN000807,ANNUAL,2026-11-02,2026-11-27,DECLINED,BAL-001,20,5,0,15,true,1.09
SYN000885,ANNUAL,2026-11-02,2026-11-08,RECOMMEND_APPROVE,"",4,0,0,4,true,0.73
SYN003598,ANNUAL,2026-11-02,2026-11-08,RECOMMEND_APPROVE,"",4,0,0,4,true,0.8
SYN004826,ANNUAL,2026-11-02,2026-11-02,RECOMMEND_APPROVE,"",0,0,0,0,false,0.37
SYN007353,UNPAID,2026-11-02,2026-11-02,RECOMMEND_APPROVE,"",0,0,0,0,false,0.09
SYN002566,ANNUAL,2026-11-02,2026-11-08,DECLINED,BAL-001,3,3,0,0,false,9.18
SYN005019,ANNUAL,2026-11-02,2026-11-15,NEEDS_APPROVAL,ELG-001,10,1,0,9,true,2.1
SYN003132,SICK,2026-11-02,2026-11-03,ACCEPTED,"",0,0,0,0,false,0.14
SYN006358,UNPAID,2026-11-02,2026-11-06,RECOMMEND_APPROVE,"",5,0,0,5,false,0.87
SYN006216,UNPAID,2026-11-02,2027-02-07,NEEDS_APPROVAL,COV-002,56,48,0,8,true,65.72
SYN008687,UNPAID,2026-11-02,2027-04-18,NEEDS_APPROVAL,ELG-001,120,22,0,98,true,11.86
SYN000689,ANNUAL,2026-11-02,2026-11-08,RECOMMEND_APPROVE,"",5,0,0,5,true,0.81
SYN007049,TOIL,2026-11-02,2026-11-15,DECLINED,BAL-001|COV-002,10,2,0,8,true,2.93
SYN003605,UNPAID,2026-11-02,2026-12-21,DECLINED,COV-001,36,3,10,23,true,4.93
SYN000305,PROF_DEV,2026-11-02,2026-11-06,RECOMMEND_APPROVE,"",5,0,0,5,true,0.4
SYN000392,LONG_SERVICE,2026-11-02,2026-11-02,DECLINED,ELG-003|BAL-001,1,0,0,1,true,0.32
SYN000701,UNPAID,2026-11-02,2027-04-04,NEEDS_APPROVAL,ELG-001,88,0,0,88,true,7.12
SYN007676,LONG_SERVICE,2026-11-02,2026-11-03,DECLINED,ELG-003|BAL-001|NOT-002,1,0,0,1,false,0.33
SYN004708,ANNUAL,2026-11-02,2026-11-13,DECLINED,ELG-001|BAL-001,10,0,0,10,true,0.59
SYN006337,TOIL,2026-11-02,2026-11-08,RECOMMEND_APPROVE,"",4,0,0,4,true,1.03
SYN001918,ANNUAL,2026-11-02,2026-12-06,RECOMMEND_APPROVE,"",20,10,0,10,true,3.92
SYN000261,ANNUAL,2026-11-02,2026-11-06,RECOMMEND_APPROVE,"",5,0,0,5,false,0.92
SYN002604,ANNUAL,2026-11-02,2026-11-10,RECOMMEND_APPROVE,"",7,0,0,7,true,0.45
SYN006077,ANNUAL,2026-11-02,2026-11-11,RECOMMEND_APPROVE,"",6,2,0,4,true,2.99
SYN001605,ANNUAL,2026-11-02,2027-02-21,DECLINED,REQ-004|ELG-001|BAL-001,64,14,0,50,true,14.67
SYN008667,PROF_DEV,2026-11-02,2026-11-02,NEEDS_APPROVAL,ELG-001|BAL-003,1,0,0,1,true,0.65
SYN002514,ANNUAL,2026-11-02,2026-11-03,RECOMMEND_APPROVE,"",1,0,0,1,true,0.26
SYN009516,LONG_SERVICE,2026-11-02,2026-11-26,DECLINED,ELG-003|BAL-001,25,2,0,23,true,2.86
SYN001345,ANNUAL,2026-11-02,2026-12-06,DECLINED,BAL-001,20,5,0,15,true,2.89
SYN005747,ANNUAL,2026-11-02,2026-11-22,RECOMMEND_APPROVE,"",12,0,0,12,true,1.01
SYN002664,ANNUAL,2026-11-02,2026-11-08,RECOMMEND_APPROVE,"",4,0,0,4,true,0.34
SYN005248,PROF_DEV,2026-11-02,2026-11-06,NEEDS_APPROVAL,ELG-001,5,0,0,5,true,0.38
SYN008081,LONG_SERVICE,2026-11-02,2026-11-19,DECLINED,ELG-003|BAL-001|NOT-002|COV-002,12,7,0,5,true,1.64
SYN002579,PARENTAL,2026-11-02,2027-05-16,NEEDS_APPROVAL,ELG-001|NOT-004,84,29,0,55,true,29.44
SYN000644,ANNUAL,2026-11-02,2026-11-02,RECOMMEND_APPROVE,"",1,0,0,1,false,0.35
SYN005090,LONG_SERVICE,2026-11-02,2026-11-29,DECLINED,ELG-003|BAL-001|COV-001,20,0,10,10,true,1.15
SYN005993,ANNUAL,2026-11-02,2026-11-15,NEEDS_APPROVAL,COV-001,6,0,4,2,true,0.4
SYN001775,ANNUAL,2026-11-02,2026-11-02,RECOMMEND_APPROVE,"",1,0,0,1,true,0.31
SYN001438,TOIL,2026-11-02,2026-11-08,RECOMMEND_APPROVE,"",2,0,0,2,true,0.53
SYN007790,ANNUAL,2026-11-02,2026-11-08,NEEDS_APPROVAL,ELG-001,4,0,0,4,true,0.66
SYN002336,ANNUAL,2026-11-02,2026-12-06,DECLINED,BAL-001|COV-001|COV-002,20,0,9,11,true,1.75
SYN008318,TOIL,2026-11-02,2026-11-08,NEEDS_APPROVAL,ELG-001,3,0,0,3,true,0.49
SYN009526,ANNUAL,2026-11-02,2026-12-27,NEEDS_APPROVAL,BAL-003|COV-002,32,24,0,8,true,35.84
SYN004504,ANNUAL,2026-11-02,2026-11-06,RECOMMEND_APPROVE,"",2,0,0,2,true,0.35
SYN005028,ANNUAL,2026-11-02,2026-11-08,RECOMMEND_APPROVE,"",4,0,0,4,true,0.27
SYN007290,ANNUAL,2026-11-02,2026-12-06,DECLINED,BAL-001,25,15,0,10,true,28.16
SYN004357,LONG_SERVICE,2026-11-02,2026-11-08,DECLINED,BAL-001|COV-001,5,0,4,1,true,0.8
SYN008661,ADO,2026-11-02,2026-11-02,DECLINED,BAL-001,1,0,0,1,true,0.28
SYN009353,LONG_SERVICE,2026-11-02,2026-11-08,DECLINED,ELG-003|BAL-001|NOT-002,7,2,0,5,true,3.94
SYN009036,ANNUAL,2026-11-02,2026-11-02,RECOMMEND_APPROVE,"",1,0,0,1,true,0.23
SYN009450,TOIL,2026-11-02,2026-11-15,NEEDS_APPROVAL,COV-001,10,0,2,8,true,0.87
SYN008552,ANNUAL,2026-11-02,2026-11-02,RECOMMEND_APPROVE,"",1,0,0,1,true,0.23
SYN005419,ANNUAL,2026-11-02,2026-11-02,NEEDS_APPROVAL,COV-001,1,0,1,0,true,0.22
SYN005679,TOIL,2026-11-02,2026-11-08,RECOMMEND_APPROVE,"",4,0,0,4,true,0.76
SYN009404,ANNUAL,2026-11-02,2026-11-17,RECOMMEND_APPROVE,"",12,0,0,12,true,0.76
SYN004209,ANNUAL,2026-11-02,2026-11-22,RECOMMEND_APPROVE,"",12,0,0,12,true,0.48
SYN002500,ANNUAL,2026-11-02,2026-11-12,NEEDS_APPROVAL,ELG-001,7,0,0,7,true,1.01
SYN006116,ANNUAL,2026-11-02,2026-11-02,RECOMMEND_APPROVE,"",1,1,0,0,false,1.65
SYN007075,ANNUAL,2026-11-02,2026-11-15,DECLINED,BAL-001,12,1,0,11,true,6.81
SYN006440,TOIL,2026-11-02,2026-11-05,NEEDS_APPROVAL,COV-001,2,0,1,1,true,0.27
SYN003295,ANNUAL,2026-11-02,2026-11-03,NEEDS_APPROVAL,ELG-001,2,0,0,2,true,0.62
SYN001525,PROF_DEV,2026-11-02,2026-11-06,DECLINED,BAL-001,4,2,0,2,false,4.25
SYN007644,ANNUAL,2026-11-02,2026-11-15,RECOMMEND_APPROVE,"",8,0,0,8,true,0.94
SYN006457,ANNUAL,2026-11-02,2026-11-05,RECOMMEND_APPROVE,"",2,0,0,2,false,0.21
SYN001478,ANNUAL,2026-11-02,2026-11-08,RECOMMEND_APPROVE,"",2,0,0,2,true,0.43
SYN004687,TOIL,2026-11-02,2026-11-02,RECOMMEND_APPROVE,"",1,0,0,1,true,0.21
SYN007417,ANNUAL,2026-11-02,2026-11-29,RECOMMEND_APPROVE,"",20,0,0,20,true,0.6
SYN003130,PROF_DEV,2026-11-02,2026-11-06,RECOMMEND_APPROVE,"",5,0,0,5,true,0.48
SYN006545,PROF_DEV,2026-11-02,2026-11-11,NEEDS_APPROVAL,COV-001,8,0,2,6,true,0.51
SYN000405,LONG_SERVICE,2026-11-02,2026-11-22,DECLINED,ELG-003|BAL-001|NOT-002|COV-001|COV-003,15,9,5,1,true,1.19
SYN008550,ANNUAL,2026-11-02,2026-11-04,RECOMMEND_APPROVE,"",3,0,0,3,true,0.32
SYN004892,LONG_SERVICE,2026-11-02,2026-11-08,DECLINED,ELG-001|ELG-003|BAL-001|NOT-002,5,0,0,5,true,0.66
SYN002456,ANNUAL,2026-11-02,2026-12-27,DECLINED,BAL-001,56,18,0,38,true,51.37
SYN000843,ANNUAL,2026-11-02,2026-11-02,RECOMMEND_APPROVE,"",1,0,0,1,true,0.34
SYN006116,PROF_DEV,2026-11-03,2026-11-03,RECOMMEND_APPROVE,"",1,1,0,0,false,1.69
SYN000792,PROF_DEV,2026-11-03,2026-11-03,RECOMMEND_APPROVE,"",1,0,0,1,false,0.19
SYN007078,ANNUAL,2026-11-03,2026-11-06,RECOMMEND_APPROVE,"",3,0,0,3,true,0.23
SYN007845,TOIL,2026-11-03,2026-11-06,DECLINED,ELG-001|BAL-001,4,0,0,4,true,0.4
SYN002413,ANNUAL,2026-11-03,2026-11-06,RECOMMEND_APPROVE,"",4,0,0,4,true,0.82
SYN004011,LONG_SERVICE,2026-11-03,2026-11-04,NEEDS_APPROVAL,NOT-002,2,0,0,2,true,0.71
SYN001125,TOIL,2026-11-03,2026-11-03,RECOMMEND_APPROVE,"",0,0,0,0,false,0.11
SYN008667,ANNUAL,2026-11-03,2026-11-08,NEEDS_APPROVAL,ELG-001,1,0,0,1,true,0.57
SYN001975,ANNUAL,2026-11-03,2026-12-11,DECLINED,BAL-001,28,0,0,28,true,2.09
SYN009236,ANNUAL,2026-11-03,2026-11-06,RECOMMEND_APPROVE,"",4,0,0,4,true,0.41
SYN008903,LONG_SERVICE,2026-11-03,2026-12-15,DECLINED,ELG-003|BAL-001|NOT-002,25,13,0,12,true,10.18
SYN007865,ANNUAL,2026-11-03,2026-11-06,RECOMMEND_APPROVE,"",3,0,0,3,false,0.42
SYN002512,LONG_SERVICE,2026-11-03,2026-11-05,DECLINED,BAL-001|NOT-002,3,0,0,3,true,0.32
SYN004103,ANNUAL,2026-11-03,2026-12-03,DECLINED,BAL-001,10,0,0,10,true,0.56
SYN007592,ANNUAL,2026-11-03,2026-11-10,NEEDS_APPROVAL,COV-001,4,0,1,3,true,0.53
SYN005635,ANNUAL,2026-11-03,2026-11-04,RECOMMEND_APPROVE,"",2,1,0,1,true,0.55
SYN004131,ANNUAL,2026-11-03,2026-11-04,NEEDS_APPROVAL,COV-001|COV-002,2,0,1,1,true,0.88
SYN008700,ANNUAL,2026-11-03,2026-11-13,NEEDS_APPROVAL,COV-001,9,4,4,1,true,1.24
SYN003390,UNPAID,2026-11-03,2026-11-06,NEEDS_APPROVAL,COV-001,2,0,2,0,true,0.22
SYN008592,PROF_DEV,2026-11-03,2026-11-03,NEEDS_APPROVAL,BAL-003,1,0,0,1,true,0.22
SYN007730,ANNUAL,2026-11-03,2026-11-06,RECOMMEND_APPROVE,"",3,0,0,3,false,0.28
SYN001744,ANNUAL,2026-11-03,2026-11-03,RECOMMEND_APPROVE,"",1,0,0,1,true,0.24
SYN002364,ANNUAL,2026-11-03,2026-11-05,RECOMMEND_APPROVE,"",2,1,0,1,true,0.29
SYN008433,ANNUAL,2026-11-03,2026-11-06,RECOMMEND_APPROVE,"",2,0,0,2,true,0.31
SYN004910,PROF_DEV,2026-11-03,2026-11-06,DECLINED,BAL-001,4,0,0,4,true,0.28
SYN004129,ANNUAL,2026-11-03,2026-11-05,RECOMMEND_APPROVE,"",3,0,0,3,false,0.27
SYN008122,PROF_DEV,2026-11-03,2026-11-09,DECLINED,BAL-001,4,0,0,4,true,0.31
SYN000834,ADO,2026-11-03,2026-11-03,RECOMMEND_APPROVE,"",1,0,0,1,true,0.25
SYN008615,ANNUAL,2026-11-03,2026-11-08,RECOMMEND_APPROVE,"",5,0,0,5,true,0.44
SYN005155,ANNUAL,2026-11-03,2026-11-16,RECOMMEND_APPROVE,"",10,0,0,10,true,0.51
SYN001332,ANNUAL,2026-11-03,2026-11-03,RECOMMEND_APPROVE,"",1,0,0,1,false,0.3
SYN002047,PROF_DEV,2026-11-03,2026-11-03,RECOMMEND_APPROVE,"",1,0,0,1,true,0.2
SYN000016,PROF_DEV,2026-11-03,2026-11-03,RECOMMEND_APPROVE,"",1,0,0,1,true,0.17
SYN002676,UNPAID,2026-11-03,2026-11-04,RECOMMEND_APPROVE,"",1,0,0,1,true,0.22
SYN009553,ANNUAL,2026-11-03,2026-11-10,RECOMMEND_APPROVE,"",4,4,0,0,false,1.78
SYN008410,PROF_DEV,2026-11-03,2026-11-04,NEEDS_APPROVAL,BAL-003,2,0,0,2,true,0.23
SYN008620,UNPAID,2026-11-03,2026-11-03,RECOMMEND_APPROVE,"",1,0,0,1,true,0.17
SYN006816,ANNUAL,2026-11-03,2026-11-05,RECOMMEND_APPROVE,"",3,0,0,3,true,0.32
SYN001137,ANNUAL,2026-11-03,2026-11-03,RECOMMEND_APPROVE,"",0,0,0,0,false,0.11
SYN005553,PROF_DEV,2026-11-03,2026-11-03,NEEDS_APPROVAL,BAL-003,0,0,0,0,false,0.08
SYN006178,PROF_DEV,2026-11-03,2026-11-03,RECOMMEND_APPROVE,"",0,0,0,0,false,0.1
SYN003813,ANNUAL,2026-11-03,2026-11-12,RECOMMEND_APPROVE,"",4,0,0,4,true,0.38
SYN009187,PROF_DEV,2026-11-03,2026-11-08,NEEDS_APPROVAL,COV-001,4,0,1,3,true,0.42
SYN001132,TOIL,2026-11-03,2026-11-09,RECOMMEND_APPROVE,"",3,1,0,2,true,0.72
SYN004470,PROF_DEV,2026-11-03,2026-11-06,DECLINED,BAL-001,3,1,0,2,true,0.32
SYN006292,ANNUAL,2026-11-03,2026-11-03,RECOMMEND_APPROVE,"",1,0,0,1,false,0.21
SYN003000,PROF_DEV,2026-11-04,2026-11-05,DECLINED,BAL-001|COV-001|COV-002,2,0,1,1,true,0.31
SYN005894,TOIL,2026-11-04,2026-11-04,RECOMMEND_APPROVE,"",1,0,0,1,true,0.23
SYN002331,ANNUAL,2026-11-04,2026-11-04,NEEDS_APPROVAL,COV-001,1,0,1,0,true,0.21
SYN000936,PROF_DEV,2026-11-04,2026-11-04,RECOMMEND_APPROVE,"",1,0,0,1,true,0.16
SYN009103,ANNUAL,2026-11-04,2026-12-30,DECLINED,ELG-001|BAL-001|COV-001,33,0,17,16,true,1.34
SYN005515,TOIL,2026-11-04,2026-11-04,RECOMMEND_APPROVE,"",1,0,0,1,true,0.38
SYN000997,PROF_DEV,2026-11-04,2026-11-06,DECLINED,BAL-001,3,0,0,3,true,0.33
SYN005024,UNPAID,2026-11-04,2026-11-04,RECOMMEND_APPROVE,"",1,0,0,1,true,0.19
SYN003494,LONG_SERVICE,2026-11-04,2026-11-04,DECLINED,BAL-001,1,0,0,1,true,0.32
SYN002095,ANNUAL,2026-11-04,2026-11-04,RECOMMEND_APPROVE,"",0,0,0,0,false,0.2
SYN003295,ANNUAL,2026-11-04,2026-11-06,NEEDS_APPROVAL,ELG-001,3,0,0,3,true,0.5
SYN001524,PROF_DEV,2026-11-04,2026-11-12,NEEDS_APPROVAL,COV-001,6,0,3,3,true,0.3
SYN005160,ANNUAL,2026-11-04,2026-11-08,RECOMMEND_APPROVE,"",3,0,0,3,false,0.39
SYN004473,PROF_DEV,2026-11-04,2026-11-11,DECLINED,BAL-001|COV-002,6,0,0,6,false,0.51
SYN002479,TOIL,2026-11-04,2026-11-04,RECOMMEND_APPROVE,"",1,0,0,1,true,0.32
SYN005625,ANNUAL,2026-11-04,2026-12-20,DECLINED,BAL-001|COV-001,28,13,12,3,true,3.17
SYN005864,ANNUAL,2026-11-04,2026-12-02,DECLINED,COV-001,21,0,4,17,true,0.59
SYN005304,PROF_DEV,2026-11-04,2026-11-04,NEEDS_APPROVAL,BAL-003,1,0,0,1,false,0.26
SYN007420,PROF_DEV,2026-11-04,2026-11-05,RECOMMEND_APPROVE,"",2,0,0,2,false,0.22
SYN006444,ANNUAL,2026-11-04,2026-11-08,RECOMMEND_APPROVE,"",3,0,0,3,true,0.45
SYN003404,PROF_DEV,2026-11-04,2026-11-04,NEEDS_APPROVAL,BAL-003,1,1,0,0,true,0.42
SYN000906,ANNUAL,2026-11-04,2026-11-08,RECOMMEND_APPROVE,"",3,0,0,3,true,0.47
SYN001332,LONG_SERVICE,2026-11-04,2026-11-08,NEEDS_APPROVAL,NOT-002,1,0,0,1,false,0.28
SYN003080,TOIL,2026-11-04,2026-11-04,RECOMMEND_APPROVE,"",1,0,0,1,true,0.33
SYN000894,UNPAID,2026-11-04,2026-11-05,RECOMMEND_APPROVE,"",1,0,0,1,true,0.29
SYN009533,PROF_DEV,2026-11-04,2026-11-04,RECOMMEND_APPROVE,"",1,0,0,1,true,0.2
SYN002846,ANNUAL,2026-11-04,2026-11-04,NEEDS_APPROVAL,ELG-001,1,1,0,0,true,0.26
SYN002483,UNPAID,2026-11-04,2026-11-04,RECOMMEND_APPROVE,"",1,0,0,1,true,0.22
SYN005453,ANNUAL,2026-11-04,2026-11-11,RECOMMEND_APPROVE,"",0,0,0,0,false,0.12
SYN007169,ANNUAL,2026-11-04,2026-11-04,NEEDS_APPROVAL,ELG-001,1,0,0,1,true,0.34
SYN008341,ANNUAL,2026-11-04,2026-11-12,NEEDS_APPROVAL,ELG-001,7,6,0,1,true,8.67
SYN006640,ANNUAL,2026-11-04,2026-11-04,RECOMMEND_APPROVE,"",1,1,0,0,true,0.7
SYN006534,LONG_SERVICE,2026-11-04,2026-11-04,DECLINED,ELG-003|NOT-002,0,0,0,0,false,0.17
SYN000183,ANNUAL,2026-11-04,2026-11-05,RECOMMEND_APPROVE,"",2,0,0,2,true,0.27
SYN003203,ANNUAL,2026-11-04,2026-12-20,RECOMMEND_APPROVE,"",19,6,0,13,true,3.02
SYN003103,TOIL,2026-11-04,2026-11-04,RECOMMEND_APPROVE,"",1,0,0,1,false,0.36
SYN004692,PROF_DEV,2026-11-04,2026-11-09,RECOMMEND_APPROVE,"",4,1,0,3,false,1.87
SYN003690,ANNUAL,2026-11-04,2026-11-04,RECOMMEND_APPROVE,"",1,0,0,1,false,0.27
SYN003082,LONG_SERVICE,2026-11-04,2026-11-25,DECLINED,BAL-001|NOT-002,4,1,0,3,true,0.53
SYN006509,ADO,2026-11-04,2026-11-06,NEEDS_APPROVAL,REQ-004|COV-001,3,0,3,0,true,0.31
SYN007766,PROF_DEV,2026-11-04,2026-11-08,RECOMMEND_APPROVE,"",3,1,0,2,true,1.06
SYN006345,PROF_DEV,2026-11-04,2026-11-04,RECOMMEND_APPROVE,"",1,1,0,0,true,0.45
SYN002975,ANNUAL,2026-11-04,2026-11-04,RECOMMEND_APPROVE,"",1,0,0,1,true,0.27
SYN002880,ADO,2026-11-05,2026-11-05,RECOMMEND_APPROVE,"",1,0,0,1,true,0.23
SYN006718,PROF_DEV,2026-11-05,2026-11-06,RECOMMEND_APPROVE,"",2,0,0,2,true,0.24
SYN004434,ANNUAL,2026-11-05,2026-11-06,NEEDS_APPROVAL,ELG-001|COV-001,2,0,2,0,true,0.26
SYN008113,ANNUAL,2026-11-05,2026-11-19,DECLINED,ELG-001|COV-001,2,0,2,0,true,0.32
SYN002502,ANNUAL,2026-11-05,2026-11-05,RECOMMEND_APPROVE,"",1,0,0,1,true,0.29
SYN008959,ANNUAL,2026-11-05,2026-11-06,RECOMMEND_APPROVE,"",1,1,0,0,true,0.53
SYN006310,PROF_DEV,2026-11-05,2026-11-06,RECOMMEND_APPROVE,"",2,0,0,2,true,0.42
SYN005703,ANNUAL,2026-11-05,2026-12-04,DECLINED,ELG-001|COV-001,22,0,4,18,true,1.01
SYN005026,PROF_DEV,2026-11-05,2026-11-06,RECOMMEND_APPROVE,"",2,2,0,0,true,0.58
SYN005103,ANNUAL,2026-11-05,2026-11-22,RECOMMEND_APPROVE,"",0,0,0,0,false,0.14
SYN003411,ANNUAL,2026-11-05,2026-11-12,RECOMMEND_APPROVE,"",5,0,0,5,true,0.63
SYN003069,ANNUAL,2026-11-05,2026-11-09,NEEDS_APPROVAL,COV-001,2,0,2,0,true,0.23
SYN007921,TOIL,2026-11-05,2026-11-09,DECLINED,BAL-001,4,0,0,4,false,0.56
SYN002900,SICK,2026-11-05,2026-11-05,ACCEPTED,"",1,0,0,1,true,0.22
SYN006552,TOIL,2026-11-05,2026-11-06,RECOMMEND_APPROVE,"",2,0,0,2,false,1.33
SYN007169,PROF_DEV,2026-11-05,2026-11-06,DECLINED,ELG-001|BAL-001,2,0,0,2,true,0.29
SYN009092,ANNUAL,2026-11-05,2026-11-10,NEEDS_APPROVAL,COV-001,4,0,2,2,true,0.28
SYN007348,ANNUAL,2026-11-05,2026-11-06,RECOMMEND_APPROVE,"",2,0,0,2,false,0.42
SYN007106,ANNUAL,2026-11-05,2026-11-06,RECOMMEND_APPROVE,"",2,0,0,2,false,0.31
SYN000632,ANNUAL,2026-11-05,2026-11-10,RECOMMEND_APPROVE,"",4,0,0,4,true,0.28
SYN002228,PROF_DEV,2026-11-05,2026-11-05,NEEDS_APPROVAL,BAL-003,1,1,0,0,true,0.25
SYN008631,ANNUAL,2026-11-05,2026-11-05,NEEDS_APPROVAL,COV-001,1,0,1,0,true,0.19
SYN002215,ANNUAL,2026-11-05,2026-11-10,RECOMMEND_APPROVE,"",4,0,0,4,false,0.46
SYN003080,TOIL,2026-11-05,2026-11-05,RECOMMEND_APPROVE,"",1,0,0,1,true,0.31
SYN004135,ANNUAL,2026-11-05,2026-11-05,NEEDS_APPROVAL,ELG-001|COV-002,1,0,0,1,false,0.24
SYN006848,ANNUAL,2026-11-05,2026-11-05,RECOMMEND_APPROVE,"",1,1,0,0,true,0.27
SYN000366,PROF_DEV,2026-11-05,2026-11-05,NEEDS_APPROVAL,BAL-003,1,0,0,1,false,0.26
SYN002404,PROF_DEV,2026-11-05,2026-11-09,NEEDS_APPROVAL,COV-002,3,0,0,3,true,0.31
SYN001987,ADO,2026-11-05,2026-11-06,RECOMMEND_APPROVE,"",0,0,0,0,false,0.11
SYN008703,TOIL,2026-11-05,2026-11-12,RECOMMEND_APPROVE,"",2,0,0,2,true,0.58
SYN001435,ADO,2026-11-05,2026-11-06,DECLINED,BAL-001|COV-002,2,1,0,1,true,1.13
SYN006366,UNPAID,2026-11-05,2026-11-05,NEEDS_APPROVAL,ELG-001,0,0,0,0,false,0.11
SYN003775,ADO,2026-11-05,2026-11-05,RECOMMEND_APPROVE,"",1,0,0,1,true,0.5
SYN005102,PROF_DEV,2026-11-05,2026-11-12,RECOMMEND_APPROVE,"",6,0,0,6,true,0.53
SYN002112,TOIL,2026-11-05,2026-11-05,RECOMMEND_APPROVE,"",1,0,0,1,true,0.46
SYN005235,ANNUAL,2026-11-05,2026-11-05,RECOMMEND_APPROVE,"",1,1,0,0,false,2.62
SYN004829,PROF_DEV,2026-11-05,2026-11-06,RECOMMEND_APPROVE,"",2,0,0,2,true,0.27
SYN000479,UNPAID,2026-11-05,2026-11-06,NEEDS_APPROVAL,ELG-001,2,0,0,2,true,0.32
SYN008556,ADO,2026-11-05,2026-11-10,NEEDS_APPROVAL,REQ-004,5,0,0,5,true,0.55
SYN006928,ANNUAL,2026-11-05,2026-11-06,NEEDS_APPROVAL,ELG-001,2,0,0,2,true,0.26
SYN007676,ANNUAL,2026-11-05,2027-01-22,RECOMMEND_APPROVE,"",23,11,0,12,true,1.37
SYN006726,ANNUAL,2026-11-05,2026-11-13,RECOMMEND_APPROVE,"",4,3,0,1,true,2.64
SYN005657,LONG_SERVICE,2026-11-05,2026-11-06,DECLINED,ELG-003|BAL-001|NOT-002,2,0,0,2,true,0.37
SYN005708,ANNUAL,2026-11-05,2026-11-13,RECOMMEND_APPROVE,"",6,0,0,6,false,0.8
SYN006889,PROF_DEV,2026-11-05,2026-11-05,RECOMMEND_APPROVE,"",0,0,0,0,false,0.11
SYN006734,ANNUAL,2026-11-05,2026-11-06,NEEDS_APPROVAL,COV-001,2,0,2,0,true,0.25
SYN001219,ANNUAL,2026-11-05,2026-11-15,RECOMMEND_APPROVE,"",7,5,0,2,true,2.94
SYN008046,ANNUAL,2026-11-06,2026-11-06,RECOMMEND_APPROVE,"",1,0,0,1,true,0.25
SYN005825,PROF_DEV,2026-11-06,2026-11-06,DECLINED,ELG-002|BAL-003,1,0,0,1,true,0.37
SYN000826,PROF_DEV,2026-11-06,2026-11-06,RECOMMEND_APPROVE,"",1,0,0,1,true,0.18
SYN008333,PROF_DEV,2026-11-06,2026-11-06,DECLINED,ELG-001|ELG-002|BAL-003,1,0,0,1,true,0.39
SYN003742,PROF_DEV,2026-11-06,2026-11-06,NEEDS_APPROVAL,BAL-003,0,0,0,0,false,0.1
SYN009227,ANNUAL,2026-11-06,2026-11-06,RECOMMEND_APPROVE,"",1,0,0,1,true,0.26
SYN004235,ANNUAL,2026-11-06,2026-11-13,RECOMMEND_APPROVE,"",6,0,0,6,true,0.53
SYN001897,LONG_SERVICE,2026-11-06,2026-11-06,DECLINED,BAL-001,1,0,0,1,true,0.25
SYN006174,ADO,2026-11-06,2026-11-06,RECOMMEND_APPROVE,"",1,0,0,1,false,0.27
SYN001227,UNPAID,2026-11-06,2026-11-06,RECOMMEND_APPROVE,"",1,1,0,0,false,1.17
SYN007376,ANNUAL,2026-11-06,2026-11-06,RECOMMEND_APPROVE,"",1,0,0,1,false,0.19
SYN007126,ANNUAL,2026-11-06,2026-11-20,RECOMMEND_APPROVE,"",3,1,0,2,true,1.78
SYN008539,ANNUAL,2026-11-06,2026-11-06,RECOMMEND_APPROVE,"",1,0,0,1,true,0.27
SYN006798,ANNUAL,2026-11-06,2026-11-07,NEEDS_APPROVAL,ELG-001,1,0,0,1,true,0.21
SYN008537,ANNUAL,2026-11-06,2026-11-27,DECLINED,ELG-001|BAL-001|COV-001,16,2,3,11,true,1.18
SYN001834,ANNUAL,2026-11-06,2026-11-06,NEEDS_APPROVAL,BAL-003,1,0,0,1,false,0.24
SYN003944,UNPAID,2026-11-06,2026-11-06,RECOMMEND_APPROVE,"",1,0,0,1,true,0.22
SYN001375,ANNUAL,2026-11-06,2026-11-09,RECOMMEND_APPROVE,"",2,0,0,2,false,0.19
SYN008156,ADO,2026-11-06,2026-11-06,RECOMMEND_APPROVE,"",1,0,0,1,true,0.32
SYN005234,ANNUAL,2026-11-06,2026-11-06,RECOMMEND_APPROVE,"",1,0,0,1,true,0.25
SYN005320,PROF_DEV,2026-11-06,2026-11-06,NEEDS_APPROVAL,BAL-003,1,0,0,1,false,0.15
SYN003546,UNPAID,2026-11-06,2026-11-06,RECOMMEND_APPROVE,"",1,0,0,1,true,0.16
SYN001370,ANNUAL,2026-11-06,2026-12-09,DECLINED,BAL-001,24,4,0,20,true,3.49
SYN007380,PROF_DEV,2026-11-06,2026-11-12,NEEDS_APPROVAL,ELG-001,4,0,0,4,false,0.36
SYN001933,PROF_DEV,2026-11-06,2026-11-06,NEEDS_APPROVAL,BAL-003,1,0,0,1,true,0.59
SYN007337,UNPAID,2026-11-06,2026-11-06,RECOMMEND_APPROVE,"",1,1,0,0,false,3.4
SYN002018,PROF_DEV,2026-11-06,2026-11-11,RECOMMEND_APPROVE,"",4,2,0,2,true,2.59
SYN006696,PROF_DEV,2026-11-06,2026-11-11,DECLINED,BAL-001|COV-001,4,1,2,1,true,0.4
SYN009256,PROF_DEV,2026-11-06,2026-11-06,NEEDS_APPROVAL,BAL-003,1,0,0,1,false,0.25
SYN007351,SICK,2026-11-06,2026-11-06,ACCEPTED,"",2,0,0,2,false,0.28
SYN009151,UNPAID,2026-11-06,2026-11-06,RECOMMEND_APPROVE,"",2,0,0,2,false,0.33
SYN000922,LONG_SERVICE,2026-11-06,2026-11-12,DECLINED,ELG-003|BAL-001|NOT-002,5,0,0,5,true,0.39
SYN004170,TOIL,2026-11-06,2026-11-08,DECLINED,BAL-001,1,0,0,1,true,0.39
SYN001076,TOIL,2026-11-06,2026-11-13,DECLINED,BAL-001,7,0,0,7,false,1.18
SYN003000,ANNUAL,2026-11-06,2026-11-09,NEEDS_APPROVAL,COV-001|COV-002,3,0,2,1,true,0.45
SYN005029,UNPAID,2026-11-06,2026-11-06,NEEDS_APPROVAL,ELG-001,1,0,0,1,true,0.21
SYN009441,TOIL,2026-11-06,2026-11-06,RECOMMEND_APPROVE,"",1,0,0,1,true,0.47
SYN001273,ANNUAL,2026-11-06,2026-11-27,NEEDS_APPROVAL,BAL-003,12,0,0,12,true,1.25
SYN006514,ANNUAL,2026-11-06,2026-11-06,RECOMMEND_APPROVE,"",1,1,0,0,true,0.44
SYN002872,UNPAID,2026-11-06,2026-11-06,RECOMMEND_APPROVE,"",1,0,0,1,false,0.17
SYN004574,PROF_DEV,2026-11-06,2026-11-09,RECOMMEND_APPROVE,"",2,0,0,2,true,0.2
SYN003346,LONG_SERVICE,2026-11-06,2026-11-06,NEEDS_APPROVAL,NOT-002,0,0,0,0,false,0.13
SYN009143,LONG_SERVICE,2026-11-06,2026-11-06,DECLINED,ELG-003|BAL-001|NOT-002,1,0,0,1,false,0.26
SYN006735,ADO,2026-11-06,2026-11-14,NEEDS_APPROVAL,REQ-004|BAL-003,6,1,0,5,true,1.39
SYN009015,ANNUAL,2026-11-06,2026-11-13,NEEDS_APPROVAL,ELG-001|COV-001,5,0,3,2,true,0.36
SYN006116,PROF_DEV,2026-11-06,2026-11-06,RECOMMEND_APPROVE,"",1,0,0,1,false,0.18
SYN000182,TOIL,2026-11-06,2026-11-06,RECOMMEND_APPROVE,"",1,0,0,1,false,0.51
SYN003676,ANNUAL,2026-11-06,2026-11-16,DECLINED,BAL-001|COV-001,11,0,1,10,true,1.51
SYN001210,PROF_DEV,2026-11-06,2026-11-11,RECOMMEND_APPROVE,"",4,4,0,0,false,4.36
SYN002331,ANNUAL,2026-11-06,2026-11-06,RECOMMEND_APPROVE,"",1,0,0,1,true,0.22
SYN003803,ANNUAL,2026-11-06,2026-11-20,DECLINED,COV-001,9,0,7,2,true,0.39
SYN006409,PROF_DEV,2026-11-06,2026-11-08,RECOMMEND_APPROVE,"",0,0,0,0,false,0.11
SYN004739,ANNUAL,2026-11-06,2026-11-06,RECOMMEND_APPROVE,"",1,0,0,1,false,0.24
SYN009114,PROF_DEV,2026-11-06,2026-11-06,RECOMMEND_APPROVE,"",1,1,0,0,true,0.89
SYN004021,ANNUAL,2026-11-06,2026-11-06,RECOMMEND_APPROVE,"",1,0,0,1,true,0.17
SYN008353,ANNUAL,2026-11-06,2026-11-14,NEEDS_APPROVAL,ELG-001,6,0,0,6,true,0.3
SYN004045,ANNUAL,2026-11-06,2026-11-06,RECOMMEND_APPROVE,"",1,0,0,1,true,0.18
SYN005128,ANNUAL,2026-11-06,2026-11-16,RECOMMEND_APPROVE,"",7,1,0,6,true,1.67
SYN004172,ANNUAL,2026-11-06,2026-11-06,RECOMMEND_APPROVE,"",1,0,0,1,true,0.22
SYN004490,ADO,2026-11-06,2026-11-06,RECOMMEND_APPROVE,"",1,0,0,1,true,0.33
SYN002092,ANNUAL,2026-11-06,2026-11-06,RECOMMEND_APPROVE,"",1,0,0,1,true,0.18
SYN003167,PROF_DEV,2026-11-06,2026-11-06,RECOMMEND_APPROVE,"",1,1,0,0,false,5.17
SYN009317,PROF_DEV,2026-11-06,2026-11-06,NEEDS_APPROVAL,ELG-001|BAL-003,1,0,0,1,true,0.23
SYN002161,ANNUAL,2026-11-06,2026-11-06,RECOMMEND_APPROVE,"",1,0,0,1,true,0.19
SYN002223,TOIL,2026-11-06,2026-11-08,RECOMMEND_APPROVE,"",1,0,0,1,true,0.22
SYN000183,ANNUAL,2026-11-06,2026-11-06,RECOMMEND_APPROVE,"",1,0,0,1,true,0.19
SYN005061,UNPAID,2026-11-06,2026-11-06,RECOMMEND_APPROVE,"",0,0,0,0,false,0.08
SYN009000,PROF_DEV,2026-11-06,2026-11-06,NEEDS_APPROVAL,BAL-003,1,0,0,1,true,0.39
SYN002038,ANNUAL,2026-11-06,2026-11-06,RECOMMEND_APPROVE,"",1,0,0,1,true,0.17
SYN005610,PROF_DEV,2026-11-06,2026-11-08,NEEDS_APPROVAL,BAL-003,1,0,0,1,true,0.22
SYN005716,ANNUAL,2026-11-07,2026-11-07,RECOMMEND_APPROVE,"",0,0,0,0,false,0.09
SYN008518,ADO,2026-11-07,2026-11-30,NEEDS_APPROVAL,REQ-004|ELG-001|BAL-003|COV-002,14,7,0,7,true,6.88
SYN008902,PROF_DEV,2026-11-07,2026-11-09,NEEDS_APPROVAL,ELG-001,3,0,0,3,true,0.56
SYN006728,ANNUAL,2026-11-07,2026-11-09,RECOMMEND_APPROVE,"",1,1,0,0,true,0.37
SYN002791,UNPAID,2026-11-07,2027-10-16,NEEDS_APPROVAL,ELG-001,245,0,0,245,true,3.72
SYN000454,PROF_DEV,2026-11-07,2026-11-15,RECOMMEND_APPROVE,"",5,1,0,4,true,0.58
SYN001366,TOIL,2026-11-07,2026-11-08,RECOMMEND_APPROVE,"",2,0,0,2,true,0.38
SYN005553,TOIL,2026-11-07,2026-11-08,RECOMMEND_APPROVE,"",2,0,0,2,false,0.63
SYN007740,ANNUAL,2026-11-07,2026-11-09,NEEDS_APPROVAL,ELG-001,1,0,0,1,true,0.27
SYN000588,ANNUAL,2026-11-07,2026-11-15,RECOMMEND_APPROVE,"",5,2,0,3,true,0.57
SYN003861,PROF_DEV,2026-11-07,2026-11-12,NEEDS_APPROVAL,COV-002,3,0,0,3,true,0.3
SYN004829,ANNUAL,2026-11-07,2026-11-26,RECOMMEND_APPROVE,"",14,9,0,5,true,2.54
SYN000524,ANNUAL,2026-11-07,2026-11-28,DECLINED,BAL-001,19,8,0,11,true,1.77
SYN004332,ANNUAL,2026-11-07,2026-11-07,RECOMMEND_APPROVE,"",1,0,0,1,true,0.24
SYN007168,LONG_SERVICE,2026-11-07,2026-11-07,DECLINED,ELG-003|BAL-001,1,1,0,0,true,0.6
SYN007026,ADO,2026-11-07,2026-12-18,DECLINED,REQ-004|BAL-001,30,14,0,16,true,9.65
SYN007998,ANNUAL,2026-11-07,2026-11-15,NEEDS_APPROVAL,COV-001,7,0,2,5,true,1.08
SYN001865,ANNUAL,2026-11-07,2026-11-15,RECOMMEND_APPROVE,"",5,0,0,5,true,0.37
SYN003148,TOIL,2026-11-07,2026-11-07,RECOMMEND_APPROVE,"",0,0,0,0,false,0.11
SYN004490,TOIL,2026-11-07,2026-11-07,RECOMMEND_APPROVE,"",1,0,0,1,true,0.27
SYN002040,LONG_SERVICE,2026-11-07,2026-11-21,DECLINED,ELG-001|BAL-001|NOT-002,9,3,0,6,true,1.79
SYN008012,ANNUAL,2026-11-07,2026-11-14,RECOMMEND_APPROVE,"",5,0,0,5,true,0.36
SYN005549,ANNUAL,2026-11-07,2026-11-07,RECOMMEND_APPROVE,"",1,0,0,1,true,0.42
SYN000608,ADO,2026-11-07,2026-11-08,RECOMMEND_APPROVE,"",2,0,0,2,true,0.21
SYN000687,ADO,2026-11-07,2026-11-09,NEEDS_APPROVAL,REQ-004|BAL-003,1,0,0,1,true,0.24
SYN007580,ANNUAL,2026-11-07,2026-11-08,RECOMMEND_APPROVE,"",2,0,0,2,true,0.5
SYN000886,PROF_DEV,2026-11-07,2026-11-09,RECOMMEND_APPROVE,"",1,0,0,1,true,0.2
SYN001987,ADO,2026-11-07,2026-11-08,RECOMMEND_APPROVE,"",1,0,0,1,true,0.33
SYN003130,ANNUAL,2026-11-07,2026-11-13,RECOMMEND_APPROVE,"",5,0,0,5,true,0.42
SYN009232,ANNUAL,2026-11-07,2026-11-22,RECOMMEND_APPROVE,"",7,0,0,7,true,0.88
SYN004075,ANNUAL,2026-11-07,2026-11-07,NEEDS_APPROVAL,ELG-001,1,0,0,1,true,0.34
SYN009041,ANNUAL,2026-11-08,2026-11-08,NEEDS_APPROVAL,ELG-001,0,0,0,0,false,0.14
SYN004486,ANNUAL,2026-11-08,2026-11-08,RECOMMEND_APPROVE,"",1,1,0,0,true,0.56
SYN005029,ANNUAL,2026-11-08,2026-11-26,DECLINED,ELG-001|BAL-001,13,2,0,11,true,1.81
SYN001926,TOIL,2026-11-08,2026-11-10,DECLINED,BAL-001,3,0,0,3,true,0.28
SYN002482,ANNUAL,2026-11-08,2026-11-29,DECLINED,ELG-001|BAL-001,9,3,0,6,true,2.33
SYN001468,ANNUAL,2026-11-08,2026-11-08,RECOMMEND_APPROVE,"",1,0,0,1,true,0.34
SYN006880,ANNUAL,2026-11-08,2026-11-18,RECOMMEND_APPROVE,"",8,3,0,5,true,2.08
SYN007401,PARENTAL,2026-11-08,2026-12-20,NEEDS_APPROVAL,ELG-001|NOT-004,30,0,0,30,true,1.43
SYN003009,ANNUAL,2026-11-08,2026-11-15,RECOMMEND_APPROVE,"",5,0,0,5,true,0.3
SYN002395,ANNUAL,2026-11-08,2026-11-23,DECLINED,COV-001,16,0,3,13,true,0.57
SYN006040,PROF_DEV,2026-11-08,2026-11-11,RECOMMEND_APPROVE,"",3,0,0,3,true,0.45
SYN003901,LONG_SERVICE,2026-11-08,2026-12-06,DECLINED,BAL-001|NOT-002,10,6,0,4,true,3.81
SYN004673,LONG_SERVICE,2026-11-08,2026-11-08,DECLINED,ELG-003|BAL-001|NOT-002,1,0,0,1,true,0.41
SYN001352,UNPAID,2026-11-09,2026-11-13,RECOMMEND_APPROVE,"",5,0,0,5,true,0.33
SYN002366,ANNUAL,2026-11-09,2026-11-13,RECOMMEND_APPROVE,"",5,0,0,5,true,0.48
SYN004798,ANNUAL,2026-11-09,2026-12-06,DECLINED,BAL-001,16,0,0,16,true,0.74
SYN005861,ANNUAL,2026-11-09,2026-11-15,NEEDS_APPROVAL,ELG-001,5,0,0,5,true,0.89
SYN006646,ANNUAL,2026-11-09,2026-12-06,DECLINED,COV-001,12,0,3,9,true,1.4
SYN002732,ANNUAL,2026-11-09,2026-11-15,RECOMMEND_APPROVE,"",4,1,0,3,true,0.71
SYN004270,LONG_SERVICE,2026-11-09,2026-11-09,NEEDS_APPROVAL,ELG-001|NOT-002,1,0,0,1,true,0.26
SYN002447,PROF_DEV,2026-11-09,2026-11-13,NEEDS_APPROVAL,ELG-001,5,3,0,2,true,0.53
SYN001046,ANNUAL,2026-11-09,2026-11-13,NEEDS_APPROVAL,COV-001,5,0,2,3,true,0.26
SYN003743,PROF_DEV,2026-11-09,2026-11-11,RECOMMEND_APPROVE,"",3,0,0,3,true,0.48
SYN002413,ANNUAL,2026-11-09,2026-11-15,RECOMMEND_APPROVE,"",6,0,0,6,true,0.96
SYN000252,ANNUAL,2026-11-09,2026-11-09,RECOMMEND_APPROVE,"",1,1,0,0,false,2.23
SYN001987,ANNUAL,2026-11-09,2026-11-15,RECOMMEND_APPROVE,"",4,0,0,4,true,0.68
SYN000817,LONG_SERVICE,2026-11-09,2026-11-10,DECLINED,ELG-003|BAL-001|NOT-002|COV-001,2,0,2,0,true,0.31
SYN004293,PARENTAL,2026-11-09,2027-02-15,DECLINED,NOT-004|COV-001,84,0,3,81,true,1.78
SYN001540,ANNUAL,2026-11-09,2026-11-22,RECOMMEND_APPROVE,"",10,8,0,2,true,4.64
SYN002819,ANNUAL,2026-11-09,2026-11-17,RECOMMEND_APPROVE,"",4,1,0,3,true,0.58
SYN005664,ANNUAL,2026-11-09,2026-12-21,NEEDS_APPROVAL,ELG-001,18,0,0,18,true,0.7
SYN002378,ANNUAL,2026-11-09,2026-12-13,RECOMMEND_APPROVE,"",10,0,0,10,true,0.61
SYN006734,ANNUAL,2026-11-09,2026-11-10,RECOMMEND_APPROVE,"",2,0,0,2,true,0.23
SYN007429,ANNUAL,2026-11-09,2026-11-18,DECLINED,BAL-001,7,3,0,4,true,2.8
SYN004307,ANNUAL,2026-11-09,2026-11-15,RECOMMEND_APPROVE,"",6,1,0,5,true,4.72
SYN007366,ANNUAL,2026-11-09,2026-11-15,RECOMMEND_APPROVE,"",4,0,0,4,true,0.49
SYN008997,ANNUAL,2026-11-09,2026-11-13,NEEDS_APPROVAL,ELG-001,5,0,0,5,true,0.39
SYN008508,ANNUAL,2026-11-09,2026-11-27,DECLINED,BAL-001,15,8,0,7,true,5.29
SYN001256,TOIL,2026-11-09,2026-11-15,RECOMMEND_APPROVE,"",4,0,0,4,true,1.37
SYN006771,ANNUAL,2026-11-09,2026-12-06,RECOMMEND_APPROVE,"",4,3,0,1,true,8.75
SYN005432,LONG_SERVICE,2026-11-09,2026-12-06,DECLINED,ELG-003|BAL-001|COV-001,16,0,7,9,true,0.9
SYN002085,ANNUAL,2026-11-09,2026-11-22,RECOMMEND_APPROVE,"",8,4,0,4,true,4.23
SYN000686,ANNUAL,2026-11-09,2026-11-15,RECOMMEND_APPROVE,"",3,0,0,3,true,0.26
SYN003890,ANNUAL,2026-11-09,2026-11-13,RECOMMEND_APPROVE,"",5,0,0,5,true,0.49
SYN003701,LONG_SERVICE,2026-11-09,2026-11-11,RECOMMEND_APPROVE,"",3,0,0,3,true,0.29
SYN008131,PROF_DEV,2026-11-09,2026-11-15,RECOMMEND_APPROVE,"",4,0,0,4,true,0.61
SYN002142,TOIL,2026-11-09,2026-11-11,NEEDS_APPROVAL,ELG-001,2,0,0,2,true,0.59
SYN000086,TOIL,2026-11-09,2026-11-29,RECOMMEND_APPROVE,"",11,2,0,9,true,1.57
SYN004368,ANNUAL,2026-11-09,2026-11-26,RECOMMEND_APPROVE,"",14,11,0,3,true,2.29
SYN009022,ANNUAL,2026-11-09,2026-12-06,DECLINED,ELG-001|BAL-001,16,5,0,11,true,2.12
SYN007447,ANNUAL,2026-11-09,2026-11-20,RECOMMEND_APPROVE,"",8,0,0,8,true,0.66
SYN007071,LONG_SERVICE,2026-11-09,2026-11-22,DECLINED,ELG-003|BAL-001,6,3,0,3,true,1.66
SYN005742,ANNUAL,2026-11-09,2026-11-22,RECOMMEND_APPROVE,"",6,1,0,5,true,2.14
SYN008074,ANNUAL,2026-11-09,2026-11-22,NEEDS_APPROVAL,COV-001,8,0,3,5,true,2.0
SYN000192,ANNUAL,2026-11-09,2026-11-13,RECOMMEND_APPROVE,"",5,0,0,5,true,2.9
SYN007020,ADO,2026-11-09,2026-11-10,RECOMMEND_APPROVE,"",0,0,0,0,false,0.14
SYN004074,ANNUAL,2026-11-09,2026-11-09,NEEDS_APPROVAL,ELG-001,1,0,0,1,false,0.32
SYN006537,TOIL,2026-11-09,2026-11-18,DECLINED,BAL-001|COV-001,8,0,2,6,true,0.42
SYN000270,ANNUAL,2026-11-09,2026-11-22,NEEDS_APPROVAL,COV-002,8,5,0,3,true,5.22
SYN005768,ANNUAL,2026-11-09,2026-11-12,RECOMMEND_APPROVE,"",3,1,0,2,true,1.59
SYN004206,ANNUAL,2026-11-09,2026-11-20,DECLINED,BAL-001|COV-001,10,2,3,5,true,0.67
SYN002637,ANNUAL,2026-11-09,2026-11-13,RECOMMEND_APPROVE,"",5,0,0,5,true,0.38
SYN000520,ANNUAL,2026-11-09,2026-11-22,RECOMMEND_APPROVE,"",8,0,0,8,true,0.7
SYN008600,PROF_DEV,2026-11-09,2026-11-13,RECOMMEND_APPROVE,"",4,1,0,3,true,0.43
SYN002705,LONG_SERVICE,2026-11-09,2027-01-10,DECLINED,BAL-001|NOT-002,18,0,0,18,true,1.26
SYN009122,ANNUAL,2026-11-09,2026-11-15,RECOMMEND_APPROVE,"",1,0,0,1,true,1.96
SYN008679,ANNUAL,2026-11-09,2026-11-16,RECOMMEND_APPROVE,"",6,0,0,6,true,0.74
SYN006409,PROF_DEV,2026-11-09,2026-11-10,RECOMMEND_APPROVE,"",2,0,0,2,true,0.24
SYN002109,ANNUAL,2026-11-09,2026-11-22,NEEDS_APPROVAL,COV-001,6,0,1,5,true,0.71
SYN005078,ADO,2026-11-09,2026-11-10,DECLINED,BAL-001,1,0,0,1,true,0.23
SYN007483,PROF_DEV,2026-11-09,2026-11-10,RECOMMEND_APPROVE,"",2,1,0,1,true,0.57
SYN009136,ANNUAL,2026-11-09,2026-11-22,DECLINED,ELG-002|COV-001,6,0,3,3,true,0.83
SYN006029,ANNUAL,2026-11-09,2026-11-15,RECOMMEND_APPROVE,"",2,0,0,2,false,0.27
SYN003171,ANNUAL,2026-11-09,2026-11-22,RECOMMEND_APPROVE,"",8,2,0,6,true,1.61
SYN000496,ANNUAL,2026-11-09,2026-11-09,NEEDS_APPROVAL,COV-001,1,0,1,0,true,0.2
SYN001179,ANNUAL,2026-11-09,2026-11-20,RECOMMEND_APPROVE,"",10,8,0,2,true,1.06
SYN001891,LONG_SERVICE,2026-11-09,2026-11-15,DECLINED,BAL-001|NOT-002,5,1,0,4,true,1.72
SYN007089,ADO,2026-11-09,2026-11-09,RECOMMEND_APPROVE,"",1,0,0,1,true,0.39
SYN003599,ANNUAL,2026-11-09,2027-01-24,DECLINED,ELG-002|BAL-003,33,0,0,33,true,0.83
SYN001148,ANNUAL,2026-11-09,2026-11-15,RECOMMEND_APPROVE,"",0,0,0,0,false,0.17
SYN000605,ANNUAL,2026-11-09,2026-12-13,DECLINED,BAL-001|COV-001,25,11,6,8,true,2.3
SYN000358,SICK,2026-11-09,2026-11-23,ACCEPTED,BAL-001,11,5,0,6,true,0.86
SYN006371,ANNUAL,2026-11-09,2026-11-13,DECLINED,BAL-001|COV-001,5,0,4,1,true,0.37
SYN002056,ANNUAL,2026-11-09,2026-11-15,RECOMMEND_APPROVE,"",5,0,0,5,true,0.34
SYN000831,UNPAID,2026-11-09,2027-06-25,DECLINED,COV-001,99,0,32,67,true,2.41
SYN008573,PARENTAL,2026-11-09,2027-05-23,NEEDS_APPROVAL,NOT-004,140,0,0,140,true,3.78
SYN005284,ANNUAL,2026-11-09,2026-11-29,RECOMMEND_APPROVE,"",15,11,0,4,true,2.32
SYN005479,TOIL,2026-11-09,2026-11-22,RECOMMEND_APPROVE,"",4,0,0,4,true,1.04
SYN006552,ANNUAL,2026-11-09,2026-11-15,DECLINED,BAL-001,4,0,0,4,true,0.98
SYN009088,LONG_SERVICE,2026-11-09,2026-11-15,DECLINED,ELG-001|ELG-003|BAL-001,5,0,0,5,true,0.56
SYN003842,ADO,2026-11-09,2026-11-15,NEEDS_APPROVAL,REQ-004,5,0,0,5,true,0.98
SYN009157,ANNUAL,2026-11-09,2026-12-06,DECLINED,BAL-001|COV-001,16,3,2,11,true,1.23
SYN009301,PROF_DEV,2026-11-09,2026-11-11,NEEDS_APPROVAL,COV-001,3,0,3,0,true,0.27
SYN008615,ANNUAL,2026-11-09,2026-11-13,RECOMMEND_APPROVE,"",4,0,0,4,true,0.41
SYN009038,ADO,2026-11-09,2026-11-14,DECLINED,REQ-004|BAL-001,4,1,0,3,true,0.99
SYN000337,ANNUAL,2026-11-09,2026-11-22,RECOMMEND_APPROVE,"",10,1,0,9,true,2.76
SYN008369,ADO,2026-11-09,2026-11-15,NEEDS_APPROVAL,REQ-004|COV-001,4,0,1,3,true,0.72
SYN009217,TOIL,2026-11-09,2026-11-15,DECLINED,BAL-001,4,1,0,3,true,2.96
SYN008624,ANNUAL,2026-11-09,2026-11-22,RECOMMEND_APPROVE,"",6,5,0,1,true,6.61
SYN000958,ADO,2026-11-09,2026-11-10,NEEDS_APPROVAL,BAL-003,2,2,0,0,true,1.27
SYN008673,LONG_SERVICE,2026-11-09,2026-11-22,DECLINED,ELG-003|BAL-001|NOT-002,12,1,0,11,true,1.76
SYN009541,ANNUAL,2026-11-09,2026-11-11,RECOMMEND_APPROVE,"",0,0,0,0,false,0.16
SYN001688,ANNUAL,2026-11-09,2026-11-22,RECOMMEND_APPROVE,"",2,1,0,1,true,2.07
SYN005791,LONG_SERVICE,2026-11-09,2026-11-22,DECLINED,ELG-003|BAL-001|NOT-002,2,2,0,0,true,7.19
SYN007834,ANNUAL,2026-11-09,2026-11-15,RECOMMEND_APPROVE,"",2,1,0,1,true,0.57
SYN006846,LONG_SERVICE,2026-11-09,2027-01-14,DECLINED,ELG-003|BAL-001|NOT-002|COV-001,49,0,49,0,true,1.88
SYN006059,ANNUAL,2026-11-09,2026-12-13,DECLINED,BAL-001,5,0,0,5,true,0.84
SYN007079,ANNUAL,2026-11-09,2026-11-22,DECLINED,BAL-001,12,1,0,11,true,1.1
SYN007206,ANNUAL,2026-11-09,2026-11-22,NEEDS_APPROVAL,ELG-001,12,7,0,5,true,17.72
SYN002522,UNPAID,2026-11-09,2027-03-28,DECLINED,ELG-001|COV-001,100,38,57,5,true,12.36
SYN006272,TOIL,2026-11-09,2026-12-06,DECLINED,BAL-001,16,0,0,16,true,2.01
SYN006981,ANNUAL,2026-11-09,2026-11-22,DECLINED,ELG-002,4,2,0,2,true,4.43
SYN001778,ANNUAL,2026-11-09,2026-11-15,NEEDS_APPROVAL,COV-001,5,0,1,4,true,0.58
SYN008356,ADO,2026-11-09,2026-11-11,DECLINED,REQ-004|ELG-001|BAL-001,3,0,0,3,true,0.35
SYN006004,LONG_SERVICE,2026-11-09,2026-11-22,DECLINED,ELG-003|BAL-001|NOT-002,2,2,0,0,true,0.74
SYN000479,ANNUAL,2026-11-09,2026-11-11,NEEDS_APPROVAL,ELG-001,3,1,0,2,true,0.75
SYN005235,LONG_SERVICE,2026-11-09,2026-12-03,DECLINED,ELG-001|ELG-003|BAL-001|NOT-002,22,15,0,7,true,5.59
SYN005833,ANNUAL,2026-11-09,2026-12-13,DECLINED,BAL-001,35,0,0,35,true,1.84
SYN009018,ANNUAL,2026-11-09,2026-11-22,NEEDS_APPROVAL,ELG-001,2,1,0,1,true,0.77
SYN005691,LONG_SERVICE,2026-11-09,2026-11-15,DECLINED,ELG-003|BAL-001|NOT-002,5,1,0,4,true,3.38
SYN001009,ANNUAL,2026-11-09,2026-11-10,RECOMMEND_APPROVE,"",2,0,0,2,true,0.72
SYN002016,ANNUAL,2026-11-09,2026-11-13,NEEDS_APPROVAL,COV-002,5,0,0,5,true,0.42
SYN002720,UNPAID,2026-11-09,2026-11-29,RECOMMEND_APPROVE,"",9,0,0,9,true,0.43
SYN008795,TOIL,2026-11-09,2026-11-15,NEEDS_APPROVAL,ELG-001,5,0,0,5,true,0.64
SYN002222,ANNUAL,2026-11-09,2026-11-29,DECLINED,COV-001,15,0,4,11,true,0.74
SYN004987,ANNUAL,2026-11-09,2026-11-29,NEEDS_APPROVAL,ELG-001,12,3,0,9,true,1.38
SYN001786,ANNUAL,2026-11-09,2026-11-15,RECOMMEND_APPROVE,"",4,0,0,4,true,1.01
SYN006297,ANNUAL,2026-11-09,2026-11-17,NEEDS_APPROVAL,COV-001,6,0,1,5,true,0.35
SYN003644,ANNUAL,2026-11-09,2026-11-29,RECOMMEND_APPROVE,"",16,2,0,14,true,1.14
SYN004109,PROF_DEV,2026-11-09,2026-11-10,RECOMMEND_APPROVE,"",2,0,0,2,true,0.3
SYN000674,UNPAID,2026-11-09,2026-12-11,DECLINED,COV-001,25,1,4,20,true,2.37
SYN006750,SICK,2026-11-09,2026-11-09,ACCEPTED,"",1,0,0,1,true,0.37
SYN004840,ANNUAL,2026-11-09,2026-11-15,NEEDS_APPROVAL,ELG-001,4,2,0,2,true,2.25
SYN003904,LONG_SERVICE,2026-11-09,2026-11-29,NEEDS_APPROVAL,NOT-002,0,0,0,0,false,0.18
SYN003915,TOIL,2026-11-09,2026-11-15,DECLINED,BAL-001,4,0,0,4,true,0.38
SYN004408,ANNUAL,2026-11-09,2026-11-13,NEEDS_APPROVAL,COV-001,5,2,3,0,true,0.5
SYN004041,UNPAID,2026-11-09,2027-01-31,DECLINED,ELG-001|COV-001|COV-002,24,0,19,5,true,1.7
SYN003865,ANNUAL,2026-11-09,2026-11-15,RECOMMEND_APPROVE,"",6,1,0,5,true,1.15
SYN006422,TOIL,2026-11-09,2026-11-15,DECLINED,BAL-001,4,2,0,2,true,6.96
SYN005825,ANNUAL,2026-11-09,2026-11-23,DECLINED,ELG-002|BAL-001,8,4,0,4,true,4.23
SYN002526,ANNUAL,2026-11-09,2026-11-22,NEEDS_APPROVAL,BAL-003|COV-001,6,0,2,4,true,1.62
SYN001468,ANNUAL,2026-11-09,2026-11-09,RECOMMEND_APPROVE,"",1,0,0,1,true,0.4
SYN000348,ANNUAL,2026-11-09,2026-11-15,RECOMMEND_APPROVE,"",3,0,0,3,true,1.0
SYN009225,TOIL,2026-11-09,2026-11-10,RECOMMEND_APPROVE,"",2,0,0,2,false,0.38
SYN003705,ANNUAL,2026-11-09,2026-11-20,NEEDS_APPROVAL,COV-001,10,0,2,8,true,0.38
SYN005254,ANNUAL,2026-11-09,2026-11-29,DECLINED,BAL-001,15,0,0,15,true,1.27
SYN006945,PARENTAL,2026-11-09,2026-11-29,DECLINED,ELG-002|NOT-004,15,0,0,15,true,0.47
SYN004610,ANNUAL,2026-11-09,2026-11-22,DECLINED,BAL-001,8,4,0,4,true,2.71
SYN007830,ANNUAL,2026-11-09,2026-11-20,NEEDS_APPROVAL,COV-001,8,0,3,5,true,0.68
SYN004760,ANNUAL,2026-11-09,2026-11-14,DECLINED,ELG-001|ELG-002|BAL-001,5,0,0,5,true,0.37
SYN007860,ANNUAL,2026-11-09,2026-11-15,RECOMMEND_APPROVE,"",5,0,0,5,true,0.85
SYN007348,ANNUAL,2026-11-09,2026-11-20,RECOMMEND_APPROVE,"",10,3,0,7,true,4.72
SYN000305,PROF_DEV,2026-11-09,2026-11-13,RECOMMEND_APPROVE,"",5,0,0,5,true,0.49
SYN002095,PROF_DEV,2026-11-09,2026-11-10,RECOMMEND_APPROVE,"",2,0,0,2,true,0.57
SYN002681,ANNUAL,2026-11-09,2026-12-06,RECOMMEND_APPROVE,"",20,0,0,20,true,1.25
SYN007436,ANNUAL,2026-11-09,2026-11-15,RECOMMEND_APPROVE,"",6,0,0,6,true,0.59
SYN007547,ANNUAL,2026-11-09,2026-11-15,NEEDS_APPROVAL,ELG-001,3,0,0,3,true,0.41
SYN006116,ANNUAL,2026-11-09,2026-11-09,RECOMMEND_APPROVE,"",1,1,0,0,false,0.91
SYN002743,ANNUAL,2026-11-09,2026-11-28,DECLINED,BAL-001|COV-001,12,4,1,7,true,2.37
SYN007573,ANNUAL,2026-11-09,2026-11-09,RECOMMEND_APPROVE,"",1,0,0,1,true,0.22
SYN000470,ANNUAL,2026-11-09,2026-12-06,RECOMMEND_APPROVE,"",0,0,0,0,false,0.16
SYN001361,LONG_SERVICE,2026-11-09,2026-11-17,DECLINED,ELG-003|BAL-001|NOT-002,4,1,0,3,true,0.71
SYN003221,ANNUAL,2026-11-09,2026-11-29,DECLINED,BAL-001,15,8,0,7,true,5.32
SYN007973,PARENTAL,2026-11-09,2027-02-14,NEEDS_APPROVAL,NOT-004|COV-002,42,11,0,31,true,6.28
SYN005629,ANNUAL,2026-11-09,2026-11-28,NEEDS_APPROVAL,COV-002,12,5,0,7,true,4.96
SYN002299,ANNUAL,2026-11-09,2026-11-20,RECOMMEND_APPROVE,"",2,2,0,0,true,0.97
SYN009294,ANNUAL,2026-11-09,2026-11-22,NEEDS_APPROVAL,ELG-001,10,0,0,10,true,1.17
SYN005059,ANNUAL,2026-11-09,2026-11-15,DECLINED,BAL-001,5,1,0,4,true,1.78
SYN007178,TOIL,2026-11-09,2026-11-22,DECLINED,BAL-001|COV-001,10,0,1,9,true,0.67
SYN002078,ANNUAL,2026-11-09,2026-11-09,RECOMMEND_APPROVE,"",1,1,0,0,true,0.44
SYN005471,UNPAID,2026-11-09,2026-11-13,RECOMMEND_APPROVE,"",5,0,0,5,true,0.33
SYN007236,PROF_DEV,2026-11-09,2026-11-12,RECOMMEND_APPROVE,"",4,0,0,4,true,0.8
SYN009309,ANNUAL,2026-11-09,2026-11-29,DECLINED,BAL-001|COV-001,15,6,3,6,true,2.94
SYN000608,TOIL,2026-11-09,2026-11-22,RECOMMEND_APPROVE,"",10,0,0,10,true,0.39
SYN003085,ANNUAL,2026-11-09,2026-11-16,RECOMMEND_APPROVE,"",6,1,0,5,true,0.47
SYN000894,ANNUAL,2026-11-09,2026-11-22,DECLINED,BAL-001,8,1,0,7,true,1.66
SYN005086,TOIL,2026-11-09,2026-11-09,RECOMMEND_APPROVE,"",1,0,0,1,true,0.53
SYN002795,ANNUAL,2026-11-09,2026-11-15,RECOMMEND_APPROVE,"",4,0,0,4,true,0.41
SYN005054,ANNUAL,2026-11-09,2026-11-22,RECOMMEND_APPROVE,"",2,1,0,1,true,2.18
SYN002134,PROF_DEV,2026-11-09,2026-11-13,DECLINED,ELG-001|BAL-001,4,2,0,2,false,1.88
SYN008981,ANNUAL,2026-11-09,2026-11-09,RECOMMEND_APPROVE,"",1,0,0,1,true,0.38
SYN005692,ANNUAL,2026-11-09,2026-11-23,RECOMMEND_APPROVE,"",3,0,0,3,true,0.24
SYN009155,LONG_SERVICE,2026-11-09,2026-11-09,NEEDS_APPROVAL,NOT-002,1,0,0,1,true,0.27
SYN006751,ANNUAL,2026-11-09,2026-11-22,RECOMMEND_APPROVE,"",8,0,0,8,true,1.04
SYN004256,ANNUAL,2026-11-09,2026-11-22,RECOMMEND_APPROVE,"",10,4,0,6,true,5.22
SYN007080,ANNUAL,2026-11-09,2026-11-09,RECOMMEND_APPROVE,"",1,0,0,1,true,0.31
SYN004511,ANNUAL,2026-11-09,2026-11-29,NEEDS_APPROVAL,ELG-001,6,1,0,5,true,0.98
SYN007293,PROF_DEV,2026-11-09,2026-11-13,DECLINED,BAL-001,5,0,0,5,true,0.52
SYN006017,ANNUAL,2026-11-09,2026-11-30,RECOMMEND_APPROVE,"",6,0,0,6,true,0.57
SYN006644,LONG_SERVICE,2026-11-09,2026-11-10,DECLINED,ELG-003|BAL-001,2,0,0,2,true,0.3
SYN009048,UNPAID,2026-11-09,2027-08-01,NEEDS_APPROVAL,ELG-001,76,0,0,76,true,6.1
SYN004292,TOIL,2026-11-09,2026-12-20,DECLINED,BAL-001,30,0,0,30,true,1.49
SYN008863,ANNUAL,2026-11-09,2026-12-06,DECLINED,BAL-001|COV-001,20,0,4,16,true,0.57
SYN007383,ANNUAL,2026-11-09,2026-11-22,NEEDS_APPROVAL,COV-001,8,0,2,6,true,0.59
SYN001107,ANNUAL,2026-11-09,2026-11-16,RECOMMEND_APPROVE,"",6,0,0,6,true,0.84
SYN002964,ANNUAL,2026-11-09,2026-11-22,NEEDS_APPROVAL,BAL-003,10,4,0,6,true,3.77
SYN005694,TOIL,2026-11-09,2026-11-16,DECLINED,BAL-001,7,0,0,7,true,0.55
SYN006763,ANNUAL,2026-11-09,2027-01-13,DECLINED,BAL-001,28,17,0,11,true,14.14
SYN008237,ANNUAL,2026-11-09,2026-11-15,DECLINED,BAL-001,3,0,0,3,true,0.37
SYN004980,ANNUAL,2026-11-09,2026-12-27,DECLINED,BAL-001,28,7,0,21,true,3.96
SYN003719,ANNUAL,2026-11-09,2026-11-10,RECOMMEND_APPROVE,"",2,0,0,2,true,0.48
SYN001875,TOIL,2026-11-09,2026-11-15,NEEDS_APPROVAL,ELG-001,3,0,0,3,true,0.56
SYN001331,ANNUAL,2026-11-09,2026-11-13,RECOMMEND_APPROVE,"",5,0,0,5,true,0.27
SYN007259,ANNUAL,2026-11-09,2026-11-15,NEEDS_APPROVAL,COV-001,6,0,1,5,true,0.3
SYN002830,ANNUAL,2026-11-09,2026-11-22,RECOMMEND_APPROVE,"",10,4,0,6,true,3.64
SYN005916,ANNUAL,2026-11-09,2026-11-22,RECOMMEND_APPROVE,"",6,2,0,4,true,4.52
SYN000030,ANNUAL,2026-11-09,2026-12-06,DECLINED,BAL-001,20,3,0,17,true,2.15
SYN006831,ANNUAL,2026-11-09,2026-11-13,NEEDS_APPROVAL,COV-001,5,0,1,4,true,0.71
SYN002152,ANNUAL,2026-11-09,2026-11-15,NEEDS_APPROVAL,COV-001,2,0,2,0,true,0.24
SYN008173,ANNUAL,2026-11-09,2026-11-12,RECOMMEND_APPROVE,"",4,0,0,4,true,0.35
SYN005467,ANNUAL,2026-11-09,2026-11-20,NEEDS_APPROVAL,ELG-001,10,10,0,0,true,4.22
SYN006393,ANNUAL,2026-11-09,2026-11-11,RECOMMEND_APPROVE,"",1,0,0,1,true,0.29
SYN003884,ANNUAL,2026-11-09,2026-11-20,RECOMMEND_APPROVE,"",10,10,0,0,true,2.08
SYN000219,ANNUAL,2026-11-09,2026-11-14,RECOMMEND_APPROVE,"",0,0,0,0,false,0.14
SYN005026,PROF_DEV,2026-11-10,2026-11-17,RECOMMEND_APPROVE,"",6,2,0,4,true,0.93
SYN002026,ANNUAL,2026-11-10,2026-11-27,RECOMMEND_APPROVE,"",12,0,0,12,true,0.85
SYN001769,ANNUAL,2026-11-10,2026-11-13,RECOMMEND_APPROVE,"",4,0,0,4,true,0.23
SYN007681,PROF_DEV,2026-11-10,2026-11-10,NEEDS_APPROVAL,COV-001,1,0,1,0,true,0.35
SYN001648,TOIL,2026-11-10,2026-11-22,RECOMMEND_APPROVE,"",10,0,0,10,true,1.36
SYN004097,LONG_SERVICE,2026-11-10,2026-11-23,NEEDS_APPROVAL,COV-001,10,0,2,8,true,1.02
SYN005812,ANNUAL,2026-11-10,2026-11-19,NEEDS_APPROVAL,COV-001,7,0,2,5,true,1.12
SYN007673,ANNUAL,2026-11-10,2026-12-06,DECLINED,BAL-001,7,3,0,4,true,1.55
SYN007633,ANNUAL,2026-11-10,2026-11-23,RECOMMEND_APPROVE,"",10,6,0,4,true,1.56
SYN005217,ANNUAL,2026-11-10,2026-11-14,RECOMMEND_APPROVE,"",4,0,0,4,true,0.36
SYN000252,TOIL,2026-11-10,2026-11-10,RECOMMEND_APPROVE,"",1,0,0,1,false,0.21
SYN004281,ANNUAL,2026-11-10,2026-11-24,RECOMMEND_APPROVE,"",7,5,0,2,true,1.49
SYN006404,PROF_DEV,2026-11-10,2026-11-10,NEEDS_APPROVAL,ELG-001|BAL-003,1,0,0,1,true,0.53
SYN009393,ANNUAL,2026-11-10,2026-11-15,RECOMMEND_APPROVE,"",4,0,0,4,false,0.61
SYN007730,ANNUAL,2026-11-10,2026-11-10,RECOMMEND_APPROVE,"",1,0,0,1,true,0.2
SYN007223,UNPAID,2026-11-10,2026-11-10,RECOMMEND_APPROVE,"",1,0,0,1,true,0.22
SYN006125,PROF_DEV,2026-11-10,2026-11-13,NEEDS_APPROVAL,COV-002,3,1,0,2,true,0.51
SYN002752,PROF_DEV,2026-11-10,2026-11-10,NEEDS_APPROVAL,ELG-001,1,0,0,1,true,0.22
SYN000016,PROF_DEV,2026-11-10,2026-11-10,RECOMMEND_APPROVE,"",1,0,0,1,true,0.18
SYN000147,PROF_DEV,2026-11-10,2026-11-10,NEEDS_APPROVAL,BAL-003,1,0,0,1,true,0.18
SYN006740,LONG_SERVICE,2026-11-10,2026-11-22,DECLINED,BAL-001|NOT-002|COV-001|COV-003,7,4,3,0,true,1.04
SYN004735,SICK,2026-11-10,2026-11-10,ACCEPTED,COV-001,1,0,1,0,true,0.21
SYN001771,PROF_DEV,2026-11-10,2026-11-10,RECOMMEND_APPROVE,"",1,0,0,1,true,0.21
SYN003943,TOIL,2026-11-10,2026-11-13,RECOMMEND_APPROVE,"",4,0,0,4,true,0.64
SYN001254,LONG_SERVICE,2026-11-10,2026-11-11,DECLINED,ELG-003|BAL-001|NOT-002,2,0,0,2,true,0.37
SYN007496,PROF_DEV,2026-11-10,2026-11-13,NEEDS_APPROVAL,COV-001,4,0,4,0,true,0.27
SYN003516,ADO,2026-11-10,2026-11-10,RECOMMEND_APPROVE,"",1,0,0,1,true,0.28
SYN007509,TOIL,2026-11-10,2026-11-11,RECOMMEND_APPROVE,"",0,0,0,0,false,0.11
SYN002401,LONG_SERVICE,2026-11-10,2026-11-10,DECLINED,BAL-001|NOT-002,1,0,0,1,true,0.26
SYN005805,ANNUAL,2026-11-10,2026-11-10,RECOMMEND_APPROVE,"",1,0,0,1,true,0.22
SYN001020,ANNUAL,2026-11-10,2026-11-20,NEEDS_APPROVAL,COV-001,6,2,2,2,true,0.46
SYN006618,ANNUAL,2026-11-10,2026-11-13,NEEDS_APPROVAL,COV-001,4,2,2,0,true,0.57
SYN002677,ANNUAL,2026-11-10,2026-11-10,NEEDS_APPROVAL,COV-001,1,0,1,0,true,0.21
SYN001363,PROF_DEV,2026-11-10,2026-11-10,RECOMMEND_APPROVE,"",1,0,0,1,true,0.22
SYN009441,ANNUAL,2026-11-10,2026-11-10,RECOMMEND_APPROVE,"",0,0,0,0,false,0.1
SYN002646,PROF_DEV,2026-11-10,2026-11-15,RECOMMEND_APPROVE,"",4,0,0,4,true,0.35
SYN000886,ANNUAL,2026-11-10,2026-11-15,RECOMMEND_APPROVE,"",4,0,0,4,true,0.32
SYN008033,PROF_DEV,2026-11-10,2026-11-10,NEEDS_APPROVAL,COV-001|COV-002,1,0,1,0,true,0.25
SYN000355,TOIL,2026-11-10,2026-11-10,RECOMMEND_APPROVE,"",1,0,0,1,true,0.17
SYN006549,PROF_DEV,2026-11-10,2026-11-16,RECOMMEND_APPROVE,"",3,1,0,2,true,0.38
SYN003103,ANNUAL,2026-11-11,2026-11-11,RECOMMEND_APPROVE,"",1,0,0,1,false,0.28
SYN002037,ANNUAL,2026-11-11,2026-11-12,RECOMMEND_APPROVE,"",2,0,0,2,true,0.32
SYN004490,PROF_DEV,2026-11-11,2026-11-11,NEEDS_APPROVAL,BAL-003,1,0,0,1,true,0.23
SYN000091,ADO,2026-11-11,2026-11-11,RECOMMEND_APPROVE,"",1,0,0,1,true,0.23
SYN003247,PROF_DEV,2026-11-11,2026-11-11,NEEDS_APPROVAL,BAL-003,0,0,0,0,false,0.1
SYN007330,ANNUAL,2026-11-11,2026-11-11,NEEDS_APPROVAL,ELG-001,0,0,0,0,false,0.12
SYN002777,PROF_DEV,2026-11-11,2026-11-11,NEEDS_APPROVAL,BAL-003,1,0,0,1,true,0.16
SYN003494,LONG_SERVICE,2026-11-11,2026-11-11,DECLINED,BAL-001,1,0,0,1,true,0.22
SYN002365,LONG_SERVICE,2026-11-11,2026-12-25,DECLINED,BAL-001|NOT-002|COV-001,33,2,12,19,true,1.61
SYN006175,PROF_DEV,2026-11-11,2026-11-12,NEEDS_APPROVAL,COV-002,2,1,0,1,true,0.42
SYN006208,TOIL,2026-11-11,2026-11-14,NEEDS_APPROVAL,ELG-001,2,0,0,2,true,0.55
SYN004692,PROF_DEV,2026-11-11,2026-11-17,RECOMMEND_APPROVE,"",5,1,0,4,true,0.43
SYN008935,ANNUAL,2026-11-11,2026-11-11,RECOMMEND_APPROVE,"",1,0,0,1,true,0.18
SYN003719,ANNUAL,2026-11-11,2026-11-12,RECOMMEND_APPROVE,"",1,0,0,1,true,0.25
SYN004412,ANNUAL,2026-11-11,2026-11-25,DECLINED,BAL-001|COV-002,11,7,0,4,true,5.94
SYN001232,ANNUAL,2026-11-11,2026-12-01,DECLINED,BAL-001|COV-001,15,0,6,9,true,0.5
SYN000823,PROF_DEV,2026-11-11,2026-11-11,RECOMMEND_APPROVE,"",1,0,0,1,true,0.21
SYN003165,ANNUAL,2026-11-11,2026-11-12,NEEDS_APPROVAL,BAL-003,2,0,0,2,true,0.25
SYN000252,ANNUAL,2026-11-11,2026-11-12,RECOMMEND_APPROVE,"",2,0,0,2,false,0.25
SYN003160,ANNUAL,2026-11-11,2026-11-15,NEEDS_APPROVAL,COV-002,3,0,0,3,true,0.28
SYN001654,PROF_DEV,2026-11-11,2026-11-11,NEEDS_APPROVAL,BAL-003,1,0,0,1,true,0.25
SYN009008,PROF_DEV,2026-11-11,2026-11-13,RECOMMEND_APPROVE,"",2,0,0,2,true,0.19
SYN002677,PROF_DEV,2026-11-11,2026-11-13,NEEDS_APPROVAL,BAL-003|COV-001|COV-005,3,0,3,0,true,0.29
SYN006069,PROF_DEV,2026-11-11,2026-11-22,RECOMMEND_APPROVE,"",5,0,0,5,true,0.33
SYN007603,ANNUAL,2026-11-11,2026-11-11,RECOMMEND_APPROVE,"",0,0,0,0,false,0.11
SYN000958,ANNUAL,2026-11-11,2026-11-29,RECOMMEND_APPROVE,"",13,8,0,5,true,4.53
SYN006509,ADO,2026-11-11,2026-11-13,NEEDS_APPROVAL,REQ-004|COV-001,3,0,3,0,true,0.32
SYN000652,PARENTAL,2026-11-11,2027-02-11,NEEDS_APPROVAL,NOT-004,28,14,0,14,true,1.65
SYN000616,UNPAID,2026-11-11,2027-04-25,NEEDS_APPROVAL,ELG-001,72,7,0,65,true,4.61
SYN005379,ANNUAL,2026-11-11,2026-11-16,NEEDS_APPROVAL,COV-001,4,0,1,3,true,0.37
SYN001784,ANNUAL,2026-11-11,2026-11-11,RECOMMEND_APPROVE,"",1,0,0,1,false,0.26
SYN009449,ANNUAL,2026-11-11,2026-11-11,RECOMMEND_APPROVE,"",1,0,0,1,true,0.19
SYN008405,UNPAID,2026-11-11,2026-11-12,RECOMMEND_APPROVE,"",2,0,0,2,false,0.64
SYN007112,UNPAID,2026-11-11,2026-11-11,RECOMMEND_APPROVE,"",1,0,0,1,true,0.2
SYN008788,ANNUAL,2026-11-11,2026-11-11,NEEDS_APPROVAL,COV-001,1,0,1,0,true,0.19
SYN002752,ANNUAL,2026-11-11,2026-11-26,NEEDS_APPROVAL,ELG-001,12,0,0,12,true,0.38
SYN006973,ANNUAL,2026-11-11,2026-11-25,RECOMMEND_APPROVE,"",11,11,0,0,true,4.66
SYN009298,ANNUAL,2026-11-11,2026-11-15,RECOMMEND_APPROVE,"",5,0,0,5,true,0.81
SYN004109,ANNUAL,2026-11-11,2026-11-11,RECOMMEND_APPROVE,"",1,0,0,1,true,0.22
SYN007291,LONG_SERVICE,2026-11-11,2026-11-11,DECLINED,ELG-001|ELG-003|BAL-001,1,0,0,1,true,0.27
SYN007138,ANNUAL,2026-11-11,2026-11-12,RECOMMEND_APPROVE,"",2,1,0,1,true,0.32
SYN000095,ANNUAL,2026-11-11,2026-11-11,RECOMMEND_APPROVE,"",1,0,0,1,true,0.17
SYN001059,ANNUAL,2026-11-11,2026-11-16,RECOMMEND_APPROVE,"",3,0,0,3,true,0.54
SYN000183,ANNUAL,2026-11-11,2026-11-12,RECOMMEND_APPROVE,"",2,0,0,2,true,0.25
SYN007091,PROF_DEV,2026-11-11,2026-11-15,DECLINED,BAL-001,3,2,0,1,true,1.56
SYN007007,ANNUAL,2026-11-11,2026-11-13,RECOMMEND_APPROVE,"",2,0,0,2,true,0.38
SYN007640,TOIL,2026-11-11,2026-11-13,RECOMMEND_APPROVE,"",1,0,0,1,true,0.39
SYN001823,ANNUAL,2026-11-11,2026-11-17,RECOMMEND_APPROVE,"",4,1,0,3,true,0.61
SYN007809,TOIL,2026-11-11,2026-11-11,RECOMMEND_APPROVE,"",1,0,0,1,true,0.19
SYN003456,PROF_DEV,2026-11-11,2026-11-15,RECOMMEND_APPROVE,"",2,2,0,0,true,1.38
SYN008531,ANNUAL,2026-11-11,2026-11-15,RECOMMEND_APPROVE,"",5,1,0,4,true,1.72
SYN003278,PROF_DEV,2026-11-11,2026-11-11,NEEDS_APPROVAL,BAL-003,0,0,0,0,false,0.12
SYN002649,UNPAID,2026-11-11,2026-11-11,RECOMMEND_APPROVE,"",1,0,0,1,true,0.24
SYN005980,ANNUAL,2026-11-12,2026-11-13,DECLINED,ELG-002|COV-001,2,0,2,0,true,0.3
SYN007956,TOIL,2026-11-12,2026-11-12,RECOMMEND_APPROVE,"",1,0,0,1,false,0.22
SYN006734,ANNUAL,2026-11-12,2026-11-13,NEEDS_APPROVAL,COV-001,2,0,2,0,true,0.26
SYN000809,ANNUAL,2026-11-12,2026-11-16,RECOMMEND_APPROVE,"",2,2,0,0,true,0.69
SYN009213,ADO,2026-11-12,2026-11-12,DECLINED,BAL-001,1,0,0,1,true,0.26
SYN005622,PROF_DEV,2026-11-12,2026-11-12,RECOMMEND_APPROVE,"",1,0,0,1,true,0.2
SYN009280,ADO,2026-11-12,2026-11-12,RECOMMEND_APPROVE,"",1,0,0,1,false,0.48
SYN009114,PROF_DEV,2026-11-12,2026-11-12,NEEDS_APPROVAL,ELG-001,0,0,0,0,false,0.13
SYN000344,ANNUAL,2026-11-12,2026-11-26,DECLINED,BAL-001|COV-001,11,0,2,9,true,0.94
SYN009207,ANNUAL,2026-11-12,2026-11-20,NEEDS_APPROVAL,COV-002,6,2,0,4,true,0.58
SYN005787,ADO,2026-11-12,2026-11-16,NEEDS_APPROVAL,REQ-004|BAL-003,3,1,0,2,true,0.84
SYN005693,TOIL,2026-11-12,2026-11-12,RECOMMEND_APPROVE,"",1,1,0,0,true,0.36
SYN008927,ANNUAL,2026-11-12,2026-11-28,DECLINED,BAL-001|COV-001,12,6,4,2,true,1.5
SYN000308,PROF_DEV,2026-11-12,2026-11-12,RECOMMEND_APPROVE,"",1,1,0,0,true,0.34
SYN005513,ANNUAL,2026-11-12,2026-11-16,NEEDS_APPROVAL,COV-001,3,0,2,1,true,0.25
SYN008013,PROF_DEV,2026-11-12,2026-11-12,RECOMMEND_APPROVE,"",1,0,0,1,true,0.62
SYN001410,ANNUAL,2026-11-12,2026-11-21,NEEDS_APPROVAL,COV-001,10,1,2,7,true,0.81
SYN000182,TOIL,2026-11-12,2026-11-12,RECOMMEND_APPROVE,"",1,0,0,1,true,0.55
SYN009000,PROF_DEV,2026-11-12,2026-11-12,NEEDS_APPROVAL,BAL-003,1,0,0,1,true,0.41
SYN008130,TOIL,2026-11-12,2026-11-16,RECOMMEND_APPROVE,"",3,0,0,3,true,0.44
SYN003775,ADO,2026-11-12,2026-11-12,RECOMMEND_APPROVE,"",1,0,0,1,true,0.29
SYN003646,PROF_DEV,2026-11-12,2026-11-12,RECOMMEND_APPROVE,"",1,0,0,1,true,0.17
SYN009388,PROF_DEV,2026-11-12,2026-11-12,DECLINED,ELG-002|BAL-003,1,0,0,1,true,0.21
SYN001655,ANNUAL,2026-11-12,2026-11-22,DECLINED,BAL-001|COV-001,9,0,1,8,true,0.65
SYN003062,SICK,2026-11-12,2026-11-12,ACCEPTED,"",1,0,0,1,true,0.21
SYN003578,ADO,2026-11-12,2026-11-13,DECLINED,BAL-001,2,0,0,2,true,0.27
SYN007084,LONG_SERVICE,2026-11-12,2026-12-20,DECLINED,ELG-003|BAL-001|NOT-002,22,10,0,12,true,3.14
SYN007182,PROF_DEV,2026-11-12,2026-11-12,DECLINED,BAL-001,1,0,0,1,false,0.24
SYN009263,ANNUAL,2026-11-12,2026-11-13,RECOMMEND_APPROVE,"",1,0,0,1,true,0.59
SYN001353,ANNUAL,2026-11-12,2026-12-11,DECLINED,BAL-001,26,0,0,26,true,1.37
SYN002828,ANNUAL,2026-11-12,2026-11-12,RECOMMEND_APPROVE,"",1,0,0,1,true,0.5
SYN003191,ANNUAL,2026-11-12,2026-11-15,RECOMMEND_APPROVE,"",2,0,0,2,true,0.19
SYN001323,PROF_DEV,2026-11-12,2026-11-15,RECOMMEND_APPROVE,"",2,0,0,2,true,0.22
SYN003761,PROF_DEV,2026-11-12,2026-11-12,NEEDS_APPROVAL,COV-001,1,0,1,0,true,0.19
SYN000479,UNPAID,2026-11-12,2026-11-13,NEEDS_APPROVAL,ELG-001,2,0,0,2,true,0.38
SYN002682,ANNUAL,2026-11-12,2026-11-12,NEEDS_APPROVAL,ELG-001,1,0,0,1,true,0.47
SYN002158,ANNUAL,2026-11-12,2026-11-13,NEEDS_APPROVAL,COV-001,2,0,1,1,true,0.37
SYN002461,ANNUAL,2026-11-12,2026-11-13,NEEDS_APPROVAL,COV-001,2,0,2,0,true,0.21
SYN001569,ANNUAL,2026-11-12,2026-11-16,RECOMMEND_APPROVE,"",3,3,0,0,true,1.07
SYN006147,ANNUAL,2026-11-12,2026-11-15,RECOMMEND_APPROVE,"",2,0,0,2,false,0.46
SYN005272,TOIL,2026-11-12,2026-11-15,DECLINED,BAL-001,4,1,0,3,true,3.49
SYN008837,ANNUAL,2026-11-12,2026-11-20,NEEDS_APPROVAL,ELG-001,7,4,0,3,true,1.55
SYN003579,PROF_DEV,2026-11-13,2026-11-13,RECOMMEND_APPROVE,"",1,0,0,1,true,0.17
SYN002076,PROF_DEV,2026-11-13,2026-11-13,RECOMMEND_APPROVE,"",0,0,0,0,false,0.11
SYN003346,LONG_SERVICE,2026-11-13,2026-11-13,NEEDS_APPROVAL,NOT-002,0,0,0,0,false,0.13
SYN004690,PROF_DEV,2026-11-13,2026-11-13,DECLINED,ELG-002|BAL-003,1,0,0,1,true,0.19
SYN001357,LONG_SERVICE,2026-11-13,2026-11-16,NEEDS_APPROVAL,NOT-002,2,0,0,2,true,0.21
SYN000596,ANNUAL,2026-11-13,2026-11-13,RECOMMEND_APPROVE,"",1,0,0,1,true,0.36
SYN004326,UNPAID,2026-11-13,2026-11-13,RECOMMEND_APPROVE,"",1,0,0,1,false,0.3
SYN004470,ANNUAL,2026-11-13,2026-11-17,RECOMMEND_APPROVE,"",2,1,0,1,true,0.28
SYN001397,ANNUAL,2026-11-13,2026-11-16,NEEDS_APPROVAL,COV-001,2,0,1,1,true,0.29
SYN008482,PROF_DEV,2026-11-13,2026-11-13,NEEDS_APPROVAL,BAL-003,1,0,0,1,true,0.22
SYN008374,PROF_DEV,2026-11-13,2026-11-13,NEEDS_APPROVAL,ELG-001,1,0,0,1,true,0.2
SYN009213,ADO,2026-11-13,2026-11-13,DECLINED,BAL-001,1,0,0,1,true,0.42
SYN006864,ANNUAL,2026-11-13,2026-11-13,RECOMMEND_APPROVE,"",1,1,0,0,true,0.49
SYN005638,ANNUAL,2026-11-13,2026-12-03,DECLINED,COV-001,12,0,6,6,true,0.48
SYN009143,LONG_SERVICE,2026-11-13,2026-11-13,DECLINED,ELG-003|BAL-001|NOT-002,1,0,0,1,true,0.4
SYN001637,ANNUAL,2026-11-13,2026-11-16,NEEDS_APPROVAL,ELG-001,1,0,0,1,true,0.3
SYN008521,PROF_DEV,2026-11-13,2026-11-13,NEEDS_APPROVAL,BAL-003,0,0,0,0,false,0.14
SYN006752,ANNUAL,2026-11-13,2026-11-13,RECOMMEND_APPROVE,"",0,0,0,0,false,0.11
SYN003695,ANNUAL,2026-11-13,2026-11-17,RECOMMEND_APPROVE,"",3,0,0,3,true,0.7
SYN004916,ANNUAL,2026-11-13,2026-11-16,RECOMMEND_APPROVE,"",2,1,0,1,true,0.99
SYN008173,ANNUAL,2026-11-13,2026-11-13,RECOMMEND_APPROVE,"",1,0,0,1,true,0.23
SYN003607,PROF_DEV,2026-11-13,2026-11-15,RECOMMEND_APPROVE,"",1,0,0,1,true,0.21
SYN004112,LONG_SERVICE,2026-11-13,2026-11-13,DECLINED,BAL-001|NOT-002,1,0,0,1,false,0.23
SYN003261,TOIL,2026-11-13,2026-11-13,RECOMMEND_APPROVE,"",1,0,0,1,true,0.36
SYN004998,LONG_SERVICE,2026-11-13,2026-11-13,NEEDS_APPROVAL,NOT-002,1,1,0,0,true,0.43
SYN006488,ANNUAL,2026-11-13,2026-11-13,RECOMMEND_APPROVE,"",1,0,0,1,true,0.76
SYN008733,TOIL,2026-11-13,2026-11-13,RECOMMEND_APPROVE,"",1,0,0,1,true,0.27
SYN002344,ANNUAL,2026-11-13,2026-11-20,NEEDS_APPROVAL,COV-001,6,0,1,5,true,0.32
SYN007236,ANNUAL,2026-11-13,2026-11-13,RECOMMEND_APPROVE,"",1,0,0,1,true,0.28
SYN003908,UNPAID,2026-11-13,2026-11-13,RECOMMEND_APPROVE,"",1,0,0,1,true,0.17
SYN008433,ANNUAL,2026-11-13,2026-11-22,RECOMMEND_APPROVE,"",4,0,0,4,true,0.34
SYN008028,ANNUAL,2026-11-13,2026-11-16,RECOMMEND_APPROVE,"",2,0,0,2,true,0.22
SYN008168,ANNUAL,2026-11-13,2026-11-20,DECLINED,BAL-001,7,0,0,7,true,0.34
SYN004774,ANNUAL,2026-11-13,2026-11-13,RECOMMEND_APPROVE,"",1,0,0,1,true,0.16
SYN007809,TOIL,2026-11-13,2026-11-13,RECOMMEND_APPROVE,"",1,0,0,1,true,0.17
SYN003662,ANNUAL,2026-11-13,2026-11-15,RECOMMEND_APPROVE,"",1,0,0,1,true,0.26
SYN007603,ANNUAL,2026-11-13,2026-11-13,RECOMMEND_APPROVE,"",1,0,0,1,true,0.32
SYN001415,ANNUAL,2026-11-13,2026-11-16,RECOMMEND_APPROVE,"",1,0,0,1,true,0.19
SYN006637,PROF_DEV,2026-11-13,2026-11-13,NEEDS_APPROVAL,BAL-003,1,0,0,1,true,0.18
SYN008764,ANNUAL,2026-11-13,2026-11-13,NEEDS_APPROVAL,COV-001,1,0,1,0,true,0.22
SYN000684,PROF_DEV,2026-11-13,2026-11-15,DECLINED,BAL-001,1,0,0,1,true,0.21
SYN002004,PROF_DEV,2026-11-13,2026-11-13,RECOMMEND_APPROVE,"",1,0,0,1,true,0.22
SYN003646,PROF_DEV,2026-11-13,2026-11-13,RECOMMEND_APPROVE,"",1,0,0,1,true,0.16
SYN004503,ANNUAL,2026-11-14,2026-11-18,RECOMMEND_APPROVE,"",3,2,0,1,true,1.48
SYN006917,ANNUAL,2026-11-14,2026-11-30,RECOMMEND_APPROVE,"",17,0,0,17,true,0.79
SYN008374,ANNUAL,2026-11-14,2026-11-29,NEEDS_APPROVAL,ELG-001,10,0,0,10,true,0.38
SYN000105,ADO,2026-11-14,2026-11-14,RECOMMEND_APPROVE,"",1,0,0,1,true,0.25
SYN004535,ANNUAL,2026-11-14,2026-11-29,DECLINED,BAL-001|COV-001,10,0,10,0,true,0.71
SYN009426,PROF_DEV,2026-11-14,2026-12-06,DECLINED,COV-001,15,0,6,9,true,0.62
SYN000002,TOIL,2026-11-14,2026-11-14,RECOMMEND_APPROVE,"",0,0,0,0,false,0.12
SYN001034,TOIL,2026-11-14,2026-11-17,RECOMMEND_APPROVE,"",2,1,0,1,true,0.43
SYN008396,ANNUAL,2026-11-14,2026-12-15,DECLINED,COV-001,14,7,4,3,true,1.84
SYN008202,ANNUAL,2026-11-14,2026-11-17,NEEDS_APPROVAL,ELG-001,2,2,0,0,true,0.72
SYN007143,ANNUAL,2026-11-14,2026-12-13,RECOMMEND_APPROVE,"",8,4,0,4,true,5.38
SYN004856,ANNUAL,2026-11-14,2026-11-27,DECLINED,BAL-001,12,1,0,11,true,2.13
SYN003943,ANNUAL,2026-11-14,2026-11-15,RECOMMEND_APPROVE,"",0,0,0,0,false,0.13
SYN002305,TOIL,2026-11-14,2026-11-14,RECOMMEND_APPROVE,"",0,0,0,0,false,0.11
SYN003340,ANNUAL,2026-11-14,2026-11-16,RECOMMEND_APPROVE,"",1,0,0,1,true,0.26
SYN000239,ANNUAL,2026-11-14,2026-11-16,RECOMMEND_APPROVE,"",0,0,0,0,false,0.11
SYN001452,PROF_DEV,2026-11-14,2026-11-29,DECLINED,BAL-001|COV-003,10,10,0,0,true,1.26
SYN001022,ANNUAL,2026-11-14,2026-11-14,RECOMMEND_APPROVE,"",1,0,0,1,true,0.42
SYN003903,LONG_SERVICE,2026-11-14,2026-11-14,DECLINED,BAL-001,1,0,0,1,true,0.25
SYN003483,TOIL,2026-11-14,2026-11-14,RECOMMEND_APPROVE,"",1,0,0,1,true,0.28
SYN002961,ANNUAL,2026-11-14,2026-11-22,RECOMMEND_APPROVE,"",9,3,0,6,true,3.26
SYN000775,ANNUAL,2026-11-14,2026-11-28,DECLINED,BAL-001,7,1,0,6,true,0.81
SYN001696,ANNUAL,2026-11-14,2026-11-14,NEEDS_APPROVAL,ELG-001,0,0,0,0,false,0.14
SYN001238,ANNUAL,2026-11-15,2026-11-15,RECOMMEND_APPROVE,"",1,1,0,0,true,0.47
SYN002037,ANNUAL,2026-11-15,2026-11-15,RECOMMEND_APPROVE,"",1,1,0,0,true,0.68
SYN008428,ANNUAL,2026-11-15,2026-11-22,RECOMMEND_APPROVE,"",3,1,0,2,true,0.54
SYN003669,ANNUAL,2026-11-15,2026-11-22,NEEDS_APPROVAL,COV-001|COV-002,2,0,2,0,true,0.32
SYN004057,ANNUAL,2026-11-15,2026-11-16,RECOMMEND_APPROVE,"",0,0,0,0,false,0.14
SYN004872,ANNUAL,2026-11-15,2026-11-15,RECOMMEND_APPROVE,"",1,0,0,1,true,0.29
SYN004241,ANNUAL,2026-11-15,2026-11-17,RECOMMEND_APPROVE,"",1,0,0,1,true,0.36
SYN002338,ADO,2026-11-16,2026-11-19,DECLINED,REQ-004|BAL-001,3,2,0,1,true,3.0
SYN008429,PROF_DEV,2026-11-16,2026-11-19,RECOMMEND_APPROVE,"",4,2,0,2,true,0.49
SYN002724,TOIL,2026-11-16,2026-11-16,NEEDS_APPROVAL,ELG-001,0,0,0,0,false,0.14
SYN009367,ANNUAL,2026-11-16,2026-12-27,DECLINED,BAL-001,18,12,0,6,true,2.1
SYN004109,ANNUAL,2026-11-16,2026-11-28,RECOMMEND_APPROVE,"",10,0,0,10,true,0.49
SYN008997,PROF_DEV,2026-11-16,2026-11-17,NEEDS_APPROVAL,ELG-001,2,0,0,2,true,0.22
SYN006815,ANNUAL,2026-11-16,2026-11-22,RECOMMEND_APPROVE,"",4,3,0,1,true,4.29
SYN000171,ADO,2026-11-16,2026-11-20,NEEDS_APPROVAL,REQ-004,3,1,0,2,true,0.68
SYN008498,ANNUAL,2026-11-16,2026-11-19,NEEDS_APPROVAL,COV-001,3,0,2,1,true,0.28
SYN001546,UNPAID,2026-11-16,2027-11-12,NEEDS_APPROVAL,ELG-001|COV-002,208,0,0,208,true,14.23
SYN001112,ANNUAL,2026-11-16,2026-12-06,DECLINED,COV-001,15,10,5,0,true,1.72
SYN008980,ANNUAL,2026-11-16,2026-11-18,NEEDS_APPROVAL,ELG-001|COV-001,3,0,3,0,true,0.31
SYN009092,ANNUAL,2026-11-16,2026-12-06,DECLINED,BAL-001|COV-001,15,0,11,4,true,0.63
SYN001067,TOIL,2026-11-16,2026-11-22,RECOMMEND_APPROVE,"",1,0,0,1,true,0.44
SYN006077,ANNUAL,2026-11-16,2026-11-29,RECOMMEND_APPROVE,"",6,6,0,0,true,8.44
SYN001778,LONG_SERVICE,2026-11-16,2026-11-22,DECLINED,BAL-001|COV-001,5,0,1,4,true,0.47
SYN006875,TOIL,2026-11-16,2026-11-29,DECLINED,BAL-001,6,6,0,0,true,9.52
SYN005400,ANNUAL,2026-11-16,2026-11-20,NEEDS_APPROVAL,ELG-001|COV-001,5,0,5,0,true,0.46
SYN005696,ANNUAL,2026-11-16,2026-11-29,DECLINED,BAL-001,10,6,0,4,true,1.01
SYN006649,TOIL,2026-11-16,2026-11-20,DECLINED,BAL-001,5,0,0,5,true,0.33
SYN007661,ANNUAL,2026-11-16,2026-12-13,DECLINED,BAL-001,8,0,0,8,true,0.42
SYN006275,ANNUAL,2026-11-16,2026-11-22,RECOMMEND_APPROVE,"",4,2,0,2,true,2.65
SYN001525,ANNUAL,2026-11-16,2026-11-27,NEEDS_APPROVAL,COV-001,8,2,4,2,true,0.5
SYN003384,ANNUAL,2026-11-16,2026-11-29,DECLINED,ELG-001|BAL-001,8,2,0,6,true,1.28
SYN002551,LONG_SERVICE,2026-11-16,2026-12-10,DECLINED,BAL-001|NOT-002|COV-001,4,0,4,0,true,0.4
SYN003561,ANNUAL,2026-11-16,2026-11-22,RECOMMEND_APPROVE,"",5,4,0,1,true,3.9
SYN007788,LONG_SERVICE,2026-11-16,2026-11-22,DECLINED,ELG-003|BAL-001,5,0,0,5,true,0.44
SYN001479,ANNUAL,2026-11-16,2026-11-29,RECOMMEND_APPROVE,"",8,4,0,4,true,2.77
SYN006438,PROF_DEV,2026-11-16,2026-11-16,NEEDS_APPROVAL,BAL-003,1,0,0,1,true,0.19
SYN006838,ANNUAL,2026-11-16,2026-11-16,RECOMMEND_APPROVE,"",1,0,0,1,true,0.18
SYN007809,ANNUAL,2026-11-16,2026-12-20,DECLINED,BAL-001|COV-001,20,0,5,15,true,0.98
SYN005127,ANNUAL,2026-11-16,2026-11-29,RECOMMEND_APPROVE,"",10,2,0,8,true,2.35
SYN002677,ANNUAL,2026-11-16,2026-11-16,RECOMMEND_APPROVE,"",1,0,0,1,true,0.22
SYN002305,ANNUAL,2026-11-16,2026-11-29,RECOMMEND_APPROVE,"",8,4,0,4,true,1.36
SYN000736,PARENTAL,2026-11-16,2027-05-30,NEEDS_APPROVAL,ELG-001|NOT-004,140,2,0,138,true,5.31
SYN000634,LONG_SERVICE,2026-11-16,2026-12-24,DECLINED,BAL-001|NOT-002,23,8,0,15,true,3.61
SYN007342,TOIL,2026-11-16,2026-11-29,RECOMMEND_APPROVE,"",6,0,0,6,true,0.39
SYN003115,ANNUAL,2026-11-16,2026-11-21,NEEDS_APPROVAL,COV-001,5,2,2,1,true,0.55
SYN005088,ANNUAL,2026-11-16,2026-11-26,RECOMMEND_APPROVE,"",8,2,0,6,true,1.29
SYN006900,TOIL,2026-11-16,2026-11-27,DECLINED,ELG-001|BAL-001,10,4,0,6,true,5.62
SYN002481,ANNUAL,2026-11-16,2026-12-01,DECLINED,BAL-001,12,0,0,12,true,0.4
SYN007340,ANNUAL,2026-11-16,2026-11-22,RECOMMEND_APPROVE,"",2,2,0,0,true,4.81
SYN007328,UNPAID,2026-11-16,2026-11-16,RECOMMEND_APPROVE,"",0,0,0,0,false,0.12
SYN007080,ANNUAL,2026-11-16,2026-11-16,NEEDS_APPROVAL,COV-001,1,0,1,0,true,0.26
SYN002646,PROF_DEV,2026-11-16,2026-11-22,RECOMMEND_APPROVE,"",5,0,0,5,true,0.37
SYN003711,ANNUAL,2026-11-16,2026-11-25,NEEDS_APPROVAL,COV-001,6,0,2,4,true,0.65
SYN003943,ANNUAL,2026-11-16,2026-11-29,DECLINED,BAL-001,10,0,0,10,true,0.86
SYN005418,TOIL,2026-11-16,2026-11-22,DECLINED,BAL-001,4,4,0,0,true,3.43
SYN006664,UNPAID,2026-11-16,2027-05-16,NEEDS_APPROVAL,ELG-001,130,103,0,27,true,48.08
SYN001878,ANNUAL,2026-11-16,2026-12-06,DECLINED,COV-001,15,0,8,7,true,1.03
SYN004862,ANNUAL,2026-11-16,2026-12-13,DECLINED,BAL-001,16,8,0,8,true,20.69
SYN002134,ANNUAL,2026-11-16,2026-11-20,NEEDS_APPROVAL,ELG-001|COV-001,4,2,1,1,true,0.59
SYN008481,ANNUAL,2026-11-16,2026-12-03,RECOMMEND_APPROVE,"",8,5,0,3,true,4.99
SYN006460,ANNUAL,2026-11-16,2026-11-16,RECOMMEND_APPROVE,"",1,1,0,0,true,0.59
SYN009216,ANNUAL,2026-11-16,2026-12-06,NEEDS_APPROVAL,ELG-001,6,0,0,6,true,0.71
SYN001458,TOIL,2026-11-16,2026-11-16,RECOMMEND_APPROVE,"",1,0,0,1,true,0.24
SYN001704,ANNUAL,2026-11-16,2026-11-22,RECOMMEND_APPROVE,"",6,1,0,5,true,0.57
SYN009564,ANNUAL,2026-11-16,2026-11-29,RECOMMEND_APPROVE,"",6,2,0,4,true,0.89
SYN009314,ADO,2026-11-16,2026-11-16,RECOMMEND_APPROVE,"",1,0,0,1,true,0.34
SYN001663,UNPAID,2026-11-16,2027-05-02,DECLINED,COV-001|COV-003,96,38,5,53,true,11.96
SYN007075,ANNUAL,2026-11-16,2026-11-22,RECOMMEND_APPROVE,"",6,4,0,2,true,10.66
SYN008208,ANNUAL,2026-11-16,2026-11-22,DECLINED,ELG-001|ELG-002|COV-001,5,2,3,0,true,0.62
SYN009079,ADO,2026-11-16,2026-12-01,DECLINED,REQ-004|BAL-001,12,12,0,0,true,19.88
SYN002637,TOIL,2026-11-16,2026-11-16,NEEDS_APPROVAL,COV-001,1,0,1,0,true,0.31
SYN002988,PROF_DEV,2026-11-16,2026-11-20,RECOMMEND_APPROVE,"",5,1,0,4,true,0.46
SYN006116,ANNUAL,2026-11-16,2026-11-16,RECOMMEND_APPROVE,"",1,1,0,0,true,0.26
SYN004615,TOIL,2026-11-16,2026-11-27,DECLINED,BAL-001|COV-003,6,5,0,1,true,1.04
SYN006918,ANNUAL,2026-11-16,2026-11-30,RECOMMEND_APPROVE,"",0,0,0,0,false,0.14
SYN003217,TOIL,2026-11-16,2026-11-29,DECLINED,BAL-001,8,4,0,4,true,6.54
SYN005317,ADO,2026-11-16,2026-11-29,DECLINED,REQ-004|ELG-002|BAL-001,10,0,0,10,true,0.63
SYN009155,LONG_SERVICE,2026-11-16,2026-11-16,RECOMMEND_APPROVE,"",1,0,0,1,true,0.29
SYN005607,ANNUAL,2026-11-16,2026-11-22,RECOMMEND_APPROVE,"",4,1,0,3,true,3.68
SYN007860,ANNUAL,2026-11-16,2026-11-29,RECOMMEND_APPROVE,"",10,2,0,8,true,2.59
SYN006734,ANNUAL,2026-11-16,2026-11-17,RECOMMEND_APPROVE,"",2,0,0,2,true,0.37
SYN008230,TOIL,2026-11-16,2026-11-23,DECLINED,BAL-001,2,0,0,2,true,0.44
SYN008593,ANNUAL,2026-11-16,2026-11-22,NEEDS_APPROVAL,COV-001,5,0,1,4,true,0.33
SYN003830,LONG_SERVICE,2026-11-16,2026-11-29,DECLINED,BAL-001,8,4,0,4,true,6.61
SYN004225,PROF_DEV,2026-11-16,2026-11-16,NEEDS_APPROVAL,ELG-001,1,0,0,1,true,0.23
SYN005861,TOIL,2026-11-16,2026-11-16,NEEDS_APPROVAL,ELG-001,0,0,0,0,false,0.13
SYN007992,LONG_SERVICE,2026-11-16,2026-11-22,DECLINED,BAL-001,5,1,0,4,true,0.53
SYN005178,ANNUAL,2026-11-16,2026-12-06,DECLINED,BAL-001,6,0,0,6,true,0.47
SYN008902,ANNUAL,2026-11-16,2026-11-26,DECLINED,ELG-001|BAL-001,7,0,0,7,true,0.71
SYN006174,TOIL,2026-11-16,2026-11-17,RECOMMEND_APPROVE,"",2,1,0,1,true,2.8
SYN000221,PROF_DEV,2026-11-16,2026-11-20,RECOMMEND_APPROVE,"",0,0,0,0,false,0.12
SYN007110,ANNUAL,2026-11-16,2026-12-13,DECLINED,BAL-001,20,8,0,12,true,12.73
SYN001997,UNPAID,2026-11-16,2027-11-16,DECLINED,COV-001,262,0,158,104,true,6.67
SYN000479,ANNUAL,2026-11-16,2026-11-18,NEEDS_APPROVAL,ELG-001,3,1,0,2,true,0.84
SYN008694,ADO,2026-11-16,2026-11-16,NEEDS_APPROVAL,BAL-003,1,1,0,0,true,0.86
SYN002184,ANNUAL,2026-11-16,2026-12-20,DECLINED,BAL-001|COV-001,20,3,12,5,true,0.88
SYN009450,ADO,2026-11-16,2026-11-22,NEEDS_APPROVAL,REQ-004|COV-001,5,0,1,4,true,0.63
SYN006518,ANNUAL,2026-11-16,2026-11-20,NEEDS_APPROVAL,COV-001,3,0,3,0,true,0.28
SYN002224,ANNUAL,2026-11-16,2026-11-22,DECLINED,BAL-001|COV-001,5,0,1,4,true,0.38
SYN007916,ANNUAL,2026-11-16,2026-11-16,RECOMMEND_APPROVE,"",1,0,0,1,true,0.18
SYN004052,ANNUAL,2026-11-16,2026-11-20,NEEDS_APPROVAL,COV-001,5,3,2,0,true,0.75
SYN004671,ANNUAL,2026-11-16,2026-11-22,RECOMMEND_APPROVE,"",2,0,0,2,true,0.39
SYN006064,ANNUAL,2026-11-16,2026-11-29,DECLINED,BAL-001,10,2,0,8,true,2.23
SYN004998,LONG_SERVICE,2026-11-16,2026-11-27,DECLINED,BAL-001|COV-001,10,2,2,6,true,0.77
SYN004180,ANNUAL,2026-11-16,2026-11-25,NEEDS_APPROVAL,ELG-001,5,5,0,0,true,1.18
SYN006016,ANNUAL,2026-11-16,2026-11-19,NEEDS_APPROVAL,COV-001,3,2,1,0,true,0.46
SYN002767,ANNUAL,2026-11-16,2026-11-29,DECLINED,BAL-001|COV-003,10,10,0,0,true,1.94
SYN002785,ANNUAL,2026-11-16,2026-11-22,RECOMMEND_APPROVE,"",6,1,0,5,true,1.13
SYN002045,ANNUAL,2026-11-16,2026-11-22,NEEDS_APPROVAL,ELG-001|COV-001,5,0,2,3,true,1.03
SYN003094,ADO,2026-11-16,2026-11-29,DECLINED,REQ-004|BAL-001|COV-002,10,4,0,6,true,4.31
SYN007310,ANNUAL,2026-11-16,2026-11-16,RECOMMEND_APPROVE,"",1,0,0,1,true,0.3
SYN008592,UNPAID,2026-11-16,2026-11-16,RECOMMEND_APPROVE,"",1,1,0,0,true,0.87
SYN001987,TOIL,2026-11-16,2026-11-19,RECOMMEND_APPROVE,"",3,3,0,0,true,1.86
SYN006040,PROF_DEV,2026-11-16,2026-11-18,RECOMMEND_APPROVE,"",3,0,0,3,true,0.29
SYN007069,UNPAID,2026-11-16,2027-05-02,DECLINED,COV-001,120,7,11,102,true,11.64
SYN006128,ADO,2026-11-16,2026-11-29,NEEDS_APPROVAL,REQ-004,10,3,0,7,true,9.42
SYN008306,ANNUAL,2026-11-16,2026-12-27,RECOMMEND_APPROVE,"",24,10,0,14,true,10.7
SYN006391,ANNUAL,2026-11-16,2026-11-24,NEEDS_APPROVAL,COV-001,4,2,2,0,true,0.49
SYN007255,LONG_SERVICE,2026-11-16,2026-11-29,DECLINED,ELG-003|BAL-001,4,0,0,4,true,0.37
SYN002732,ANNUAL,2026-11-16,2026-11-29,DECLINED,BAL-001|COV-001,8,6,2,0,true,3.67
SYN000771,ANNUAL,2026-11-16,2026-11-17,RECOMMEND_APPROVE,"",2,1,0,1,true,0.62
SYN002280,PROF_DEV,2026-11-16,2026-11-27,RECOMMEND_APPROVE,"",10,8,0,2,true,1.3
SYN003582,ANNUAL,2026-11-16,2027-01-10,NEEDS_APPROVAL,ELG-001,8,8,0,0,true,2.5
SYN007016,ANNUAL,2026-11-16,2026-11-20,RECOMMEND_APPROVE,"",5,5,0,0,true,3.19
SYN001661,ANNUAL,2026-11-16,2026-11-27,NEEDS_APPROVAL,COV-001,8,0,6,2,true,0.43
SYN005990,ANNUAL,2026-11-16,2026-11-29,RECOMMEND_APPROVE,"",10,8,0,2,true,7.82
SYN004226,ANNUAL,2026-11-16,2026-12-27,DECLINED,BAL-001,18,0,0,18,true,1.1
SYN000212,ANNUAL,2026-11-16,2026-11-26,NEEDS_APPROVAL,COV-001,5,0,1,4,true,0.33
SYN008173,ANNUAL,2026-11-16,2026-11-20,RECOMMEND_APPROVE,"",5,2,0,3,true,0.51
SYN004702,ANNUAL,2026-11-16,2026-11-25,RECOMMEND_APPROVE,"",4,0,0,4,true,0.74
SYN001879,ANNUAL,2026-11-16,2026-12-06,DECLINED,BAL-001,9,0,0,9,true,0.96
SYN008364,ANNUAL,2026-11-16,2026-11-20,NEEDS_APPROVAL,ELG-001|COV-001,4,0,1,3,true,0.39
SYN001763,ANNUAL,2026-11-16,2026-12-06,DECLINED,COV-001,9,0,2,7,true,0.37
SYN001238,LONG_SERVICE,2026-11-16,2026-11-29,DECLINED,BAL-001|NOT-002,8,8,0,0,true,1.95
SYN009053,ANNUAL,2026-11-16,2026-11-20,RECOMMEND_APPROVE,"",3,0,0,3,true,0.31
SYN007608,ANNUAL,2026-11-16,2026-11-22,NEEDS_APPROVAL,COV-001|COV-002,5,0,5,0,true,0.5
SYN008131,ANNUAL,2026-11-16,2026-11-22,RECOMMEND_APPROVE,"",4,0,0,4,true,0.48
SYN007236,ANNUAL,2026-11-16,2026-11-20,NEEDS_APPROVAL,COV-001,5,0,1,4,true,0.46
SYN000705,ANNUAL,2026-11-16,2026-11-26,RECOMMEND_APPROVE,"",8,2,0,6,true,1.06
SYN008770,LONG_SERVICE,2026-11-16,2026-11-29,DECLINED,ELG-001|ELG-003|BAL-001,6,6,0,0,true,18.09
SYN004607,ANNUAL,2026-11-16,2026-12-04,DECLINED,COV-001,15,0,3,12,true,0.72
SYN005224,ANNUAL,2026-11-16,2026-11-21,RECOMMEND_APPROVE,"",5,5,0,0,true,5.17
SYN000069,ANNUAL,2026-11-16,2026-11-22,RECOMMEND_APPROVE,"",3,2,0,1,true,1.96
SYN003440,ANNUAL,2026-11-16,2026-11-22,RECOMMEND_APPROVE,"",4,4,0,0,true,10.88
SYN005755,ANNUAL,2026-11-16,2026-11-29,RECOMMEND_APPROVE,"",10,2,0,8,true,5.73
SYN003721,LONG_SERVICE,2026-11-16,2026-11-18,DECLINED,BAL-001,2,0,0,2,true,0.3
SYN004358,ANNUAL,2026-11-16,2027-01-03,DECLINED,ELG-001|BAL-001,42,30,0,12,true,22.01
SYN003846,PARENTAL,2026-11-16,2027-05-30,DECLINED,ELG-001|NOT-004|COV-001,84,0,28,56,true,4.35
SYN004642,ANNUAL,2026-11-16,2026-12-13,DECLINED,ELG-002|BAL-001,12,0,0,12,true,0.94
SYN001986,ANNUAL,2026-11-16,2026-11-29,DECLINED,BAL-001,8,2,0,6,true,1.01
SYN005646,ANNUAL,2026-11-16,2026-11-20,NEEDS_APPROVAL,COV-001,5,4,1,0,true,0.81
SYN002091,ANNUAL,2026-11-16,2026-11-22,RECOMMEND_APPROVE,"",4,0,0,4,true,0.38
SYN004567,PARENTAL,2026-11-16,2027-05-30,NEEDS_APPROVAL,NOT-004|COV-002,140,110,0,30,true,161.23
SYN005553,ANNUAL,2026-11-16,2026-11-29,DECLINED,BAL-001,8,4,0,4,true,1.3
SYN003743,TOIL,2026-11-16,2026-11-18,RECOMMEND_APPROVE,"",3,2,0,1,true,0.54
SYN004087,ANNUAL,2026-11-16,2026-11-22,RECOMMEND_APPROVE,"",5,0,0,5,true,0.32
SYN001277,LONG_SERVICE,2026-11-16,2026-11-26,DECLINED,ELG-003|BAL-001|NOT-002,9,0,0,9,true,0.5
SYN000557,ANNUAL,2026-11-16,2026-11-26,NEEDS_APPROVAL,COV-001,9,0,4,5,true,0.81
SYN007825,ANNUAL,2026-11-16,2026-11-29,DECLINED,BAL-001|COV-001,8,0,1,7,true,0.67
SYN002490,ANNUAL,2026-11-16,2026-12-06,DECLINED,ELG-001|BAL-001,12,6,0,6,true,9.62
SYN004222,TOIL,2026-11-16,2026-11-22,DECLINED,BAL-001,5,0,0,5,true,0.62
SYN007104,LONG_SERVICE,2026-11-16,2026-11-29,NEEDS_APPROVAL,COV-001|COV-002,12,0,8,4,true,0.76
SYN000238,ANNUAL,2026-11-16,2026-12-04,DECLINED,BAL-001|COV-001,15,3,1,11,true,0.99
SYN002759,ANNUAL,2026-11-16,2026-11-29,DECLINED,BAL-001|COV-001,6,0,2,4,true,0.66
SYN007293,ANNUAL,2026-11-16,2026-11-20,NEEDS_APPROVAL,COV-001,5,0,3,2,true,0.63
SYN000752,ANNUAL,2026-11-16,2026-12-13,DECLINED,BAL-001,8,0,0,8,true,0.37
SYN001727,ANNUAL,2026-11-16,2026-12-13,DECLINED,BAL-001|COV-002,16,4,0,12,true,1.85
SYN004063,LONG_SERVICE,2026-11-16,2026-12-20,DECLINED,ELG-001|BAL-001,15,5,0,10,true,3.23
SYN003457,ANNUAL,2026-11-16,2026-11-29,RECOMMEND_APPROVE,"",4,0,0,4,true,0.38
SYN000681,PROF_DEV,2026-11-16,2026-11-20,NEEDS_APPROVAL,COV-001,5,1,2,2,true,0.58
SYN001667,ANNUAL,2026-11-16,2026-11-29,RECOMMEND_APPROVE,"",8,0,0,8,true,0.88
SYN007971,LONG_SERVICE,2026-11-16,2026-11-22,DECLINED,ELG-003|BAL-001,4,2,0,2,true,3.91
SYN008324,ANNUAL,2026-11-16,2026-11-23,RECOMMEND_APPROVE,"",6,6,0,0,true,6.81
SYN007952,ANNUAL,2026-11-16,2026-11-18,RECOMMEND_APPROVE,"",3,1,0,2,true,1.72
SYN002272,LONG_SERVICE,2026-11-16,2026-11-29,DECLINED,BAL-001,8,4,0,4,true,11.19
SYN008237,ANNUAL,2026-11-16,2026-11-22,DECLINED,BAL-001,3,0,0,3,true,0.37
SYN007259,ANNUAL,2026-11-16,2026-11-20,NEEDS_APPROVAL,COV-001,5,0,1,4,true,0.29
SYN009222,ANNUAL,2026-11-16,2026-11-23,RECOMMEND_APPROVE,"",5,2,0,3,true,8.02
SYN003630,LONG_SERVICE,2026-11-16,2026-11-24,NEEDS_APPROVAL,ELG-001,4,0,0,4,true,0.36
SYN000091,LONG_SERVICE,2026-11-16,2026-11-29,DECLINED,ELG-003|BAL-001,8,0,0,8,true,0.68
SYN004874,ANNUAL,2026-11-16,2026-12-06,DECLINED,BAL-001,15,14,0,1,true,4.95
SYN005846,ANNUAL,2026-11-16,2026-11-29,DECLINED,BAL-001,8,6,0,2,true,1.62
SYN004705,ANNUAL,2026-11-16,2026-11-27,DECLINED,BAL-001|COV-002,10,5,0,5,true,3.96
SYN006570,ANNUAL,2026-11-16,2026-12-06,RECOMMEND_APPROVE,"",6,0,0,6,true,0.36
SYN001022,PROF_DEV,2026-11-16,2026-11-16,NEEDS_APPROVAL,BAL-003,1,0,0,1,true,0.59
SYN004778,ANNUAL,2026-11-16,2026-11-27,RECOMMEND_APPROVE,"",10,3,0,7,true,1.61
SYN004015,ANNUAL,2026-11-16,2026-12-27,DECLINED,BAL-001,30,15,0,15,true,25.01
SYN000251,ANNUAL,2026-11-16,2026-11-26,DECLINED,BAL-001,9,9,0,0,true,17.51
SYN001708,ANNUAL,2026-11-16,2026-11-19,NEEDS_APPROVAL,COV-001,4,0,3,1,true,0.34
SYN006268,ANNUAL,2026-11-16,2026-11-26,RECOMMEND_APPROVE,"",8,7,0,1,true,2.15
SYN003358,ANNUAL,2026-11-16,2026-11-17,RECOMMEND_APPROVE,"",1,1,0,0,true,0.72
SYN008291,ANNUAL,2026-11-16,2026-11-29,RECOMMEND_APPROVE,"",4,0,0,4,true,0.3
SYN007560,TOIL,2026-11-16,2026-11-22,DECLINED,BAL-001|COV-001,4,0,1,3,true,0.44
SYN009455,TOIL,2026-11-16,2026-11-29,RECOMMEND_APPROVE,"",8,3,0,5,true,7.15
SYN005382,ANNUAL,2026-11-16,2026-11-20,RECOMMEND_APPROVE,"",5,0,0,5,true,0.31
SYN001006,LONG_SERVICE,2026-11-16,2026-11-27,NEEDS_APPROVAL,ELG-001|NOT-002,8,8,0,0,true,3.4
SYN002672,ANNUAL,2026-11-16,2026-12-07,DECLINED,ELG-001|COV-001,3,0,1,2,true,0.32
SYN008948,PROF_DEV,2026-11-16,2026-11-22,NEEDS_APPROVAL,ELG-001,5,1,0,4,true,1.05
SYN007292,ANNUAL,2026-11-16,2026-11-22,RECOMMEND_APPROVE,"",5,5,0,0,true,3.21
SYN009015,ADO,2026-11-16,2026-11-20,NEEDS_APPROVAL,REQ-004|ELG-001|COV-001,4,0,2,2,true,0.32
SYN005811,ANNUAL,2026-11-16,2026-11-29,RECOMMEND_APPROVE,"",6,0,0,6,true,0.54
SYN006301,ANNUAL,2026-11-16,2026-11-27,NEEDS_APPROVAL,ELG-001,10,0,0,10,true,0.64
SYN005706,ANNUAL,2026-11-16,2026-11-29,NEEDS_APPROVAL,ELG-001|COV-001,10,0,4,6,true,1.1
SYN005966,ANNUAL,2026-11-16,2026-11-29,DECLINED,BAL-001,6,3,0,3,true,4.89
SYN005320,LONG_SERVICE,2026-11-16,2026-11-29,RECOMMEND_APPROVE,"",10,2,0,8,true,0.51
SYN003719,ANNUAL,2026-11-16,2026-11-18,RECOMMEND_APPROVE,"",3,3,0,0,true,0.66
SYN005331,ANNUAL,2026-11-16,2026-11-22,RECOMMEND_APPROVE,"",2,2,0,0,true,1.03
SYN002744,ANNUAL,2026-11-16,2026-12-03,DECLINED,BAL-001|COV-001,11,2,6,3,true,0.93
SYN001233,ANNUAL,2026-11-16,2026-11-27,RECOMMEND_APPROVE,"",10,6,0,4,true,0.93
SYN002152,ANNUAL,2026-11-16,2026-11-16,NEEDS_APPROVAL,COV-001,1,0,1,0,true,0.19
SYN001105,ANNUAL,2026-11-16,2026-11-22,RECOMMEND_APPROVE,"",4,1,0,3,true,1.03
SYN003372,ANNUAL,2026-11-16,2026-11-29,DECLINED,ELG-001|BAL-001,10,0,0,10,true,0.61
SYN003198,ANNUAL,2026-11-16,2026-12-06,DECLINED,COV-001,9,0,6,3,true,1.55
SYN005631,PROF_DEV,2026-11-16,2026-11-20,DECLINED,BAL-001|COV-002,5,5,0,0,true,1.09
SYN007436,ANNUAL,2026-11-16,2026-11-22,RECOMMEND_APPROVE,"",6,0,0,6,true,0.47
SYN006618,ANNUAL,2026-11-16,2026-11-20,NEEDS_APPROVAL,COV-001,5,3,2,0,true,0.69
SYN006250,ANNUAL,2026-11-16,2026-12-13,RECOMMEND_APPROVE,"",0,0,0,0,false,0.16
SYN005449,ADO,2026-11-17,2026-11-17,RECOMMEND_APPROVE,"",1,0,0,1,true,0.35
SYN006358,PROF_DEV,2026-11-17,2026-11-17,NEEDS_APPROVAL,BAL-003|COV-001,1,0,1,0,true,0.43
SYN009240,ANNUAL,2026-11-17,2026-11-17,RECOMMEND_APPROVE,"",1,1,0,0,true,1.17
SYN004964,PROF_DEV,2026-11-17,2026-11-17,NEEDS_APPROVAL,BAL-003,1,0,0,1,true,0.23
SYN007730,ANNUAL,2026-11-17,2026-11-17,NEEDS_APPROVAL,ELG-001,1,1,0,0,true,0.26
SYN005307,ANNUAL,2026-11-17,2026-12-02,DECLINED,COV-001,12,0,12,0,true,0.51
SYN003560,ANNUAL,2026-11-17,2026-12-11,DECLINED,COV-001,12,0,8,4,true,0.74
SYN000355,ANNUAL,2026-11-17,2026-11-17,RECOMMEND_APPROVE,"",1,0,0,1,true,0.19
SYN004680,PROF_DEV,2026-11-17,2026-11-17,NEEDS_APPROVAL,BAL-003,0,0,0,0,false,0.11
SYN001775,PROF_DEV,2026-11-17,2026-11-17,RECOMMEND_APPROVE,"",1,0,0,1,true,0.21
SYN004819,ANNUAL,2026-11-17,2026-12-02,DECLINED,ELG-002|BAL-001|COV-001,12,0,2,10,true,0.43
SYN008658,ANNUAL,2026-11-17,2026-11-25,NEEDS_APPROVAL,COV-001,7,0,1,6,true,0.37
SYN001195,ANNUAL,2026-11-17,2026-11-22,RECOMMEND_APPROVE,"",2,0,0,2,true,0.33
SYN007182,PROF_DEV,2026-11-17,2026-11-17,DECLINED,BAL-001|COV-001,1,0,1,0,true,0.24
SYN004138,PROF_DEV,2026-11-17,2026-11-17,RECOMMEND_APPROVE,"",1,1,0,0,true,0.37
SYN006436,ANNUAL,2026-11-17,2026-11-18,RECOMMEND_APPROVE,"",2,2,0,0,true,0.48
SYN001841,ANNUAL,2026-11-17,2026-11-17,RECOMMEND_APPROVE,"",1,1,0,0,true,0.55
SYN000835,UNPAID,2026-11-17,2026-11-17,RECOMMEND_APPROVE,"",1,1,0,0,true,0.78
SYN000834,ADO,2026-11-17,2026-11-17,RECOMMEND_APPROVE,"",1,0,0,1,true,0.2
SYN007827,PROF_DEV,2026-11-17,2026-11-17,NEEDS_APPROVAL,BAL-003|COV-005,1,0,0,1,true,0.21
SYN006549,LONG_SERVICE,2026-11-17,2026-11-20,DECLINED,ELG-003,2,1,0,1,true,0.37
SYN000016,PROF_DEV,2026-11-17,2026-11-17,RECOMMEND_APPROVE,"",1,0,0,1,true,0.18
SYN007267,ANNUAL,2026-11-17,2026-12-10,NEEDS_APPROVAL,ELG-001,18,0,0,18,true,0.94
SYN001921,ANNUAL,2026-11-17,2026-11-19,RECOMMEND_APPROVE,"",2,0,0,2,true,0.23
SYN003099,ANNUAL,2026-11-17,2026-11-20,RECOMMEND_APPROVE,"",4,1,0,3,true,0.79
SYN000812,ANNUAL,2026-11-17,2026-11-20,RECOMMEND_APPROVE,"",4,1,0,3,true,0.43
SYN004225,PROF_DEV,2026-11-17,2026-11-17,NEEDS_APPROVAL,ELG-001,1,0,0,1,true,0.28
SYN005909,ANNUAL,2026-11-17,2026-11-26,NEEDS_APPROVAL,COV-001,6,2,4,0,true,0.54
SYN007686,ANNUAL,2026-11-17,2026-11-17,RECOMMEND_APPROVE,"",1,0,0,1,true,0.18
SYN008563,ANNUAL,2026-11-17,2026-11-18,RECOMMEND_APPROVE,"",2,2,0,0,true,0.31
SYN000183,ANNUAL,2026-11-17,2026-11-17,RECOMMEND_APPROVE,"",0,0,0,0,false,0.1
SYN003167,UNPAID,2026-11-17,2026-11-19,RECOMMEND_APPROVE,"",3,2,0,1,true,1.63
SYN000486,TOIL,2026-11-17,2026-11-19,RECOMMEND_APPROVE,"",3,1,0,2,true,1.41
SYN009255,ANNUAL,2026-11-18,2026-11-18,RECOMMEND_APPROVE,"",0,0,0,0,false,0.13
SYN004437,PROF_DEV,2026-11-18,2026-11-18,RECOMMEND_APPROVE,"",1,0,0,1,true,0.18
SYN006509,ADO,2026-11-18,2026-11-20,NEEDS_APPROVAL,REQ-004|COV-001,3,0,3,0,true,0.3
SYN000823,PROF_DEV,2026-11-18,2026-11-18,RECOMMEND_APPROVE,"",1,0,0,1,true,0.21
SYN003253,ANNUAL,2026-11-18,2026-12-03,DECLINED,COV-001,6,4,2,0,true,1.6
SYN007982,UNPAID,2026-11-18,2026-11-22,RECOMMEND_APPROVE,"",3,1,0,2,true,3.42
SYN000961,PROF_DEV,2026-11-18,2026-11-22,RECOMMEND_APPROVE,"",1,0,0,1,true,0.21
SYN008880,PROF_DEV,2026-11-18,2026-11-20,NEEDS_APPROVAL,COV-001,3,1,2,0,true,0.58
SYN003076,SICK,2026-11-18,2026-11-18,ACCEPTED,"",1,1,0,0,true,0.52
SYN007741,ANNUAL,2026-11-18,2026-11-20,NEEDS_APPROVAL,ELG-001|COV-001,3,0,3,0,true,0.26
SYN006870,ANNUAL,2026-11-18,2026-11-18,RECOMMEND_APPROVE,"",1,0,0,1,true,0.17
SYN008997,PROF_DEV,2026-11-18,2026-11-19,NEEDS_APPROVAL,ELG-001,2,0,0,2,true,0.27
SYN007680,ANNUAL,2026-11-18,2026-11-25,RECOMMEND_APPROVE,"",7,6,0,1,true,9.78
SYN009391,ANNUAL,2026-11-18,2026-11-27,DECLINED,BAL-001,8,6,0,2,true,1.18
SYN004728,TOIL,2026-11-18,2026-11-19,RECOMMEND_APPROVE,"",2,0,0,2,true,0.47
SYN007862,TOIL,2026-11-18,2026-11-18,RECOMMEND_APPROVE,"",1,0,0,1,true,0.31
SYN001784,ANNUAL,2026-11-18,2026-11-20,RECOMMEND_APPROVE,"",3,1,0,2,true,0.78
SYN008127,TOIL,2026-11-18,2026-11-19,RECOMMEND_APPROVE,"",0,0,0,0,false,0.13
SYN001802,PROF_DEV,2026-11-18,2026-11-22,RECOMMEND_APPROVE,"",2,0,0,2,true,0.24
SYN003570,PROF_DEV,2026-11-18,2026-12-07,DECLINED,COV-001,6,3,3,0,true,0.6
SYN004074,ANNUAL,2026-11-18,2026-11-18,NEEDS_APPROVAL,ELG-001,1,1,0,0,true,0.97
SYN006885,SICK,2026-11-18,2026-11-18,ACCEPTED,"",1,0,0,1,true,0.22
SYN003118,ANNUAL,2026-11-18,2026-11-25,RECOMMEND_APPROVE,"",3,2,0,1,true,1.19
SYN001363,LONG_SERVICE,2026-11-18,2026-11-18,DECLINED,ELG-003|BAL-001|NOT-002,1,0,0,1,true,0.3
SYN003666,ANNUAL,2026-11-18,2026-11-19,NEEDS_APPROVAL,COV-001,2,0,1,1,true,0.26
SYN003413,PROF_DEV,2026-11-18,2026-11-19,RECOMMEND_APPROVE,"",1,0,0,1,true,0.2
SYN000590,PROF_DEV,2026-11-18,2026-11-27,NEEDS_APPROVAL,ELG-001,8,0,0,8,true,0.32
SYN008531,ANNUAL,2026-11-18,2026-11-27,RECOMMEND_APPROVE,"",10,1,0,9,true,1.47
SYN003143,UNPAID,2026-11-18,2026-11-19,RECOMMEND_APPROVE,"",0,0,0,0,false,0.07
SYN007622,ANNUAL,2026-11-18,2026-12-05,DECLINED,BAL-001,12,0,0,12,true,0.62
SYN000806,TOIL,2026-11-18,2026-11-23,RECOMMEND_APPROVE,"",2,0,0,2,true,0.36
SYN007138,ANNUAL,2026-11-18,2026-11-19,RECOMMEND_APPROVE,"",2,1,0,1,true,0.19
SYN007545,UNPAID,2026-11-18,2026-11-18,RECOMMEND_APPROVE,"",1,0,0,1,true,0.1
SYN004470,PROF_DEV,2026-11-18,2026-11-20,DECLINED,BAL-001,2,0,0,2,true,0.14
SYN009175,ANNUAL,2026-11-18,2026-11-27,DECLINED,ELG-002,8,5,0,3,true,1.03
SYN007463,LONG_SERVICE,2026-11-18,2026-11-18,DECLINED,ELG-003|BAL-001,1,1,0,0,true,0.54
SYN007223,ADO,2026-11-19,2026-11-22,DECLINED,REQ-004|BAL-001,3,0,0,3,true,0.21
SYN000479,UNPAID,2026-11-19,2026-11-20,NEEDS_APPROVAL,ELG-001,2,1,0,1,true,0.29
SYN002402,ANNUAL,2026-11-19,2026-12-08,DECLINED,BAL-001,11,8,0,3,true,6.86
SYN000964,PROF_DEV,2026-11-19,2026-11-20,NEEDS_APPROVAL,BAL-003,0,0,0,0,false,0.1
SYN004752,TOIL,2026-11-19,2026-11-20,DECLINED,BAL-001,1,0,0,1,true,0.16
SYN001267,PROF_DEV,2026-11-19,2026-11-20,RECOMMEND_APPROVE,"",2,0,0,2,true,0.22
SYN003726,ANNUAL,2026-11-19,2026-12-03,DECLINED,COV-001,11,6,1,4,true,0.78
SYN000796,ANNUAL,2026-11-19,2026-11-20,RECOMMEND_APPROVE,"",2,0,0,2,true,0.12
SYN001911,ANNUAL,2026-11-19,2026-11-30,RECOMMEND_APPROVE,"",4,2,0,2,true,0.34
SYN007116,LONG_SERVICE,2026-11-19,2026-11-20,DECLINED,ELG-003|BAL-001,1,0,0,1,true,0.17
SYN002870,ANNUAL,2026-11-19,2026-11-27,RECOMMEND_APPROVE,"",7,2,0,5,true,0.29
SYN002116,ANNUAL,2026-11-19,2026-12-04,DECLINED,COV-001,12,0,2,10,true,0.28
SYN004129,ANNUAL,2026-11-19,2026-11-19,RECOMMEND_APPROVE,"",1,0,0,1,true,0.14
SYN008241,PROF_DEV,2026-11-19,2026-11-19,NEEDS_APPROVAL,BAL-003,1,1,0,0,true,0.8
SYN005022,PROF_DEV,2026-11-19,2026-11-22,RECOMMEND_APPROVE,"",1,1,0,0,true,0.31
SYN002414,PROF_DEV,2026-11-19,2026-11-20,RECOMMEND_APPROVE,"",2,0,0,2,true,0.16
SYN004137,ANNUAL,2026-11-19,2026-11-22,RECOMMEND_APPROVE,"",2,2,0,0,true,1.22
SYN006537,ANNUAL,2026-11-19,2026-11-22,RECOMMEND_APPROVE,"",2,0,0,2,true,0.14
SYN009338,ANNUAL,2026-11-19,2026-11-19,RECOMMEND_APPROVE,"",1,0,0,1,true,0.16
SYN005734,ADO,2026-11-19,2026-12-05,DECLINED,REQ-004|BAL-001,6,0,0,6,true,0.27
SYN009388,ADO,2026-11-19,2026-11-20,RECOMMEND_APPROVE,"",2,2,0,0,true,1.18
SYN007956,TOIL,2026-11-19,2026-11-19,RECOMMEND_APPROVE,"",1,1,0,0,true,0.65
SYN008979,UNPAID,2026-11-19,2026-11-19,RECOMMEND_APPROVE,"",1,0,0,1,true,0.15
SYN005258,ANNUAL,2026-11-19,2026-11-20,RECOMMEND_APPROVE,"",2,1,0,1,true,0.84
SYN001595,ANNUAL,2026-11-19,2026-11-20,NEEDS_APPROVAL,COV-001,2,0,1,1,true,0.12
SYN007055,ANNUAL,2026-11-19,2026-11-19,NEEDS_APPROVAL,COV-002,1,1,0,0,true,0.65
SYN006794,PROF_DEV,2026-11-19,2026-11-19,NEEDS_APPROVAL,BAL-003,1,1,0,0,true,0.34
SYN005445,ANNUAL,2026-11-19,2026-11-20,NEEDS_APPROVAL,COV-001,2,0,1,1,true,0.17
SYN003238,ANNUAL,2026-11-19,2026-11-28,NEEDS_APPROVAL,COV-001,7,0,7,0,true,0.21
SYN002880,ADO,2026-11-19,2026-11-19,RECOMMEND_APPROVE,"",1,0,0,1,true,0.11
SYN003345,PROF_DEV,2026-11-19,2026-11-20,NEEDS_APPROVAL,BAL-003,2,0,0,2,true,0.12
SYN001366,TOIL,2026-11-19,2026-11-25,RECOMMEND_APPROVE,"",5,0,0,5,true,0.32
SYN005062,ANNUAL,2026-11-19,2027-01-03,RECOMMEND_APPROVE,"",26,13,0,13,true,7.49
SYN004894,ANNUAL,2026-11-19,2026-11-24,RECOMMEND_APPROVE,"",2,2,0,0,true,1.01
SYN003506,PROF_DEV,2026-11-19,2026-11-19,NEEDS_APPROVAL,COV-001,1,0,1,0,true,0.23
SYN003458,ANNUAL,2026-11-19,2026-11-29,RECOMMEND_APPROVE,"",7,3,0,4,true,0.86
SYN005610,PROF_DEV,2026-11-19,2026-11-20,NEEDS_APPROVAL,BAL-003,2,2,0,0,true,1.74
SYN001694,UNPAID,2026-11-19,2027-04-22,RECOMMEND_APPROVE,"",111,52,0,59,true,84.79
SYN003404,PROF_DEV,2026-11-19,2026-11-19,NEEDS_APPROVAL,BAL-003,1,1,0,0,true,0.53
SYN002063,PROF_DEV,2026-11-19,2026-11-19,NEEDS_APPROVAL,COV-002,1,1,0,0,true,0.5
SYN000451,ANNUAL,2026-11-19,2026-11-22,RECOMMEND_APPROVE,"",2,2,0,0,true,2.4
SYN001684,ANNUAL,2026-11-19,2026-11-19,NEEDS_APPROVAL,COV-001,1,0,1,0,true,0.28
SYN003797,ANNUAL,2026-11-19,2026-11-23,NEEDS_APPROVAL,COV-001,3,0,1,2,true,0.37
SYN008038,PROF_DEV,2026-11-19,2026-11-24,RECOMMEND_APPROVE,"",5,2,0,3,true,1.08
SYN003662,ANNUAL,2026-11-19,2026-11-20,RECOMMEND_APPROVE,"",2,1,0,1,true,0.99
SYN008142,ADO,2026-11-19,2026-11-25,NEEDS_APPROVAL,REQ-004|ELG-001|BAL-003|COV-001,5,0,5,0,true,0.69
SYN009155,ANNUAL,2026-11-19,2026-11-19,RECOMMEND_APPROVE,"",1,1,0,0,true,0.8
SYN006734,ANNUAL,2026-11-19,2026-11-19,NEEDS_APPROVAL,COV-001,1,0,1,0,true,0.23
SYN001891,PROF_DEV,2026-11-19,2026-11-19,NEEDS_APPROVAL,BAL-003,0,0,0,0,false,0.11
SYN008980,ANNUAL,2026-11-20,2026-12-04,DECLINED,ELG-001|COV-001,9,0,6,3,true,0.68
SYN008154,ANNUAL,2026-11-20,2026-11-27,NEEDS_APPROVAL,COV-001,6,0,2,4,true,0.32
SYN004021,PROF_DEV,2026-11-20,2026-11-20,RECOMMEND_APPROVE,"",1,1,0,0,true,0.47
SYN007376,ANNUAL,2026-11-20,2026-11-20,RECOMMEND_APPROVE,"",1,0,0,1,true,0.22
SYN002154,PROF_DEV,2026-11-20,2026-11-22,RECOMMEND_APPROVE,"",3,1,0,2,true,1.2
SYN007144,ANNUAL,2026-11-20,2026-11-26,RECOMMEND_APPROVE,"",6,0,0,6,true,0.37
SYN002794,ADO,2026-11-20,2026-11-22,NEEDS_APPROVAL,REQ-004,3,1,0,2,true,1.33
SYN004045,ANNUAL,2026-11-20,2026-11-20,RECOMMEND_APPROVE,"",1,0,0,1,true,0.22
SYN003346,LONG_SERVICE,2026-11-20,2026-11-20,RECOMMEND_APPROVE,"",0,0,0,0,false,0.11
SYN006814,PROF_DEV,2026-11-20,2026-11-20,NEEDS_APPROVAL,BAL-003,1,0,0,1,true,0.17
SYN008578,ANNUAL,2026-11-20,2026-11-20,RECOMMEND_APPROVE,"",1,0,0,1,true,0.25
SYN009353,LONG_SERVICE,2026-11-20,2026-11-24,DECLINED,ELG-003|BAL-001,5,3,0,2,true,3.01
SYN003124,ANNUAL,2026-11-20,2026-11-26,RECOMMEND_APPROVE,"",5,4,0,1,true,0.89
SYN008389,LONG_SERVICE,2026-11-20,2026-11-20,DECLINED,ELG-003|BAL-001,1,0,0,1,true,0.32
SYN006647,PROF_DEV,2026-11-20,2026-11-26,NEEDS_APPROVAL,COV-001,4,0,1,3,true,0.29
SYN005107,TOIL,2026-11-20,2026-11-20,RECOMMEND_APPROVE,"",0,0,0,0,false,0.11
SYN009143,LONG_SERVICE,2026-11-20,2026-11-20,DECLINED,ELG-003|BAL-001|NOT-002,1,1,0,0,true,0.38
SYN009295,LONG_SERVICE,2026-11-20,2026-11-20,DECLINED,ELG-003|BAL-001,1,0,0,1,true,0.25
SYN008498,TOIL,2026-11-20,2026-11-25,DECLINED,BAL-001|COV-001,3,0,2,1,true,0.31
SYN004574,ANNUAL,2026-11-20,2026-11-24,RECOMMEND_APPROVE,"",3,0,0,3,true,0.66
SYN005953,ANNUAL,2026-11-20,2026-11-20,RECOMMEND_APPROVE,"",1,1,0,0,true,1.23
SYN007380,PROF_DEV,2026-11-20,2026-11-25,NEEDS_APPROVAL,ELG-001,3,0,0,3,true,0.28
SYN002772,ANNUAL,2026-11-20,2026-11-22,RECOMMEND_APPROVE,"",1,1,0,0,true,1.96
SYN000953,PROF_DEV,2026-11-20,2026-11-20,NEEDS_APPROVAL,BAL-003|COV-001,1,0,1,0,true,0.27
SYN009338,ANNUAL,2026-11-20,2026-11-25,RECOMMEND_APPROVE,"",4,0,0,4,true,0.43
SYN009244,ANNUAL,2026-11-20,2026-11-26,NEEDS_APPROVAL,ELG-001|COV-001,5,0,3,2,true,0.61
SYN004420,ADO,2026-11-20,2026-11-20,NEEDS_APPROVAL,ELG-001,1,1,0,0,true,0.47
SYN000140,ADO,2026-11-20,2026-11-20,NEEDS_APPROVAL,ELG-001,1,1,0,0,true,0.47
SYN000625,ANNUAL,2026-11-20,2026-12-07,RECOMMEND_APPROVE,"",12,5,0,7,true,1.41
SYN008454,ANNUAL,2026-11-20,2026-11-20,NEEDS_APPROVAL,COV-001,1,0,1,0,true,0.21
SYN005812,ANNUAL,2026-11-20,2026-11-29,NEEDS_APPROVAL,COV-001,5,0,3,2,true,0.79
SYN007438,PROF_DEV,2026-11-20,2026-11-20,RECOMMEND_APPROVE,"",1,1,0,0,true,1.68
SYN009531,ANNUAL,2026-11-20,2026-11-26,NEEDS_APPROVAL,COV-002,4,4,0,0,true,1.33
SYN007239,ANNUAL,2026-11-20,2026-11-20,RECOMMEND_APPROVE,"",1,0,0,1,true,0.26
SYN000036,PROF_DEV,2026-11-20,2026-11-20,NEEDS_APPROVAL,BAL-003,0,0,0,0,false,0.1
SYN009000,PROF_DEV,2026-11-20,2026-11-20,NEEDS_APPROVAL,BAL-003,1,0,0,1,true,0.35
SYN003396,ANNUAL,2026-11-20,2026-11-30,DECLINED,BAL-001,10,0,0,10,true,0.63
SYN006937,PROF_DEV,2026-11-20,2026-11-20,NEEDS_APPROVAL,ELG-001|BAL-003,0,0,0,0,false,0.13
SYN000648,PROF_DEV,2026-11-20,2026-11-20,RECOMMEND_APPROVE,"",1,0,0,1,true,0.18
SYN003854,PROF_DEV,2026-11-20,2026-11-20,RECOMMEND_APPROVE,"",1,1,0,0,true,0.43
SYN003886,ADO,2026-11-20,2026-11-22,DECLINED,REQ-004|BAL-001,3,1,0,2,true,1.3
SYN004390,ANNUAL,2026-11-20,2026-12-21,RECOMMEND_APPROVE,"",14,0,0,14,true,0.59
SYN002076,PROF_DEV,2026-11-20,2026-11-23,RECOMMEND_APPROVE,"",0,0,0,0,false,0.12
SYN005999,PROF_DEV,2026-11-20,2026-11-20,NEEDS_APPROVAL,BAL-003,1,0,0,1,true,0.22
SYN005548,ANNUAL,2026-11-20,2026-12-10,RECOMMEND_APPROVE,"",15,2,0,13,true,1.94
SYN007399,ADO,2026-11-20,2026-11-20,DECLINED,BAL-001,1,0,0,1,true,0.24
SYN002338,ADO,2026-11-20,2026-11-20,RECOMMEND_APPROVE,"",0,0,0,0,false,0.11
SYN003281,ADO,2026-11-20,2026-11-20,DECLINED,ELG-002|BAL-003,1,0,0,1,true,0.23
SYN008127,ANNUAL,2026-11-20,2026-12-09,RECOMMEND_APPROVE,"",9,0,0,9,true,0.43
SYN000343,ANNUAL,2026-11-20,2026-11-20,RECOMMEND_APPROVE,"",1,1,0,0,true,1.37
SYN008199,PROF_DEV,2026-11-20,2026-11-20,NEEDS_APPROVAL,COV-001,1,0,1,0,true,0.25
SYN002111,ANNUAL,2026-11-20,2026-11-27,NEEDS_APPROVAL,COV-001,6,2,1,3,true,0.56
SYN006525,ANNUAL,2026-11-20,2026-11-22,RECOMMEND_APPROVE,"",1,1,0,0,true,0.48
SYN008928,ANNUAL,2026-11-20,2026-11-20,NEEDS_APPROVAL,ELG-001,1,0,0,1,true,0.26
SYN000144,ANNUAL,2026-11-20,2026-11-23,NEEDS_APPROVAL,ELG-001,2,0,0,2,true,0.27
SYN004480,ANNUAL,2026-11-20,2026-11-23,NEEDS_APPROVAL,ELG-001,2,2,0,0,true,0.45
SYN007634,ANNUAL,2026-11-20,2026-12-05,DECLINED,COV-001,10,0,3,7,true,0.78
SYN001861,PROF_DEV,2026-11-20,2026-11-20,NEEDS_APPROVAL,ELG-001,1,0,0,1,true,0.21
SYN004955,LONG_SERVICE,2026-11-20,2026-11-20,DECLINED,ELG-003|BAL-001,1,1,0,0,true,0.6
SYN005051,PROF_DEV,2026-11-20,2026-11-20,DECLINED,ELG-002|BAL-003,1,1,0,0,true,0.34
SYN008153,UNPAID,2026-11-20,2026-11-20,RECOMMEND_APPROVE,"",1,1,0,0,true,3.05
SYN005234,ANNUAL,2026-11-20,2026-11-20,RECOMMEND_APPROVE,"",1,1,0,0,true,0.46
SYN004554,ANNUAL,2026-11-20,2026-11-23,RECOMMEND_APPROVE,"",2,0,0,2,true,0.2
SYN003601,ANNUAL,2026-11-20,2026-11-22,RECOMMEND_APPROVE,"",1,0,0,1,true,0.2
SYN007242,ANNUAL,2026-11-20,2026-12-02,RECOMMEND_APPROVE,"",3,2,0,1,true,0.42
SYN004440,ANNUAL,2026-11-20,2026-11-20,RECOMMEND_APPROVE,"",1,0,0,1,true,0.28
SYN003819,ANNUAL,2026-11-20,2026-11-20,RECOMMEND_APPROVE,"",1,0,0,1,true,0.24
SYN005894,TOIL,2026-11-20,2026-11-20,RECOMMEND_APPROVE,"",0,0,0,0,false,0.1
SYN004638,PROF_DEV,2026-11-20,2026-11-20,RECOMMEND_APPROVE,"",1,0,0,1,true,0.21
SYN006835,TOIL,2026-11-20,2026-11-22,RECOMMEND_APPROVE,"",1,1,0,0,true,2.84
SYN000922,LONG_SERVICE,2026-11-20,2026-11-20,DECLINED,ELG-003|BAL-001|NOT-002,1,0,0,1,true,0.27
SYN002513,ANNUAL,2026-11-21,2026-11-29,NEEDS_APPROVAL,ELG-001,5,0,0,5,true,0.39
SYN009000,TOIL,2026-11-21,2026-11-22,RECOMMEND_APPROVE,"",0,0,0,0,false,0.61
SYN001644,ANNUAL,2026-11-21,2026-11-21,RECOMMEND_APPROVE,"",1,0,0,1,true,0.31
SYN002266,TOIL,2026-11-21,2026-11-22,RECOMMEND_APPROVE,"",1,0,0,1,true,0.21
SYN005293,ANNUAL,2026-11-21,2026-12-06,DECLINED,COV-001,10,0,4,6,true,0.41
SYN002712,TOIL,2026-11-21,2026-11-22,RECOMMEND_APPROVE,"",2,0,0,2,true,0.29
SYN000745,ANNUAL,2026-11-21,2026-12-04,NEEDS_APPROVAL,COV-001,14,0,1,13,true,0.83
SYN000567,ANNUAL,2026-11-21,2026-11-21,RECOMMEND_APPROVE,"",0,0,0,0,false,0.31
SYN003345,UNPAID,2026-11-21,2026-11-23,RECOMMEND_APPROVE,"",0,0,0,0,false,0.11
SYN000117,ANNUAL,2026-11-21,2026-12-22,DECLINED,BAL-001,22,4,0,18,true,2.57
SYN000648,ANNUAL,2026-11-21,2026-11-29,NEEDS_APPROVAL,COV-001,5,0,1,4,true,0.38
SYN000989,TOIL,2026-11-21,2026-11-21,NEEDS_APPROVAL,ELG-001,0,0,0,0,false,0.14
SYN004949,ANNUAL,2026-11-21,2026-11-22,RECOMMEND_APPROVE,"",0,0,0,0,false,0.15
SYN003583,PROF_DEV,2026-11-22,2026-12-05,DECLINED,BAL-001|COV-001,10,0,2,8,true,0.62
SYN006773,UNPAID,2026-11-22,2026-11-28,RECOMMEND_APPROVE,"",4,4,0,0,true,1.44
SYN002065,ANNUAL,2026-11-22,2026-11-22,RECOMMEND_APPROVE,"",0,0,0,0,false,0.11
SYN009509,ANNUAL,2026-11-22,2026-11-22,RECOMMEND_APPROVE,"",0,0,0,0,false,0.1
SYN000419,ANNUAL,2026-11-22,2026-12-12,DECLINED,COV-001,9,0,3,6,true,0.83
SYN009565,ADO,2026-11-22,2026-12-05,NEEDS_APPROVAL,REQ-004|BAL-003|COV-001,4,0,2,2,true,0.72
SYN009556,PROF_DEV,2026-11-22,2026-12-05,NEEDS_APPROVAL,COV-001,10,0,2,8,true,0.52
SYN000074,PROF_DEV,2026-11-22,2026-12-05,DECLINED,BAL-001,10,0,0,10,true,0.41
SYN005903,ANNUAL,2026-11-22,2026-12-03,RECOMMEND_APPROVE,"",9,0,0,9,true,0.32
SYN001674,ANNUAL,2026-11-23,2026-11-26,RECOMMEND_APPROVE,"",4,0,0,4,true,0.21
SYN002239,ANNUAL,2026-11-23,2026-11-29,RECOMMEND_APPROVE,"",4,2,0,2,true,2.01
SYN002315,ANNUAL,2026-11-23,2026-11-29,RECOMMEND_APPROVE,"",1,1,0,0,true,0.75
SYN008237,ANNUAL,2026-11-23,2026-11-29,DECLINED,BAL-001,3,0,0,3,true,0.29
SYN007873,ANNUAL,2026-11-23,2026-12-07,RECOMMEND_APPROVE,"",11,11,0,0,true,10.58
SYN002474,PARENTAL,2026-11-23,2027-05-30,DECLINED,ELG-001|NOT-004|COV-001|COV-002,162,0,54,108,true,5.49
SYN009447,ANNUAL,2026-11-23,2026-11-26,RECOMMEND_APPROVE,"",4,2,0,2,true,0.81
SYN007971,ADO,2026-11-23,2026-11-29,DECLINED,REQ-004|BAL-001,4,2,0,2,true,3.75
SYN009446,ANNUAL,2026-11-23,2026-12-24,DECLINED,ELG-001|COV-001,13,0,4,9,true,1.22
SYN004831,ANNUAL,2026-11-23,2026-12-06,RECOMMEND_APPROVE,"",10,2,0,8,true,1.72
SYN006779,LONG_SERVICE,2026-11-23,2026-12-06,DECLINED,ELG-003|BAL-001|NOT-002|COV-001,14,0,6,8,true,0.65
SYN002814,ANNUAL,2026-11-23,2026-11-27,RECOMMEND_APPROVE,"",2,0,0,2,true,0.26
SYN001024,ANNUAL,2026-11-23,2026-12-13,RECOMMEND_APPROVE,"",12,3,0,9,true,0.67
SYN004707,UNPAID,2026-11-23,2026-12-02,RECOMMEND_APPROVE,"",6,0,0,6,true,0.39
SYN006683,PROF_DEV,2026-11-23,2026-11-23,NEEDS_APPROVAL,BAL-003,1,1,0,0,true,3.67
SYN008673,TOIL,2026-11-23,2026-12-06,NEEDS_APPROVAL,COV-002,12,2,0,10,true,1.65
SYN002426,ANNUAL,2026-11-23,2026-12-06,RECOMMEND_APPROVE,"",10,2,0,8,true,0.72
SYN005927,ANNUAL,2026-11-23,2026-11-29,NEEDS_APPROVAL,ELG-001|COV-001,6,0,4,2,true,1.04
SYN007330,LONG_SERVICE,2026-11-23,2026-12-06,DECLINED,ELG-001|ELG-003|BAL-001,2,0,0,2,true,0.46
SYN006669,PROF_DEV,2026-11-23,2026-11-23,RECOMMEND_APPROVE,"",0,0,0,0,false,0.11
SYN000380,LONG_SERVICE,2026-11-23,2026-12-06,DECLINED,ELG-003|BAL-001,4,2,0,2,true,0.63
SYN005448,LONG_SERVICE,2026-11-23,2026-11-29,DECLINED,BAL-001,4,3,0,1,true,1.25
SYN002630,ANNUAL,2026-11-23,2026-12-04,NEEDS_APPROVAL,COV-001,10,0,6,4,true,0.55
SYN001407,ANNUAL,2026-11-23,2027-01-17,DECLINED,ELG-001|BAL-001,16,0,0,16,true,0.76
SYN007686,ANNUAL,2026-11-23,2026-12-03,RECOMMEND_APPROVE,"",7,3,0,4,true,0.95
SYN000567,ANNUAL,2026-11-23,2026-11-27,RECOMMEND_APPROVE,"",4,3,0,1,true,0.81
SYN007056,ANNUAL,2026-11-23,2026-11-26,RECOMMEND_APPROVE,"",3,2,0,1,true,3.87
SYN008928,ANNUAL,2026-11-23,2026-11-30,NEEDS_APPROVAL,ELG-001|COV-001,6,0,1,5,true,0.45
SYN008198,ANNUAL,2026-11-23,2026-12-04,RECOMMEND_APPROVE,"",8,0,0,8,true,0.54
SYN006221,ANNUAL,2026-11-23,2026-11-26,RECOMMEND_APPROVE,"",4,0,0,4,true,0.77
SYN004440,PROF_DEV,2026-11-23,2026-11-27,RECOMMEND_APPROVE,"",5,4,0,1,true,0.93
SYN000496,ANNUAL,2026-11-23,2026-11-23,NEEDS_APPROVAL,COV-001,1,0,1,0,true,0.19
SYN001386,ANNUAL,2026-11-23,2026-12-13,RECOMMEND_APPROVE,"",15,6,0,9,true,1.04
SYN008122,ANNUAL,2026-11-23,2026-12-07,NEEDS_APPROVAL,ELG-001,9,0,0,9,true,0.37
SYN008981,ANNUAL,2026-11-23,2026-11-23,NEEDS_APPROVAL,COV-001,1,0,1,0,true,0.4
SYN005356,ANNUAL,2026-11-23,2026-12-06,RECOMMEND_APPROVE,"",10,2,0,8,true,0.95
SYN000334,ANNUAL,2026-11-23,2026-11-29,RECOMMEND_APPROVE,"",3,2,0,1,true,0.85
SYN004652,ANNUAL,2026-11-23,2026-11-25,NEEDS_APPROVAL,COV-001,3,2,1,0,true,0.48
SYN003167,PROF_DEV,2026-11-23,2026-11-27,RECOMMEND_APPROVE,"",4,3,0,1,true,2.58
SYN003115,ANNUAL,2026-11-23,2026-11-28,NEEDS_APPROVAL,COV-001,5,2,2,1,true,0.53
SYN000651,ANNUAL,2026-11-23,2026-11-29,RECOMMEND_APPROVE,"",2,0,0,2,true,0.38
SYN001150,ANNUAL,2026-11-23,2026-12-07,RECOMMEND_APPROVE,"",11,0,0,11,true,0.33
SYN007450,ANNUAL,2026-11-23,2026-11-30,RECOMMEND_APPROVE,"",6,0,0,6,true,0.44
SYN002869,LONG_SERVICE,2026-11-23,2027-01-17,RECOMMEND_APPROVE,"",8,0,0,8,true,0.53
SYN002252,ANNUAL,2026-11-23,2026-12-06,DECLINED,BAL-001,10,0,0,10,true,0.51
SYN000991,ANNUAL,2026-11-23,2026-11-23,RECOMMEND_APPROVE,"",1,0,0,1,true,0.23
SYN004813,ANNUAL,2026-11-23,2026-12-06,RECOMMEND_APPROVE,"",6,3,0,3,true,1.36
SYN000727,ANNUAL,2026-11-23,2026-11-29,RECOMMEND_APPROVE,"",5,1,0,4,true,0.75
SYN008788,ANNUAL,2026-11-23,2026-11-26,DECLINED,BAL-001|COV-001,4,0,3,1,true,0.3
SYN008174,ANNUAL,2026-11-23,2026-11-29,RECOMMEND_APPROVE,"",5,0,0,5,true,0.28
SYN006781,TOIL,2026-11-23,2026-12-02,RECOMMEND_APPROVE,"",3,0,0,3,true,0.25
SYN006549,LONG_SERVICE,2026-11-23,2026-11-25,DECLINED,ELG-003,3,1,0,2,true,0.4
SYN005947,PROF_DEV,2026-11-23,2026-11-29,NEEDS_APPROVAL,BAL-003|COV-002,2,0,0,2,true,0.44
SYN006835,ANNUAL,2026-11-23,2026-11-29,RECOMMEND_APPROVE,"",5,5,0,0,true,9.86
SYN007079,ANNUAL,2026-11-23,2026-11-27,RECOMMEND_APPROVE,"",5,0,0,5,true,0.59
SYN006788,TOIL,2026-11-23,2026-11-29,RECOMMEND_APPROVE,"",2,0,0,2,true,0.99
SYN005222,ANNUAL,2026-11-23,2026-12-06,RECOMMEND_APPROVE,"",10,4,0,6,true,5.45
SYN005607,ANNUAL,2026-11-23,2026-11-29,RECOMMEND_APPROVE,"",4,1,0,3,true,3.72
SYN003042,ANNUAL,2026-11-23,2026-11-29,NEEDS_APPROVAL,ELG-001,5,0,0,5,true,0.73
SYN005691,ANNUAL,2026-11-23,2026-11-29,RECOMMEND_APPROVE,"",5,4,0,1,true,8.37
SYN009155,LONG_SERVICE,2026-11-23,2026-11-23,RECOMMEND_APPROVE,"",1,0,0,1,true,0.33
SYN003986,UNPAID,2026-11-23,2027-11-21,RECOMMEND_APPROVE,"",260,30,0,230,true,25.65
SYN005823,ANNUAL,2026-11-23,2026-11-25,RECOMMEND_APPROVE,"",0,0,0,0,false,0.26
SYN008428,ANNUAL,2026-11-23,2026-11-29,RECOMMEND_APPROVE,"",3,1,0,2,true,0.68
SYN006004,LONG_SERVICE,2026-11-23,2026-12-06,DECLINED,ELG-003|BAL-001,2,2,0,0,true,0.67
SYN004657,ANNUAL,2026-11-23,2026-12-11,DECLINED,BAL-001|COV-001,15,0,11,4,true,1.17
SYN009432,ANNUAL,2026-11-23,2027-01-03,NEEDS_APPROVAL,ELG-001,18,0,0,18,true,1.19
SYN005992,ANNUAL,2026-11-23,2026-12-06,DECLINED,ELG-001|BAL-001,10,0,0,10,true,0.62
SYN008435,ANNUAL,2026-11-23,2026-12-06,DECLINED,ELG-002|COV-001,10,0,2,8,true,0.46
SYN001038,ANNUAL,2026-11-23,2026-12-07,RECOMMEND_APPROVE,"",8,0,0,8,true,0.36
SYN007012,ADO,2026-11-23,2026-11-29,NEEDS_APPROVAL,REQ-004|COV-002,4,0,0,4,true,0.62
SYN001770,ANNUAL,2026-11-23,2026-11-29,NEEDS_APPROVAL,COV-001,5,0,3,2,true,0.42
SYN005954,ANNUAL,2026-11-23,2026-12-06,NEEDS_APPROVAL,COV-001,6,0,2,4,true,0.32
SYN002920,ANNUAL,2026-11-23,2026-12-06,RECOMMEND_APPROVE,"",10,2,0,8,true,0.94
SYN008593,TOIL,2026-11-23,2026-12-06,DECLINED,BAL-001|COV-001,10,0,2,8,true,0.49
SYN001355,LONG_SERVICE,2026-11-23,2026-12-13,DECLINED,ELG-003|BAL-001|NOT-002,12,0,0,12,true,0.47
SYN005425,ANNUAL,2026-11-23,2026-12-13,NEEDS_APPROVAL,ELG-001,15,0,0,15,true,1.85
SYN003844,ANNUAL,2026-11-23,2026-11-29,RECOMMEND_APPROVE,"",3,2,0,1,true,8.1
SYN007609,TOIL,2026-11-23,2026-11-29,RECOMMEND_APPROVE,"",4,2,0,2,true,0.81
SYN002758,ANNUAL,2026-11-23,2026-11-30,RECOMMEND_APPROVE,"",7,0,0,7,true,0.4
SYN003601,ANNUAL,2026-11-23,2026-11-26,RECOMMEND_APPROVE,"",4,0,0,4,true,0.26
SYN002602,ANNUAL,2026-11-23,2026-12-13,RECOMMEND_APPROVE,"",9,0,0,9,true,0.63
SYN004302,ANNUAL,2026-11-23,2026-12-06,RECOMMEND_APPROVE,"",4,4,0,0,true,2.45
SYN008631,PROF_DEV,2026-11-23,2026-11-25,RECOMMEND_APPROVE,"",1,0,0,1,true,0.19
SYN007879,ANNUAL,2026-11-23,2026-12-06,RECOMMEND_APPROVE,"",10,2,0,8,true,1.34
SYN003368,ANNUAL,2026-11-23,2026-12-06,DECLINED,ELG-001|BAL-001,4,4,0,0,true,3.46
SYN006938,ANNUAL,2026-11-23,2026-12-04,NEEDS_APPROVAL,COV-001,10,0,2,8,true,0.71
SYN005224,ANNUAL,2026-11-23,2026-12-07,RECOMMEND_APPROVE,"",11,11,0,0,true,10.56
SYN005949,ANNUAL,2026-11-23,2026-12-07,DECLINED,ELG-001|BAL-001,6,0,0,6,true,0.95
SYN005980,ANNUAL,2026-11-23,2026-12-13,DECLINED,ELG-002|COV-001,15,5,8,2,true,1.07
SYN002958,PROF_DEV,2026-11-23,2026-11-29,DECLINED,BAL-001,5,0,0,5,true,0.42
SYN006317,ANNUAL,2026-11-23,2026-12-03,RECOMMEND_APPROVE,"",9,0,0,9,true,0.31
SYN003201,LONG_SERVICE,2026-11-23,2026-11-27,DECLINED,BAL-001|NOT-002,5,1,0,4,true,0.43
SYN007080,ANNUAL,2026-11-23,2026-11-23,NEEDS_APPROVAL,COV-001,1,0,1,0,true,0.26
SYN002998,ANNUAL,2026-11-23,2026-12-13,RECOMMEND_APPROVE,"",12,12,0,0,true,24.87
SYN007257,ANNUAL,2026-11-23,2026-11-24,NEEDS_APPROVAL,COV-001,2,0,2,0,true,0.44
SYN007517,PROF_DEV,2026-11-23,2026-12-06,RECOMMEND_APPROVE,"",10,0,0,10,true,0.4
SYN000820,ANNUAL,2026-11-23,2026-11-26,RECOMMEND_APPROVE,"",4,0,0,4,true,0.32
SYN001988,ANNUAL,2026-11-23,2026-11-26,NEEDS_APPROVAL,COV-001,3,0,1,2,true,0.31
SYN007703,ANNUAL,2026-11-23,2026-12-13,RECOMMEND_APPROVE,"",15,0,0,15,true,0.78
SYN006078,ANNUAL,2026-11-23,2026-12-01,NEEDS_APPROVAL,ELG-001,7,4,0,3,true,1.68
SYN001987,ADO,2026-11-23,2026-11-23,RECOMMEND_APPROVE,"",1,1,0,0,true,0.94
SYN009295,LONG_SERVICE,2026-11-23,2026-11-23,DECLINED,ELG-003|BAL-001,1,0,0,1,true,0.29
SYN007500,ANNUAL,2026-11-23,2026-12-06,RECOMMEND_APPROVE,"",10,0,0,10,true,0.34
SYN005248,ANNUAL,2026-11-23,2026-11-29,NEEDS_APPROVAL,ELG-001,5,0,0,5,true,0.37
SYN007223,TOIL,2026-11-23,2026-11-24,RECOMMEND_APPROVE,"",2,0,0,2,true,0.26
SYN008357,ANNUAL,2026-11-23,2026-12-27,DECLINED,BAL-001,20,0,0,20,true,0.85
SYN002961,PROF_DEV,2026-11-23,2026-11-26,RECOMMEND_APPROVE,"",4,1,0,3,true,0.95
SYN000515,LONG_SERVICE,2026-11-23,2026-11-26,DECLINED,ELG-003|BAL-001,4,0,0,4,true,0.29
SYN000885,ANNUAL,2026-11-23,2026-12-20,RECOMMEND_APPROVE,"",16,0,0,16,true,1.77
SYN004212,ANNUAL,2026-11-23,2026-11-27,NEEDS_APPROVAL,COV-001,3,0,1,2,true,0.26
SYN008800,ANNUAL,2026-11-23,2026-12-04,RECOMMEND_APPROVE,"",8,6,0,2,true,3.09
SYN009536,ANNUAL,2026-11-23,2026-11-29,RECOMMEND_APPROVE,"",5,1,0,4,true,3.3
SYN007629,ANNUAL,2026-11-23,2026-12-10,RECOMMEND_APPROVE,"",9,0,0,9,true,0.45
SYN009000,ANNUAL,2026-11-23,2026-12-13,RECOMMEND_APPROVE,"",12,3,0,9,true,1.82
SYN006393,PROF_DEV,2026-11-23,2026-11-24,RECOMMEND_APPROVE,"",1,0,0,1,true,0.24
SYN008353,ANNUAL,2026-11-23,2026-12-06,NEEDS_APPROVAL,ELG-001,10,0,0,10,true,0.53
SYN005554,ANNUAL,2026-11-23,2026-12-20,RECOMMEND_APPROVE,"",16,13,0,3,true,10.71
SYN009452,ANNUAL,2026-11-23,2026-11-29,RECOMMEND_APPROVE,"",3,1,0,2,true,1.52
SYN001105,ANNUAL,2026-11-23,2026-12-06,RECOMMEND_APPROVE,"",8,2,0,6,true,2.05
SYN001752,ANNUAL,2026-11-23,2026-12-03,NEEDS_APPROVAL,COV-001,9,0,2,7,true,0.45
SYN004222,UNPAID,2026-11-23,2026-12-13,RECOMMEND_APPROVE,"",15,0,0,15,true,0.72
SYN005479,ADO,2026-11-23,2026-11-29,NEEDS_APPROVAL,REQ-004,2,0,0,2,true,0.82
SYN001072,ANNUAL,2026-11-23,2027-01-17,RECOMMEND_APPROVE,"",8,0,0,8,true,0.66
SYN005351,ANNUAL,2026-11-23,2026-11-29,DECLINED,ELG-002|BAL-001,3,3,0,0,true,7.56
SYN007171,PARENTAL,2026-11-23,2027-06-06,NEEDS_APPROVAL,ELG-001|NOT-004,140,134,0,6,true,121.36
SYN004270,LONG_SERVICE,2026-11-23,2026-11-23,NEEDS_APPROVAL,ELG-001,1,0,0,1,true,0.48
SYN005226,ANNUAL,2026-11-23,2026-12-15,RECOMMEND_APPROVE,"",8,5,0,3,true,2.84
SYN002045,TOIL,2026-11-23,2026-11-29,NEEDS_APPROVAL,ELG-001|COV-001,5,1,2,2,true,1.13
SYN006300,ANNUAL,2026-11-23,2026-12-06,DECLINED,ELG-002|COV-001,10,0,4,6,true,1.07
SYN006116,ANNUAL,2026-11-23,2026-11-23,RECOMMEND_APPROVE,"",1,1,0,0,true,0.26
SYN001704,ANNUAL,2026-11-23,2026-11-29,RECOMMEND_APPROVE,"",6,1,0,5,true,0.57
SYN003719,ANNUAL,2026-11-23,2026-11-24,RECOMMEND_APPROVE,"",2,2,0,0,true,0.55
SYN008890,ANNUAL,2026-11-23,2026-11-26,NEEDS_APPROVAL,ELG-001,4,4,0,0,true,3.85
SYN000125,ANNUAL,2026-11-23,2026-12-06,NEEDS_APPROVAL,COV-001,10,2,2,6,true,1.17
SYN006026,LONG_SERVICE,2026-11-23,2026-11-29,DECLINED,ELG-003|BAL-001,5,5,0,0,true,12.42
SYN006745,ANNUAL,2026-11-23,2026-12-06,DECLINED,BAL-001,10,0,0,10,true,0.54
SYN000432,ANNUAL,2026-11-23,2026-12-20,DECLINED,BAL-001,20,16,0,4,true,15.17
SYN006537,ANNUAL,2026-11-23,2027-01-17,DECLINED,COV-001,40,0,16,24,true,1.1
SYN000142,ANNUAL,2026-11-23,2026-12-13,DECLINED,COV-001,15,5,3,7,true,1.78
SYN002109,ANNUAL,2026-11-23,2026-12-23,DECLINED,BAL-001|COV-001,13,0,2,11,true,0.98
SYN004176,LONG_SERVICE,2026-11-23,2026-12-13,RECOMMEND_APPROVE,"",15,0,0,15,true,0.44
SYN003703,ANNUAL,2026-11-23,2026-12-27,DECLINED,BAL-001,25,6,0,19,true,4.46
SYN000504,ANNUAL,2026-11-23,2026-11-29,NEEDS_APPROVAL,COV-001,5,0,1,4,true,0.39
SYN008624,ANNUAL,2026-11-23,2026-12-06,RECOMMEND_APPROVE,"",6,6,0,0,true,6.89
SYN000062,ANNUAL,2026-11-23,2026-11-29,RECOMMEND_APPROVE,"",4,0,0,4,true,0.37
SYN007139,ANNUAL,2026-11-23,2026-12-13,RECOMMEND_APPROVE,"",15,0,0,15,true,0.68
SYN008976,ANNUAL,2026-11-23,2026-12-20,RECOMMEND_APPROVE,"",12,0,0,12,true,0.37
SYN009278,ANNUAL,2026-11-23,2026-12-06,RECOMMEND_APPROVE,"",6,0,0,6,true,0.43
SYN008707,LONG_SERVICE,2026-11-23,2026-12-27,DECLINED,ELG-001|ELG-003|BAL-003|COV-001,25,0,5,20,true,2.73
SYN003761,ANNUAL,2026-11-23,2026-11-26,NEEDS_APPROVAL,COV-001,4,0,4,0,true,0.28
SYN001655,PROF_DEV,2026-11-23,2026-11-29,NEEDS_APPROVAL,COV-001,5,0,1,4,true,0.41
SYN000479,ANNUAL,2026-11-23,2026-11-25,NEEDS_APPROVAL,ELG-001,3,1,0,2,true,0.6
SYN002224,TOIL,2026-11-23,2026-11-29,DECLINED,BAL-001|COV-001,5,0,2,3,true,0.36
SYN007071,ANNUAL,2026-11-23,2026-12-06,RECOMMEND_APPROVE,"",6,5,0,1,true,1.62
SYN001357,LONG_SERVICE,2026-11-23,2026-11-23,NEEDS_APPROVAL,NOT-002,1,0,0,1,true,0.19
SYN004938,ANNUAL,2026-11-23,2026-11-27,NEEDS_APPROVAL,COV-001,5,0,3,2,true,0.52
SYN008937,ANNUAL,2026-11-23,2026-12-11,DECLINED,BAL-001|COV-001,15,3,3,9,true,0.87
SYN000608,ADO,2026-11-23,2026-11-29,NEEDS_APPROVAL,REQ-004,5,0,0,5,true,0.29
SYN002964,ANNUAL,2026-11-23,2026-11-29,NEEDS_APPROVAL,BAL-003,5,3,0,2,true,2.66
SYN009444,UNPAID,2026-11-23,2026-12-06,RECOMMEND_APPROVE,"",6,4,0,2,true,9.79
SYN005048,PROF_DEV,2026-11-23,2026-11-23,NEEDS_APPROVAL,BAL-003,0,0,0,0,false,0.12
SYN007238,ANNUAL,2026-11-23,2026-12-05,NEEDS_APPROVAL,COV-001,8,0,2,6,true,0.43
SYN007690,ANNUAL,2026-11-23,2026-12-06,NEEDS_APPROVAL,COV-001,12,0,8,4,true,0.52
SYN007952,ANNUAL,2026-11-23,2026-11-25,RECOMMEND_APPROVE,"",3,1,0,2,true,1.0
SYN005915,ANNUAL,2026-11-23,2026-11-29,RECOMMEND_APPROVE,"",4,0,0,4,true,0.31
SYN008570,ANNUAL,2026-11-23,2026-11-29,RECOMMEND_APPROVE,"",5,0,0,5,true,0.34
SYN002189,ANNUAL,2026-11-23,2026-12-27,DECLINED,BAL-001,25,0,0,25,true,1.5
SYN000667,PROF_DEV,2026-11-23,2026-11-23,NEEDS_APPROVAL,BAL-003,1,0,0,1,true,0.19
SYN002102,LONG_SERVICE,2026-11-23,2026-12-06,DECLINED,BAL-001,10,10,0,0,true,3.27
SYN009226,ANNUAL,2026-11-23,2026-11-24,NEEDS_APPROVAL,BAL-003,2,0,0,2,true,0.19
SYN003891,ANNUAL,2026-11-23,2026-12-07,DECLINED,BAL-001,13,4,0,9,true,3.37
SYN007820,ANNUAL,2026-11-23,2026-12-06,NEEDS_APPROVAL,COV-002,12,2,0,10,true,1.35
SYN001195,ANNUAL,2026-11-23,2026-12-21,RECOMMEND_APPROVE,"",8,0,0,8,true,2.92
SYN000002,ANNUAL,2026-11-24,2026-11-27,RECOMMEND_APPROVE,"",1,0,0,1,true,0.34
SYN001644,ANNUAL,2026-11-24,2026-11-24,RECOMMEND_APPROVE,"",0,0,0,0,false,0.11
SYN008410,PROF_DEV,2026-11-24,2026-11-24,NEEDS_APPROVAL,BAL-003,1,0,0,1,true,0.18
SYN008341,ANNUAL,2026-11-24,2026-11-24,NEEDS_APPROVAL,ELG-001,1,1,0,0,true,0.53
SYN008405,PROF_DEV,2026-11-24,2026-11-24,NEEDS_APPROVAL,BAL-003,0,0,0,0,false,0.1
SYN000355,ANNUAL,2026-11-24,2026-11-24,RECOMMEND_APPROVE,"",1,0,0,1,true,0.18
SYN006091,ANNUAL,2026-11-24,2026-11-26,RECOMMEND_APPROVE,"",3,0,0,3,true,0.25
SYN003392,LONG_SERVICE,2026-11-24,2026-11-27,DECLINED,BAL-001,4,2,0,2,true,0.41
SYN008207,TOIL,2026-11-24,2026-11-29,RECOMMEND_APPROVE,"",3,3,0,0,true,2.77
SYN002572,ANNUAL,2026-11-24,2026-12-06,DECLINED,BAL-001,10,6,0,4,true,7.21
SYN009183,ANNUAL,2026-11-24,2026-11-26,NEEDS_APPROVAL,ELG-001|COV-001,2,0,1,1,true,0.29
SYN005644,ANNUAL,2026-11-24,2026-11-25,RECOMMEND_APPROVE,"",2,0,0,2,true,0.24
SYN000083,ANNUAL,2026-11-24,2026-11-30,NEEDS_APPROVAL,COV-001,5,0,2,3,true,0.34
SYN006271,ANNUAL,2026-11-24,2026-12-10,RECOMMEND_APPROVE,"",11,5,0,6,true,1.17
SYN005380,TOIL,2026-11-24,2026-11-24,DECLINED,BAL-001,1,1,0,0,true,0.58
SYN001916,ANNUAL,2026-11-24,2026-12-07,DECLINED,BAL-001,8,0,0,8,true,0.55
SYN000247,PROF_DEV,2026-11-24,2026-11-24,NEEDS_APPROVAL,COV-001,1,0,1,0,true,0.2
SYN007730,ANNUAL,2026-11-24,2026-11-24,NEEDS_APPROVAL,ELG-001,1,1,0,0,true,0.27
SYN001708,ANNUAL,2026-11-24,2026-11-26,NEEDS_APPROVAL,COV-001,3,0,2,1,true,0.24
SYN000804,UNPAID,2026-11-24,2026-11-24,RECOMMEND_APPROVE,"",1,0,0,1,true,0.62
SYN005805,ANNUAL,2026-11-24,2026-11-24,RECOMMEND_APPROVE,"",1,1,0,0,true,1.97
SYN003091,ANNUAL,2026-11-24,2026-12-10,DECLINED,COV-001,8,0,7,1,true,1.1
SYN009021,TOIL,2026-11-24,2026-12-07,RECOMMEND_APPROVE,"",6,4,0,2,true,7.8
SYN008841,PROF_DEV,2026-11-24,2026-11-24,RECOMMEND_APPROVE,"",1,0,0,1,true,0.21
SYN007678,ANNUAL,2026-11-24,2026-12-02,NEEDS_APPROVAL,COV-001,6,0,2,4,true,0.31
SYN008952,ANNUAL,2026-11-24,2026-12-10,DECLINED,COV-001,13,2,2,9,true,0.87
SYN004886,ANNUAL,2026-11-24,2026-12-06,NEEDS_APPROVAL,COV-001,9,0,9,0,true,0.45
SYN000016,PROF_DEV,2026-11-24,2026-11-24,RECOMMEND_APPROVE,"",1,0,0,1,true,0.19
SYN008663,PROF_DEV,2026-11-24,2026-11-27,NEEDS_APPROVAL,COV-001,4,0,2,2,true,0.29
SYN007509,ANNUAL,2026-11-24,2026-11-25,RECOMMEND_APPROVE,"",0,0,0,0,false,0.11
SYN000767,ANNUAL,2026-11-24,2026-12-02,DECLINED,BAL-001,6,1,0,5,true,1.55
SYN001639,ANNUAL,2026-11-24,2026-12-05,RECOMMEND_APPROVE,"",6,0,0,6,true,0.45
SYN009226,ANNUAL,2026-11-25,2026-11-27,NEEDS_APPROVAL,BAL-003,3,0,0,3,true,0.19
SYN001363,LONG_SERVICE,2026-11-25,2026-11-25,DECLINED,ELG-003|BAL-001|NOT-002,1,0,0,1,true,0.31
SYN002514,ANNUAL,2026-11-25,2026-11-25,NEEDS_APPROVAL,COV-001,1,0,1,0,true,0.21
SYN003394,ANNUAL,2026-11-25,2026-11-26,RECOMMEND_APPROVE,"",2,2,0,0,true,0.79
SYN003300,ANNUAL,2026-11-25,2026-12-13,RECOMMEND_APPROVE,"",4,2,0,2,true,0.77
SYN004662,PROF_DEV,2026-11-25,2026-11-25,NEEDS_APPROVAL,BAL-003,1,0,0,1,true,0.2
SYN007291,LONG_SERVICE,2026-11-25,2026-11-25,DECLINED,ELG-001|ELG-003|BAL-001,1,0,0,1,true,0.24
SYN007640,TOIL,2026-11-25,2026-11-27,RECOMMEND_APPROVE,"",1,1,0,0,true,0.38
SYN008029,ANNUAL,2026-11-25,2026-11-25,RECOMMEND_APPROVE,"",1,0,0,1,true,0.17
SYN000102,ANNUAL,2026-11-25,2026-12-04,NEEDS_APPROVAL,COV-001,8,5,1,2,true,1.12
SYN006577,ADO,2026-11-25,2026-11-27,NEEDS_APPROVAL,REQ-004|BAL-003,3,1,0,2,true,0.75
SYN003819,ANNUAL,2026-11-25,2026-12-02,NEEDS_APPROVAL,ELG-001,6,0,0,6,true,0.51
SYN006390,ANNUAL,2026-11-25,2026-11-27,NEEDS_APPROVAL,COV-001,3,0,1,2,true,0.4
SYN003025,ANNUAL,2026-11-25,2026-11-25,RECOMMEND_APPROVE,"",1,1,0,0,true,1.75
SYN001743,ANNUAL,2026-11-25,2026-11-29,RECOMMEND_APPROVE,"",3,0,0,3,true,0.33
SYN003825,PROF_DEV,2026-11-25,2026-11-27,RECOMMEND_APPROVE,"",3,0,0,3,true,0.21
SYN002331,ANNUAL,2026-11-25,2026-11-25,NEEDS_APPROVAL,COV-001,1,0,1,0,true,0.86
SYN000227,ANNUAL,2026-11-25,2026-11-25,RECOMMEND_APPROVE,"",1,1,0,0,true,1.28
SYN000966,TOIL,2026-11-25,2026-11-27,RECOMMEND_APPROVE,"",2,0,0,2,true,0.81
SYN000955,ANNUAL,2026-11-25,2026-11-27,RECOMMEND_APPROVE,"",3,1,0,2,true,0.56
SYN004633,ANNUAL,2026-11-25,2026-11-25,RECOMMEND_APPROVE,"",0,0,0,0,false,0.11
SYN007257,ANNUAL,2026-11-25,2026-11-25,NEEDS_APPROVAL,COV-001,1,0,1,0,true,0.22
SYN002809,TOIL,2026-11-25,2026-11-25,RECOMMEND_APPROVE,"",0,0,0,0,false,0.1
SYN005414,LONG_SERVICE,2026-11-25,2026-11-25,DECLINED,ELG-003|BAL-001,1,1,0,0,true,0.55
SYN006379,PROF_DEV,2026-11-25,2026-11-25,NEEDS_APPROVAL,BAL-003,0,0,0,0,false,0.1
SYN001389,ANNUAL,2026-11-26,2026-12-06,DECLINED,BAL-001|COV-001,7,0,2,5,true,0.4
SYN002477,ANNUAL,2026-11-26,2026-12-03,NEEDS_APPROVAL,ELG-001,2,0,0,2,true,0.25
SYN000395,ANNUAL,2026-11-26,2026-12-18,DECLINED,BAL-001|COV-001,17,0,17,0,true,0.61
SYN003400,ANNUAL,2026-11-26,2026-12-06,RECOMMEND_APPROVE,"",10,5,0,5,true,1.86
SYN008153,UNPAID,2026-11-26,2026-11-26,RECOMMEND_APPROVE,"",1,1,0,0,true,2.23
SYN005452,ANNUAL,2026-11-26,2026-12-04,RECOMMEND_APPROVE,"",7,7,0,0,true,14.9
SYN005102,ANNUAL,2026-11-26,2026-11-26,RECOMMEND_APPROVE,"",1,0,0,1,true,0.25
SYN007438,ANNUAL,2026-11-26,2026-11-27,RECOMMEND_APPROVE,"",2,2,0,0,true,2.95
SYN007292,ANNUAL,2026-11-26,2026-11-26,RECOMMEND_APPROVE,"",1,0,0,1,true,0.26
SYN002837,ANNUAL,2026-11-26,2026-11-26,RECOMMEND_APPROVE,"",1,0,0,1,true,0.17
SYN005716,ANNUAL,2026-11-26,2026-11-27,DECLINED,BAL-001,2,1,0,1,true,0.51
SYN003194,PROF_DEV,2026-11-26,2026-11-29,RECOMMEND_APPROVE,"",1,0,0,1,true,0.21
SYN004783,ANNUAL,2026-11-26,2026-11-27,RECOMMEND_APPROVE,"",2,0,0,2,true,0.21
SYN003908,UNPAID,2026-11-26,2026-11-26,RECOMMEND_APPROVE,"",1,0,0,1,true,0.18
SYN008029,PROF_DEV,2026-11-26,2026-11-27,RECOMMEND_APPROVE,"",2,0,0,2,true,0.19
SYN009548,TOIL,2026-11-26,2026-11-27,NEEDS_APPROVAL,COV-002,2,2,0,0,true,0.53
SYN004860,PROF_DEV,2026-11-26,2026-11-27,DECLINED,BAL-001,2,0,0,2,true,0.23
SYN004708,ANNUAL,2026-11-26,2026-11-29,NEEDS_APPROVAL,ELG-001,2,0,0,2,true,0.23
SYN000962,ANNUAL,2026-11-26,2026-11-26,RECOMMEND_APPROVE,"",1,0,0,1,true,0.19
SYN003118,ANNUAL,2026-11-26,2026-11-29,RECOMMEND_APPROVE,"",1,1,0,0,true,0.65
SYN005172,ANNUAL,2026-11-26,2026-11-26,RECOMMEND_APPROVE,"",1,0,0,1,true,0.17
SYN007055,ANNUAL,2026-11-26,2026-11-27,NEEDS_APPROVAL,COV-002,2,2,0,0,true,1.56
SYN009482,PROF_DEV,2026-11-26,2026-11-30,RECOMMEND_APPROVE,"",5,0,0,5,true,0.32
SYN001896,UNPAID,2026-11-26,2026-11-26,NEEDS_APPROVAL,COV-001,1,0,1,0,true,0.16
SYN007123,PROF_DEV,2026-11-26,2026-11-27,NEEDS_APPROVAL,ELG-001,2,1,0,1,true,0.39
SYN000985,ANNUAL,2026-11-26,2026-11-30,RECOMMEND_APPROVE,"",3,1,0,2,true,0.47
SYN006426,LONG_SERVICE,2026-11-26,2026-11-27,DECLINED,ELG-003|BAL-001|COV-001,2,1,1,0,true,0.39
SYN005014,ANNUAL,2026-11-26,2026-12-03,RECOMMEND_APPROVE,"",5,3,0,2,true,0.48
SYN000015,ANNUAL,2026-11-26,2026-11-30,RECOMMEND_APPROVE,"",3,0,0,3,true,0.21
SYN006796,ANNUAL,2026-11-26,2026-12-16,DECLINED,ELG-001|BAL-001,18,8,0,10,true,19.53
SYN004126,ANNUAL,2026-11-26,2026-11-27,NEEDS_APPROVAL,ELG-001|COV-001,2,0,2,0,true,0.33
SYN003330,ANNUAL,2026-11-26,2026-12-14,DECLINED,COV-001,13,0,13,0,true,0.56
SYN007861,ANNUAL,2026-11-26,2026-12-03,NEEDS_APPROVAL,ELG-001,6,0,0,6,true,0.34
SYN008234,ANNUAL,2026-11-26,2026-11-26,RECOMMEND_APPROVE,"",1,0,0,1,true,0.33
SYN004320,ANNUAL,2026-11-26,2026-11-29,RECOMMEND_APPROVE,"",2,0,0,2,true,0.25
SYN002827,UNPAID,2026-11-26,2026-11-26,RECOMMEND_APPROVE,"",0,0,0,0,false,0.08
SYN008406,ANNUAL,2026-11-26,2026-11-26,RECOMMEND_APPROVE,"",1,1,0,0,true,0.62
SYN005823,TOIL,2026-11-26,2026-11-26,RECOMMEND_APPROVE,"",0,0,0,0,false,0.13
SYN000993,PROF_DEV,2026-11-26,2026-11-26,NEEDS_APPROVAL,BAL-003,0,0,0,0,false,0.11
SYN003957,ANNUAL,2026-11-26,2026-11-29,NEEDS_APPROVAL,COV-001,2,1,1,0,true,0.51
SYN007751,SICK,2026-11-26,2026-11-26,ACCEPTED,"",0,0,0,0,false,0.13
SYN005774,ANNUAL,2026-11-26,2026-11-26,RECOMMEND_APPROVE,"",1,0,0,1,true,0.19
SYN001403,ANNUAL,2026-11-26,2026-11-26,RECOMMEND_APPROVE,"",1,1,0,0,true,0.3
SYN003695,LONG_SERVICE,2026-11-26,2026-12-04,DECLINED,BAL-001|COV-001,7,0,2,5,true,0.68
SYN008425,PROF_DEV,2026-11-26,2026-11-30,RECOMMEND_APPROVE,"",2,0,0,2,true,0.26
SYN001148,PROF_DEV,2026-11-26,2026-11-26,NEEDS_APPROVAL,BAL-003,0,0,0,0,false,0.1
SYN003259,ANNUAL,2026-11-26,2026-12-04,RECOMMEND_APPROVE,"",6,2,0,4,true,0.91
SYN000604,ANNUAL,2026-11-26,2026-11-27,RECOMMEND_APPROVE,"",2,1,0,1,true,0.99
SYN001624,PROF_DEV,2026-11-26,2026-11-26,DECLINED,ELG-002|BAL-003,1,0,0,1,true,0.32
SYN007570,PROF_DEV,2026-11-26,2026-11-26,NEEDS_APPROVAL,BAL-003,1,0,0,1,true,0.21
SYN007956,TOIL,2026-11-26,2026-11-26,RECOMMEND_APPROVE,"",1,1,0,0,true,1.09
SYN007483,ANNUAL,2026-11-26,2026-11-27,RECOMMEND_APPROVE,"",2,0,0,2,true,0.22
SYN001073,LONG_SERVICE,2026-11-26,2026-11-27,DECLINED,ELG-003|BAL-001|NOT-002|COV-001,2,0,1,1,true,0.29
SYN000052,PROF_DEV,2026-11-26,2026-11-27,NEEDS_APPROVAL,BAL-003,2,0,0,2,true,0.18
SYN004652,ADO,2026-11-26,2026-11-27,DECLINED,BAL-001,2,2,0,0,true,0.5
SYN004233,PROF_DEV,2026-11-26,2026-11-27,NEEDS_APPROVAL,COV-001,2,0,2,0,true,0.25
SYN006220,TOIL,2026-11-26,2026-11-27,RECOMMEND_APPROVE,"",2,2,0,0,true,0.73
SYN007617,TOIL,2026-11-26,2026-11-26,RECOMMEND_APPROVE,"",1,0,0,1,true,0.26
SYN002550,ANNUAL,2026-11-26,2026-11-26,RECOMMEND_APPROVE,"",1,0,0,1,true,0.17
SYN000479,UNPAID,2026-11-26,2026-11-26,NEEDS_APPROVAL,ELG-001,1,0,0,1,true,0.21
SYN001518,ANNUAL,2026-11-27,2026-11-29,RECOMMEND_APPROVE,"",1,1,0,0,true,0.35
SYN007584,TOIL,2026-11-27,2026-11-30,DECLINED,BAL-001|COV-002,1,1,0,0,true,1.61
SYN005644,ANNUAL,2026-11-27,2026-11-27,RECOMMEND_APPROVE,"",1,0,0,1,true,0.18
SYN009531,TOIL,2026-11-27,2026-11-27,NEEDS_APPROVAL,BAL-003,1,1,0,0,true,0.6
SYN005764,ANNUAL,2026-11-27,2026-11-30,RECOMMEND_APPROVE,"",2,1,0,1,true,0.42
SYN006116,ANNUAL,2026-11-27,2026-11-27,RECOMMEND_APPROVE,"",1,0,0,1,true,0.17
SYN000557,TOIL,2026-11-27,2026-11-27,NEEDS_APPROVAL,BAL-003,1,0,0,1,true,0.2
SYN007156,ANNUAL,2026-11-27,2026-11-27,NEEDS_APPROVAL,ELG-001|COV-001,1,0,1,0,true,0.29
SYN002331,ANNUAL,2026-11-27,2026-11-27,NEEDS_APPROVAL,COV-001,1,0,1,0,true,0.21
SYN001459,ANNUAL,2026-11-27,2026-11-30,RECOMMEND_APPROVE,"",2,0,0,2,true,0.18
SYN000823,ANNUAL,2026-11-27,2026-11-27,NEEDS_APPROVAL,COV-001,1,0,1,0,true,0.18
SYN006914,ANNUAL,2026-11-27,2026-12-06,NEEDS_APPROVAL,COV-001,9,0,4,5,true,0.6
SYN000410,PROF_DEV,2026-11-27,2026-11-27,NEEDS_APPROVAL,BAL-003,1,0,0,1,true,0.26
SYN009114,PROF_DEV,2026-11-27,2026-11-27,NEEDS_APPROVAL,ELG-001,1,1,0,0,true,1.22
SYN004112,LONG_SERVICE,2026-11-27,2026-11-27,DECLINED,BAL-001|COV-001,1,0,1,0,true,0.62
SYN000105,ADO,2026-11-27,2026-11-28,RECOMMEND_APPROVE,"",2,0,0,2,true,0.4
SYN005172,TOIL,2026-11-27,2026-11-27,NEEDS_APPROVAL,BAL-003,1,0,0,1,true,0.18
SYN002752,TOIL,2026-11-27,2026-11-27,NEEDS_APPROVAL,ELG-001|BAL-003,1,0,0,1,true,0.21
SYN005036,ANNUAL,2026-11-27,2026-12-07,RECOMMEND_APPROVE,"",3,0,0,3,true,0.37
SYN006696,ANNUAL,2026-11-27,2026-12-13,DECLINED,COV-001,11,2,6,3,true,0.63
SYN007883,PROF_DEV,2026-11-27,2026-11-30,NEEDS_APPROVAL,COV-005,2,0,0,2,true,0.21
SYN005029,UNPAID,2026-11-27,2026-11-27,NEEDS_APPROVAL,ELG-001,1,0,0,1,true,0.2
SYN006496,ANNUAL,2026-11-27,2026-12-20,DECLINED,COV-001,10,0,2,8,true,0.41
SYN007925,TOIL,2026-11-27,2026-11-28,DECLINED,BAL-001,1,1,0,0,true,3.5
SYN002737,ANNUAL,2026-11-27,2026-11-30,NEEDS_APPROVAL,COV-001,3,0,2,1,true,0.28
SYN007677,ANNUAL,2026-11-27,2026-12-01,NEEDS_APPROVAL,ELG-001,4,1,0,3,true,1.77
SYN009183,TOIL,2026-11-27,2026-11-27,NEEDS_APPROVAL,ELG-001|BAL-003|COV-001,1,0,1,0,true,0.21
SYN004367,TOIL,2026-11-27,2026-11-27,RECOMMEND_APPROVE,"",0,0,0,0,false,0.1
SYN005088,TOIL,2026-11-27,2026-11-28,RECOMMEND_APPROVE,"",0,0,0,0,false,0.1
SYN003954,UNPAID,2026-11-27,2026-11-27,RECOMMEND_APPROVE,"",1,1,0,0,true,0.49
SYN008173,ANNUAL,2026-11-27,2026-11-27,RECOMMEND_APPROVE,"",1,0,0,1,true,0.19
SYN000006,ANNUAL,2026-11-27,2026-12-06,RECOMMEND_APPROVE,"",5,2,0,3,true,1.28
SYN005416,ANNUAL,2026-11-27,2026-12-02,NEEDS_APPROVAL,COV-001,4,0,1,3,true,0.25
SYN006221,TOIL,2026-11-27,2026-11-27,RECOMMEND_APPROVE,"",1,0,0,1,true,0.16
SYN001403,TOIL,2026-11-27,2026-11-27,NEEDS_APPROVAL,BAL-003,1,1,0,0,true,0.28
SYN001357,LONG_SERVICE,2026-11-27,2026-11-27,NEEDS_APPROVAL,NOT-002,1,0,0,1,true,0.2
SYN004829,ANNUAL,2026-11-27,2026-11-29,RECOMMEND_APPROVE,"",1,1,0,0,true,0.48
SYN002939,ADO,2026-11-27,2026-11-27,RECOMMEND_APPROVE,"",1,0,0,1,true,0.19
SYN004832,ANNUAL,2026-11-27,2026-11-27,RECOMMEND_APPROVE,"",1,0,0,1,true,0.19
SYN000143,ANNUAL,2026-11-27,2026-12-02,RECOMMEND_APPROVE,"",4,3,0,1,true,1.38
SYN003601,TOIL,2026-11-27,2026-11-27,NEEDS_APPROVAL,BAL-003,1,0,0,1,true,0.18
SYN002713,PROF_DEV,2026-11-27,2026-11-30,NEEDS_APPROVAL,COV-001,2,0,2,0,true,0.21
SYN002837,TOIL,2026-11-27,2026-11-27,NEEDS_APPROVAL,BAL-003,1,0,0,1,true,0.15
SYN001674,TOIL,2026-11-27,2026-11-27,NEEDS_APPROVAL,BAL-003,1,0,0,1,true,0.15
SYN001863,ANNUAL,2026-11-27,2026-11-30,NEEDS_APPROVAL,COV-001,1,0,1,0,true,0.35
SYN009516,TOIL,2026-11-27,2026-11-27,NEEDS_APPROVAL,BAL-003,1,0,0,1,true,0.25
SYN001397,TOIL,2026-11-27,2026-11-27,NEEDS_APPROVAL,BAL-003,1,0,0,1,true,0.18
SYN007144,TOIL,2026-11-27,2026-11-27,NEEDS_APPROVAL,BAL-003,1,0,0,1,true,1.79
SYN004299,ANNUAL,2026-11-27,2026-11-30,RECOMMEND_APPROVE,"",2,0,0,2,true,0.24
SYN000253,PROF_DEV,2026-11-27,2026-11-27,RECOMMEND_APPROVE,"",1,0,0,1,true,0.17
SYN003261,TOIL,2026-11-27,2026-11-27,RECOMMEND_APPROVE,"",1,0,0,1,true,0.29
SYN000718,TOIL,2026-11-27,2026-12-02,NEEDS_APPROVAL,BAL-003,4,2,0,2,true,0.52
SYN003346,LONG_SERVICE,2026-11-27,2026-11-27,RECOMMEND_APPROVE,"",0,0,0,0,false,0.11
SYN001034,ADO,2026-11-27,2026-11-27,NEEDS_APPROVAL,BAL-003,1,0,0,1,true,0.24
SYN007077,TOIL,2026-11-27,2026-11-27,RECOMMEND_APPROVE,"",0,0,0,0,false,0.1
SYN007465,PROF_DEV,2026-11-27,2026-11-27,NEEDS_APPROVAL,BAL-003|COV-002,1,1,0,0,true,1.57
SYN008902,TOIL,2026-11-27,2026-11-27,DECLINED,ELG-001|ELG-002|BAL-003,1,0,0,1,true,0.32
SYN005102,TOIL,2026-11-27,2026-11-27,NEEDS_APPROVAL,BAL-003,1,0,0,1,true,0.19
SYN009143,LONG_SERVICE,2026-11-27,2026-11-27,DECLINED,ELG-003|BAL-001|NOT-002,1,1,0,0,true,0.37
SYN001277,TOIL,2026-11-27,2026-11-27,DECLINED,BAL-001,1,0,0,1,true,0.2
SYN009244,TOIL,2026-11-27,2026-11-27,DECLINED,ELG-001|ELG-002|BAL-003,1,0,0,1,true,0.24
SYN004368,TOIL,2026-11-27,2026-11-28,NEEDS_APPROVAL,BAL-003|COV-002,1,1,0,0,true,0.36
SYN007056,TOIL,2026-11-27,2026-11-27,RECOMMEND_APPROVE,"",0,0,0,0,false,0.15
SYN007431,ANNUAL,2026-11-27,2026-11-27,NEEDS_APPROVAL,COV-002,1,1,0,0,true,0.36
SYN004219,ANNUAL,2026-11-28,2026-11-29,RECOMMEND_APPROVE,"",2,2,0,0,true,3.55
SYN005153,ANNUAL,2026-11-28,2026-12-31,RECOMMEND_APPROVE,"",5,2,0,3,true,1.22
SYN004326,ADO,2026-11-28,2026-11-28,NEEDS_APPROVAL,ELG-001,0,0,0,0,false,0.15
SYN007056,ANNUAL,2026-11-28,2026-12-06,RECOMMEND_APPROVE,"",3,2,0,1,true,5.08
SYN002752,ANNUAL,2026-11-28,2026-11-29,NEEDS_APPROVAL,ELG-001,0,0,0,0,false,0.19
SYN008839,ANNUAL,2026-11-28,2026-11-28,RECOMMEND_APPROVE,"",1,0,0,1,true,0.39
SYN000609,ANNUAL,2026-11-28,2026-12-07,NEEDS_APPROVAL,COV-001,8,0,1,7,true,0.77
SYN001273,TOIL,2026-11-28,2026-12-02,RECOMMEND_APPROVE,"",3,0,0,3,true,0.44
SYN003461,ADO,2026-11-28,2026-12-04,NEEDS_APPROVAL,REQ-004|ELG-001,5,1,0,4,true,1.23
SYN007383,ANNUAL,2026-11-28,2026-11-30,NEEDS_APPROVAL,COV-001,2,0,1,1,true,0.32
SYN004307,ANNUAL,2026-11-28,2026-12-05,RECOMMEND_APPROVE,"",7,5,0,2,true,11.18
SYN007168,LONG_SERVICE,2026-11-28,2026-11-29,DECLINED,ELG-003|BAL-001,2,2,0,0,true,0.94
SYN007681,PROF_DEV,2026-11-28,2026-11-30,NEEDS_APPROVAL,COV-001,1,0,1,0,true,0.37
SYN007562,ANNUAL,2026-11-28,2026-12-03,NEEDS_APPROVAL,COV-001,3,0,3,0,true,0.28
SYN001644,ANNUAL,2026-11-28,2026-11-29,RECOMMEND_APPROVE,"",1,0,0,1,true,0.32
SYN007144,ANNUAL,2026-11-28,2026-11-28,RECOMMEND_APPROVE,"",1,0,0,1,true,0.2
SYN008154,ANNUAL,2026-11-28,2026-12-06,NEEDS_APPROVAL,COV-001,6,0,2,4,true,0.3
SYN006925,ANNUAL,2026-11-28,2026-12-03,RECOMMEND_APPROVE,"",1,0,0,1,true,0.19
SYN000865,TOIL,2026-11-28,2026-12-06,DECLINED,BAL-001,5,0,0,5,true,0.47
SYN003340,PROF_DEV,2026-11-28,2026-11-28,RECOMMEND_APPROVE,"",0,0,0,0,false,0.11
SYN007589,TOIL,2026-11-28,2026-11-29,RECOMMEND_APPROVE,"",2,1,0,1,true,2.83
SYN000393,ANNUAL,2026-11-28,2026-12-13,DECLINED,COV-001,10,0,8,2,true,0.41
SYN000882,ANNUAL,2026-11-28,2026-11-29,RECOMMEND_APPROVE,"",0,0,0,0,false,0.11
SYN003386,ANNUAL,2026-11-28,2026-12-04,NEEDS_APPROVAL,COV-001,2,0,1,1,true,0.24
SYN005559,ANNUAL,2026-11-29,2026-12-26,DECLINED,BAL-001,20,12,0,8,true,10.19
SYN005480,ADO,2026-11-29,2026-11-30,RECOMMEND_APPROVE,"",2,2,0,0,true,2.23
SYN008287,ANNUAL,2026-11-29,2026-12-03,RECOMMEND_APPROVE,"",4,0,0,4,true,0.3
SYN004368,ANNUAL,2026-11-29,2026-12-03,NEEDS_APPROVAL,COV-002,4,4,0,0,true,0.74
SYN006982,ANNUAL,2026-11-29,2027-01-10,DECLINED,ELG-001|BAL-001|COV-001,30,0,24,6,true,1.92
SYN001741,ANNUAL,2026-11-29,2027-01-17,RECOMMEND_APPROVE,"",28,16,0,12,true,6.3
SYN005088,ANNUAL,2026-11-29,2026-12-03,RECOMMEND_APPROVE,"",4,2,0,2,true,1.4
SYN000401,ANNUAL,2026-11-29,2026-12-03,RECOMMEND_APPROVE,"",3,1,0,2,true,1.34
SYN002495,PROF_DEV,2026-11-29,2026-12-03,RECOMMEND_APPROVE,"",4,3,0,1,true,1.2
SYN006404,ANNUAL,2026-11-30,2026-12-13,NEEDS_APPROVAL,ELG-001,6,2,0,4,true,5.8
SYN005319,ANNUAL,2026-11-30,2026-11-30,RECOMMEND_APPROVE,"",1,0,0,1,true,0.19
SYN004534,ANNUAL,2026-11-30,2026-12-06,NEEDS_APPROVAL,BAL-003,4,4,0,0,true,1.86
SYN008591,ANNUAL,2026-11-30,2026-12-13,RECOMMEND_APPROVE,"",10,2,0,8,true,4.94
SYN007860,ANNUAL,2026-11-30,2026-12-06,RECOMMEND_APPROVE,"",5,1,0,4,true,1.21
SYN002589,ANNUAL,2026-11-30,2026-12-03,RECOMMEND_APPROVE,"",3,3,0,0,true,4.46
SYN005479,UNPAID,2026-11-30,2026-12-27,RECOMMEND_APPROVE,"",8,0,0,8,true,1.21
SYN005574,ANNUAL,2026-11-30,2027-01-03,DECLINED,BAL-001,20,5,0,15,true,6.17
SYN001674,TOIL,2026-11-30,2026-11-30,NEEDS_APPROVAL,BAL-003,1,0,0,1,true,0.19
SYN007291,ANNUAL,2026-11-30,2026-12-03,NEEDS_APPROVAL,ELG-001|COV-001,3,0,1,2,true,0.28
SYN000479,ANNUAL,2026-11-30,2026-12-02,NEEDS_APPROVAL,ELG-001,3,1,0,2,true,0.63
SYN002483,ANNUAL,2026-11-30,2026-12-06,NEEDS_APPROVAL,ELG-001,5,2,0,3,true,1.38
SYN001397,TOIL,2026-11-30,2026-11-30,NEEDS_APPROVAL,BAL-003|COV-001,1,0,1,0,true,0.58
SYN007255,LONG_SERVICE,2026-11-30,2026-12-13,DECLINED,ELG-003|BAL-001,4,0,0,4,true,0.36
SYN002718,ANNUAL,2026-11-30,2026-12-27,DECLINED,ELG-001|COV-001,20,4,9,7,true,7.06
SYN003954,ANNUAL,2026-11-30,2026-12-13,RECOMMEND_APPROVE,"",10,2,0,8,true,1.27
SYN003115,ANNUAL,2026-11-30,2026-11-30,NEEDS_APPROVAL,COV-001,1,0,1,0,true,0.24
SYN003616,ANNUAL,2026-11-30,2027-01-03,RECOMMEND_APPROVE,"",10,10,0,0,true,4.62
SYN000507,UNPAID,2026-11-30,2027-04-25,RECOMMEND_APPROVE,"",63,0,0,63,true,4.85
SYN009124,ANNUAL,2026-11-30,2026-12-13,NEEDS_APPROVAL,COV-001,8,0,8,0,true,0.43
SYN006077,TOIL,2026-11-30,2026-11-30,DECLINED,BAL-001,1,1,0,0,true,1.38
SYN009100,ANNUAL,2026-11-30,2026-12-03,DECLINED,ELG-001|ELG-002|COV-001,2,0,1,1,true,0.28
SYN005915,ANNUAL,2026-11-30,2026-12-20,RECOMMEND_APPROVE,"",12,0,0,12,true,0.51
SYN009252,TOIL,2026-11-30,2026-12-01,RECOMMEND_APPROVE,"",1,1,0,0,true,2.27
SYN007353,UNPAID,2026-11-30,2026-12-13,RECOMMEND_APPROVE,"",4,4,0,0,true,8.35
SYN001174,ANNUAL,2026-11-30,2026-12-13,RECOMMEND_APPROVE,"",6,0,0,6,true,0.89
SYN005952,ANNUAL,2026-11-30,2026-12-13,RECOMMEND_APPROVE,"",12,4,0,8,true,2.46
SYN009226,UNPAID,2026-11-30,2027-02-21,NEEDS_APPROVAL,ELG-001,60,0,0,60,true,0.89
SYN008529,TOIL,2026-11-30,2026-12-26,DECLINED,BAL-001,12,0,0,12,true,0.44
SYN003665,ANNUAL,2026-11-30,2026-12-06,NEEDS_APPROVAL,COV-001,4,2,2,0,true,1.24
SYN003957,PROF_DEV,2026-11-30,2026-12-04,NEEDS_APPROVAL,COV-001,5,2,1,2,true,0.72
SYN007438,ADO,2026-11-30,2026-11-30,NEEDS_APPROVAL,BAL-003,1,1,0,0,true,1.4
SYN002295,TOIL,2026-11-30,2026-12-06,DECLINED,BAL-001,5,2,0,3,true,1.24
SYN008968,ANNUAL,2026-11-30,2026-12-04,NEEDS_APPROVAL,ELG-001,5,0,0,5,true,0.28
SYN009375,ANNUAL,2026-11-30,2026-12-08,NEEDS_APPROVAL,COV-001,4,0,1,3,true,0.42
SYN007104,ANNUAL,2026-11-30,2026-12-16,DECLINED,BAL-001|COV-001,15,0,11,4,true,0.79
SYN004821,ANNUAL,2026-11-30,2026-12-13,RECOMMEND_APPROVE,"",4,0,0,4,true,0.33
SYN002695,ANNUAL,2026-11-30,2026-12-06,RECOMMEND_APPROVE,"",4,0,0,4,true,0.28
SYN006130,ANNUAL,2026-11-30,2026-12-20,RECOMMEND_APPROVE,"",12,3,0,9,true,0.89
SYN002393,PARENTAL,2026-11-30,2027-01-18,DECLINED,ELG-001|COV-001,29,0,14,15,true,1.1
SYN002837,TOIL,2026-11-30,2026-11-30,NEEDS_APPROVAL,BAL-003,1,0,0,1,true,0.19
SYN004603,ANNUAL,2026-11-30,2026-12-14,NEEDS_APPROVAL,ELG-001,4,2,0,2,true,6.48
SYN002095,ANNUAL,2026-11-30,2026-12-03,RECOMMEND_APPROVE,"",3,2,0,1,true,2.1
SYN006512,PROF_DEV,2026-11-30,2026-12-13,RECOMMEND_APPROVE,"",4,0,0,4,true,0.53
SYN008234,ANNUAL,2026-11-30,2026-12-01,NEEDS_APPROVAL,COV-001,2,0,2,0,true,0.26
SYN002288,TOIL,2026-11-30,2026-12-13,DECLINED,BAL-001,4,0,0,4,true,0.32
SYN004899,ANNUAL,2026-11-30,2026-12-13,NEEDS_APPROVAL,COV-001,8,0,2,6,true,0.62
SYN007129,ANNUAL,2026-11-30,2026-12-04,NEEDS_APPROVAL,COV-001,5,0,1,4,true,0.34
SYN007287,ANNUAL,2026-11-30,2026-12-06,NEEDS_APPROVAL,COV-001,5,4,1,0,true,1.08
SYN003561,ANNUAL,2026-11-30,2026-12-06,RECOMMEND_APPROVE,"",5,5,0,0,true,4.38
SYN009516,TOIL,2026-11-30,2026-11-30,NEEDS_APPROVAL,BAL-003,1,1,0,0,true,0.36
SYN002045,ANNUAL,2026-11-30,2026-12-23,DECLINED,ELG-001|BAL-001|COV-001,17,0,8,9,true,2.16
SYN005355,TOIL,2026-11-30,2026-12-08,NEEDS_APPROVAL,COV-001,4,0,2,2,true,0.3
SYN006992,ANNUAL,2026-11-30,2026-12-17,RECOMMEND_APPROVE,"",12,12,0,0,true,12.16
SYN000705,TOIL,2026-11-30,2026-11-30,RECOMMEND_APPROVE,"",1,0,0,1,true,0.26
SYN007342,ANNUAL,2026-11-30,2026-12-13,RECOMMEND_APPROVE,"",6,0,0,6,true,0.39
SYN000233,ANNUAL,2026-11-30,2026-12-03,NEEDS_APPROVAL,BAL-003,0,0,0,0,false,0.11
SYN006723,ANNUAL,2026-11-30,2026-12-10,NEEDS_APPROVAL,ELG-001,7,0,0,7,true,0.36
SYN006969,ANNUAL,2026-11-30,2026-12-10,NEEDS_APPROVAL,COV-001,9,0,2,7,true,0.38
SYN005737,ANNUAL,2026-11-30,2026-12-03,NEEDS_APPROVAL,ELG-001|COV-001,4,0,4,0,true,0.37
SYN002814,ANNUAL,2026-11-30,2026-12-04,RECOMMEND_APPROVE,"",2,0,0,2,true,0.24
SYN008230,TOIL,2026-11-30,2026-12-01,RECOMMEND_APPROVE,"",1,0,0,1,true,0.33
SYN005254,TOIL,2026-11-30,2026-12-01,RECOMMEND_APPROVE,"",1,0,0,1,true,0.17
SYN005512,ANNUAL,2026-11-30,2026-12-06,RECOMMEND_APPROVE,"",3,0,0,3,true,0.27
SYN006532,ANNUAL,2026-11-30,2026-12-08,RECOMMEND_APPROVE,"",4,0,0,4,true,0.32
SYN003881,ANNUAL,2026-11-30,2026-12-06,DECLINED,BAL-001,3,0,0,3,true,0.33
SYN009357,LONG_SERVICE,2026-11-30,2026-12-18,DECLINED,COV-001,12,3,3,6,true,0.79
SYN005204,ANNUAL,2026-11-30,2026-12-13,NEEDS_APPROVAL,COV-001,10,0,4,6,true,0.67
SYN001171,ANNUAL,2026-11-30,2026-12-06,RECOMMEND_APPROVE,"",5,2,0,3,true,1.56
SYN007976,ANNUAL,2026-11-30,2026-12-21,DECLINED,BAL-001,12,12,0,0,true,24.92
SYN004703,ANNUAL,2026-11-30,2026-12-27,DECLINED,ELG-001|BAL-001,16,5,0,11,true,4.84
SYN002936,ANNUAL,2026-11-30,2026-12-13,DECLINED,BAL-001,12,11,0,1,true,9.91
SYN008501,ANNUAL,2026-11-30,2026-12-06,RECOMMEND_APPROVE,"",5,2,0,3,true,2.41
SYN004708,ANNUAL,2026-11-30,2026-11-30,NEEDS_APPROVAL,ELG-001,1,1,0,0,true,0.35
SYN002224,ADO,2026-11-30,2026-12-06,NEEDS_APPROVAL,REQ-004|COV-001,5,0,1,4,true,0.39
SYN000303,ANNUAL,2026-11-30,2026-12-20,RECOMMEND_APPROVE,"",12,1,0,11,true,1.23
SYN008906,ANNUAL,2026-11-30,2026-12-11,NEEDS_APPROVAL,COV-001,10,0,1,9,true,0.85
SYN008929,UNPAID,2026-11-30,2027-05-16,RECOMMEND_APPROVE,"",120,0,0,120,true,2.04
SYN005854,ANNUAL,2026-11-30,2026-12-14,NEEDS_APPROVAL,ELG-001,9,0,0,9,true,0.43
SYN009244,TOIL,2026-11-30,2026-11-30,DECLINED,ELG-001|ELG-002|BAL-003,1,0,0,1,true,0.27
SYN009531,TOIL,2026-11-30,2026-11-30,NEEDS_APPROVAL,BAL-003,1,1,0,0,true,0.56
SYN004523,ANNUAL,2026-11-30,2027-01-10,DECLINED,BAL-001,18,15,0,3,true,14.38
SYN008266,ANNUAL,2026-11-30,2026-12-03,DECLINED,ELG-002,3,0,0,3,true,0.34
SYN004742,ANNUAL,2026-11-30,2026-12-11,DECLINED,BAL-001,10,2,0,8,true,1.94
SYN003677,ANNUAL,2026-11-30,2026-12-13,NEEDS_APPROVAL,COV-001,8,0,4,4,true,0.73
SYN004881,ANNUAL,2026-11-30,2026-12-20,DECLINED,BAL-001,9,3,0,6,true,1.21
SYN000398,ANNUAL,2026-11-30,2026-12-21,DECLINED,COV-001,16,0,11,5,true,1.32
SYN004212,ANNUAL,2026-11-30,2026-12-03,NEEDS_APPROVAL,COV-001,3,0,1,2,true,0.28
SYN004144,ANNUAL,2026-11-30,2026-12-04,NEEDS_APPROVAL,COV-001,4,2,1,1,true,0.43
SYN006653,ANNUAL,2026-11-30,2027-01-17,DECLINED,ELG-001|ELG-002|BAL-001,28,0,0,28,true,1.11
SYN001777,ANNUAL,2026-11-30,2026-12-06,NEEDS_APPROVAL,COV-001,4,0,3,1,true,0.3
SYN003504,ANNUAL,2026-11-30,2026-12-06,RECOMMEND_APPROVE,"",6,0,0,6,true,0.31
SYN005143,UNPAID,2026-11-30,2027-02-26,DECLINED,COV-001,26,2,8,16,true,1.45
SYN002012,PROF_DEV,2026-11-30,2026-12-04,NEEDS_APPROVAL,COV-001,3,0,2,1,true,0.32
SYN008680,ANNUAL,2026-11-30,2026-12-06,RECOMMEND_APPROVE,"",2,1,0,1,true,2.79
SYN004554,PROF_DEV,2026-11-30,2026-12-01,RECOMMEND_APPROVE,"",2,0,0,2,true,0.22
SYN001714,UNPAID,2026-11-30,2026-11-30,RECOMMEND_APPROVE,"",1,1,0,0,true,0.4
SYN005966,ANNUAL,2026-11-30,2026-12-06,RECOMMEND_APPROVE,"",3,1,0,2,true,1.81
SYN006268,TOIL,2026-11-30,2026-11-30,RECOMMEND_APPROVE,"",1,1,0,0,true,0.53
SYN007853,ANNUAL,2026-11-30,2027-01-08,DECLINED,BAL-001|COV-001,40,0,7,33,true,2.1
SYN001669,ANNUAL,2026-11-30,2026-12-06,RECOMMEND_APPROVE,"",2,0,0,2,true,0.36
SYN006557,ANNUAL,2026-11-30,2026-12-17,RECOMMEND_APPROVE,"",5,5,0,0,true,5.51
SYN003830,LONG_SERVICE,2026-11-30,2026-12-10,DECLINED,BAL-001,8,2,0,6,true,3.55
SYN008473,ANNUAL,2026-11-30,2026-12-03,RECOMMEND_APPROVE,"",4,3,0,1,true,1.75
SYN001802,ANNUAL,2026-11-30,2026-12-24,RECOMMEND_APPROVE,"",16,0,0,16,true,0.55
SYN004990,LONG_SERVICE,2026-11-30,2027-01-10,DECLINED,ELG-001|ELG-003|BAL-001|COV-001,24,0,6,18,true,0.7
SYN005470,ANNUAL,2026-11-30,2026-12-06,RECOMMEND_APPROVE,"",5,2,0,3,true,0.97
SYN000036,UNPAID,2026-11-30,2026-11-30,RECOMMEND_APPROVE,"",0,0,0,0,false,0.09
SYN004745,UNPAID,2026-11-30,2027-08-15,RECOMMEND_APPROVE,"",185,18,0,167,true,12.97
SYN007971,TOIL,2026-11-30,2026-12-06,RECOMMEND_APPROVE,"",4,2,0,2,true,3.34
SYN004511,ADO,2026-11-30,2026-12-04,DECLINED,REQ-004|ELG-001|BAL-001,2,1,0,1,true,0.58
SYN008545,ANNUAL,2026-11-30,2026-12-13,RECOMMEND_APPROVE,"",10,5,0,5,true,6.49
SYN009185,LONG_SERVICE,2026-11-30,2027-01-10,RECOMMEND_APPROVE,"",24,6,0,18,true,24.42
SYN003528,LONG_SERVICE,2026-11-30,2027-01-01,DECLINED,BAL-001|COV-001,25,0,25,0,true,0.95
SYN003353,ANNUAL,2026-11-30,2027-01-03,DECLINED,BAL-001,20,0,0,20,true,1.41
SYN006370,ANNUAL,2026-11-30,2026-12-03,NEEDS_APPROVAL,COV-001,3,2,1,0,true,0.43
SYN008174,ANNUAL,2026-11-30,2026-12-03,RECOMMEND_APPROVE,"",4,0,0,4,true,0.26
SYN007080,ANNUAL,2026-11-30,2026-11-30,RECOMMEND_APPROVE,"",1,0,0,1,true,0.19
SYN001354,ANNUAL,2026-11-30,2026-12-13,RECOMMEND_APPROVE,"",6,0,0,6,true,0.38
SYN007304,TOIL,2026-11-30,2026-12-27,DECLINED,BAL-001|COV-001,12,5,7,0,true,1.15
SYN009548,LONG_SERVICE,2026-11-30,2026-12-13,DECLINED,ELG-003|BAL-001|NOT-002,8,3,0,5,true,1.27
SYN008509,TOIL,2026-11-30,2026-12-07,DECLINED,BAL-001,3,0,0,3,true,0.32
SYN003042,ANNUAL,2026-11-30,2026-12-06,NEEDS_APPROVAL,ELG-001,5,1,0,4,true,1.28
SYN007357,ANNUAL,2026-11-30,2026-12-13,RECOMMEND_APPROVE,"",4,4,0,0,true,8.9
SYN005471,UNPAID,2026-11-30,2026-11-30,RECOMMEND_APPROVE,"",1,1,0,0,true,0.31
SYN002432,ANNUAL,2026-11-30,2026-12-06,NEEDS_APPROVAL,ELG-001,4,2,0,2,true,0.92
SYN005900,PROF_DEV,2026-11-30,2026-12-04,NEEDS_APPROVAL,ELG-001,5,0,0,5,true,0.35
SYN001589,ANNUAL,2026-11-30,2026-12-06,NEEDS_APPROVAL,COV-001,5,1,1,3,true,0.49
SYN009533,TOIL,2026-11-30,2026-12-03,NEEDS_APPROVAL,ELG-001,4,0,0,4,true,0.36
SYN006129,ANNUAL,2026-11-30,2026-12-27,DECLINED,BAL-001|COV-001,12,8,4,0,true,2.22
SYN006607,ANNUAL,2026-11-30,2027-01-17,DECLINED,BAL-001,28,28,0,0,true,60.06
SYN009013,ANNUAL,2026-11-30,2026-12-10,DECLINED,BAL-001|COV-001,5,0,3,2,true,1.2
SYN006669,ANNUAL,2026-11-30,2027-01-03,RECOMMEND_APPROVE,"",0,0,0,0,false,0.22
SYN002912,ANNUAL,2026-11-30,2026-12-06,NEEDS_APPROVAL,ELG-001,2,0,0,2,true,0.39
SYN007838,ANNUAL,2026-11-30,2026-12-20,RECOMMEND_APPROVE,"",21,11,0,10,true,5.84
SYN003601,TOIL,2026-11-30,2026-11-30,NEEDS_APPROVAL,BAL-003,1,0,0,1,true,0.22
SYN005441,ANNUAL,2026-11-30,2026-12-13,NEEDS_APPROVAL,COV-001|COV-002,10,0,2,8,true,0.55
SYN005691,LONG_SERVICE,2026-11-30,2026-12-06,DECLINED,ELG-003|BAL-001,5,4,0,1,true,8.73
SYN006989,ANNUAL,2026-11-30,2026-12-13,DECLINED,BAL-001,8,4,0,4,true,2.01
SYN001435,ANNUAL,2026-11-30,2026-12-06,RECOMMEND_APPROVE,"",3,2,0,1,true,1.5
SYN007052,LONG_SERVICE,2026-11-30,2026-12-20,RECOMMEND_APPROVE,"",12,0,0,12,true,0.55
SYN007952,ANNUAL,2026-11-30,2026-12-13,DECLINED,BAL-001,6,4,0,2,true,2.52
SYN005317,TOIL,2026-11-30,2026-12-06,DECLINED,BAL-001,5,0,0,5,true,0.41
SYN008751,ANNUAL,2026-11-30,2026-12-06,RECOMMEND_APPROVE,"",5,1,0,4,true,0.43
SYN008203,TOIL,2026-11-30,2026-12-06,NEEDS_APPROVAL,ELG-001,3,2,0,1,true,5.22
SYN008025,PROF_DEV,2026-11-30,2026-11-30,RECOMMEND_APPROVE,"",0,0,0,0,false,0.13
SYN002806,ANNUAL,2026-11-30,2026-12-13,NEEDS_APPROVAL,ELG-001,6,0,0,6,true,1.45
SYN003457,ANNUAL,2026-11-30,2026-12-06,RECOMMEND_APPROVE,"",2,0,0,2,true,0.31
SYN004652,ANNUAL,2026-11-30,2026-12-04,NEEDS_APPROVAL,COV-001,5,2,1,2,true,0.61
SYN009422,ANNUAL,2026-11-30,2026-12-13,RECOMMEND_APPROVE,"",10,7,0,3,true,10.12
SYN007790,ANNUAL,2026-11-30,2026-12-13,NEEDS_APPROVAL,ELG-001,8,0,0,8,true,0.66
SYN003562,ANNUAL,2026-11-30,2027-01-31,DECLINED,BAL-001,18,0,0,18,true,0.93
SYN006208,ANNUAL,2026-11-30,2026-12-13,NEEDS_APPROVAL,ELG-001|COV-001,6,0,5,1,true,1.23
SYN006790,ANNUAL,2026-11-30,2027-01-05,RECOMMEND_APPROVE,"",15,10,0,5,true,3.8
SYN001725,LONG_SERVICE,2026-11-30,2026-12-13,DECLINED,BAL-001,6,0,0,6,true,1.53
SYN007037,ANNUAL,2026-11-30,2026-12-12,RECOMMEND_APPROVE,"",10,1,0,9,true,0.5
SYN000604,ANNUAL,2026-11-30,2026-12-17,RECOMMEND_APPROVE,"",14,3,0,11,true,1.63
SYN002340,ANNUAL,2026-11-30,2026-11-30,RECOMMEND_APPROVE,"",0,0,0,0,false,0.11
SYN009382,ANNUAL,2026-11-30,2026-12-13,RECOMMEND_APPROVE,"",10,10,0,0,true,9.73
SYN003615,ANNUAL,2026-11-30,2026-12-13,RECOMMEND_APPROVE,"",10,0,0,10,true,0.39
SYN002339,ANNUAL,2026-11-30,2026-12-20,RECOMMEND_APPROVE,"",6,3,0,3,true,0.77
SYN004193,LONG_SERVICE,2026-11-30,2027-01-03,RECOMMEND_APPROVE,"",0,0,0,0,false,0.25
SYN003004,ANNUAL,2026-11-30,2026-12-25,DECLINED,ELG-001|BAL-001,20,0,0,20,true,0.58
SYN009311,LONG_SERVICE,2026-11-30,2026-12-13,DECLINED,ELG-003|BAL-001|NOT-002,10,0,0,10,true,0.42
SYN006814,ANNUAL,2026-11-30,2026-12-04,NEEDS_APPROVAL,COV-001,4,0,1,3,true,0.33
SYN007761,TOIL,2026-11-30,2026-11-30,DECLINED,ELG-002|BAL-003|COV-001,1,0,1,0,true,0.22
SYN004907,ANNUAL,2026-11-30,2026-12-06,NEEDS_APPROVAL,ELG-001|COV-001,5,3,1,1,true,1.3
SYN004962,ANNUAL,2026-11-30,2026-12-13,RECOMMEND_APPROVE,"",6,6,0,0,true,18.14
SYN000221,PROF_DEV,2026-11-30,2026-12-20,RECOMMEND_APPROVE,"",0,0,0,0,false,0.17
SYN003532,ANNUAL,2026-11-30,2027-01-03,DECLINED,COV-001,30,0,15,15,true,1.01
SYN001006,ANNUAL,2026-11-30,2026-12-03,NEEDS_APPROVAL,ELG-001,3,3,0,0,true,1.51
SYN007182,ANNUAL,2026-11-30,2026-12-01,NEEDS_APPROVAL,COV-001,2,0,1,1,true,0.25
SYN002999,ANNUAL,2026-11-30,2026-12-13,DECLINED,BAL-001,6,0,0,6,true,0.45
SYN004542,ANNUAL,2026-11-30,2026-12-06,RECOMMEND_APPROVE,"",2,2,0,0,true,0.78
SYN005357,ANNUAL,2026-11-30,2027-01-10,DECLINED,BAL-001,24,0,0,24,true,1.73
SYN003514,ANNUAL,2026-11-30,2026-12-13,RECOMMEND_APPROVE,"",6,4,0,2,true,0.94
SYN004673,ANNUAL,2026-11-30,2026-12-02,RECOMMEND_APPROVE,"",2,2,0,0,true,1.39
SYN008551,ANNUAL,2026-11-30,2026-12-20,RECOMMEND_APPROVE,"",15,0,0,15,true,1.1
SYN004126,ANNUAL,2026-11-30,2026-11-30,NEEDS_APPROVAL,ELG-001,1,0,0,1,true,0.21
SYN004935,ANNUAL,2026-11-30,2026-12-10,DECLINED,BAL-001|COV-001,9,0,6,3,true,0.69
SYN007431,ANNUAL,2026-11-30,2026-12-11,DECLINED,BAL-001|COV-002,10,10,0,0,true,1.62
SYN002678,ANNUAL,2026-11-30,2027-01-03,DECLINED,BAL-001,25,0,0,25,true,1.44
SYN006128,ANNUAL,2026-11-30,2026-12-27,DECLINED,BAL-001,20,4,0,16,true,12.41
SYN008289,ANNUAL,2026-11-30,2026-12-20,DECLINED,COV-001,12,3,1,8,true,1.55
SYN001277,TOIL,2026-11-30,2026-11-30,DECLINED,BAL-001,1,0,0,1,true,0.22
SYN007569,ANNUAL,2026-11-30,2026-12-03,RECOMMEND_APPROVE,"",4,0,0,4,true,0.54
SYN004762,ANNUAL,2026-11-30,2026-12-03,RECOMMEND_APPROVE,"",4,2,0,2,true,0.63
SYN004075,ANNUAL,2026-11-30,2026-12-06,NEEDS_APPROVAL,ELG-001,5,2,0,3,true,1.41
SYN000962,TOIL,2026-11-30,2026-11-30,RECOMMEND_APPROVE,"",1,0,0,1,true,0.19
SYN003646,PROF_DEV,2026-11-30,2026-12-01,NEEDS_APPROVAL,COV-001,2,0,1,1,true,0.2
SYN007352,ANNUAL,2026-11-30,2026-12-10,RECOMMEND_APPROVE,"",11,3,0,8,true,1.13
SYN007981,ANNUAL,2026-11-30,2026-12-27,DECLINED,COV-001,12,4,8,0,true,0.91
SYN003062,ANNUAL,2026-11-30,2026-12-06,RECOMMEND_APPROVE,"",4,0,0,4,true,0.38
SYN009309,TOIL,2026-11-30,2026-12-06,NEEDS_APPROVAL,COV-001,5,2,2,1,true,0.82
SYN008389,LONG_SERVICE,2026-11-30,2026-11-30,DECLINED,ELG-003|BAL-001,1,0,0,1,true,0.3
SYN001924,ANNUAL,2026-11-30,2026-12-06,NEEDS_APPROVAL,ELG-001,3,0,0,3,true,0.38
SYN006102,TOIL,2026-11-30,2026-12-14,RECOMMEND_APPROVE,"",9,5,0,4,true,7.22
SYN002140,ANNUAL,2026-11-30,2026-12-13,NEEDS_APPROVAL,COV-001,14,9,1,4,true,8.6
SYN000640,ANNUAL,2026-11-30,2026-12-20,RECOMMEND_APPROVE,"",15,3,0,12,true,1.34
SYN008253,ANNUAL,2026-11-30,2026-12-13,RECOMMEND_APPROVE,"",12,0,0,12,true,0.79
SYN008537,ANNUAL,2026-11-30,2026-12-03,NEEDS_APPROVAL,ELG-001|COV-001,4,0,2,2,true,0.37
SYN007761,ANNUAL,2026-12-01,2026-12-03,NEEDS_APPROVAL,COV-001,2,0,2,0,true,0.23
SYN002273,ANNUAL,2026-12-01,2026-12-02,NEEDS_APPROVAL,COV-001,2,0,2,0,true,0.24
SYN002758,ANNUAL,2026-12-01,2026-12-01,RECOMMEND_APPROVE,"",1,0,0,1,true,0.22
SYN003394,ANNUAL,2026-12-01,2026-12-03,RECOMMEND_APPROVE,"",3,2,0,1,true,0.78
SYN005323,TOIL,2026-12-01,2026-12-04,RECOMMEND_APPROVE,"",4,0,0,4,true,0.23
SYN002837,ANNUAL,2026-12-01,2026-12-03,RECOMMEND_APPROVE,"",3,0,0,3,true,0.21
SYN009238,ANNUAL,2026-12-01,2026-12-02,RECOMMEND_APPROVE,"",2,2,0,0,true,0.35
SYN009531,ANNUAL,2026-12-01,2026-12-03,RECOMMEND_APPROVE,"",2,2,0,0,true,0.66
SYN003019,ANNUAL,2026-12-01,2026-12-29,RECOMMEND_APPROVE,"",25,5,0,20,true,3.16
SYN006077,ANNUAL,2026-12-01,2026-12-02,RECOMMEND_APPROVE,"",2,2,0,0,true,2.18
SYN000834,ADO,2026-12-01,2026-12-01,RECOMMEND_APPROVE,"",1,0,0,1,true,0.24
SYN000232,ANNUAL,2026-12-01,2026-12-02,RECOMMEND_APPROVE,"",2,2,0,0,true,1.29
SYN009183,ANNUAL,2026-12-01,2026-12-03,NEEDS_APPROVAL,ELG-001|COV-001,2,0,1,1,true,0.23
SYN001769,ANNUAL,2026-12-01,2026-12-10,RECOMMEND_APPROVE,"",7,0,0,7,true,0.27
SYN002876,ANNUAL,2026-12-01,2026-12-18,RECOMMEND_APPROVE,"",7,2,0,5,true,2.54
SYN006885,ANNUAL,2026-12-01,2026-12-01,RECOMMEND_APPROVE,"",1,0,0,1,true,0.2
SYN004614,ADO,2026-12-01,2026-12-01,NEEDS_APPROVAL,BAL-003,1,1,0,0,true,1.04
SYN006146,ANNUAL,2026-12-01,2026-12-02,RECOMMEND_APPROVE,"",2,1,0,1,true,0.49
SYN000738,LONG_SERVICE,2026-12-01,2026-12-03,DECLINED,ELG-003|BAL-001|NOT-002,2,0,0,2,true,0.29
SYN000154,ANNUAL,2026-12-01,2026-12-02,RECOMMEND_APPROVE,"",1,1,0,0,true,0.25
SYN000231,ANNUAL,2026-12-01,2026-12-03,RECOMMEND_APPROVE,"",2,1,0,1,true,0.56
SYN002752,ANNUAL,2026-12-01,2026-12-03,NEEDS_APPROVAL,ELG-001,3,0,0,3,true,0.28
SYN002026,LONG_SERVICE,2026-12-01,2026-12-17,DECLINED,BAL-001|COV-001,11,0,1,10,true,0.93
SYN001988,ANNUAL,2026-12-01,2026-12-03,NEEDS_APPROVAL,COV-001,3,0,1,2,true,0.3
SYN009244,ANNUAL,2026-12-01,2026-12-03,NEEDS_APPROVAL,ELG-001|COV-001,3,0,3,0,true,0.51
SYN005694,ANNUAL,2026-12-01,2026-12-20,RECOMMEND_APPROVE,"",12,0,0,12,true,0.41
SYN001277,LONG_SERVICE,2026-12-01,2026-12-03,DECLINED,ELG-003|BAL-001|NOT-002,3,0,0,3,true,0.3
SYN009416,ANNUAL,2026-12-01,2026-12-03,NEEDS_APPROVAL,COV-001,3,0,3,0,true,0.33
SYN009516,LONG_SERVICE,2026-12-01,2026-12-03,DECLINED,ELG-003|BAL-001,3,0,0,3,true,0.48
SYN003601,ANNUAL,2026-12-01,2026-12-03,RECOMMEND_APPROVE,"",3,0,0,3,true,0.23
SYN006253,ANNUAL,2026-12-01,2026-12-15,DECLINED,ELG-001|COV-001|COV-002,3,0,3,0,true,0.36
SYN005365,PROF_DEV,2026-12-01,2026-12-01,RECOMMEND_APPROVE,"",1,0,0,1,true,0.2
SYN007276,ANNUAL,2026-12-01,2026-12-22,DECLINED,ELG-001|BAL-001,16,14,0,2,true,14.66
SYN000962,ANNUAL,2026-12-01,2026-12-03,RECOMMEND_APPROVE,"",3,0,0,3,true,0.35
SYN004989,ANNUAL,2026-12-01,2027-01-03,DECLINED,BAL-001,24,16,0,8,true,4.9
SYN006091,ANNUAL,2026-12-01,2026-12-03,RECOMMEND_APPROVE,"",3,0,0,3,true,0.3
SYN003908,UNPAID,2026-12-01,2026-12-01,RECOMMEND_APPROVE,"",1,0,0,1,true,0.21
SYN007817,ANNUAL,2026-12-01,2026-12-02,NEEDS_APPROVAL,ELG-001,2,0,0,2,true,0.22
SYN008733,ANNUAL,2026-12-01,2026-12-01,RECOMMEND_APPROVE,"",0,0,0,0,false,0.11
SYN005445,TOIL,2026-12-01,2026-12-02,NEEDS_APPROVAL,COV-001,2,0,2,0,true,0.3
SYN001397,ANNUAL,2026-12-01,2026-12-03,NEEDS_APPROVAL,COV-001,3,0,2,1,true,0.36
SYN003167,UNPAID,2026-12-01,2026-12-04,RECOMMEND_APPROVE,"",4,3,0,1,true,2.49
SYN007320,ANNUAL,2026-12-01,2026-12-03,NEEDS_APPROVAL,COV-001,3,0,2,1,true,0.24
SYN009246,ANNUAL,2026-12-01,2026-12-03,RECOMMEND_APPROVE,"",3,0,0,3,true,0.21
SYN004905,UNPAID,2026-12-01,2026-12-02,RECOMMEND_APPROVE,"",2,2,0,0,true,1.2
SYN009482,ANNUAL,2026-12-01,2026-12-06,RECOMMEND_APPROVE,"",6,0,0,6,true,0.45
SYN006221,ANNUAL,2026-12-01,2026-12-03,RECOMMEND_APPROVE,"",3,0,0,3,true,0.22
SYN007713,ANNUAL,2026-12-01,2026-12-13,NEEDS_APPROVAL,ELG-001,5,0,0,5,true,1.21
SYN003761,ANNUAL,2026-12-01,2026-12-03,NEEDS_APPROVAL,COV-001,3,0,3,0,true,0.34
SYN005823,ANNUAL,2026-12-01,2026-12-03,RECOMMEND_APPROVE,"",0,0,0,0,false,0.14
SYN002841,ANNUAL,2026-12-01,2026-12-04,NEEDS_APPROVAL,COV-001,2,0,1,1,true,0.22
SYN009504,ANNUAL,2026-12-01,2026-12-03,NEEDS_APPROVAL,ELG-001,3,0,0,3,true,0.36
SYN000515,LONG_SERVICE,2026-12-01,2026-12-03,DECLINED,ELG-003|BAL-001,3,0,0,3,true,0.28
SYN009155,ANNUAL,2026-12-01,2026-12-03,RECOMMEND_APPROVE,"",2,2,0,0,true,1.64
SYN003170,ANNUAL,2026-12-01,2026-12-01,RECOMMEND_APPROVE,"",1,1,0,0,true,1.15
SYN006268,ANNUAL,2026-12-01,2026-12-03,RECOMMEND_APPROVE,"",3,2,0,1,true,0.66
SYN007155,ANNUAL,2026-12-01,2027-01-02,DECLINED,BAL-001,24,15,0,9,true,20.32
SYN008981,ANNUAL,2026-12-01,2026-12-01,RECOMMEND_APPROVE,"",1,1,0,0,true,0.43
SYN001734,PROF_DEV,2026-12-02,2026-12-03,RECOMMEND_APPROVE,"",1,0,0,1,true,0.23
SYN008415,ANNUAL,2026-12-02,2026-12-03,NEEDS_APPROVAL,COV-001,2,0,2,0,true,0.25
SYN001179,ANNUAL,2026-12-02,2026-12-08,RECOMMEND_APPROVE,"",5,4,0,1,true,0.62
SYN002331,ANNUAL,2026-12-02,2026-12-02,NEEDS_APPROVAL,COV-001,1,0,1,0,true,0.23
SYN007892,TOIL,2026-12-02,2026-12-15,RECOMMEND_APPROVE,"",10,0,0,10,true,0.66
SYN003494,LONG_SERVICE,2026-12-02,2026-12-02,DECLINED,BAL-001,1,0,0,1,true,0.28
SYN001383,TOIL,2026-12-02,2026-12-02,DECLINED,BAL-001|COV-001,1,0,1,0,true,0.29
SYN004339,PROF_DEV,2026-12-02,2026-12-06,RECOMMEND_APPROVE,"",3,0,0,3,true,0.29
SYN001363,PROF_DEV,2026-12-02,2026-12-02,RECOMMEND_APPROVE,"",1,0,0,1,true,0.2
SYN009380,TOIL,2026-12-02,2026-12-06,DECLINED,ELG-001|BAL-001,4,0,0,4,true,0.29
SYN000052,PROF_DEV,2026-12-02,2026-12-02,NEEDS_APPROVAL,BAL-003,1,0,0,1,true,0.17
SYN001476,ANNUAL,2026-12-02,2026-12-04,RECOMMEND_APPROVE,"",3,0,0,3,true,0.21
SYN008128,ANNUAL,2026-12-02,2026-12-03,RECOMMEND_APPROVE,"",2,0,0,2,true,0.21
SYN001462,ANNUAL,2026-12-02,2026-12-02,RECOMMEND_APPROVE,"",1,0,0,1,true,0.17
SYN003656,LONG_SERVICE,2026-12-02,2026-12-18,DECLINED,BAL-001|COV-001,13,0,2,11,true,0.58
SYN007797,ANNUAL,2026-12-02,2026-12-16,RECOMMEND_APPROVE,"",9,7,0,2,true,21.86
SYN006534,LONG_SERVICE,2026-12-02,2026-12-02,DECLINED,ELG-003,0,0,0,0,false,0.18
SYN005234,ANNUAL,2026-12-02,2026-12-03,RECOMMEND_APPROVE,"",2,2,0,0,true,0.78
SYN007004,LONG_SERVICE,2026-12-02,2026-12-24,DECLINED,ELG-003|BAL-001|COV-001|COV-002,8,0,3,5,true,0.54
SYN002065,ANNUAL,2026-12-02,2026-12-02,RECOMMEND_APPROVE,"",1,1,0,0,true,1.54
SYN000534,ANNUAL,2026-12-02,2026-12-03,RECOMMEND_APPROVE,"",2,0,0,2,true,0.23
SYN006078,ANNUAL,2026-12-02,2026-12-06,NEEDS_APPROVAL,ELG-001,3,3,0,0,true,0.83
SYN000075,PROF_DEV,2026-12-02,2026-12-06,NEEDS_APPROVAL,COV-001,2,0,1,1,true,0.21
SYN000183,ANNUAL,2026-12-02,2026-12-03,RECOMMEND_APPROVE,"",2,0,0,2,true,0.21
SYN001602,PROF_DEV,2026-12-02,2026-12-06,NEEDS_APPROVAL,COV-001,4,0,1,3,true,0.35
SYN001542,TOIL,2026-12-02,2026-12-10,NEEDS_APPROVAL,ELG-001,6,0,0,6,true,0.29
SYN000823,PROF_DEV,2026-12-02,2026-12-02,RECOMMEND_APPROVE,"",1,0,0,1,true,0.17
SYN009489,ANNUAL,2026-12-02,2027-01-07,DECLINED,COV-001,27,0,5,22,true,0.73
SYN008417,LONG_SERVICE,2026-12-02,2026-12-03,DECLINED,ELG-003|BAL-001,2,0,0,2,true,0.26
SYN003404,PROF_DEV,2026-12-02,2026-12-02,NEEDS_APPROVAL,BAL-003,1,0,0,1,true,0.23
SYN004011,UNPAID,2026-12-02,2026-12-02,RECOMMEND_APPROVE,"",1,1,0,0,true,0.93
SYN009116,TOIL,2026-12-03,2026-12-05,RECOMMEND_APPROVE,"",0,0,0,0,false,0.13
SYN003764,ANNUAL,2026-12-03,2026-12-03,RECOMMEND_APPROVE,"",1,1,0,0,true,0.24
SYN007465,TOIL,2026-12-03,2026-12-03,NEEDS_APPROVAL,COV-002,1,1,0,0,true,1.58
SYN002502,ANNUAL,2026-12-03,2026-12-03,RECOMMEND_APPROVE,"",1,1,0,0,true,0.84
SYN007293,ANNUAL,2026-12-03,2026-12-03,NEEDS_APPROVAL,COV-001,1,0,1,0,true,0.9
SYN004819,TOIL,2026-12-03,2026-12-03,RECOMMEND_APPROVE,"",1,0,0,1,true,0.42
SYN008429,PROF_DEV,2026-12-03,2026-12-06,RECOMMEND_APPROVE,"",2,0,0,2,true,0.27
SYN002427,ANNUAL,2026-12-03,2026-12-04,RECOMMEND_APPROVE,"",2,1,0,1,true,0.38
SYN001207,TOIL,2026-12-03,2026-12-03,RECOMMEND_APPROVE,"",0,0,0,0,false,0.14
SYN001258,PROF_DEV,2026-12-03,2026-12-03,NEEDS_APPROVAL,BAL-003,1,0,0,1,true,0.39
SYN000152,ANNUAL,2026-12-03,2026-12-16,RECOMMEND_APPROVE,"",10,4,0,6,true,1.23
SYN008234,ANNUAL,2026-12-03,2026-12-03,RECOMMEND_APPROVE,"",1,0,0,1,true,0.26
SYN001932,ANNUAL,2026-12-03,2026-12-10,NEEDS_APPROVAL,COV-001,6,1,3,2,true,0.58
SYN003011,SICK,2026-12-03,2026-12-03,ACCEPTED,BAL-001,1,0,0,1,true,0.55
SYN007925,UNPAID,2026-12-03,2026-12-03,RECOMMEND_APPROVE,"",1,1,0,0,true,2.68
SYN003906,ANNUAL,2026-12-03,2026-12-13,NEEDS_APPROVAL,COV-001,3,1,2,0,true,0.6
SYN004019,PROF_DEV,2026-12-03,2026-12-03,NEEDS_APPROVAL,BAL-003,1,0,0,1,true,0.26
SYN008570,PROF_DEV,2026-12-03,2026-12-04,RECOMMEND_APPROVE,"",2,0,0,2,true,0.25
SYN006310,PROF_DEV,2026-12-03,2026-12-04,RECOMMEND_APPROVE,"",2,0,0,2,true,0.29
SYN002880,ADO,2026-12-03,2026-12-03,RECOMMEND_APPROVE,"",1,0,0,1,true,0.17
SYN006768,PROF_DEV,2026-12-03,2026-12-04,NEEDS_APPROVAL,COV-002,2,0,0,2,true,0.24
SYN008900,ANNUAL,2026-12-03,2026-12-16,NEEDS_APPROVAL,ELG-001|COV-001,14,0,6,8,true,0.51
SYN005009,ANNUAL,2026-12-03,2026-12-04,NEEDS_APPROVAL,COV-001,2,0,2,0,true,0.29
SYN006850,ANNUAL,2026-12-03,2026-12-08,NEEDS_APPROVAL,COV-001,4,3,1,0,true,0.57
SYN007576,ANNUAL,2026-12-03,2026-12-14,RECOMMEND_APPROVE,"",10,0,0,10,true,0.61
SYN005258,ANNUAL,2026-12-03,2026-12-03,RECOMMEND_APPROVE,"",1,1,0,0,true,2.91
SYN007740,ANNUAL,2026-12-03,2026-12-03,NEEDS_APPROVAL,ELG-001,1,0,0,1,true,0.29
SYN002162,ANNUAL,2026-12-03,2026-12-11,RECOMMEND_APPROVE,"",6,2,0,4,true,1.15
SYN000410,PROF_DEV,2026-12-03,2026-12-03,NEEDS_APPROVAL,BAL-003,1,0,0,1,true,0.33
SYN003013,PROF_DEV,2026-12-03,2026-12-06,DECLINED,BAL-001|COV-005,2,0,0,2,true,0.25
SYN000479,UNPAID,2026-12-03,2026-12-03,NEEDS_APPROVAL,ELG-001,1,0,0,1,true,0.21
SYN007242,ANNUAL,2026-12-03,2026-12-03,RECOMMEND_APPROVE,"",1,0,0,1,true,0.21
SYN003344,ANNUAL,2026-12-03,2026-12-05,RECOMMEND_APPROVE,"",3,0,0,3,true,0.39
SYN008017,ANNUAL,2026-12-03,2026-12-07,NEEDS_APPROVAL,COV-001,3,1,2,0,true,0.58
SYN000158,ANNUAL,2026-12-03,2026-12-10,DECLINED,ELG-001|ELG-002|BAL-001,2,0,0,2,true,0.28
SYN002038,LONG_SERVICE,2026-12-03,2026-12-06,RECOMMEND_APPROVE,"",2,0,0,2,true,0.2
SYN009061,ANNUAL,2026-12-03,2026-12-10,RECOMMEND_APPROVE,"",3,0,0,3,true,0.23
SYN004784,ANNUAL,2026-12-03,2026-12-04,NEEDS_APPROVAL,COV-001,2,0,1,1,true,0.26
SYN004367,TOIL,2026-12-03,2026-12-03,RECOMMEND_APPROVE,"",0,0,0,0,false,0.1
SYN006964,LONG_SERVICE,2026-12-03,2026-12-03,DECLINED,ELG-003|BAL-001|COV-001,1,0,1,0,true,0.24
SYN005878,PROF_DEV,2026-12-03,2026-12-04,NEEDS_APPROVAL,ELG-001|COV-001|COV-005,2,0,2,0,true,0.27
SYN001247,ANNUAL,2026-12-03,2026-12-11,NEEDS_APPROVAL,ELG-001,7,0,0,7,true,0.68
SYN004011,LONG_SERVICE,2026-12-04,2026-12-04,RECOMMEND_APPROVE,"",0,0,0,0,false,0.11
SYN000233,TOIL,2026-12-04,2026-12-04,RECOMMEND_APPROVE,"",1,0,0,1,true,0.19
SYN002666,TOIL,2026-12-04,2026-12-04,NEEDS_APPROVAL,ELG-001,1,0,0,1,true,0.24
SYN003226,ANNUAL,2026-12-04,2026-12-10,RECOMMEND_APPROVE,"",5,0,0,5,true,0.24
SYN009183,TOIL,2026-12-04,2026-12-04,NEEDS_APPROVAL,ELG-001|BAL-003|COV-001,1,0,1,0,true,0.2
SYN001624,PROF_DEV,2026-12-04,2026-12-05,DECLINED,ELG-002|BAL-003,1,0,0,1,true,0.33
SYN007861,TOIL,2026-12-04,2026-12-04,NEEDS_APPROVAL,ELG-001|BAL-003,1,0,0,1,true,0.19
SYN008473,TOIL,2026-12-04,2026-12-04,NEEDS_APPROVAL,BAL-003,1,0,0,1,true,0.31
SYN008433,ANNUAL,2026-12-04,2026-12-07,RECOMMEND_APPROVE,"",2,0,0,2,true,0.25
SYN000282,ANNUAL,2026-12-04,2026-12-10,RECOMMEND_APPROVE,"",4,0,0,4,true,0.5
SYN008604,ANNUAL,2026-12-04,2026-12-06,RECOMMEND_APPROVE,"",2,0,0,2,true,0.27
SYN009504,TOIL,2026-12-04,2026-12-04,DECLINED,ELG-001|ELG-002|BAL-003,1,0,0,1,true,0.25
SYN003346,LONG_SERVICE,2026-12-04,2026-12-04,RECOMMEND_APPROVE,"",0,0,0,0,false,0.1
SYN007376,ANNUAL,2026-12-04,2026-12-04,RECOMMEND_APPROVE,"",1,0,0,1,true,0.19
SYN003757,ADO,2026-12-04,2026-12-05,DECLINED,BAL-001,1,1,0,0,true,0.4
SYN001273,UNPAID,2026-12-04,2027-01-03,RECOMMEND_APPROVE,"",16,0,0,16,true,1.32
SYN004819,TOIL,2026-12-04,2026-12-04,NEEDS_APPROVAL,COV-001,1,0,1,0,true,0.59
SYN007623,ANNUAL,2026-12-04,2026-12-06,RECOMMEND_APPROVE,"",1,1,0,0,true,0.92
SYN005160,ANNUAL,2026-12-04,2026-12-04,NEEDS_APPROVAL,ELG-001,1,0,0,1,true,0.32
SYN006221,TOIL,2026-12-04,2026-12-04,RECOMMEND_APPROVE,"",1,0,0,1,true,0.17
SYN008681,TOIL,2026-12-04,2026-12-07,RECOMMEND_APPROVE,"",3,2,0,1,true,4.41
SYN005234,TOIL,2026-12-04,2026-12-04,NEEDS_APPROVAL,BAL-003,1,1,0,0,true,0.53
SYN003510,TOIL,2026-12-04,2026-12-05,NEEDS_APPROVAL,BAL-003,1,0,0,1,true,0.17
SYN004172,PROF_DEV,2026-12-04,2026-12-04,RECOMMEND_APPROVE,"",1,0,0,1,true,0.2
SYN008415,TOIL,2026-12-04,2026-12-05,NEEDS_APPROVAL,BAL-003|COV-001,1,0,1,0,true,0.2
SYN003289,PROF_DEV,2026-12-04,2026-12-04,NEEDS_APPROVAL,ELG-001|BAL-003,1,1,0,0,true,0.51
SYN005159,PROF_DEV,2026-12-04,2026-12-04,DECLINED,ELG-002|BAL-003,1,1,0,0,true,0.53
SYN002331,ANNUAL,2026-12-04,2026-12-04,NEEDS_APPROVAL,COV-001,1,0,1,0,true,0.23
SYN004005,ANNUAL,2026-12-04,2026-12-20,DECLINED,BAL-001,11,5,0,6,true,0.93
SYN009244,TOIL,2026-12-04,2026-12-04,DECLINED,ELG-001|ELG-002|BAL-003,1,0,0,1,true,0.25
SYN007132,ADO,2026-12-04,2026-12-04,NEEDS_APPROVAL,BAL-003,1,0,0,1,true,0.23
SYN008266,PROF_DEV,2026-12-04,2026-12-04,RECOMMEND_APPROVE,"",1,0,0,1,true,0.18
SYN006317,TOIL,2026-12-04,2026-12-04,DECLINED,ELG-002|BAL-003,1,0,0,1,true,0.18
SYN003718,ADO,2026-12-04,2026-12-04,RECOMMEND_APPROVE,"",1,0,0,1,true,0.17
SYN003279,PROF_DEV,2026-12-04,2026-12-05,NEEDS_APPROVAL,BAL-003,1,0,0,1,true,0.16
SYN001897,LONG_SERVICE,2026-12-04,2026-12-04,DECLINED,BAL-001|COV-002,1,1,0,0,true,0.35
SYN000534,TOIL,2026-12-04,2026-12-04,NEEDS_APPROVAL,BAL-003,1,1,0,0,true,0.59
SYN005088,TOIL,2026-12-04,2026-12-04,RECOMMEND_APPROVE,"",0,0,0,0,false,0.1
SYN009533,TOIL,2026-12-04,2026-12-07,NEEDS_APPROVAL,ELG-001,1,0,0,1,true,0.24
SYN007383,ANNUAL,2026-12-04,2026-12-04,RECOMMEND_APPROVE,"",1,0,0,1,true,0.24
SYN004223,TOIL,2026-12-04,2026-12-04,NEEDS_APPROVAL,BAL-003|COV-001,1,0,1,0,true,0.2
SYN007421,PROF_DEV,2026-12-04,2026-12-04,NEEDS_APPROVAL,BAL-003,1,0,0,1,true,0.35
SYN006395,ANNUAL,2026-12-04,2026-12-04,RECOMMEND_APPROVE,"",1,0,0,1,true,0.23
SYN000922,LONG_SERVICE,2026-12-04,2026-12-04,DECLINED,ELG-003|BAL-001|NOT-002,1,0,0,1,true,0.24
SYN007766,TOIL,2026-12-04,2026-12-04,NEEDS_APPROVAL,BAL-003,1,1,0,0,true,1.09
SYN007035,PROF_DEV,2026-12-04,2026-12-04,RECOMMEND_APPROVE,"",1,1,0,0,true,0.57
SYN001842,ANNUAL,2026-12-04,2026-12-04,RECOMMEND_APPROVE,"",1,1,0,0,true,0.45
SYN008094,ANNUAL,2026-12-04,2026-12-04,RECOMMEND_APPROVE,"",1,0,0,1,true,0.16
SYN001397,TOIL,2026-12-04,2026-12-04,NEEDS_APPROVAL,BAL-003,1,0,0,1,true,0.19
SYN002056,ANNUAL,2026-12-04,2026-12-04,RECOMMEND_APPROVE,"",1,0,0,1,true,0.16
SYN009516,TOIL,2026-12-04,2026-12-04,NEEDS_APPROVAL,BAL-003,1,0,0,1,true,0.25
SYN000665,ADO,2026-12-04,2026-12-06,NEEDS_APPROVAL,REQ-004,1,0,0,1,true,0.18
SYN009531,TOIL,2026-12-04,2026-12-04,NEEDS_APPROVAL,BAL-003,1,1,0,0,true,0.63
SYN007569,TOIL,2026-12-04,2026-12-04,NEEDS_APPROVAL,BAL-003,1,0,0,1,true,0.26
SYN006463,TOIL,2026-12-04,2026-12-04,NEEDS_APPROVAL,BAL-003,1,0,0,1,true,0.19
SYN009143,LONG_SERVICE,2026-12-04,2026-12-04,DECLINED,ELG-003|BAL-001|NOT-002,1,1,0,0,true,0.34
SYN004109,PROF_DEV,2026-12-04,2026-12-06,RECOMMEND_APPROVE,"",1,0,0,1,true,0.19
SYN009088,TOIL,2026-12-04,2026-12-07,DECLINED,ELG-001|BAL-001,2,0,0,2,true,0.3
SYN008287,TOIL,2026-12-04,2026-12-05,NEEDS_APPROVAL,BAL-003,1,0,0,1,true,0.17
SYN003868,TOIL,2026-12-04,2026-12-04,RECOMMEND_APPROVE,"",1,1,0,0,true,0.48
SYN008468,ANNUAL,2026-12-04,2026-12-04,RECOMMEND_APPROVE,"",1,0,0,1,true,0.16
SYN007617,TOIL,2026-12-04,2026-12-04,RECOMMEND_APPROVE,"",1,0,0,1,true,0.31
SYN004762,TOIL,2026-12-04,2026-12-04,RECOMMEND_APPROVE,"",1,0,0,1,true,0.2
SYN001872,PROF_DEV,2026-12-04,2026-12-04,NEEDS_APPROVAL,COV-001,1,0,1,0,true,0.19
SYN001277,TOIL,2026-12-04,2026-12-04,DECLINED,BAL-001,1,0,0,1,true,0.19
SYN005903,TOIL,2026-12-04,2026-12-04,NEEDS_APPROVAL,BAL-003,1,0,0,1,true,0.64
SYN008174,TOIL,2026-12-04,2026-12-05,DECLINED,BAL-001,1,0,0,1,true,0.19
SYN007456,ANNUAL,2026-12-04,2026-12-13,NEEDS_APPROVAL,COV-001,4,2,1,1,true,0.56
SYN007956,TOIL,2026-12-04,2026-12-04,RECOMMEND_APPROVE,"",1,1,0,0,true,1.01
SYN002752,TOIL,2026-12-04,2026-12-04,NEEDS_APPROVAL,ELG-001|BAL-003,1,0,0,1,true,0.2
SYN006340,ANNUAL,2026-12-04,2026-12-20,RECOMMEND_APPROVE,"",11,2,0,9,true,0.58
SYN004368,TOIL,2026-12-04,2026-12-04,NEEDS_APPROVAL,BAL-003|COV-002,1,1,0,0,true,0.34
SYN002837,TOIL,2026-12-04,2026-12-04,NEEDS_APPROVAL,BAL-003,1,0,0,1,true,0.15
SYN004021,ANNUAL,2026-12-04,2026-12-04,RECOMMEND_APPROVE,"",1,1,0,0,true,0.41
SYN005088,ANNUAL,2026-12-05,2026-12-13,RECOMMEND_APPROVE,"",4,2,0,2,true,1.02
SYN006093,ANNUAL,2026-12-05,2026-12-27,DECLINED,ELG-001|COV-001|COV-002,15,3,12,0,true,1.0
SYN009301,ANNUAL,2026-12-05,2026-12-09,NEEDS_APPROVAL,COV-001,3,0,3,0,true,0.51
SYN001277,LONG_SERVICE,2026-12-05,2026-12-28,DECLINED,ELG-003|BAL-001|NOT-002,16,0,0,16,true,0.57
SYN002816,ANNUAL,2026-12-05,2026-12-07,RECOMMEND_APPROVE,"",2,0,0,2,true,0.33
SYN005827,TOIL,2026-12-05,2026-12-07,RECOMMEND_APPROVE,"",1,1,0,0,true,2.61
SYN001178,ANNUAL,2026-12-05,2026-12-26,DECLINED,BAL-001|COV-001,13,10,3,0,true,2.69
SYN006268,ANNUAL,2026-12-05,2026-12-13,RECOMMEND_APPROVE,"",4,3,0,1,true,1.08
SYN009244,ANNUAL,2026-12-05,2026-12-13,NEEDS_APPROVAL,ELG-001|COV-001,5,0,3,2,true,0.6
SYN007740,ANNUAL,2026-12-05,2026-12-27,NEEDS_APPROVAL,ELG-001,12,0,0,12,true,0.5
SYN002837,ANNUAL,2026-12-05,2026-12-09,RECOMMEND_APPROVE,"",3,0,0,3,true,0.22
SYN000738,LONG_SERVICE,2026-12-05,2026-12-13,DECLINED,ELG-003|BAL-001|NOT-002,2,0,0,2,true,0.29
SYN009516,LONG_SERVICE,2026-12-05,2026-12-13,DECLINED,ELG-003|BAL-001|COV-002,9,2,0,7,true,1.1
SYN003129,ANNUAL,2026-12-05,2026-12-10,NEEDS_APPROVAL,ELG-001,4,4,0,0,true,0.56
SYN001335,ANNUAL,2026-12-05,2027-01-05,DECLINED,BAL-001,10,2,0,8,true,4.32
SYN005900,ANNUAL,2026-12-05,2026-12-15,DECLINED,ELG-001|BAL-001,7,0,0,7,true,0.46
SYN001921,ANNUAL,2026-12-05,2026-12-05,RECOMMEND_APPROVE,"",1,0,0,1,true,0.2
SYN003461,ANNUAL,2026-12-05,2027-01-05,DECLINED,ELG-001|BAL-001,23,4,0,19,true,4.18
SYN009183,ANNUAL,2026-12-05,2026-12-18,NEEDS_APPROVAL,ELG-001|COV-001,6,0,4,2,true,0.37
SYN004249,ANNUAL,2026-12-05,2027-01-03,DECLINED,COV-001,20,8,1,11,true,1.31
SYN002968,ANNUAL,2026-12-05,2026-12-05,RECOMMEND_APPROVE,"",0,0,0,0,false,0.13
SYN004368,ANNUAL,2026-12-05,2026-12-18,NEEDS_APPROVAL,COV-002,10,10,0,0,true,1.74
SYN002752,ANNUAL,2026-12-05,2026-12-13,NEEDS_APPROVAL,ELG-001,5,0,0,5,true,0.32
SYN006520,ANNUAL,2026-12-06,2026-12-13,RECOMMEND_APPROVE,"",4,0,0,4,true,0.3
SYN004098,ANNUAL,2026-12-06,2026-12-07,RECOMMEND_APPROVE,"",1,0,0,1,true,0.26
SYN002987,ANNUAL,2026-12-06,2026-12-30,RECOMMEND_APPROVE,"",18,6,0,12,true,2.87
SYN003323,TOIL,2026-12-06,2026-12-08,DECLINED,BAL-001,3,0,0,3,true,0.5
SYN008174,ANNUAL,2026-12-06,2026-12-10,RECOMMEND_APPROVE,"",4,0,0,4,true,0.25
SYN004949,ANNUAL,2026-12-06,2026-12-09,RECOMMEND_APPROVE,"",3,2,0,1,true,0.58
SYN004692,PROF_DEV,2026-12-06,2026-12-09,RECOMMEND_APPROVE,"",3,1,0,2,true,0.36
SYN001308,ANNUAL,2026-12-06,2026-12-20,DECLINED,BAL-001,7,5,0,2,true,2.88
SYN002427,PROF_DEV,2026-12-06,2026-12-09,DECLINED,BAL-001,3,1,0,2,true,0.65
SYN006091,ANNUAL,2026-12-07,2026-12-08,RECOMMEND_APPROVE,"",2,0,0,2,true,0.27
SYN004756,ANNUAL,2026-12-07,2026-12-28,RECOMMEND_APPROVE,"",13,0,0,13,true,0.43
SYN008948,ANNUAL,2026-12-07,2026-12-20,NEEDS_APPROVAL,ELG-001,10,6,0,4,true,3.55
SYN004863,ANNUAL,2026-12-07,2026-12-10,RECOMMEND_APPROVE,"",3,1,0,2,true,0.57
SYN000461,ANNUAL,2026-12-07,2026-12-20,NEEDS_APPROVAL,COV-001|COV-003,10,1,3,6,true,0.8
SYN002354,ANNUAL,2026-12-07,2027-01-10,DECLINED,BAL-001,25,8,0,17,true,11.86
SYN009212,ANNUAL,2026-12-07,2026-12-20,NEEDS_APPROVAL,COV-001,10,2,8,0,true,0.59
SYN007443,ANNUAL,2026-12-07,2026-12-20,RECOMMEND_APPROVE,"",8,0,0,8,true,0.56
SYN007536,ANNUAL,2026-12-07,2026-12-20,RECOMMEND_APPROVE,"",6,0,0,6,true,0.6
SYN004791,ANNUAL,2026-12-07,2026-12-23,RECOMMEND_APPROVE,"",11,0,0,11,true,0.37
SYN002319,ANNUAL,2026-12-07,2026-12-20,DECLINED,BAL-001,10,0,0,10,true,1.17
SYN002954,ANNUAL,2026-12-07,2027-01-07,DECLINED,BAL-001,24,10,0,14,true,4.36
SYN004830,ANNUAL,2026-12-07,2026-12-20,DECLINED,BAL-001,8,6,0,2,true,2.54
SYN006421,ANNUAL,2026-12-07,2026-12-13,RECOMMEND_APPROVE,"",3,2,0,1,true,0.86
SYN001783,ANNUAL,2026-12-07,2027-01-10,DECLINED,BAL-001|COV-001,10,0,5,5,true,1.64
SYN005903,TOIL,2026-12-07,2026-12-07,NEEDS_APPROVAL,BAL-003,1,0,0,1,true,0.19
SYN003805,LONG_SERVICE,2026-12-07,2026-12-28,DECLINED,BAL-001,10,7,0,3,true,14.5
SYN001919,ANNUAL,2026-12-07,2026-12-13,NEEDS_APPROVAL,COV-001,5,0,1,4,true,0.52
SYN002920,ANNUAL,2026-12-07,2026-12-20,RECOMMEND_APPROVE,"",10,1,0,9,true,0.9
SYN001713,ANNUAL,2026-12-07,2026-12-13,RECOMMEND_APPROVE,"",4,2,0,2,true,0.39
SYN006677,UNPAID,2026-12-07,2027-05-23,RECOMMEND_APPROVE,"",72,30,0,42,true,24.15
SYN007972,LONG_SERVICE,2026-12-07,2026-12-07,DECLINED,BAL-001,1,0,0,1,true,0.3
SYN007866,LONG_SERVICE,2026-12-07,2026-12-31,DECLINED,BAL-001,15,10,0,5,true,2.9
SYN004212,TOIL,2026-12-07,2026-12-07,NEEDS_APPROVAL,BAL-003|COV-001,1,0,1,0,true,0.24
SYN003890,LONG_SERVICE,2026-12-07,2027-01-09,DECLINED,NOT-002|COV-001|COV-002,25,0,17,8,true,1.19
SYN008558,ANNUAL,2026-12-07,2026-12-14,NEEDS_APPROVAL,ELG-001,3,0,0,3,true,0.61
SYN007428,ANNUAL,2026-12-07,2026-12-20,RECOMMEND_APPROVE,"",10,7,0,3,true,9.94
SYN000022,ANNUAL,2026-12-07,2027-01-03,RECOMMEND_APPROVE,"",12,0,0,12,true,0.91
SYN004364,LONG_SERVICE,2026-12-07,2026-12-17,DECLINED,ELG-003|BAL-001,11,6,0,5,true,7.37
SYN003743,TOIL,2026-12-07,2026-12-09,RECOMMEND_APPROVE,"",3,2,0,1,true,0.48
SYN006395,ANNUAL,2026-12-07,2026-12-09,RECOMMEND_APPROVE,"",3,1,0,2,true,1.53
SYN009016,PROF_DEV,2026-12-07,2026-12-10,NEEDS_APPROVAL,ELG-001,4,0,0,4,true,0.41
SYN005182,ADO,2026-12-07,2027-02-07,DECLINED,REQ-004|ELG-001|BAL-001,27,0,0,27,true,0.79
SYN009353,ANNUAL,2026-12-07,2027-01-06,DECLINED,BAL-001,31,20,0,11,true,15.29
SYN006657,ANNUAL,2026-12-07,2026-12-10,RECOMMEND_APPROVE,"",3,2,0,1,true,0.52
SYN003864,LONG_SERVICE,2026-12-07,2026-12-17,DECLINED,BAL-001|COV-001,9,3,4,2,true,0.8
SYN004914,ANNUAL,2026-12-07,2027-01-17,DECLINED,BAL-001,18,0,0,18,true,0.97
SYN008846,ANNUAL,2026-12-07,2026-12-21,DECLINED,ELG-001|BAL-001,11,10,0,1,true,3.29
SYN002661,UNPAID,2026-12-07,2027-04-04,NEEDS_APPROVAL,ELG-001,68,0,0,68,true,2.62
SYN006838,ANNUAL,2026-12-07,2026-12-07,RECOMMEND_APPROVE,"",1,0,0,1,true,0.24
SYN007501,ANNUAL,2026-12-07,2026-12-13,RECOMMEND_APPROVE,"",5,4,0,1,true,12.13
SYN002980,ADO,2026-12-07,2026-12-08,RECOMMEND_APPROVE,"",2,0,0,2,true,0.35
SYN004675,TOIL,2026-12-07,2027-01-03,RECOMMEND_APPROVE,"",8,0,0,8,true,0.56
SYN001091,ANNUAL,2026-12-07,2026-12-20,NEEDS_APPROVAL,COV-001,10,0,2,8,true,0.81
SYN009571,ANNUAL,2026-12-07,2026-12-20,DECLINED,ELG-001|BAL-001|COV-001,8,0,7,1,true,0.83
SYN005911,ANNUAL,2026-12-07,2026-12-27,DECLINED,ELG-001|BAL-001,12,3,0,9,true,0.7
SYN002728,ANNUAL,2026-12-07,2026-12-13,NEEDS_APPROVAL,ELG-001,5,2,0,3,true,1.4
SYN002589,TOIL,2026-12-07,2026-12-09,RECOMMEND_APPROVE,"",2,2,0,0,true,3.17
SYN001388,ANNUAL,2026-12-07,2026-12-13,NEEDS_APPROVAL,COV-001,2,0,1,1,true,0.31
SYN009336,ANNUAL,2026-12-07,2026-12-20,NEEDS_APPROVAL,ELG-001|COV-001,8,0,6,2,true,0.45
SYN006956,ANNUAL,2026-12-07,2026-12-17,RECOMMEND_APPROVE,"",9,3,0,6,true,2.32
SYN008046,ANNUAL,2026-12-07,2026-12-13,NEEDS_APPROVAL,COV-001,5,1,1,3,true,0.65
SYN003761,ANNUAL,2026-12-07,2026-12-10,NEEDS_APPROVAL,COV-001,4,0,4,0,true,0.28
SYN005108,TOIL,2026-12-07,2026-12-07,RECOMMEND_APPROVE,"",0,0,0,0,false,0.11
SYN008266,ANNUAL,2026-12-07,2026-12-11,DECLINED,ELG-002,4,2,0,2,true,0.5
SYN002350,ANNUAL,2026-12-07,2026-12-10,RECOMMEND_APPROVE,"",4,1,0,3,true,0.65
SYN006123,LONG_SERVICE,2026-12-07,2026-12-13,DECLINED,ELG-003|BAL-001,3,3,0,0,true,7.87
SYN004119,PARENTAL,2026-12-07,2027-06-20,DECLINED,ELG-002,84,28,0,56,true,7.53
SYN001171,ANNUAL,2026-12-07,2026-12-18,RECOMMEND_APPROVE,"",8,4,0,4,true,2.32
SYN009130,PROF_DEV,2026-12-07,2026-12-07,NEEDS_APPROVAL,BAL-003,0,0,0,0,false,0.12
SYN004392,ANNUAL,2026-12-07,2026-12-20,RECOMMEND_APPROVE,"",10,0,0,10,true,0.36
SYN002464,ANNUAL,2026-12-07,2027-01-03,DECLINED,COV-001,16,0,8,8,true,1.01
SYN005121,ANNUAL,2026-12-07,2026-12-13,RECOMMEND_APPROVE,"",6,4,0,2,true,1.29
SYN003589,ANNUAL,2026-12-07,2027-01-17,DECLINED,ELG-001|BAL-001,24,23,0,1,true,19.84
SYN006336,ANNUAL,2026-12-07,2026-12-13,NEEDS_APPROVAL,ELG-001,4,1,0,3,true,1.54
SYN006463,TOIL,2026-12-07,2026-12-07,NEEDS_APPROVAL,BAL-003,1,0,0,1,true,0.2
SYN005817,TOIL,2026-12-07,2026-12-07,NEEDS_APPROVAL,ELG-001|BAL-003,1,0,0,1,true,0.25
SYN002550,ANNUAL,2026-12-07,2027-01-08,RECOMMEND_APPROVE,"",25,0,0,25,true,0.63
SYN001229,ANNUAL,2026-12-07,2026-12-13,RECOMMEND_APPROVE,"",4,1,0,3,true,1.02
SYN001361,ANNUAL,2026-12-07,2026-12-22,RECOMMEND_APPROVE,"",6,2,0,4,true,0.87
SYN006317,TOIL,2026-12-07,2026-12-07,DECLINED,ELG-002|BAL-003,1,0,0,1,true,0.2
SYN008598,ANNUAL,2026-12-07,2027-01-03,RECOMMEND_APPROVE,"",16,12,0,4,true,16.31
SYN002101,ANNUAL,2026-12-07,2026-12-13,NEEDS_APPROVAL,ELG-001|COV-001,5,0,1,4,true,0.4
SYN002295,ADO,2026-12-07,2026-12-13,DECLINED,REQ-004|BAL-001,5,2,0,3,true,1.33
SYN005899,ANNUAL,2026-12-07,2026-12-20,DECLINED,BAL-001,8,6,0,2,true,7.76
SYN002202,ANNUAL,2026-12-07,2026-12-20,RECOMMEND_APPROVE,"",2,0,0,2,true,0.64
SYN008473,TOIL,2026-12-07,2026-12-07,NEEDS_APPROVAL,BAL-003,1,1,0,0,true,0.69
SYN008861,ANNUAL,2026-12-07,2026-12-27,DECLINED,COV-001,12,4,3,5,true,1.77
SYN004551,ANNUAL,2026-12-07,2026-12-20,NEEDS_APPROVAL,COV-001,8,0,2,6,true,0.57
SYN008742,LONG_SERVICE,2026-12-07,2026-12-21,DECLINED,BAL-001|COV-001,9,0,4,5,true,0.45
SYN006078,UNPAID,2026-12-07,2026-12-07,NEEDS_APPROVAL,ELG-001,1,1,0,0,true,0.55
SYN008831,ANNUAL,2026-12-07,2026-12-13,NEEDS_APPROVAL,COV-001,5,0,3,2,true,0.53
SYN009057,ANNUAL,2026-12-07,2026-12-10,NEEDS_APPROVAL,ELG-001,3,2,0,1,true,0.96
SYN009392,ANNUAL,2026-12-07,2026-12-31,DECLINED,ELG-001|COV-001,19,0,11,8,true,0.64
SYN003793,ADO,2026-12-07,2026-12-07,RECOMMEND_APPROVE,"",1,0,0,1,true,0.23
SYN006950,ANNUAL,2026-12-07,2027-01-17,NEEDS_APPROVAL,ELG-001,24,10,0,14,true,22.3
SYN006965,ANNUAL,2026-12-07,2026-12-21,DECLINED,COV-001,11,7,2,2,true,1.39
SYN000006,ANNUAL,2026-12-07,2026-12-13,RECOMMEND_APPROVE,"",3,1,0,2,true,0.91
SYN008227,ANNUAL,2026-12-07,2026-12-20,RECOMMEND_APPROVE,"",8,4,0,4,true,6.65
SYN004414,ANNUAL,2026-12-07,2027-01-11,RECOMMEND_APPROVE,"",10,10,0,0,true,6.96
SYN004322,ANNUAL,2026-12-07,2026-12-08,RECOMMEND_APPROVE,"",1,0,0,1,true,0.24
SYN009165,ANNUAL,2026-12-07,2027-01-17,DECLINED,BAL-001|COV-001,24,3,12,9,true,1.72
SYN005737,ANNUAL,2026-12-07,2027-01-01,DECLINED,ELG-001|BAL-001|COV-001,20,0,20,0,true,1.02
SYN004762,TOIL,2026-12-07,2026-12-07,RECOMMEND_APPROVE,"",1,1,0,0,true,0.36
SYN006040,ANNUAL,2026-12-07,2026-12-10,RECOMMEND_APPROVE,"",4,0,0,4,true,0.32
SYN002000,ANNUAL,2026-12-07,2026-12-20,RECOMMEND_APPROVE,"",10,0,0,10,true,0.49
SYN004578,PROF_DEV,2026-12-07,2026-12-27,DECLINED,BAL-001|COV-001,18,0,3,15,true,2.07
SYN006611,ANNUAL,2026-12-07,2026-12-13,RECOMMEND_APPROVE,"",4,4,0,0,true,7.99
SYN006579,ANNUAL,2026-12-07,2026-12-23,RECOMMEND_APPROVE,"",13,5,0,8,true,2.67
SYN004075,ANNUAL,2026-12-07,2026-12-20,DECLINED,ELG-001|BAL-001,10,6,0,4,true,3.65
SYN009410,ANNUAL,2026-12-07,2026-12-20,DECLINED,BAL-001,12,8,0,4,true,13.4
SYN004415,TOIL,2026-12-07,2026-12-13,RECOMMEND_APPROVE,"",5,2,0,3,true,2.57
SYN001634,ANNUAL,2026-12-07,2026-12-20,NEEDS_APPROVAL,COV-001,10,0,10,0,true,0.92
SYN002426,ANNUAL,2026-12-07,2026-12-10,NEEDS_APPROVAL,COV-001,4,1,1,2,true,0.47
SYN005941,ANNUAL,2026-12-07,2026-12-14,RECOMMEND_APPROVE,"",1,1,0,0,true,2.82
SYN008770,ANNUAL,2026-12-07,2026-12-20,NEEDS_APPROVAL,ELG-001,6,6,0,0,true,15.65
SYN000001,ANNUAL,2026-12-07,2026-12-13,DECLINED,BAL-001,4,0,0,4,true,0.41
SYN003030,ANNUAL,2026-12-07,2026-12-18,NEEDS_APPROVAL,COV-001,10,0,4,6,true,0.47
SYN006281,ANNUAL,2026-12-07,2026-12-20,NEEDS_APPROVAL,ELG-001,6,0,0,6,true,0.37
SYN009531,ANNUAL,2026-12-07,2026-12-13,RECOMMEND_APPROVE,"",4,4,0,0,true,1.47
SYN001438,ANNUAL,2026-12-07,2026-12-20,RECOMMEND_APPROVE,"",4,0,0,4,true,0.61
SYN000622,ANNUAL,2026-12-07,2026-12-20,DECLINED,BAL-001,10,6,0,4,true,2.83
SYN004223,TOIL,2026-12-07,2026-12-07,NEEDS_APPROVAL,BAL-003,1,0,0,1,true,0.22
SYN001067,ANNUAL,2026-12-07,2026-12-13,RECOMMEND_APPROVE,"",1,0,0,1,true,0.3
SYN006779,ANNUAL,2026-12-07,2026-12-13,NEEDS_APPROVAL,COV-001,7,0,3,4,true,0.46
SYN006396,LONG_SERVICE,2026-12-07,2026-12-27,DECLINED,ELG-003|BAL-001,6,0,0,6,true,1.28
SYN008429,ANNUAL,2026-12-07,2026-12-17,NEEDS_APPROVAL,ELG-001|COV-002,9,5,0,4,true,0.93
SYN004261,ANNUAL,2026-12-07,2026-12-13,RECOMMEND_APPROVE,"",2,0,0,2,true,0.46
SYN005862,ANNUAL,2026-12-07,2027-01-20,DECLINED,ELG-001|BAL-001|COV-002,38,11,0,27,true,4.22
SYN006640,ANNUAL,2026-12-07,2026-12-12,RECOMMEND_APPROVE,"",5,4,0,1,true,1.51
SYN004480,ANNUAL,2026-12-07,2026-12-07,NEEDS_APPROVAL,ELG-001,1,1,0,0,true,0.34
SYN001937,LONG_SERVICE,2026-12-07,2026-12-20,DECLINED,BAL-001,8,7,0,1,true,5.66
SYN004382,ANNUAL,2026-12-07,2027-01-03,DECLINED,BAL-001|COV-001,8,0,8,0,true,0.8
SYN001101,ANNUAL,2026-12-07,2026-12-13,RECOMMEND_APPROVE,"",4,4,0,0,true,0.61
SYN000515,LONG_SERVICE,2026-12-07,2026-12-09,DECLINED,ELG-003|BAL-001,3,0,0,3,true,0.27
SYN005966,ANNUAL,2026-12-07,2026-12-13,NEEDS_APPROVAL,COV-002,3,2,0,1,true,3.2
SYN001602,ANNUAL,2026-12-07,2026-12-13,NEEDS_APPROVAL,COV-001,6,0,3,3,true,0.46
SYN007470,ANNUAL,2026-12-07,2026-12-13,RECOMMEND_APPROVE,"",4,3,0,1,true,10.46
SYN001133,UNPAID,2026-12-07,2026-12-21,RECOMMEND_APPROVE,"",11,0,0,11,true,1.03
SYN007686,TOIL,2026-12-07,2026-12-07,NEEDS_APPROVAL,BAL-003,1,0,0,1,true,0.48
SYN009155,LONG_SERVICE,2026-12-07,2026-12-07,RECOMMEND_APPROVE,"",1,1,0,0,true,1.0
SYN005102,ANNUAL,2026-12-07,2026-12-13,RECOMMEND_APPROVE,"",5,0,0,5,true,0.4
SYN007291,TOIL,2026-12-07,2026-12-07,NEEDS_APPROVAL,ELG-001|BAL-003|COV-001,1,0,1,0,true,0.34
SYN004937,ANNUAL,2026-12-07,2026-12-13,RECOMMEND_APPROVE,"",5,3,0,2,true,1.55
SYN002877,ANNUAL,2026-12-07,2026-12-13,RECOMMEND_APPROVE,"",3,2,0,1,true,1.96
SYN006004,LONG_SERVICE,2026-12-07,2026-12-20,DECLINED,ELG-003|BAL-001,2,2,0,0,true,0.61
SYN008541,ANNUAL,2026-12-07,2026-12-11,NEEDS_APPROVAL,COV-001,5,1,2,2,true,1.04
SYN001105,ANNUAL,2026-12-07,2026-12-13,RECOMMEND_APPROVE,"",4,1,0,3,true,1.02
SYN001678,ANNUAL,2026-12-07,2027-01-03,DECLINED,COV-001,12,0,4,8,true,0.49
SYN000897,ANNUAL,2026-12-07,2026-12-20,DECLINED,BAL-001|COV-001,12,0,4,8,true,1.26
SYN000115,ANNUAL,2026-12-07,2026-12-25,RECOMMEND_APPROVE,"",5,4,0,1,true,3.41
SYN000479,ANNUAL,2026-12-07,2026-12-09,NEEDS_APPROVAL,ELG-001,3,1,0,2,true,0.78
SYN005445,ANNUAL,2026-12-07,2026-12-12,NEEDS_APPROVAL,COV-001,5,2,3,0,true,0.91
SYN001368,ANNUAL,2026-12-07,2026-12-13,RECOMMEND_APPROVE,"",5,4,0,1,true,2.68
SYN007359,ANNUAL,2026-12-07,2026-12-10,NEEDS_APPROVAL,ELG-001|COV-002,4,0,0,4,true,1.24
SYN004254,ANNUAL,2026-12-07,2026-12-13,RECOMMEND_APPROVE,"",2,0,0,2,true,0.44
SYN002095,LONG_SERVICE,2026-12-07,2026-12-08,RECOMMEND_APPROVE,"",2,2,0,0,true,1.84
SYN004831,LONG_SERVICE,2026-12-07,2026-12-28,RECOMMEND_APPROVE,"",15,5,0,10,true,5.26
SYN007977,ANNUAL,2026-12-07,2026-12-13,RECOMMEND_APPROVE,"",5,2,0,3,true,1.58
SYN000494,ANNUAL,2026-12-07,2026-12-13,RECOMMEND_APPROVE,"",7,0,0,7,true,0.48
SYN007861,TOIL,2026-12-07,2026-12-07,NEEDS_APPROVAL,ELG-001|BAL-003,1,0,0,1,true,0.21
SYN003620,ANNUAL,2026-12-07,2026-12-20,RECOMMEND_APPROVE,"",6,2,0,4,true,5.43
SYN009362,PROF_DEV,2026-12-07,2026-12-11,DECLINED,BAL-001,5,0,0,5,true,0.36
SYN005141,ANNUAL,2026-12-07,2026-12-13,RECOMMEND_APPROVE,"",5,0,0,5,true,0.57
SYN004836,TOIL,2026-12-07,2026-12-08,RECOMMEND_APPROVE,"",2,1,0,1,true,1.03
SYN001302,ANNUAL,2026-12-07,2026-12-17,RECOMMEND_APPROVE,"",0,0,0,0,false,0.13
SYN007017,ANNUAL,2026-12-07,2026-12-13,RECOMMEND_APPROVE,"",3,3,0,0,true,4.47
SYN001543,ADO,2026-12-07,2026-12-07,DECLINED,ELG-002|BAL-003,1,0,0,1,true,0.25
SYN005536,PROF_DEV,2026-12-07,2026-12-11,RECOMMEND_APPROVE,"",4,2,0,2,true,0.47
SYN007480,ANNUAL,2026-12-07,2026-12-10,RECOMMEND_APPROVE,"",4,4,0,0,true,0.75
SYN007794,ANNUAL,2026-12-07,2026-12-20,RECOMMEND_APPROVE,"",10,9,0,1,true,23.28
SYN008570,ANNUAL,2026-12-07,2026-12-20,RECOMMEND_APPROVE,"",10,0,0,10,true,0.57
SYN005759,ANNUAL,2026-12-07,2026-12-20,DECLINED,BAL-001,12,2,0,10,true,2.55
SYN005213,ANNUAL,2026-12-07,2026-12-13,RECOMMEND_APPROVE,"",5,4,0,1,true,3.45
SYN006272,UNPAID,2026-12-07,2027-01-03,RECOMMEND_APPROVE,"",16,0,0,16,true,1.6
SYN002490,TOIL,2026-12-07,2026-12-13,DECLINED,ELG-001|BAL-001,4,2,0,2,true,3.41
SYN006729,LONG_SERVICE,2026-12-07,2027-02-07,DECLINED,ELG-003|BAL-001,18,3,0,15,true,3.08
SYN003867,LONG_SERVICE,2026-12-07,2027-01-03,DECLINED,BAL-001,12,4,0,8,true,7.34
SYN001419,ANNUAL,2026-12-07,2026-12-13,RECOMMEND_APPROVE,"",3,2,0,1,true,0.41
SYN001358,TOIL,2026-12-07,2026-12-20,DECLINED,BAL-001,8,6,0,2,true,2.71
SYN000853,ANNUAL,2026-12-07,2026-12-13,RECOMMEND_APPROVE,"",5,1,0,4,true,0.76
SYN007909,ANNUAL,2026-12-07,2026-12-27,RECOMMEND_APPROVE,"",12,9,0,3,true,6.73
SYN004251,ANNUAL,2026-12-07,2026-12-27,RECOMMEND_APPROVE,"",15,2,0,13,true,0.78
SYN001026,ANNUAL,2026-12-07,2026-12-13,RECOMMEND_APPROVE,"",2,1,0,1,true,0.92
SYN004631,ANNUAL,2026-12-07,2026-12-10,NEEDS_APPROVAL,COV-001,2,0,1,1,true,0.3
SYN000188,ANNUAL,2026-12-07,2026-12-13,RECOMMEND_APPROVE,"",3,1,0,2,true,0.78
SYN004127,ANNUAL,2026-12-07,2026-12-18,RECOMMEND_APPROVE,"",10,2,0,8,true,0.67
SYN002879,TOIL,2026-12-07,2026-12-11,RECOMMEND_APPROVE,"",4,1,0,3,true,0.56
SYN000569,ANNUAL,2026-12-07,2026-12-09,NEEDS_APPROVAL,COV-001,3,0,3,0,true,0.28
SYN007080,ANNUAL,2026-12-07,2026-12-07,RECOMMEND_APPROVE,"",1,0,0,1,true,0.19
SYN003389,ANNUAL,2026-12-07,2026-12-10,RECOMMEND_APPROVE,"",4,3,0,1,true,1.18
SYN006221,LONG_SERVICE,2026-12-07,2026-12-13,DECLINED,ELG-003|BAL-001|COV-001,5,0,3,2,true,0.4
SYN002357,LONG_SERVICE,2026-12-07,2026-12-31,DECLINED,ELG-001|BAL-001|COV-002,19,18,0,1,true,4.59
SYN000534,TOIL,2026-12-07,2026-12-07,NEEDS_APPROVAL,BAL-003,1,0,0,1,true,0.24
SYN004673,LONG_SERVICE,2026-12-07,2026-12-09,DECLINED,ELG-003|BAL-001,2,2,0,0,true,1.39
SYN007573,ANNUAL,2026-12-07,2026-12-07,RECOMMEND_APPROVE,"",1,1,0,0,true,1.07
SYN008566,ANNUAL,2026-12-07,2027-01-31,DECLINED,ELG-001|BAL-001,24,0,0,24,true,3.45
SYN001196,LONG_SERVICE,2026-12-07,2026-12-27,DECLINED,ELG-003|BAL-001|NOT-002,9,0,0,9,true,0.49
SYN007766,TOIL,2026-12-07,2026-12-07,NEEDS_APPROVAL,BAL-003,1,1,0,0,true,0.92
SYN006552,ANNUAL,2026-12-07,2026-12-13,RECOMMEND_APPROVE,"",4,3,0,1,true,1.39
SYN004268,LONG_SERVICE,2026-12-07,2026-12-10,DECLINED,ELG-003|BAL-001|COV-001,2,0,1,1,true,0.29
SYN000418,LONG_SERVICE,2026-12-07,2026-12-10,NEEDS_APPROVAL,COV-001,4,2,2,0,true,1.21
SYN003137,ANNUAL,2026-12-07,2026-12-27,NEEDS_APPROVAL,ELG-001|COV-002,15,15,0,0,true,3.51
SYN005704,ANNUAL,2026-12-07,2026-12-27,DECLINED,BAL-001,15,3,0,12,true,1.97
SYN004819,TOIL,2026-12-07,2026-12-07,RECOMMEND_APPROVE,"",1,0,0,1,true,0.18
SYN001292,ANNUAL,2026-12-07,2026-12-20,RECOMMEND_APPROVE,"",4,0,0,4,true,0.52
SYN009457,ANNUAL,2026-12-07,2026-12-10,DECLINED,ELG-001|BAL-001,4,4,0,0,true,1.35
SYN007879,ANNUAL,2026-12-07,2026-12-10,RECOMMEND_APPROVE,"",4,0,0,4,true,0.43
SYN002900,ANNUAL,2026-12-07,2026-12-21,DECLINED,COV-001,11,2,2,7,true,0.74
SYN004270,LONG_SERVICE,2026-12-07,2026-12-07,NEEDS_APPROVAL,ELG-001,1,0,0,1,true,0.21
SYN005019,ANNUAL,2026-12-07,2026-12-13,NEEDS_APPROVAL,ELG-001,5,2,0,3,true,1.89
SYN009246,LONG_SERVICE,2026-12-07,2026-12-28,DECLINED,ELG-003|BAL-001|COV-001,16,0,7,9,true,0.71
SYN007447,ANNUAL,2026-12-07,2026-12-18,NEEDS_APPROVAL,COV-001,8,1,2,5,true,0.52
SYN004985,ANNUAL,2026-12-07,2027-01-03,RECOMMEND_APPROVE,"",16,4,0,12,true,1.14
SYN000753,ANNUAL,2026-12-07,2026-12-14,DECLINED,BAL-001,7,3,0,4,true,1.06
SYN000627,ANNUAL,2026-12-07,2027-01-17,NEEDS_APPROVAL,ELG-001,18,0,0,18,true,0.95
SYN007980,LONG_SERVICE,2026-12-07,2026-12-20,DECLINED,ELG-003|BAL-001,6,6,0,0,true,10.7
SYN006914,ANNUAL,2026-12-07,2026-12-18,NEEDS_APPROVAL,ELG-001|COV-001,10,0,3,7,true,0.73
SYN004371,ANNUAL,2026-12-07,2027-01-10,RECOMMEND_APPROVE,"",15,5,0,10,true,1.93
SYN003457,UNPAID,2026-12-07,2027-02-21,NEEDS_APPROVAL,ELG-001,22,0,0,22,true,1.26
SYN007569,TOIL,2026-12-07,2026-12-07,NEEDS_APPROVAL,BAL-003,1,0,0,1,true,0.36
SYN008336,ANNUAL,2026-12-07,2026-12-28,NEEDS_APPROVAL,ELG-001,16,3,0,13,true,0.88
SYN003220,ANNUAL,2026-12-08,2026-12-10,RECOMMEND_APPROVE,"",3,1,0,2,true,0.33
SYN001148,ANNUAL,2026-12-08,2027-01-06,RECOMMEND_APPROVE,"",0,0,0,0,false,0.19
SYN009359,ANNUAL,2026-12-08,2026-12-10,NEEDS_APPROVAL,COV-001,3,0,3,0,true,0.37
SYN005014,ANNUAL,2026-12-08,2026-12-10,RECOMMEND_APPROVE,"",3,2,0,1,true,0.37
SYN004223,LONG_SERVICE,2026-12-08,2026-12-10,NEEDS_APPROVAL,NOT-002,3,0,0,3,true,0.27
SYN007569,ANNUAL,2026-12-08,2026-12-10,RECOMMEND_APPROVE,"",3,0,0,3,true,0.4
SYN000013,ANNUAL,2026-12-08,2026-12-09,RECOMMEND_APPROVE,"",1,0,0,1,true,0.18
SYN000371,LONG_SERVICE,2026-12-08,2026-12-10,DECLINED,BAL-001|COV-001,3,1,1,1,true,0.41
SYN000407,ANNUAL,2026-12-08,2026-12-08,RECOMMEND_APPROVE,"",1,0,0,1,true,0.23
SYN007509,TOIL,2026-12-08,2026-12-09,RECOMMEND_APPROVE,"",0,0,0,0,false,0.11
SYN008967,ANNUAL,2026-12-08,2026-12-15,NEEDS_APPROVAL,ELG-001,4,1,0,3,true,0.38
SYN005555,LONG_SERVICE,2026-12-08,2026-12-10,DECLINED,ELG-003|BAL-003,3,3,0,0,true,1.08
SYN006828,ANNUAL,2026-12-08,2026-12-28,DECLINED,BAL-001,15,0,0,15,true,0.87
SYN008632,ANNUAL,2026-12-08,2026-12-08,NEEDS_APPROVAL,ELG-001,1,0,0,1,true,0.21
SYN005299,ANNUAL,2026-12-08,2026-12-10,RECOMMEND_APPROVE,"",3,0,0,3,true,0.21
SYN007686,ANNUAL,2026-12-08,2026-12-10,RECOMMEND_APPROVE,"",2,1,0,1,true,0.43
SYN007518,ANNUAL,2026-12-08,2026-12-27,DECLINED,ELG-001|COV-001,11,4,3,4,true,1.26
SYN006370,ANNUAL,2026-12-08,2026-12-10,NEEDS_APPROVAL,COV-001,2,1,1,0,true,0.32
SYN000861,ANNUAL,2026-12-08,2026-12-10,NEEDS_APPROVAL,COV-001,3,0,3,0,true,0.42
SYN003658,ANNUAL,2026-12-08,2026-12-17,RECOMMEND_APPROVE,"",5,5,0,0,true,1.82
SYN008310,LONG_SERVICE,2026-12-08,2026-12-13,NEEDS_APPROVAL,COV-001,4,0,2,2,true,0.41
SYN000534,ANNUAL,2026-12-08,2026-12-10,RECOMMEND_APPROVE,"",3,0,0,3,true,0.26
SYN005903,ANNUAL,2026-12-08,2026-12-10,RECOMMEND_APPROVE,"",3,0,0,3,true,0.21
SYN001752,ANNUAL,2026-12-08,2026-12-10,RECOMMEND_APPROVE,"",3,1,0,2,true,0.29
SYN007399,ADO,2026-12-08,2026-12-10,DECLINED,REQ-004|BAL-001,3,0,0,3,true,0.8
SYN006760,ANNUAL,2026-12-08,2026-12-11,NEEDS_APPROVAL,COV-001,4,0,4,0,true,0.33
SYN006266,ANNUAL,2026-12-08,2026-12-09,RECOMMEND_APPROVE,"",2,0,0,2,true,0.32
SYN005491,PROF_DEV,2026-12-08,2026-12-09,NEEDS_APPROVAL,COV-005,2,0,0,2,true,0.25
SYN004905,UNPAID,2026-12-08,2026-12-08,RECOMMEND_APPROVE,"",1,0,0,1,true,0.27
SYN006925,ANNUAL,2026-12-08,2026-12-10,RECOMMEND_APPROVE,"",1,0,0,1,true,0.18
SYN009147,TOIL,2026-12-08,2026-12-09,NEEDS_APPROVAL,COV-001,2,0,1,1,true,0.44
SYN007873,ANNUAL,2026-12-08,2026-12-10,RECOMMEND_APPROVE,"",3,3,0,0,true,2.92
SYN007291,ANNUAL,2026-12-08,2026-12-08,NEEDS_APPROVAL,ELG-001,1,0,0,1,true,0.23
SYN001670,ANNUAL,2026-12-08,2026-12-10,RECOMMEND_APPROVE,"",3,0,0,3,true,0.2
SYN007993,ADO,2026-12-08,2026-12-10,NEEDS_APPROVAL,REQ-004|ELG-001,3,0,0,3,true,0.23
SYN006463,UNPAID,2026-12-08,2027-01-10,RECOMMEND_APPROVE,"",24,0,0,24,true,0.54
SYN008417,LONG_SERVICE,2026-12-08,2026-12-09,DECLINED,ELG-003|BAL-001,2,0,0,2,true,0.25
SYN006310,ANNUAL,2026-12-08,2026-12-17,RECOMMEND_APPROVE,"",7,4,0,3,true,1.94
SYN007640,TOIL,2026-12-08,2026-12-10,RECOMMEND_APPROVE,"",1,1,0,0,true,0.49
SYN000233,ANNUAL,2026-12-08,2026-12-10,NEEDS_APPROVAL,BAL-003,0,0,0,0,false,0.1
SYN007861,ANNUAL,2026-12-08,2026-12-10,NEEDS_APPROVAL,ELG-001,3,0,0,3,true,0.24
SYN008473,ANNUAL,2026-12-08,2026-12-10,RECOMMEND_APPROVE,"",3,3,0,0,true,1.5
SYN002557,PROF_DEV,2026-12-08,2026-12-11,DECLINED,BAL-001,3,2,0,1,true,0.81
SYN000625,ADO,2026-12-08,2026-12-08,NEEDS_APPROVAL,BAL-003,1,0,0,1,true,0.26
SYN009533,TOIL,2026-12-08,2026-12-10,NEEDS_APPROVAL,ELG-001,3,2,0,1,true,0.72
SYN004212,ANNUAL,2026-12-08,2026-12-10,RECOMMEND_APPROVE,"",2,0,0,2,true,0.21
SYN005805,ANNUAL,2026-12-08,2026-12-08,NEEDS_APPROVAL,COV-002,1,1,0,0,true,1.75
SYN008043,ANNUAL,2026-12-08,2026-12-17,NEEDS_APPROVAL,COV-001,6,0,2,4,true,0.34
SYN006474,PROF_DEV,2026-12-08,2026-12-08,DECLINED,ELG-002|BAL-003,1,0,0,1,true,0.28
SYN005817,ANNUAL,2026-12-08,2026-12-10,NEEDS_APPROVAL,ELG-001,3,0,0,3,true,0.38
SYN006317,ANNUAL,2026-12-08,2026-12-10,RECOMMEND_APPROVE,"",3,0,0,3,true,0.38
SYN007089,ANNUAL,2026-12-08,2026-12-15,RECOMMEND_APPROVE,"",5,5,0,0,true,6.75
SYN004762,ANNUAL,2026-12-08,2026-12-10,RECOMMEND_APPROVE,"",3,1,0,2,true,0.53
SYN008415,SICK,2026-12-08,2026-12-10,ACCEPTED,COV-001,3,0,2,1,true,0.31
SYN003235,ANNUAL,2026-12-08,2026-12-08,RECOMMEND_APPROVE,"",1,1,0,0,true,0.69
SYN005919,ANNUAL,2026-12-09,2026-12-24,DECLINED,BAL-001,6,3,0,3,true,1.72
SYN007291,LONG_SERVICE,2026-12-09,2026-12-09,DECLINED,ELG-001|ELG-003|BAL-001,1,0,0,1,true,0.25
SYN004272,ANNUAL,2026-12-09,2026-12-18,RECOMMEND_APPROVE,"",8,6,0,2,true,2.34
SYN006248,ANNUAL,2026-12-09,2026-12-11,NEEDS_APPROVAL,COV-001,3,0,2,1,true,0.32
SYN003969,ANNUAL,2026-12-09,2026-12-15,RECOMMEND_APPROVE,"",5,3,0,2,true,1.7
SYN008494,ANNUAL,2026-12-09,2026-12-28,RECOMMEND_APPROVE,"",11,7,0,4,true,7.71
SYN005896,ANNUAL,2026-12-09,2026-12-13,NEEDS_APPROVAL,COV-001,3,0,1,2,true,0.81
SYN007932,ANNUAL,2026-12-09,2026-12-10,NEEDS_APPROVAL,COV-001,2,0,2,0,true,0.31
SYN002856,UNPAID,2026-12-09,2027-04-25,RECOMMEND_APPROVE,"",98,0,0,98,true,1.92
SYN005264,ANNUAL,2026-12-09,2026-12-11,NEEDS_APPROVAL,COV-001,3,0,2,1,true,0.25
SYN000209,ANNUAL,2026-12-09,2026-12-15,RECOMMEND_APPROVE,"",1,0,0,1,true,0.29
SYN006637,LONG_SERVICE,2026-12-09,2026-12-10,DECLINED,ELG-003|BAL-001,2,0,0,2,true,0.26
SYN003762,ANNUAL,2026-12-09,2026-12-11,RECOMMEND_APPROVE,"",3,0,0,3,true,0.21
SYN008579,PROF_DEV,2026-12-09,2026-12-14,RECOMMEND_APPROVE,"",3,0,0,3,true,0.23
SYN000103,ANNUAL,2026-12-09,2026-12-13,RECOMMEND_APPROVE,"",5,0,0,5,true,0.29
SYN006890,ANNUAL,2026-12-09,2026-12-23,DECLINED,BAL-001,13,2,0,11,true,1.62
SYN002755,ANNUAL,2026-12-09,2026-12-11,RECOMMEND_APPROVE,"",2,0,0,2,true,0.27
SYN005024,UNPAID,2026-12-09,2026-12-09,RECOMMEND_APPROVE,"",1,0,0,1,true,0.19
SYN001032,ANNUAL,2026-12-09,2026-12-15,RECOMMEND_APPROVE,"",6,2,0,4,true,0.8
SYN006746,ANNUAL,2026-12-09,2026-12-23,DECLINED,BAL-001,11,0,0,11,true,0.47
SYN003399,ANNUAL,2026-12-09,2026-12-17,NEEDS_APPROVAL,COV-001,7,4,1,2,true,0.64
SYN007972,LONG_SERVICE,2026-12-09,2026-12-10,DECLINED,BAL-001,2,0,0,2,true,0.24
SYN003578,ANNUAL,2026-12-10,2027-01-03,RECOMMEND_APPROVE,"",17,0,0,17,true,0.74
SYN002154,ANNUAL,2026-12-10,2026-12-10,RECOMMEND_APPROVE,"",1,1,0,0,true,0.59
SYN007421,PROF_DEV,2026-12-10,2026-12-10,NEEDS_APPROVAL,BAL-003,1,1,0,0,true,0.52
SYN000479,UNPAID,2026-12-10,2026-12-11,NEEDS_APPROVAL,ELG-001,2,1,0,1,true,0.45
SYN005008,ANNUAL,2026-12-10,2027-01-10,NEEDS_APPROVAL,ELG-001,17,9,0,8,true,4.85
SYN001589,ANNUAL,2026-12-10,2026-12-11,RECOMMEND_APPROVE,"",2,0,0,2,true,0.26
SYN001921,ANNUAL,2026-12-10,2026-12-11,RECOMMEND_APPROVE,"",1,0,0,1,true,0.18
SYN002080,ANNUAL,2026-12-10,2026-12-13,RECOMMEND_APPROVE,"",2,1,0,1,true,0.49
SYN008155,ANNUAL,2026-12-10,2026-12-14,RECOMMEND_APPROVE,"",3,3,0,0,true,1.11
SYN008653,ANNUAL,2026-12-10,2026-12-10,RECOMMEND_APPROVE,"",1,0,0,1,true,0.2
SYN004109,PROF_DEV,2026-12-10,2026-12-13,RECOMMEND_APPROVE,"",2,0,0,2,true,0.22
SYN006474,ANNUAL,2026-12-10,2027-01-01,DECLINED,BAL-001,13,0,0,13,true,1.06
SYN003157,ANNUAL,2026-12-10,2026-12-13,NEEDS_APPROVAL,ELG-001|COV-002,2,2,0,0,true,0.88
SYN005380,TOIL,2026-12-10,2026-12-10,RECOMMEND_APPROVE,"",0,0,0,0,false,0.12
SYN008200,ANNUAL,2026-12-10,2026-12-11,RECOMMEND_APPROVE,"",2,1,0,1,true,0.3
SYN007383,LONG_SERVICE,2026-12-10,2026-12-10,DECLINED,ELG-003|BAL-001,1,0,0,1,true,0.33
SYN007681,PROF_DEV,2026-12-10,2026-12-10,RECOMMEND_APPROVE,"",1,0,0,1,true,0.25
SYN009114,ANNUAL,2026-12-10,2026-12-10,NEEDS_APPROVAL,ELG-001,0,0,0,0,false,0.14
SYN001137,PROF_DEV,2026-12-10,2026-12-10,NEEDS_APPROVAL,ELG-001,0,0,0,0,false,0.13
SYN004692,PROF_DEV,2026-12-10,2026-12-13,RECOMMEND_APPROVE,"",2,2,0,0,true,0.37
SYN009300,ANNUAL,2026-12-10,2026-12-18,NEEDS_APPROVAL,COV-001,7,0,2,5,true,0.3
SYN007242,ANNUAL,2026-12-10,2026-12-10,RECOMMEND_APPROVE,"",1,0,0,1,true,0.22
SYN009425,ANNUAL,2026-12-10,2027-01-01,NEEDS_APPROVAL,ELG-001,12,0,0,12,true,0.38
SYN002427,ANNUAL,2026-12-10,2026-12-20,RECOMMEND_APPROVE,"",7,3,0,4,true,1.34
SYN003013,PROF_DEV,2026-12-10,2026-12-14,DECLINED,BAL-001|COV-005,3,0,0,3,true,0.27
SYN008404,ANNUAL,2026-12-10,2026-12-11,RECOMMEND_APPROVE,"",0,0,0,0,false,0.11
SYN005752,ANNUAL,2026-12-10,2026-12-28,RECOMMEND_APPROVE,"",8,1,0,7,true,0.85
SYN007570,ADO,2026-12-10,2026-12-10,DECLINED,BAL-001,1,0,0,1,true,0.28
SYN007756,ANNUAL,2026-12-10,2026-12-10,NEEDS_APPROVAL,COV-001,1,0,1,0,true,0.46
SYN005513,ANNUAL,2026-12-10,2026-12-10,NEEDS_APPROVAL,COV-001,1,0,1,0,true,0.19
SYN003027,ANNUAL,2026-12-10,2026-12-10,NEEDS_APPROVAL,ELG-001,1,0,0,1,true,0.18
SYN005186,ANNUAL,2026-12-10,2026-12-20,RECOMMEND_APPROVE,"",11,11,0,0,true,28.54
SYN008156,ADO,2026-12-11,2026-12-14,DECLINED,REQ-004|BAL-001,4,0,0,4,true,0.74
SYN006969,TOIL,2026-12-11,2026-12-12,DECLINED,ELG-002|BAL-003,1,0,0,1,true,0.22
SYN006271,ANNUAL,2026-12-11,2026-12-18,RECOMMEND_APPROVE,"",6,2,0,4,true,0.68
SYN007629,TOIL,2026-12-11,2026-12-11,DECLINED,ELG-002|BAL-003,0,0,0,0,false,0.13
SYN006637,TOIL,2026-12-11,2026-12-11,NEEDS_APPROVAL,BAL-003,1,0,0,1,true,0.17
SYN005894,TOIL,2026-12-11,2026-12-11,RECOMMEND_APPROVE,"",0,0,0,0,false,0.1
SYN004112,LONG_SERVICE,2026-12-11,2026-12-11,DECLINED,BAL-001|COV-001,1,0,1,0,true,0.22
SYN004357,LONG_SERVICE,2026-12-11,2026-12-11,DECLINED,BAL-001|COV-001,1,0,1,0,true,0.29
SYN007925,PROF_DEV,2026-12-11,2026-12-12,NEEDS_APPROVAL,BAL-003,1,0,0,1,true,0.4
SYN005903,TOIL,2026-12-11,2026-12-11,NEEDS_APPROVAL,BAL-003,1,0,0,1,true,0.16
SYN003404,ADO,2026-12-11,2026-12-11,DECLINED,BAL-001,1,0,0,1,true,0.24
SYN007349,ADO,2026-12-11,2026-12-11,DECLINED,BAL-001,1,1,0,0,true,0.44
SYN007465,TOIL,2026-12-11,2026-12-11,NEEDS_APPROVAL,COV-002,1,1,0,0,true,2.26
SYN007267,TOIL,2026-12-11,2026-12-11,NEEDS_APPROVAL,ELG-001|BAL-003,1,0,0,1,true,0.39
SYN008473,TOIL,2026-12-11,2026-12-11,NEEDS_APPROVAL,BAL-003,1,1,0,0,true,1.1
SYN007570,ANNUAL,2026-12-11,2026-12-14,NEEDS_APPROVAL,COV-001,2,0,2,0,true,0.3
SYN002056,TOIL,2026-12-11,2026-12-11,NEEDS_APPROVAL,BAL-003,1,0,0,1,true,0.18
SYN006368,ANNUAL,2026-12-11,2026-12-11,RECOMMEND_APPROVE,"",1,1,0,0,true,0.33
SYN003129,TOIL,2026-12-11,2026-12-11,NEEDS_APPROVAL,ELG-001|BAL-003,1,0,0,1,true,0.21
SYN007359,TOIL,2026-12-11,2026-12-14,NEEDS_APPROVAL,ELG-001|BAL-003|COV-002,1,0,0,1,true,0.3
SYN004935,TOIL,2026-12-11,2026-12-11,NEEDS_APPROVAL,BAL-003,1,0,0,1,true,0.23
SYN000418,ANNUAL,2026-12-11,2026-12-11,NEEDS_APPROVAL,COV-001,1,0,1,0,true,0.27
SYN006061,ANNUAL,2026-12-11,2026-12-28,NEEDS_APPROVAL,ELG-001,11,8,0,3,true,2.35
SYN009088,TOIL,2026-12-11,2026-12-11,DECLINED,ELG-001|BAL-001,1,0,0,1,true,0.3
SYN007686,TOIL,2026-12-11,2026-12-11,NEEDS_APPROVAL,BAL-003,1,1,0,0,true,0.43
SYN002112,TOIL,2026-12-11,2026-12-11,RECOMMEND_APPROVE,"",0,0,0,0,false,0.1
SYN004367,TOIL,2026-12-11,2026-12-11,RECOMMEND_APPROVE,"",0,0,0,0,false,0.1
SYN006806,ANNUAL,2026-12-11,2026-12-13,RECOMMEND_APPROVE,"",2,0,0,2,true,0.29
SYN001323,TOIL,2026-12-11,2026-12-11,NEEDS_APPROVAL,BAL-003,1,0,0,1,true,0.19
SYN003660,ANNUAL,2026-12-11,2026-12-17,RECOMMEND_APPROVE,"",5,0,0,5,true,0.22
SYN000233,TOIL,2026-12-11,2026-12-11,RECOMMEND_APPROVE,"",1,0,0,1,true,0.19
SYN003251,UNPAID,2026-12-11,2026-12-11,RECOMMEND_APPROVE,"",1,0,0,1,true,0.14
SYN007808,TOIL,2026-12-11,2026-12-13,RECOMMEND_APPROVE,"",1,0,0,1,true,0.29
SYN009458,ANNUAL,2026-12-11,2026-12-11,RECOMMEND_APPROVE,"",1,0,0,1,true,0.38
SYN007845,ADO,2026-12-11,2026-12-11,NEEDS_APPROVAL,ELG-001|COV-001,1,0,1,0,true,0.22
SYN002154,TOIL,2026-12-11,2026-12-11,RECOMMEND_APPROVE,"",1,1,0,0,true,0.78
SYN000882,ANNUAL,2026-12-11,2026-12-12,RECOMMEND_APPROVE,"",0,0,0,0,false,0.11
SYN003662,ANNUAL,2026-12-11,2026-12-11,RECOMMEND_APPROVE,"",1,0,0,1,true,0.23
SYN003329,ANNUAL,2026-12-11,2026-12-11,NEEDS_APPROVAL,ELG-001|COV-001,1,0,1,0,true,0.22
SYN009375,ANNUAL,2026-12-11,2026-12-20,NEEDS_APPROVAL,COV-001,3,0,1,2,true,0.38
SYN009533,TOIL,2026-12-11,2026-12-11,NEEDS_APPROVAL,ELG-001,0,0,0,0,false,0.13
SYN001760,UNPAID,2026-12-11,2026-12-21,NEEDS_APPROVAL,COV-001,6,0,4,2,true,0.31
SYN004650,PROF_DEV,2026-12-11,2026-12-19,DECLINED,BAL-001|COV-001,3,0,1,2,true,0.27
SYN009143,LONG_SERVICE,2026-12-11,2026-12-11,DECLINED,ELG-003|BAL-001|NOT-002,1,1,0,0,true,0.34
SYN005448,ANNUAL,2026-12-11,2026-12-11,RECOMMEND_APPROVE,"",0,0,0,0,false,0.1
SYN005817,TOIL,2026-12-11,2026-12-11,NEEDS_APPROVAL,ELG-001|BAL-003,1,0,0,1,true,0.23
SYN002925,ANNUAL,2026-12-11,2026-12-18,NEEDS_APPROVAL,COV-001,6,3,3,0,true,0.7
SYN006723,TOIL,2026-12-11,2026-12-14,NEEDS_APPROVAL,ELG-001|BAL-003,2,0,0,2,true,0.24
SYN002426,TOIL,2026-12-11,2026-12-11,NEEDS_APPROVAL,BAL-003,1,0,0,1,true,0.2
SYN009332,ANNUAL,2026-12-11,2026-12-11,NEEDS_APPROVAL,ELG-001|COV-001,1,0,1,0,true,0.68
SYN006627,ANNUAL,2026-12-11,2026-12-11,RECOMMEND_APPROVE,"",1,1,0,0,true,0.5
SYN001352,ANNUAL,2026-12-11,2027-01-06,RECOMMEND_APPROVE,"",19,0,0,19,true,0.81
SYN001670,TOIL,2026-12-11,2026-12-11,NEEDS_APPROVAL,BAL-003,1,0,0,1,true,0.16
SYN003358,ANNUAL,2026-12-11,2026-12-11,RECOMMEND_APPROVE,"",1,1,0,0,true,0.86
SYN003179,ANNUAL,2026-12-11,2026-12-17,RECOMMEND_APPROVE,"",5,0,0,5,true,0.36
SYN007678,PROF_DEV,2026-12-11,2026-12-11,NEEDS_APPROVAL,COV-001,1,0,1,0,true,0.19
SYN000534,TOIL,2026-12-11,2026-12-11,NEEDS_APPROVAL,BAL-003,1,1,0,0,true,0.59
SYN004819,TOIL,2026-12-11,2026-12-11,NEEDS_APPROVAL,COV-001,1,0,1,0,true,0.18
SYN006098,ANNUAL,2026-12-11,2026-12-17,NEEDS_APPROVAL,COV-001,5,0,1,4,true,0.49
SYN009067,PROF_DEV,2026-12-11,2026-12-11,NEEDS_APPROVAL,ELG-001|BAL-003,1,0,0,1,true,0.29
SYN006657,TOIL,2026-12-11,2026-12-12,DECLINED,BAL-001,1,0,0,1,true,0.2
SYN006317,TOIL,2026-12-11,2026-12-11,DECLINED,ELG-002|BAL-003,1,0,0,1,true,0.18
SYN007480,TOIL,2026-12-11,2026-12-11,NEEDS_APPROVAL,BAL-003,1,0,0,1,true,0.19
SYN009295,LONG_SERVICE,2026-12-11,2026-12-11,DECLINED,ELG-003|BAL-001,1,0,0,1,true,0.24
SYN007569,TOIL,2026-12-11,2026-12-11,NEEDS_APPROVAL,BAL-003,1,0,0,1,true,0.26
SYN003027,TOIL,2026-12-11,2026-12-11,NEEDS_APPROVAL,ELG-001|BAL-003,1,0,0,1,true,0.18
SYN004166,ANNUAL,2026-12-11,2026-12-14,NEEDS_APPROVAL,COV-001,2,0,2,0,true,0.23
SYN007873,ADO,2026-12-11,2026-12-11,NEEDS_APPROVAL,BAL-003,1,1,0,0,true,1.21
SYN000569,PROF_DEV,2026-12-11,2026-12-11,RECOMMEND_APPROVE,"",1,0,0,1,true,0.16
SYN003830,TOIL,2026-12-11,2026-12-11,RECOMMEND_APPROVE,"",0,0,0,0,false,0.1
SYN009482,TOIL,2026-12-11,2026-12-11,NEEDS_APPROVAL,BAL-003,1,0,0,1,true,0.19
SYN003389,TOIL,2026-12-11,2026-12-11,RECOMMEND_APPROVE,"",1,1,0,0,true,0.49
SYN000410,ANNUAL,2026-12-11,2026-12-11,RECOMMEND_APPROVE,"",1,0,0,1,true,0.22
SYN005299,TOIL,2026-12-11,2026-12-11,DECLINED,BAL-001,1,0,0,1,true,0.18
SYN007766,TOIL,2026-12-11,2026-12-11,NEEDS_APPROVAL,BAL-003,1,1,0,0,true,1.07
SYN008454,ANNUAL,2026-12-11,2026-12-14,NEEDS_APPROVAL,ELG-001|COV-001,2,0,2,0,true,0.25
SYN004090,ANNUAL,2026-12-11,2026-12-21,DECLINED,BAL-001,7,7,0,0,true,2.1
SYN009057,TOIL,2026-12-11,2026-12-11,NEEDS_APPROVAL,ELG-001,1,1,0,0,true,0.74
SYN003261,TOIL,2026-12-11,2026-12-11,RECOMMEND_APPROVE,"",1,0,0,1,true,0.28
SYN009546,ANNUAL,2026-12-11,2026-12-15,RECOMMEND_APPROVE,"",2,1,0,1,true,0.39
SYN008173,ANNUAL,2026-12-11,2026-12-11,RECOMMEND_APPROVE,"",1,1,0,0,true,0.3
SYN008989,PROF_DEV,2026-12-11,2026-12-27,RECOMMEND_APPROVE,"",11,0,0,11,true,0.9
SYN004863,TOIL,2026-12-11,2026-12-11,DECLINED,ELG-002|BAL-003,1,1,0,0,true,0.45
SYN003226,TOIL,2026-12-11,2026-12-11,NEEDS_APPROVAL,BAL-003,1,0,0,1,true,0.16
SYN004762,TOIL,2026-12-11,2026-12-11,RECOMMEND_APPROVE,"",1,0,0,1,true,0.22
SYN008747,ANNUAL,2026-12-11,2026-12-20,NEEDS_APPROVAL,ELG-001,6,0,0,6,true,0.5
SYN001827,ANNUAL,2026-12-11,2026-12-20,RECOMMEND_APPROVE,"",4,1,0,3,true,0.59
SYN003480,ANNUAL,2026-12-11,2026-12-13,RECOMMEND_APPROVE,"",1,1,0,0,true,0.44
SYN009449,ANNUAL,2026-12-12,2026-12-20,NEEDS_APPROVAL,COV-001,5,0,1,4,true,0.32
SYN009057,ANNUAL,2026-12-12,2026-12-13,NEEDS_APPROVAL,ELG-001,2,1,0,1,true,0.98
SYN004287,ANNUAL,2026-12-12,2026-12-17,NEEDS_APPROVAL,ELG-001|COV-001,4,0,1,3,true,0.31
SYN008487,ANNUAL,2026-12-12,2026-12-13,RECOMMEND_APPROVE,"",2,1,0,1,true,2.06
SYN005466,UNPAID,2026-12-12,2027-01-17,RECOMMEND_APPROVE,"",26,5,0,21,true,3.3
SYN005903,ANNUAL,2026-12-12,2026-12-14,RECOMMEND_APPROVE,"",1,0,0,1,true,0.21
SYN006925,ANNUAL,2026-12-12,2026-12-20,RECOMMEND_APPROVE,"",1,0,0,1,true,0.2
SYN006637,LONG_SERVICE,2026-12-12,2026-12-13,DECLINED,ELG-003,0,0,0,0,false,0.14
SYN003346,LONG_SERVICE,2026-12-12,2026-12-12,RECOMMEND_APPROVE,"",0,0,0,0,false,0.1
SYN000648,ANNUAL,2026-12-12,2026-12-20,NEEDS_APPROVAL,COV-001,5,0,2,3,true,0.36
SYN009362,ANNUAL,2026-12-12,2026-12-17,RECOMMEND_APPROVE,"",5,0,0,5,true,0.79
SYN002551,LONG_SERVICE,2026-12-12,2026-12-17,DECLINED,BAL-001|NOT-002|COV-001,1,0,1,0,true,0.25
SYN004819,TOIL,2026-12-12,2026-12-17,RECOMMEND_APPROVE,"",4,0,0,4,true,0.22
SYN001034,ANNUAL,2026-12-12,2026-12-15,RECOMMEND_APPROVE,"",2,2,0,0,true,0.65
SYN009128,TOIL,2026-12-12,2026-12-13,RECOMMEND_APPROVE,"",0,0,0,0,false,0.11
SYN000233,ANNUAL,2026-12-12,2026-12-13,NEEDS_APPROVAL,BAL-003,0,0,0,0,false,0.1
SYN000548,ANNUAL,2026-12-12,2026-12-17,RECOMMEND_APPROVE,"",4,0,0,4,true,0.23
SYN006317,ANNUAL,2026-12-12,2027-01-04,RECOMMEND_APPROVE,"",16,0,0,16,true,0.41
SYN009457,ANNUAL,2026-12-12,2026-12-13,NEEDS_APPROVAL,ELG-001,0,0,0,0,false,0.14
SYN007168,LONG_SERVICE,2026-12-12,2026-12-12,DECLINED,ELG-003|BAL-001,1,0,0,1,true,0.39
SYN005299,ANNUAL,2026-12-12,2026-12-14,RECOMMEND_APPROVE,"",1,0,0,1,true,0.17
SYN000534,ANNUAL,2026-12-12,2026-12-20,NEEDS_APPROVAL,COV-001,7,1,2,4,true,2.83
SYN007538,ANNUAL,2026-12-12,2026-12-13,RECOMMEND_APPROVE,"",2,0,0,2,true,0.28
SYN005011,TOIL,2026-12-12,2026-12-14,DECLINED,BAL-001,1,1,0,0,true,0.97
SYN005086,TOIL,2026-12-12,2026-12-12,RECOMMEND_APPROVE,"",0,0,0,0,false,0.1
SYN004219,ANNUAL,2026-12-12,2026-12-13,RECOMMEND_APPROVE,"",2,2,0,0,true,3.61
SYN001670,ANNUAL,2026-12-12,2026-12-18,RECOMMEND_APPROVE,"",5,0,0,5,true,0.27
SYN007222,ANNUAL,2026-12-12,2026-12-20,RECOMMEND_APPROVE,"",5,4,0,1,true,1.64
SYN005449,ANNUAL,2026-12-12,2026-12-12,RECOMMEND_APPROVE,"",0,0,0,0,false,0.14
SYN001987,TOIL,2026-12-12,2026-12-13,RECOMMEND_APPROVE,"",1,0,0,1,true,0.48
SYN008886,TOIL,2026-12-13,2026-12-13,RECOMMEND_APPROVE,"",0,0,0,0,false,0.12
SYN007283,ANNUAL,2026-12-13,2027-01-10,DECLINED,ELG-001|BAL-001,20,13,0,7,true,2.62
SYN000419,LONG_SERVICE,2026-12-13,2026-12-20,DECLINED,ELG-003|BAL-001|COV-001,4,0,1,3,true,0.58
SYN004631,ANNUAL,2026-12-13,2026-12-17,NEEDS_APPROVAL,COV-001,2,0,1,1,true,0.28
SYN006657,ANNUAL,2026-12-13,2026-12-17,NEEDS_APPROVAL,COV-002,3,3,0,0,true,0.51
SYN004682,TOIL,2026-12-13,2026-12-15,RECOMMEND_APPROVE,"",2,0,0,2,true,0.33
SYN004057,ANNUAL,2026-12-13,2026-12-14,RECOMMEND_APPROVE,"",0,0,0,0,false,0.13
SYN006969,ANNUAL,2026-12-13,2026-12-17,NEEDS_APPROVAL,COV-001,4,0,1,3,true,0.26
SYN003129,ANNUAL,2026-12-13,2026-12-13,NEEDS_APPROVAL,ELG-001,0,0,0,0,false,0.13
SYN002733,ANNUAL,2026-12-13,2027-01-03,RECOMMEND_APPROVE,"",12,3,0,9,true,1.66
SYN009533,TOIL,2026-12-14,2026-12-20,NEEDS_APPROVAL,ELG-001,4,1,0,3,true,0.64
SYN003915,ANNUAL,2026-12-14,2026-12-20,NEEDS_APPROVAL,COV-001,4,0,1,3,true,0.33
SYN004774,ANNUAL,2026-12-14,2026-12-27,DECLINED,BAL-001|COV-001,10,0,6,4,true,0.49
SYN009057,TOIL,2026-12-14,2026-12-14,NEEDS_APPROVAL,ELG-001,0,0,0,0,false,0.13
SYN005892,LONG_SERVICE,2026-12-14,2026-12-27,DECLINED,ELG-003|BAL-001,10,4,0,6,true,2.18
SYN008415,ANNUAL,2026-12-14,2026-12-22,NEEDS_APPROVAL,ELG-001|COV-001,7,0,5,2,true,0.45
SYN002490,TOIL,2026-12-14,2026-12-20,DECLINED,ELG-001|BAL-001,4,2,0,2,true,4.15
SYN000454,TOIL,2026-12-14,2026-12-14,NEEDS_APPROVAL,BAL-003,1,0,0,1,true,0.28
SYN005088,TOIL,2026-12-14,2027-01-03,RECOMMEND_APPROVE,"",12,6,0,6,true,2.62
SYN003299,ANNUAL,2026-12-14,2026-12-15,NEEDS_APPROVAL,COV-001,2,0,1,1,true,0.22
SYN005867,ANNUAL,2026-12-14,2026-12-27,RECOMMEND_APPROVE,"",6,0,0,6,true,0.92
SYN006096,ANNUAL,2026-12-14,2026-12-20,DECLINED,BAL-001,3,0,0,3,true,0.39
SYN000892,ANNUAL,2026-12-14,2026-12-27,RECOMMEND_APPROVE,"",6,2,0,4,true,1.59
SYN000738,LONG_SERVICE,2026-12-14,2026-12-27,DECLINED,ELG-003|BAL-001|NOT-002,4,0,0,4,true,0.39
SYN009482,TOIL,2026-12-14,2026-12-14,NEEDS_APPROVAL,BAL-003,1,0,0,1,true,0.21
SYN001567,ANNUAL,2026-12-14,2027-01-10,DECLINED,BAL-001|COV-001,20,0,9,11,true,0.86
SYN002999,LONG_SERVICE,2026-12-14,2027-01-10,DECLINED,BAL-001,12,0,0,12,true,0.62
SYN006637,TOIL,2026-12-14,2026-12-14,NEEDS_APPROVAL,BAL-003,1,1,0,0,true,0.27
SYN009418,ANNUAL,2026-12-14,2026-12-20,NEEDS_APPROVAL,ELG-001,4,4,0,0,true,2.28
SYN007394,TOIL,2026-12-14,2026-12-14,NEEDS_APPROVAL,BAL-003,1,1,0,0,true,0.49
SYN009284,ANNUAL,2026-12-14,2026-12-17,NEEDS_APPROVAL,COV-001,4,1,2,1,true,0.36
SYN004863,TOIL,2026-12-14,2026-12-14,DECLINED,ELG-002|BAL-003,0,0,0,0,false,0.12
SYN000479,LONG_SERVICE,2026-12-14,2026-12-16,DECLINED,ELG-001|ELG-003|BAL-001,3,3,0,0,true,1.06
SYN009151,ANNUAL,2026-12-14,2026-12-27,NEEDS_APPROVAL,ELG-001,4,0,0,4,true,0.96
SYN006977,TOIL,2026-12-14,2026-12-27,NEEDS_APPROVAL,ELG-001,10,2,0,8,true,2.06
SYN001101,ANNUAL,2026-12-14,2026-12-20,RECOMMEND_APPROVE,"",4,4,0,0,true,0.67
SYN009180,ANNUAL,2026-12-14,2026-12-18,RECOMMEND_APPROVE,"",4,0,0,4,true,0.56
SYN009277,LONG_SERVICE,2026-12-14,2027-01-17,DECLINED,ELG-003|BAL-001,20,9,0,11,true,4.39
SYN005436,ANNUAL,2026-12-14,2026-12-20,RECOMMEND_APPROVE,"",4,0,0,4,true,0.39
SYN001589,ANNUAL,2026-12-14,2026-12-17,NEEDS_APPROVAL,COV-001,4,1,1,2,true,0.4
SYN006806,ANNUAL,2026-12-14,2026-12-24,RECOMMEND_APPROVE,"",10,0,0,10,true,0.88
SYN007021,ANNUAL,2026-12-14,2026-12-17,RECOMMEND_APPROVE,"",4,0,0,4,true,0.25
SYN003157,ANNUAL,2026-12-14,2026-12-17,NEEDS_APPROVAL,ELG-001|COV-002,4,4,0,0,true,0.87
SYN009520,LONG_SERVICE,2026-12-14,2027-01-03,DECLINED,ELG-003|BAL-001,15,15,0,0,true,13.76
SYN006485,ANNUAL,2026-12-14,2026-12-25,NEEDS_APPROVAL,COV-001,10,0,6,4,true,0.49
SYN002937,LONG_SERVICE,2026-12-14,2026-12-20,DECLINED,BAL-001,5,3,0,2,true,3.44
SYN006522,TOIL,2026-12-14,2026-12-27,DECLINED,ELG-001|BAL-001,8,8,0,0,true,1.75
SYN007480,TOIL,2026-12-14,2026-12-14,NEEDS_APPROVAL,BAL-003,1,1,0,0,true,0.36
SYN001388,ANNUAL,2026-12-14,2026-12-20,NEEDS_APPROVAL,COV-001,2,0,1,1,true,0.26
SYN005981,ANNUAL,2026-12-14,2026-12-26,RECOMMEND_APPROVE,"",6,6,0,0,true,4.27
SYN000977,TOIL,2026-12-14,2027-01-10,RECOMMEND_APPROVE,"",8,4,0,4,true,1.59
SYN006996,ANNUAL,2026-12-14,2026-12-28,NEEDS_APPROVAL,ELG-001,3,0,0,3,true,0.29
SYN007713,ANNUAL,2026-12-14,2026-12-27,NEEDS_APPROVAL,ELG-001,6,0,0,6,true,0.49
SYN000504,ANNUAL,2026-12-14,2026-12-27,NEEDS_APPROVAL,COV-001,10,0,2,8,true,0.55
SYN002448,ANNUAL,2026-12-14,2026-12-21,NEEDS_APPROVAL,COV-001,6,0,1,5,true,0.46
SYN003234,ANNUAL,2026-12-14,2027-01-16,DECLINED,COV-001,19,0,15,4,true,0.94
SYN002594,ANNUAL,2026-12-14,2027-04-25,DECLINED,REQ-004|ELG-001|BAL-003|COV-001,38,7,2,29,true,6.39
SYN000140,ANNUAL,2026-12-14,2026-12-27,DECLINED,ELG-001|BAL-001,10,4,0,6,true,1.2
SYN005311,LONG_SERVICE,2026-12-14,2026-12-27,NEEDS_APPROVAL,ELG-001,8,2,0,6,true,1.13
SYN004938,ANNUAL,2026-12-14,2026-12-14,RECOMMEND_APPROVE,"",1,0,0,1,true,0.27
SYN004599,ANNUAL,2026-12-14,2027-01-03,DECLINED,BAL-001,12,6,0,6,true,2.45
SYN000338,ANNUAL,2026-12-14,2026-12-27,RECOMMEND_APPROVE,"",6,2,0,4,true,1.16
SYN004673,ANNUAL,2026-12-14,2026-12-16,RECOMMEND_APPROVE,"",2,2,0,0,true,1.25
SYN003830,TOIL,2026-12-14,2026-12-14,RECOMMEND_APPROVE,"",1,0,0,1,true,0.2
SYN002013,ADO,2026-12-14,2026-12-20,NEEDS_APPROVAL,REQ-004,4,4,0,0,true,6.6
SYN002676,ANNUAL,2026-12-14,2027-01-03,NEEDS_APPROVAL,COV-003|COV-002,9,9,0,0,true,1.21
SYN008331,LONG_SERVICE,2026-12-14,2026-12-16,DECLINED,ELG-001|BAL-001|COV-001,3,0,1,2,true,0.39
SYN007382,ANNUAL,2026-12-14,2026-12-20,NEEDS_APPROVAL,ELG-001|COV-001,5,0,1,4,true,0.52
SYN004549,TOIL,2026-12-14,2026-12-20,NEEDS_APPROVAL,ELG-001,4,2,0,2,true,1.08
SYN005358,UNPAID,2026-12-14,2027-08-29,NEEDS_APPROVAL,ELG-001,0,0,0,0,false,0.56
SYN000264,ANNUAL,2026-12-14,2026-12-20,RECOMMEND_APPROVE,"",0,0,0,0,false,0.26
SYN004401,ANNUAL,2026-12-14,2027-01-07,DECLINED,COV-001|COV-002,12,0,10,2,true,0.8
SYN002084,ANNUAL,2026-12-14,2027-01-01,RECOMMEND_APPROVE,"",13,0,0,13,true,0.47
SYN002677,ANNUAL,2026-12-14,2027-01-20,DECLINED,ELG-001|COV-001,28,0,22,6,true,0.91
SYN000281,UNPAID,2026-12-14,2027-09-09,NEEDS_APPROVAL,ELG-001,270,103,0,167,true,57.74
SYN001450,TOIL,2026-12-14,2027-01-10,RECOMMEND_APPROVE,"",8,0,0,8,true,1.18
SYN003631,TOIL,2026-12-14,2026-12-20,RECOMMEND_APPROVE,"",1,0,0,1,true,0.28
SYN003847,ANNUAL,2026-12-14,2026-12-20,RECOMMEND_APPROVE,"",5,0,0,5,true,0.42
SYN007051,ANNUAL,2026-12-14,2027-01-03,RECOMMEND_APPROVE,"",12,12,0,0,true,18.21
SYN004270,LONG_SERVICE,2026-12-14,2026-12-17,NEEDS_APPROVAL,ELG-001|COV-001,4,1,1,2,true,0.51
SYN003996,ANNUAL,2026-12-14,2026-12-21,NEEDS_APPROVAL,COV-001,6,0,3,3,true,0.33
SYN005682,LONG_SERVICE,2026-12-14,2026-12-24,DECLINED,ELG-003|BAL-001,6,2,0,4,true,0.61
SYN004182,UNPAID,2026-12-14,2027-04-02,DECLINED,COV-001,80,0,32,48,true,2.18
SYN001405,ANNUAL,2026-12-14,2026-12-14,NEEDS_APPROVAL,COV-001,1,0,1,0,true,0.26
SYN004935,TOIL,2026-12-14,2026-12-14,NEEDS_APPROVAL,BAL-003|COV-001,1,0,1,0,true,0.28
SYN005209,LONG_SERVICE,2026-12-14,2027-01-10,DECLINED,ELG-001|ELG-003|BAL-001,8,4,0,4,true,2.66
SYN004237,LONG_SERVICE,2026-12-14,2026-12-18,DECLINED,ELG-003|BAL-001|NOT-002|COV-003|COV-002,5,5,0,0,true,0.86
SYN007267,TOIL,2026-12-14,2026-12-14,NEEDS_APPROVAL,ELG-001|BAL-003,1,1,0,0,true,1.02
SYN007017,ANNUAL,2026-12-14,2026-12-15,RECOMMEND_APPROVE,"",0,0,0,0,false,0.15
SYN008451,ANNUAL,2026-12-14,2026-12-27,DECLINED,ELG-002,10,0,0,10,true,0.74
SYN005764,ANNUAL,2026-12-14,2026-12-29,RECOMMEND_APPROVE,"",9,7,0,2,true,1.7
SYN003850,ANNUAL,2026-12-14,2026-12-27,DECLINED,BAL-001,8,0,0,8,true,0.89
SYN001499,ANNUAL,2026-12-14,2027-01-10,DECLINED,ELG-001|BAL-001,20,0,0,20,true,0.55
SYN005651,PROF_DEV,2026-12-14,2026-12-17,RECOMMEND_APPROVE,"",4,3,0,1,true,0.74
SYN005361,PROF_DEV,2026-12-14,2026-12-18,NEEDS_APPROVAL,COV-001,5,0,5,0,true,0.33
SYN009531,ANNUAL,2026-12-14,2026-12-21,RECOMMEND_APPROVE,"",5,5,0,0,true,1.65
SYN006813,ANNUAL,2026-12-14,2026-12-17,RECOMMEND_APPROVE,"",4,0,0,4,true,0.26
SYN002728,ANNUAL,2026-12-14,2027-01-03,DECLINED,ELG-001|BAL-001,15,4,0,11,true,2.53
SYN007255,LONG_SERVICE,2026-12-14,2027-02-21,DECLINED,ELG-003|BAL-001,20,0,0,20,true,0.71
SYN001896,LONG_SERVICE,2026-12-14,2027-01-03,DECLINED,ELG-001|BAL-001|COV-001,15,0,6,9,true,0.55
SYN007412,ANNUAL,2026-12-14,2026-12-27,DECLINED,BAL-001,10,6,0,4,true,15.83
SYN009548,TOIL,2026-12-14,2026-12-20,DECLINED,BAL-001,4,0,0,4,true,0.62
SYN008593,ANNUAL,2026-12-14,2026-12-27,NEEDS_APPROVAL,COV-001,10,0,2,8,true,0.49
SYN004176,ANNUAL,2026-12-14,2026-12-20,RECOMMEND_APPROVE,"",5,0,0,5,true,0.28
SYN002378,UNPAID,2026-12-14,2026-12-16,NEEDS_APPROVAL,COV-001,2,0,1,1,true,0.27
SYN006779,TOIL,2026-12-14,2026-12-18,NEEDS_APPROVAL,COV-001,5,0,2,3,true,0.32
SYN002249,ANNUAL,2026-12-14,2026-12-20,DECLINED,BAL-001,5,5,0,0,true,1.43
SYN003844,ANNUAL,2026-12-14,2026-12-27,RECOMMEND_APPROVE,"",6,4,0,2,true,14.55
SYN004186,ANNUAL,2026-12-14,2027-02-07,DECLINED,BAL-001,32,21,0,11,true,31.09
SYN003906,ANNUAL,2026-12-14,2026-12-14,NEEDS_APPROVAL,COV-001,1,0,1,0,true,0.5
SYN000260,UNPAID,2026-12-14,2027-01-17,RECOMMEND_APPROVE,"",20,14,0,6,true,4.91
SYN007664,TOIL,2026-12-14,2026-12-27,DECLINED,BAL-001,8,4,0,4,true,3.76
SYN001421,ANNUAL,2026-12-14,2027-01-10,RECOMMEND_APPROVE,"",16,10,0,6,true,3.49
SYN006188,ANNUAL,2026-12-14,2026-12-27,NEEDS_APPROVAL,ELG-001,2,2,0,0,true,0.69
SYN000054,ANNUAL,2026-12-14,2026-12-20,RECOMMEND_APPROVE,"",4,0,0,4,true,0.31
SYN005624,ANNUAL,2026-12-14,2026-12-16,RECOMMEND_APPROVE,"",2,0,0,2,true,0.21
SYN008504,LONG_SERVICE,2026-12-14,2027-01-10,DECLINED,ELG-003,0,0,0,0,false,0.21
SYN006459,ADO,2026-12-14,2026-12-18,DECLINED,REQ-004|BAL-001,5,0,0,5,true,0.32
SYN001579,UNPAID,2026-12-14,2027-06-13,RECOMMEND_APPROVE,"",78,0,0,78,true,8.24
SYN008498,TOIL,2026-12-14,2026-12-27,DECLINED,BAL-001|COV-001,8,0,4,4,true,0.52
SYN002998,ANNUAL,2026-12-14,2026-12-20,RECOMMEND_APPROVE,"",4,4,0,0,true,8.26
SYN007917,ANNUAL,2026-12-14,2027-01-03,RECOMMEND_APPROVE,"",9,4,0,5,true,7.73
SYN008705,ANNUAL,2026-12-14,2026-12-17,RECOMMEND_APPROVE,"",4,2,0,2,true,0.86
SYN004993,ANNUAL,2026-12-14,2026-12-17,RECOMMEND_APPROVE,"",4,0,0,4,true,0.61
SYN001883,ANNUAL,2026-12-14,2026-12-27,NEEDS_APPROVAL,ELG-001,0,0,0,0,false,0.2
SYN008616,LONG_SERVICE,2026-12-14,2027-01-10,DECLINED,ELG-003|BAL-001,12,4,0,8,true,0.99
SYN006349,LONG_SERVICE,2026-12-14,2026-12-20,DECLINED,ELG-003|BAL-001,2,2,0,0,true,0.83
SYN009324,ANNUAL,2026-12-14,2026-12-20,RECOMMEND_APPROVE,"",5,0,0,5,true,0.58
SYN003871,ANNUAL,2026-12-14,2026-12-20,RECOMMEND_APPROVE,"",6,4,0,2,true,1.09
SYN007046,ANNUAL,2026-12-14,2026-12-20,RECOMMEND_APPROVE,"",1,0,0,1,true,0.25
SYN000001,ANNUAL,2026-12-14,2026-12-27,DECLINED,BAL-001,8,0,0,8,true,0.51
SYN003187,ANNUAL,2026-12-14,2026-12-27,NEEDS_APPROVAL,COV-001,10,0,4,6,true,0.59
SYN005264,ANNUAL,2026-12-14,2027-01-15,DECLINED,BAL-001|COV-001,25,0,20,5,true,0.76
SYN008981,ANNUAL,2026-12-14,2026-12-14,NEEDS_APPROVAL,COV-001,1,0,1,0,true,0.32
SYN005688,ANNUAL,2026-12-14,2026-12-18,NEEDS_APPROVAL,ELG-001,5,0,0,5,true,0.37
SYN000591,ANNUAL,2026-12-14,2026-12-20,NEEDS_APPROVAL,COV-001,4,1,1,2,true,0.47
SYN001714,ANNUAL,2026-12-14,2026-12-27,RECOMMEND_APPROVE,"",6,2,0,4,true,0.9
SYN008308,ANNUAL,2026-12-14,2026-12-27,RECOMMEND_APPROVE,"",6,0,0,6,true,0.37
SYN005401,TOIL,2026-12-14,2026-12-15,RECOMMEND_APPROVE,"",2,1,0,1,true,0.69
SYN009000,TOIL,2026-12-14,2026-12-14,RECOMMEND_APPROVE,"",1,1,0,0,true,0.45
SYN007110,ANNUAL,2026-12-14,2026-12-27,DECLINED,BAL-001,10,5,0,5,true,7.12
SYN001861,ANNUAL,2026-12-14,2027-01-11,DECLINED,ELG-001|BAL-001|COV-002,13,4,0,9,true,0.9
SYN000431,ANNUAL,2026-12-14,2027-01-13,DECLINED,COV-001|COV-002,4,0,4,0,true,0.46
SYN004121,TOIL,2026-12-14,2027-01-10,NEEDS_APPROVAL,ELG-001,8,4,0,4,true,3.68
SYN000233,ANNUAL,2026-12-14,2026-12-20,NEEDS_APPROVAL,BAL-003,1,1,0,0,true,0.53
SYN003226,TOIL,2026-12-14,2026-12-14,NEEDS_APPROVAL,BAL-003,1,0,0,1,true,0.17
SYN000853,ANNUAL,2026-12-14,2026-12-27,RECOMMEND_APPROVE,"",10,6,0,4,true,2.28
SYN000182,ADO,2026-12-14,2026-12-21,NEEDS_APPROVAL,REQ-004,6,6,0,0,true,15.56
SYN000024,ANNUAL,2026-12-14,2027-01-03,DECLINED,BAL-001,21,0,0,21,true,1.24
SYN001543,UNPAID,2026-12-14,2027-07-19,NEEDS_APPROVAL,ELG-001,156,0,0,156,true,6.2
SYN001752,ANNUAL,2026-12-14,2027-01-04,DECLINED,COV-001,16,3,6,7,true,1.0
SYN001384,ANNUAL,2026-12-14,2026-12-20,DECLINED,BAL-001,3,0,0,3,true,0.63
SYN006120,ANNUAL,2026-12-14,2027-02-07,DECLINED,BAL-001,40,13,0,27,true,5.04
SYN005525,ANNUAL,2026-12-14,2026-12-27,RECOMMEND_APPROVE,"",10,10,0,0,true,9.16
SYN000727,ANNUAL,2026-12-14,2027-01-03,RECOMMEND_APPROVE,"",15,3,0,12,true,1.69
SYN004109,ANNUAL,2026-12-14,2026-12-14,RECOMMEND_APPROVE,"",1,0,0,1,true,0.27
SYN001713,PROF_DEV,2026-12-14,2026-12-20,RECOMMEND_APPROVE,"",4,2,0,2,true,0.39
SYN003536,ANNUAL,2026-12-14,2026-12-25,RECOMMEND_APPROVE,"",5,5,0,0,true,1.53
SYN007889,ANNUAL,2026-12-14,2027-01-10,DECLINED,BAL-001,20,16,0,4,true,3.42
SYN007879,ANNUAL,2026-12-14,2026-12-17,NEEDS_APPROVAL,COV-002,4,4,0,0,true,2.2
SYN008721,ANNUAL,2026-12-14,2026-12-18,RECOMMEND_APPROVE,"",5,0,0,5,true,0.33
SYN005885,ANNUAL,2026-12-14,2027-01-10,DECLINED,ELG-001|BAL-001,20,0,0,20,true,1.47
SYN003480,ANNUAL,2026-12-14,2026-12-20,RECOMMEND_APPROVE,"",5,4,0,1,true,1.1
SYN003243,ANNUAL,2026-12-14,2027-01-22,DECLINED,BAL-001,24,17,0,7,true,7.07
SYN004415,ADO,2026-12-14,2026-12-27,DECLINED,REQ-004|BAL-001,10,4,0,6,true,4.3
SYN003389,TOIL,2026-12-14,2026-12-14,RECOMMEND_APPROVE,"",1,1,0,0,true,0.51
SYN008372,ANNUAL,2026-12-14,2026-12-20,DECLINED,ELG-001|BAL-001,5,1,0,4,true,0.73
SYN009155,LONG_SERVICE,2026-12-14,2026-12-14,RECOMMEND_APPROVE,"",1,0,0,1,true,0.28
SYN003038,ANNUAL,2026-12-14,2026-12-29,RECOMMEND_APPROVE,"",12,2,0,10,true,0.67
SYN005355,ANNUAL,2026-12-14,2026-12-15,NEEDS_APPROVAL,ELG-001,2,0,0,2,true,0.23
SYN007342,ANNUAL,2026-12-14,2026-12-17,RECOMMEND_APPROVE,"",2,0,0,2,true,0.25
SYN008284,ANNUAL,2026-12-14,2026-12-16,NEEDS_APPROVAL,COV-002,3,3,0,0,true,0.64
SYN005557,ANNUAL,2026-12-14,2026-12-27,RECOMMEND_APPROVE,"",10,7,0,3,true,10.93
SYN007706,PROF_DEV,2026-12-14,2026-12-27,DECLINED,BAL-001|COV-005,6,0,0,6,true,0.37
SYN003925,ANNUAL,2026-12-14,2027-01-01,DECLINED,COV-001,15,0,15,0,true,0.67
SYN000183,PROF_DEV,2026-12-14,2026-12-16,NEEDS_APPROVAL,COV-002,2,1,0,1,true,0.32
SYN003129,TOIL,2026-12-14,2026-12-14,NEEDS_APPROVAL,ELG-001|BAL-003,1,1,0,0,true,0.27
SYN000218,ANNUAL,2026-12-14,2026-12-27,RECOMMEND_APPROVE,"",6,4,0,2,true,3.96
SYN000418,LONG_SERVICE,2026-12-14,2026-12-17,NEEDS_APPROVAL,COV-001,4,2,2,0,true,0.7
SYN004403,ANNUAL,2026-12-14,2027-01-17,DECLINED,BAL-001|COV-001,20,0,8,12,true,2.56
SYN003516,ANNUAL,2026-12-14,2026-12-14,RECOMMEND_APPROVE,"",1,0,0,1,true,0.24
SYN005435,TOIL,2026-12-14,2026-12-27,DECLINED,BAL-001,4,2,0,2,true,4.84
SYN007805,ANNUAL,2026-12-14,2027-02-21,DECLINED,ELG-001|BAL-001,60,26,0,34,true,7.4
SYN004152,ANNUAL,2026-12-14,2026-12-27,NEEDS_APPROVAL,COV-001,6,1,1,4,true,0.67
SYN002426,TOIL,2026-12-14,2026-12-14,NEEDS_APPROVAL,BAL-003,1,0,0,1,true,0.22
SYN003151,ANNUAL,2026-12-14,2026-12-17,RECOMMEND_APPROVE,"",4,0,0,4,true,0.22
SYN000705,ANNUAL,2026-12-14,2026-12-27,RECOMMEND_APPROVE,"",8,2,0,6,true,0.9
SYN002557,PROF_DEV,2026-12-14,2026-12-14,DECLINED,BAL-001,1,1,0,0,true,0.52
SYN006042,ANNUAL,2026-12-14,2026-12-25,NEEDS_APPROVAL,COV-001,10,0,8,2,true,0.4
SYN001323,TOIL,2026-12-14,2026-12-14,NEEDS_APPROVAL,BAL-003,1,0,0,1,true,0.19
SYN003509,UNPAID,2026-12-14,2027-05-16,DECLINED,COV-001,110,0,30,80,true,4.66
SYN006370,ANNUAL,2026-12-14,2026-12-18,NEEDS_APPROVAL,COV-001,4,3,1,0,true,0.63
SYN000141,ANNUAL,2026-12-14,2026-12-27,RECOMMEND_APPROVE,"",6,6,0,0,true,7.27
SYN002815,PROF_DEV,2026-12-14,2026-12-20,NEEDS_APPROVAL,COV-002,4,3,0,1,true,0.61
SYN007829,TOIL,2026-12-14,2026-12-14,NEEDS_APPROVAL,ELG-001,1,0,0,1,true,0.21
SYN008310,LONG_SERVICE,2026-12-14,2026-12-24,NEEDS_APPROVAL,COV-001,7,0,4,3,true,0.5
SYN003034,ANNUAL,2026-12-14,2027-01-10,DECLINED,BAL-001|COV-001,20,12,4,4,true,2.06
SYN004265,ANNUAL,2026-12-14,2026-12-17,RECOMMEND_APPROVE,"",4,4,0,0,true,1.45
SYN008869,ANNUAL,2026-12-14,2027-01-10,DECLINED,BAL-001,20,6,0,14,true,3.29
SYN005213,ANNUAL,2026-12-14,2026-12-24,RECOMMEND_APPROVE,"",9,5,0,4,true,4.85
SYN001355,LONG_SERVICE,2026-12-14,2026-12-31,DECLINED,ELG-003|BAL-001|NOT-002,11,0,0,11,true,0.53
SYN006552,TOIL,2026-12-14,2026-12-16,RECOMMEND_APPROVE,"",2,0,0,2,true,0.55
SYN000101,ANNUAL,2026-12-14,2026-12-24,NEEDS_APPROVAL,ELG-001,9,0,0,9,true,0.46
SYN004821,ANNUAL,2026-12-14,2026-12-27,NEEDS_APPROVAL,COV-002,4,0,0,4,true,0.4
SYN007391,LONG_SERVICE,2026-12-14,2027-03-15,DECLINED,ELG-001|BAL-001|NOT-002|COV-001,66,0,13,53,true,2.19
SYN000517,ANNUAL,2026-12-14,2026-12-20,RECOMMEND_APPROVE,"",5,0,0,5,true,0.47
SYN004215,ANNUAL,2026-12-14,2027-01-03,RECOMMEND_APPROVE,"",0,0,0,0,false,0.18
SYN001332,LONG_SERVICE,2026-12-14,2026-12-14,NEEDS_APPROVAL,NOT-002,1,0,0,1,true,0.36
SYN004353,ADO,2026-12-14,2026-12-20,NEEDS_APPROVAL,REQ-004,5,4,0,1,true,2.66
SYN008888,ANNUAL,2026-12-14,2027-01-10,DECLINED,ELG-001|BAL-001|COV-001,20,0,4,16,true,1.21
SYN006285,PROF_DEV,2026-12-14,2026-12-20,NEEDS_APPROVAL,BAL-003,1,0,0,1,true,0.32
SYN007501,ANNUAL,2026-12-14,2026-12-16,RECOMMEND_APPROVE,"",2,2,0,0,true,5.97
SYN008438,ANNUAL,2026-12-14,2026-12-20,NEEDS_APPROVAL,ELG-001,3,0,0,3,true,0.73
SYN009539,LONG_SERVICE,2026-12-14,2027-01-03,RECOMMEND_APPROVE,"",15,3,0,12,true,1.32
SYN008266,ANNUAL,2026-12-14,2026-12-17,DECLINED,ELG-002|COV-002,3,3,0,0,true,0.54
SYN007972,LONG_SERVICE,2026-12-14,2026-12-14,DECLINED,BAL-001,1,0,0,1,true,0.4
SYN008574,LONG_SERVICE,2026-12-14,2027-01-14,DECLINED,ELG-001|COV-001,24,0,5,19,true,0.74
SYN004973,ANNUAL,2026-12-14,2027-01-17,RECOMMEND_APPROVE,"",25,20,0,5,true,17.18
SYN008928,ANNUAL,2026-12-14,2026-12-28,DECLINED,ELG-001|COV-001,11,0,3,8,true,0.74
SYN002387,ANNUAL,2026-12-14,2026-12-18,NEEDS_APPROVAL,COV-001,5,0,3,2,true,0.37
SYN008659,ANNUAL,2026-12-14,2026-12-27,RECOMMEND_APPROVE,"",10,0,0,10,true,0.75
SYN006514,ANNUAL,2026-12-14,2026-12-14,RECOMMEND_APPROVE,"",1,0,0,1,true,0.25
SYN006844,ANNUAL,2026-12-14,2026-12-22,NEEDS_APPROVAL,COV-001,7,0,1,6,true,0.72
SYN006221,LONG_SERVICE,2026-12-14,2026-12-20,DECLINED,ELG-003|BAL-001|COV-001,5,0,3,2,true,0.38
SYN006723,ANNUAL,2026-12-15,2026-12-17,NEEDS_APPROVAL,ELG-001,2,0,0,2,true,0.24
SYN001077,ANNUAL,2026-12-15,2026-12-29,RECOMMEND_APPROVE,"",7,0,0,7,true,1.21
SYN007103,ANNUAL,2026-12-15,2027-01-29,DECLINED,ELG-001|BAL-001|COV-001,25,7,7,11,true,2.2
SYN001932,ANNUAL,2026-12-15,2026-12-17,NEEDS_APPROVAL,COV-001,3,2,1,0,true,0.53
SYN002426,ANNUAL,2026-12-15,2026-12-17,RECOMMEND_APPROVE,"",3,1,0,2,true,0.4
SYN006596,ADO,2026-12-15,2026-12-18,NEEDS_APPROVAL,REQ-004,4,0,0,4,true,0.27
SYN006517,ANNUAL,2026-12-15,2026-12-15,NEEDS_APPROVAL,COV-001,1,0,1,0,true,0.34
SYN003220,ANNUAL,2026-12-15,2026-12-17,RECOMMEND_APPROVE,"",3,1,0,2,true,0.46
SYN007470,ANNUAL,2026-12-15,2026-12-20,RECOMMEND_APPROVE,"",3,3,0,0,true,7.54
SYN003389,ANNUAL,2026-12-15,2026-12-17,RECOMMEND_APPROVE,"",3,2,0,1,true,0.9
SYN008733,ANNUAL,2026-12-15,2026-12-16,RECOMMEND_APPROVE,"",0,0,0,0,false,0.12
SYN000834,ADO,2026-12-15,2026-12-15,RECOMMEND_APPROVE,"",1,0,0,1,true,0.22
SYN004863,ANNUAL,2026-12-15,2026-12-17,RECOMMEND_APPROVE,"",3,1,0,2,true,0.58
SYN006026,LONG_SERVICE,2026-12-15,2026-12-17,DECLINED,ELG-003|BAL-001,3,3,0,0,true,6.82
SYN004935,ANNUAL,2026-12-15,2026-12-17,NEEDS_APPROVAL,COV-001,3,0,2,1,true,0.38
SYN003456,ANNUAL,2026-12-15,2026-12-15,RECOMMEND_APPROVE,"",0,0,0,0,false,0.11
SYN000454,ANNUAL,2026-12-15,2026-12-17,RECOMMEND_APPROVE,"",3,1,0,2,true,0.45
SYN003226,ANNUAL,2026-12-15,2026-12-17,RECOMMEND_APPROVE,"",3,0,0,3,true,0.23
SYN008436,LONG_SERVICE,2026-12-15,2027-02-01,NEEDS_APPROVAL,ELG-001|NOT-002,35,0,0,35,true,0.92
SYN003830,LONG_SERVICE,2026-12-15,2026-12-17,DECLINED,BAL-001,3,1,0,2,true,1.8
SYN002340,ANNUAL,2026-12-15,2026-12-15,RECOMMEND_APPROVE,"",0,0,0,0,false,0.11
SYN005548,ANNUAL,2026-12-15,2026-12-17,RECOMMEND_APPROVE,"",3,0,0,3,true,0.39
SYN001323,ANNUAL,2026-12-15,2026-12-17,RECOMMEND_APPROVE,"",3,0,0,3,true,0.24
SYN003103,TOIL,2026-12-15,2026-12-15,RECOMMEND_APPROVE,"",0,0,0,0,false,0.1
SYN004872,ANNUAL,2026-12-15,2026-12-15,RECOMMEND_APPROVE,"",1,1,0,0,true,0.38
SYN006213,ANNUAL,2026-12-15,2026-12-17,RECOMMEND_APPROVE,"",3,3,0,0,true,0.9
SYN005953,ANNUAL,2026-12-15,2026-12-17,NEEDS_APPROVAL,ELG-001,3,3,0,0,true,1.87
SYN007480,ANNUAL,2026-12-15,2026-12-17,RECOMMEND_APPROVE,"",3,3,0,0,true,0.59
SYN009234,ANNUAL,2026-12-15,2026-12-17,RECOMMEND_APPROVE,"",3,0,0,3,true,0.22
SYN008762,ANNUAL,2026-12-15,2026-12-25,DECLINED,ELG-001|BAL-001|COV-001,9,0,7,2,true,0.46
SYN007829,LONG_SERVICE,2026-12-15,2026-12-17,DECLINED,ELG-001|ELG-003|BAL-001,1,0,0,1,true,0.26
SYN007359,ANNUAL,2026-12-15,2026-12-17,NEEDS_APPROVAL,ELG-001|COV-002,3,0,0,3,true,0.38
SYN009057,ANNUAL,2026-12-15,2026-12-17,NEEDS_APPROVAL,ELG-001,3,2,0,1,true,0.97
SYN008232,LONG_SERVICE,2026-12-15,2026-12-15,DECLINED,ELG-001|ELG-003|BAL-001,1,0,0,1,true,0.34
SYN001332,ANNUAL,2026-12-15,2026-12-15,RECOMMEND_APPROVE,"",1,0,0,1,true,0.3
SYN009034,ANNUAL,2026-12-15,2026-12-15,NEEDS_APPROVAL,COV-001,1,0,1,0,true,0.18
SYN000371,LONG_SERVICE,2026-12-15,2026-12-18,DECLINED,BAL-001|COV-001,4,2,1,1,true,0.53
SYN005606,LONG_SERVICE,2026-12-15,2026-12-17,DECLINED,ELG-003|BAL-001,1,0,0,1,true,0.22
SYN006637,LONG_SERVICE,2026-12-15,2026-12-17,DECLINED,ELG-003|BAL-001,3,0,0,3,true,0.26
SYN004268,LONG_SERVICE,2026-12-15,2026-12-17,DECLINED,ELG-003|BAL-001|COV-001,2,0,1,1,true,0.28
SYN007031,ANNUAL,2026-12-15,2026-12-21,RECOMMEND_APPROVE,"",5,0,0,5,true,0.33
SYN003129,ANNUAL,2026-12-15,2026-12-17,NEEDS_APPROVAL,ELG-001,3,3,0,0,true,0.82
SYN002965,PROF_DEV,2026-12-16,2026-12-21,NEEDS_APPROVAL,COV-001,5,0,4,1,true,0.59
SYN000829,LONG_SERVICE,2026-12-16,2026-12-20,DECLINED,ELG-003|BAL-001|NOT-002,3,1,0,2,true,0.82
SYN009034,PROF_DEV,2026-12-16,2026-12-18,DECLINED,BAL-001|COV-001,3,0,3,0,true,0.3
SYN007972,LONG_SERVICE,2026-12-16,2026-12-17,DECLINED,BAL-001,2,0,0,2,true,0.24
SYN008410,PROF_DEV,2026-12-16,2026-12-17,NEEDS_APPROVAL,ELG-001|BAL-003|COV-001,2,0,1,1,true,0.25
SYN005746,ANNUAL,2026-12-16,2026-12-17,RECOMMEND_APPROVE,"",2,0,0,2,true,0.26
SYN007238,TOIL,2026-12-16,2026-12-16,RECOMMEND_APPROVE,"",1,0,0,1,true,0.18
SYN003508,ANNUAL,2026-12-16,2026-12-17,NEEDS_APPROVAL,COV-001,2,0,2,0,true,0.25
SYN003931,ANNUAL,2026-12-16,2026-12-31,NEEDS_APPROVAL,COV-003,8,8,0,0,true,0.92
SYN009509,ANNUAL,2026-12-16,2026-12-25,NEEDS_APPROVAL,COV-001,8,0,4,4,true,0.51
SYN003235,ANNUAL,2026-12-16,2026-12-16,RECOMMEND_APPROVE,"",1,1,0,0,true,0.64
SYN002290,ANNUAL,2026-12-16,2027-01-04,RECOMMEND_APPROVE,"",14,0,0,14,true,0.46
SYN003265,ANNUAL,2026-12-16,2027-01-20,RECOMMEND_APPROVE,"",16,16,0,0,true,4.84
SYN001507,ANNUAL,2026-12-16,2026-12-30,DECLINED,ELG-001|BAL-001,11,0,0,11,true,1.28
SYN000025,ADO,2026-12-16,2026-12-24,DECLINED,REQ-004|BAL-001,4,4,0,0,true,1.57
SYN004179,ANNUAL,2026-12-16,2027-01-03,DECLINED,COV-001,13,5,3,5,true,0.86
SYN007345,ANNUAL,2026-12-16,2026-12-24,RECOMMEND_APPROVE,"",5,4,0,1,true,7.8
SYN005513,ADO,2026-12-16,2026-12-17,NEEDS_APPROVAL,COV-001,2,0,1,1,true,0.25
SYN004554,PROF_DEV,2026-12-16,2026-12-17,RECOMMEND_APPROVE,"",2,0,0,2,true,0.19
SYN003943,UNPAID,2026-12-16,2026-12-16,RECOMMEND_APPROVE,"",1,0,0,1,true,0.22
SYN001238,ANNUAL,2026-12-16,2026-12-17,RECOMMEND_APPROVE,"",1,1,0,0,true,0.31
SYN003908,UNPAID,2026-12-16,2026-12-17,NEEDS_APPROVAL,COV-001,2,0,1,1,true,0.27
SYN002580,LONG_SERVICE,2026-12-16,2026-12-16,DECLINED,ELG-001|BAL-001|COV-001,1,0,1,0,true,0.26
SYN004054,ANNUAL,2026-12-16,2026-12-17,NEEDS_APPROVAL,COV-002,2,2,0,0,true,0.75
SYN008406,ANNUAL,2026-12-17,2026-12-17,RECOMMEND_APPROVE,"",1,1,0,0,true,0.59
SYN001067,UNPAID,2026-12-17,2026-12-17,RECOMMEND_APPROVE,"",0,0,0,0,false,0.08
SYN002021,ANNUAL,2026-12-17,2026-12-17,NEEDS_APPROVAL,COV-001,1,0,1,0,true,0.19
SYN003339,ANNUAL,2026-12-17,2027-01-07,DECLINED,COV-001,19,7,3,9,true,4.6
SYN003132,ANNUAL,2026-12-17,2026-12-28,RECOMMEND_APPROVE,"",2,2,0,0,true,0.98
SYN000722,ANNUAL,2026-12-17,2026-12-17,NEEDS_APPROVAL,ELG-001,1,0,0,1,true,0.21
SYN000386,ANNUAL,2026-12-17,2026-12-22,RECOMMEND_APPROVE,"",6,0,0,6,true,0.34
SYN009438,ANNUAL,2026-12-17,2026-12-22,NEEDS_APPROVAL,COV-001,5,0,2,3,true,0.39
SYN002458,ANNUAL,2026-12-17,2026-12-17,NEEDS_APPROVAL,COV-001,1,0,1,0,true,0.24
SYN000119,UNPAID,2026-12-17,2027-09-06,RECOMMEND_APPROVE,"",0,0,0,0,false,0.55
SYN001258,LONG_SERVICE,2026-12-17,2027-01-18,DECLINED,ELG-003|BAL-001|NOT-002,23,0,0,23,true,0.85
SYN003167,PROF_DEV,2026-12-17,2026-12-18,RECOMMEND_APPROVE,"",2,2,0,0,true,1.56
SYN005196,ANNUAL,2026-12-17,2026-12-17,RECOMMEND_APPROVE,"",1,1,0,0,true,0.31
SYN006830,ANNUAL,2026-12-17,2026-12-27,RECOMMEND_APPROVE,"",5,2,0,3,true,0.96
SYN003662,PROF_DEV,2026-12-17,2026-12-17,NEEDS_APPROVAL,BAL-003,1,1,0,0,true,0.5
SYN008578,ANNUAL,2026-12-17,2026-12-18,NEEDS_APPROVAL,COV-001,2,1,1,0,true,0.38
SYN003420,ANNUAL,2026-12-17,2026-12-17,NEEDS_APPROVAL,ELG-001|COV-001,1,0,1,0,true,0.21
SYN002378,UNPAID,2026-12-17,2027-04-11,DECLINED,COV-001,32,1,6,25,true,1.52
SYN005377,ANNUAL,2026-12-17,2026-12-17,RECOMMEND_APPROVE,"",1,0,0,1,true,0.19
SYN005657,ANNUAL,2026-12-17,2027-01-08,NEEDS_APPROVAL,COV-002,8,1,0,7,true,0.69
SYN002880,TOIL,2026-12-17,2026-12-17,RECOMMEND_APPROVE,"",1,0,0,1,true,0.17
SYN000479,UNPAID,2026-12-17,2026-12-18,NEEDS_APPROVAL,ELG-001,2,2,0,0,true,0.7
SYN008983,ANNUAL,2026-12-17,2026-12-20,RECOMMEND_APPROVE,"",4,0,0,4,true,0.46
SYN003669,ANNUAL,2026-12-17,2027-01-03,DECLINED,COV-001,4,0,1,3,true,0.36
SYN001477,ANNUAL,2026-12-17,2026-12-18,RECOMMEND_APPROVE,"",2,1,0,1,true,0.47
SYN000525,ANNUAL,2026-12-17,2027-01-28,DECLINED,BAL-001,25,17,0,8,true,22.82
SYN002577,ANNUAL,2026-12-17,2027-01-15,DECLINED,COV-001,22,5,1,16,true,1.31
SYN008232,LONG_SERVICE,2026-12-17,2026-12-21,DECLINED,ELG-001|ELG-003|BAL-001,3,3,0,0,true,1.75
SYN009179,ANNUAL,2026-12-17,2027-01-18,DECLINED,ELG-001|BAL-001|COV-001,20,6,1,13,true,3.76
SYN004955,LONG_SERVICE,2026-12-17,2026-12-18,DECLINED,ELG-003|BAL-001,2,2,0,0,true,0.86
SYN009067,PROF_DEV,2026-12-17,2026-12-17,NEEDS_APPROVAL,ELG-001|BAL-003,1,0,0,1,true,0.35
SYN002337,ANNUAL,2026-12-17,2026-12-25,NEEDS_APPROVAL,COV-001,8,0,1,7,true,0.39
SYN009479,LONG_SERVICE,2026-12-17,2026-12-24,DECLINED,ELG-003|BAL-001|COV-001,6,1,2,3,true,0.45
SYN006222,UNPAID,2026-12-17,2026-12-18,RECOMMEND_APPROVE,"",2,2,0,0,true,2.07
SYN003278,TOIL,2026-12-17,2026-12-19,RECOMMEND_APPROVE,"",1,0,0,1,true,0.27
SYN007306,ANNUAL,2026-12-17,2026-12-17,RECOMMEND_APPROVE,"",1,1,0,0,true,0.53
SYN001921,ANNUAL,2026-12-17,2026-12-18,RECOMMEND_APPROVE,"",1,0,0,1,true,0.21
SYN008024,ANNUAL,2026-12-17,2027-01-06,RECOMMEND_APPROVE,"",15,3,0,12,true,3.62
SYN008657,TOIL,2026-12-18,2026-12-18,DECLINED,BAL-001,1,0,0,1,true,0.25
SYN003226,TOIL,2026-12-18,2026-12-18,NEEDS_APPROVAL,BAL-003,1,0,0,1,true,0.4
SYN005442,ADO,2026-12-18,2026-12-18,RECOMMEND_APPROVE,"",1,0,0,1,true,0.19
SYN004250,ANNUAL,2026-12-18,2027-01-04,RECOMMEND_APPROVE,"",6,3,0,3,true,2.21
SYN002426,TOIL,2026-12-18,2026-12-18,NEEDS_APPROVAL,BAL-003,1,0,0,1,true,0.22
SYN004829,ANNUAL,2026-12-18,2026-12-19,RECOMMEND_APPROVE,"",1,1,0,0,true,0.52
SYN009362,TOIL,2026-12-18,2026-12-18,NEEDS_APPROVAL,BAL-003,1,0,0,1,true,0.2
SYN008705,TOIL,2026-12-18,2026-12-18,DECLINED,ELG-002|BAL-003,1,1,0,0,true,0.38
SYN000548,TOIL,2026-12-18,2026-12-18,NEEDS_APPROVAL,BAL-003,1,0,0,1,true,0.17
SYN003508,TOIL,2026-12-18,2026-12-18,NEEDS_APPROVAL,COV-001,1,0,1,0,true,0.21
SYN003660,TOIL,2026-12-18,2026-12-19,NEEDS_APPROVAL,BAL-003,1,0,0,1,true,0.15
SYN001323,TOIL,2026-12-18,2026-12-18,NEEDS_APPROVAL,BAL-003,1,0,0,1,true,0.18
SYN005746,TOIL,2026-12-18,2026-12-18,NEEDS_APPROVAL,BAL-003,1,0,0,1,true,0.23
SYN007021,TOIL,2026-12-18,2026-12-18,NEEDS_APPROVAL,BAL-003,1,0,0,1,true,0.17
SYN009284,TOIL,2026-12-18,2026-12-18,RECOMMEND_APPROVE,"",0,0,0,0,false,0.1
SYN004819,ADO,2026-12-18,2026-12-21,NEEDS_APPROVAL,REQ-004|COV-001,2,0,1,1,true,0.22
SYN000567,ANNUAL,2026-12-18,2026-12-27,RECOMMEND_APPROVE,"",5,1,0,4,true,0.64
SYN001666,ANNUAL,2026-12-18,2026-12-27,RECOMMEND_APPROVE,"",4,0,0,4,true,0.33
SYN005765,TOIL,2026-12-18,2026-12-19,RECOMMEND_APPROVE,"",0,0,0,0,false,0.11
SYN004876,TOIL,2026-12-18,2026-12-18,NEEDS_APPROVAL,BAL-003,0,0,0,0,false,0.12
SYN004993,TOIL,2026-12-18,2026-12-18,RECOMMEND_APPROVE,"",1,0,0,1,true,0.16
SYN000722,TOIL,2026-12-18,2026-12-18,NEEDS_APPROVAL,ELG-001|BAL-003,1,0,0,1,true,0.19
SYN007359,TOIL,2026-12-18,2026-12-18,NEEDS_APPROVAL,ELG-001|BAL-003,0,0,0,0,false,0.12
SYN004021,ANNUAL,2026-12-18,2026-12-18,RECOMMEND_APPROVE,"",1,1,0,0,true,0.42
SYN004287,TOIL,2026-12-18,2026-12-18,NEEDS_APPROVAL,ELG-001|BAL-003,1,0,0,1,true,0.2
SYN008266,TOIL,2026-12-18,2026-12-18,DECLINED,ELG-002|BAL-003,1,0,0,1,true,0.18
SYN004863,TOIL,2026-12-18,2026-12-18,DECLINED,ELG-002|BAL-003,1,0,0,1,true,0.2
SYN009129,ANNUAL,2026-12-18,2026-12-25,NEEDS_APPROVAL,ELG-001|COV-001,2,0,2,0,true,0.27
SYN008389,LONG_SERVICE,2026-12-18,2026-12-18,DECLINED,ELG-003|BAL-001,1,0,0,1,true,0.3
SYN008638,TOIL,2026-12-18,2026-12-19,RECOMMEND_APPROVE,"",1,0,0,1,true,0.36
SYN006557,TOIL,2026-12-18,2026-12-18,NEEDS_APPROVAL,BAL-003,1,1,0,0,true,1.1
SYN006885,ANNUAL,2026-12-18,2026-12-18,RECOMMEND_APPROVE,"",1,0,0,1,true,0.19
SYN000454,TOIL,2026-12-18,2026-12-18,NEEDS_APPROVAL,BAL-003,1,0,0,1,true,0.21
SYN003358,ANNUAL,2026-12-18,2026-12-18,RECOMMEND_APPROVE,"",1,1,0,0,true,0.51
SYN006723,TOIL,2026-12-18,2026-12-18,NEEDS_APPROVAL,ELG-001|BAL-003,1,0,0,1,true,0.19
SYN005451,ANNUAL,2026-12-18,2027-01-17,DECLINED,BAL-001,23,0,0,23,true,1.44
SYN007364,ADO,2026-12-18,2026-12-19,RECOMMEND_APPROVE,"",0,0,0,0,false,0.14
SYN006264,PROF_DEV,2026-12-18,2026-12-25,DECLINED,ELG-001|BAL-001,6,4,0,2,true,0.7
SYN006969,TOIL,2026-12-18,2026-12-18,DECLINED,ELG-002|BAL-003,1,0,0,1,true,0.2
SYN000418,TOIL,2026-12-18,2026-12-18,NEEDS_APPROVAL,COV-001,1,0,1,0,true,0.27
SYN009143,LONG_SERVICE,2026-12-18,2026-12-18,DECLINED,ELG-003|BAL-001,1,1,0,0,true,0.37
SYN000817,PROF_DEV,2026-12-18,2026-12-19,NEEDS_APPROVAL,COV-001,1,0,1,0,true,0.19
SYN003389,TOIL,2026-12-18,2026-12-18,RECOMMEND_APPROVE,"",1,1,0,0,true,0.48
SYN006098,TOIL,2026-12-18,2026-12-18,NEEDS_APPROVAL,BAL-003,1,0,0,1,true,0.23
SYN006813,TOIL,2026-12-18,2026-12-18,NEEDS_APPROVAL,BAL-003,1,0,0,1,true,0.17
SYN004708,ANNUAL,2026-12-18,2026-12-21,NEEDS_APPROVAL,ELG-001,2,1,0,1,true,0.33
SYN001375,PROF_DEV,2026-12-18,2026-12-21,RECOMMEND_APPROVE,"",2,0,0,2,true,0.19
SYN003179,TOIL,2026-12-18,2026-12-18,NEEDS_APPROVAL,BAL-003,1,0,0,1,true,0.2
SYN002823,ANNUAL,2026-12-18,2026-12-23,RECOMMEND_APPROVE,"",4,0,0,4,true,0.74
SYN004364,TOIL,2026-12-18,2026-12-18,RECOMMEND_APPROVE,"",1,0,0,1,true,0.25
SYN003830,TOIL,2026-12-18,2026-12-18,RECOMMEND_APPROVE,"",0,0,0,0,false,0.1
SYN007698,ANNUAL,2026-12-18,2026-12-18,RECOMMEND_APPROVE,"",1,0,0,1,true,0.24
SYN002939,ADO,2026-12-18,2026-12-18,RECOMMEND_APPROVE,"",1,0,0,1,true,0.21
SYN001302,TOIL,2026-12-18,2026-12-19,RECOMMEND_APPROVE,"",0,0,0,0,false,0.1
SYN004935,TOIL,2026-12-18,2026-12-18,NEEDS_APPROVAL,BAL-003,1,0,0,1,true,0.2
SYN009301,ANNUAL,2026-12-18,2026-12-22,NEEDS_APPROVAL,COV-001,3,0,3,0,true,0.24
SYN007035,ANNUAL,2026-12-18,2026-12-19,RECOMMEND_APPROVE,"",1,1,0,0,true,0.29
SYN004493,ANNUAL,2026-12-18,2026-12-21,RECOMMEND_APPROVE,"",2,0,0,2,true,0.32
SYN009040,TOIL,2026-12-18,2026-12-19,NEEDS_APPROVAL,ELG-001|COV-001,2,0,1,1,true,0.28
SYN006956,TOIL,2026-12-18,2026-12-18,RECOMMEND_APPROVE,"",1,1,0,0,true,0.52
SYN002404,PROF_DEV,2026-12-18,2026-12-18,RECOMMEND_APPROVE,"",1,0,0,1,true,0.18
SYN004011,LONG_SERVICE,2026-12-18,2026-12-20,RECOMMEND_APPROVE,"",1,1,0,0,true,1.09
SYN001238,TOIL,2026-12-18,2026-12-18,RECOMMEND_APPROVE,"",0,0,0,0,false,0.1
SYN003157,TOIL,2026-12-18,2026-12-18,NEEDS_APPROVAL,ELG-001|BAL-003|COV-002,1,1,0,0,true,0.41
SYN008299,ANNUAL,2026-12-18,2026-12-18,NEEDS_APPROVAL,ELG-001,1,0,0,1,true,0.2
SYN006637,TOIL,2026-12-18,2026-12-18,NEEDS_APPROVAL,BAL-003,1,0,0,1,true,0.16
SYN009114,ANNUAL,2026-12-18,2026-12-18,DECLINED,ELG-001|BAL-001,1,1,0,0,true,1.12
SYN009057,TOIL,2026-12-18,2026-12-18,NEEDS_APPROVAL,ELG-001,1,1,0,0,true,0.67
SYN001977,PROF_DEV,2026-12-18,2026-12-18,RECOMMEND_APPROVE,"",1,0,0,1,true,0.19
SYN004270,TOIL,2026-12-18,2026-12-18,NEEDS_APPROVAL,ELG-001|BAL-003,1,1,0,0,true,0.29
SYN001831,ANNUAL,2026-12-18,2026-12-19,RECOMMEND_APPROVE,"",2,0,0,2,true,0.26
SYN004045,ANNUAL,2026-12-19,2026-12-19,RECOMMEND_APPROVE,"",0,0,0,0,false,0.14
SYN003508,ANNUAL,2026-12-19,2026-12-20,RECOMMEND_APPROVE,"",0,0,0,0,false,0.1
SYN003389,ANNUAL,2026-12-19,2027-01-11,RECOMMEND_APPROVE,"",16,13,0,3,true,4.77
SYN002426,ANNUAL,2026-12-19,2026-12-21,RECOMMEND_APPROVE,"",1,0,0,1,true,0.24
SYN001238,ANNUAL,2026-12-19,2026-12-27,RECOMMEND_APPROVE,"",5,5,0,0,true,1.32
SYN008621,ANNUAL,2026-12-19,2026-12-29,NEEDS_APPROVAL,ELG-001,5,5,0,0,true,0.92
SYN006969,ANNUAL,2026-12-19,2026-12-29,NEEDS_APPROVAL,COV-001,7,0,6,1,true,0.41
SYN006637,LONG_SERVICE,2026-12-19,2026-12-22,DECLINED,ELG-003|BAL-001|COV-001,2,0,1,1,true,0.29
SYN005835,ANNUAL,2026-12-19,2026-12-24,NEEDS_APPROVAL,COV-001,4,0,1,3,true,0.25
SYN007026,ADO,2026-12-19,2026-12-25,NEEDS_APPROVAL,REQ-004,5,3,0,2,true,2.69
SYN006956,ANNUAL,2026-12-19,2026-12-20,RECOMMEND_APPROVE,"",0,0,0,0,false,0.11
SYN007236,ANNUAL,2026-12-19,2026-12-19,RECOMMEND_APPROVE,"",1,0,0,1,true,0.23
SYN007829,LONG_SERVICE,2026-12-19,2027-01-11,DECLINED,ELG-001|ELG-003|BAL-001,10,0,0,10,true,0.46
SYN000514,ANNUAL,2026-12-19,2027-01-03,RECOMMEND_APPROVE,"",10,0,0,10,true,0.33
SYN004876,ANNUAL,2026-12-19,2026-12-31,RECOMMEND_APPROVE,"",6,0,0,6,true,0.34
SYN003346,LONG_SERVICE,2026-12-19,2026-12-19,RECOMMEND_APPROVE,"",0,0,0,0,false,0.11
SYN003830,LONG_SERVICE,2026-12-19,2026-12-27,DECLINED,BAL-001,4,1,0,3,true,1.86
SYN007342,ANNUAL,2026-12-19,2027-01-10,RECOMMEND_APPROVE,"",9,0,0,9,true,0.49
SYN009057,ANNUAL,2026-12-19,2026-12-27,NEEDS_APPROVAL,ELG-001,8,5,0,3,true,2.54
SYN007716,TOIL,2026-12-19,2026-12-20,RECOMMEND_APPROVE,"",2,1,0,1,true,1.91
SYN005606,LONG_SERVICE,2026-12-19,2027-01-11,DECLINED,ELG-003|BAL-001,3,0,0,3,true,0.33
SYN009062,ANNUAL,2026-12-19,2027-02-07,DECLINED,ELG-001|ELG-002|BAL-001,16,0,0,16,true,2.12
SYN003226,ANNUAL,2026-12-19,2026-12-25,RECOMMEND_APPROVE,"",5,0,0,5,true,0.28
SYN002551,LONG_SERVICE,2026-12-20,2027-01-17,DECLINED,BAL-001|COV-001,4,0,4,0,true,0.4
SYN002077,ANNUAL,2026-12-20,2027-01-20,DECLINED,BAL-001|COV-001,23,5,4,14,true,1.8
SYN003660,ANNUAL,2026-12-20,2026-12-24,RECOMMEND_APPROVE,"",4,0,0,4,true,0.22
SYN007617,ANNUAL,2026-12-20,2026-12-27,DECLINED,ELG-002,6,0,0,6,true,0.71
SYN004829,ANNUAL,2026-12-20,2026-12-30,RECOMMEND_APPROVE,"",8,8,0,0,true,2.06
SYN006885,ANNUAL,2026-12-20,2026-12-21,RECOMMEND_APPROVE,"",1,0,0,1,true,0.19
SYN004870,ANNUAL,2026-12-21,2026-12-27,RECOMMEND_APPROVE,"",4,0,0,4,true,0.33
SYN009424,ANNUAL,2026-12-21,2027-01-03,DECLINED,BAL-001,10,10,0,0,true,2.53
SYN004665,ADO,2026-12-21,2027-01-17,DECLINED,REQ-004|ELG-001|BAL-001|COV-001|COV-002,16,4,1,11,true,2.35
SYN004999,ANNUAL,2026-12-21,2026-12-27,RECOMMEND_APPROVE,"",3,1,0,2,true,3.38
SYN000346,TOIL,2026-12-21,2026-12-27,RECOMMEND_APPROVE,"",5,1,0,4,true,0.89
SYN005519,ANNUAL,2026-12-21,2027-01-03,RECOMMEND_APPROVE,"",8,7,0,1,true,16.44
SYN000591,LONG_SERVICE,2026-12-21,2026-12-24,DECLINED,BAL-001|COV-001,4,1,1,2,true,0.51
SYN005805,ADO,2026-12-21,2026-12-21,DECLINED,ELG-002|BAL-001,1,0,0,1,true,0.31
SYN000418,TOIL,2026-12-21,2026-12-21,RECOMMEND_APPROVE,"",1,1,0,0,true,0.34
SYN008438,ANNUAL,2026-12-21,2027-01-17,NEEDS_APPROVAL,ELG-001,12,2,0,10,true,2.75
SYN005701,ANNUAL,2026-12-21,2027-01-03,NEEDS_APPROVAL,COV-001,8,0,2,6,true,0.47
SYN008701,ANNUAL,2026-12-21,2027-02-14,DECLINED,BAL-001,40,0,0,40,true,1.82
SYN006557,TOIL,2026-12-21,2026-12-21,NEEDS_APPROVAL,BAL-003,1,1,0,0,true,1.13
SYN001452,ANNUAL,2026-12-21,2027-01-03,RECOMMEND_APPROVE,"",10,10,0,0,true,1.23
SYN006098,TOIL,2026-12-21,2026-12-21,NEEDS_APPROVAL,BAL-003,1,0,0,1,true,0.24
SYN002732,LONG_SERVICE,2026-12-21,2027-01-10,DECLINED,BAL-001|COV-001,12,9,3,0,true,2.09
SYN006235,ANNUAL,2026-12-21,2026-12-24,RECOMMEND_APPROVE,"",4,4,0,0,true,5.76
SYN008800,ANNUAL,2026-12-21,2027-01-01,RECOMMEND_APPROVE,"",8,7,0,1,true,3.56
SYN008266,TOIL,2026-12-21,2026-12-21,DECLINED,ELG-002|BAL-003|COV-002,1,1,0,0,true,0.35
SYN002838,ANNUAL,2026-12-21,2027-01-03,RECOMMEND_APPROVE,"",12,0,0,12,true,2.25
SYN003620,TOIL,2026-12-21,2026-12-27,RECOMMEND_APPROVE,"",3,1,0,2,true,2.66
SYN004938,ANNUAL,2026-12-21,2026-12-22,NEEDS_APPROVAL,COV-001,2,0,1,1,true,0.37
SYN004292,ANNUAL,2026-12-21,2027-02-28,NEEDS_APPROVAL,BAL-003,50,0,0,50,true,2.24
SYN001642,ANNUAL,2026-12-21,2026-12-27,RECOMMEND_APPROVE,"",0,0,0,0,false,0.18
SYN007039,ANNUAL,2026-12-21,2027-01-11,DECLINED,BAL-001|COV-001,16,0,3,13,true,0.84
SYN002772,LONG_SERVICE,2026-12-21,2026-12-27,DECLINED,BAL-001,3,1,0,2,true,0.93
SYN003941,TOIL,2026-12-21,2026-12-27,DECLINED,BAL-001|COV-001,7,1,2,4,true,0.92
SYN000297,ANNUAL,2026-12-21,2027-01-15,DECLINED,COV-001|COV-002,20,2,2,16,true,0.93
SYN007401,UNPAID,2026-12-21,2027-02-21,NEEDS_APPROVAL,ELG-001,45,0,0,45,true,1.76
SYN008239,PROF_DEV,2026-12-21,2026-12-27,DECLINED,ELG-002|BAL-003,4,0,0,4,true,0.58
SYN005996,ANNUAL,2026-12-21,2026-12-27,NEEDS_APPROVAL,ELG-001|COV-002,5,1,0,4,true,0.59
SYN007536,TOIL,2026-12-21,2026-12-27,RECOMMEND_APPROVE,"",3,0,0,3,true,0.37
SYN006414,ANNUAL,2026-12-21,2026-12-24,NEEDS_APPROVAL,ELG-001,3,2,0,1,true,1.81
SYN005872,ANNUAL,2026-12-21,2026-12-27,RECOMMEND_APPROVE,"",5,5,0,0,true,1.66
SYN004512,ANNUAL,2026-12-21,2027-01-03,RECOMMEND_APPROVE,"",10,5,0,5,true,4.22
SYN006004,LONG_SERVICE,2026-12-21,2026-12-28,DECLINED,ELG-003|BAL-001,2,2,0,0,true,1.12
SYN000213,TOIL,2026-12-21,2027-01-17,DECLINED,BAL-001,20,15,0,5,true,10.44
SYN006281,ANNUAL,2026-12-21,2026-12-27,NEEDS_APPROVAL,ELG-001,3,0,0,3,true,0.32
SYN001491,LONG_SERVICE,2026-12-21,2027-01-04,DECLINED,ELG-003|BAL-001,6,4,0,2,true,3.77
SYN009284,TOIL,2026-12-21,2026-12-21,DECLINED,BAL-001|COV-001,1,0,1,0,true,0.25
SYN008881,ANNUAL,2026-12-21,2027-01-03,NEEDS_APPROVAL,ELG-001,10,2,0,8,true,2.34
SYN006176,TOIL,2026-12-21,2026-12-23,NEEDS_APPROVAL,ELG-001,3,3,0,0,true,5.69
SYN007050,ANNUAL,2026-12-21,2027-02-10,DECLINED,BAL-001,29,19,0,10,true,34.12
SYN004270,TOIL,2026-12-21,2026-12-21,NEEDS_APPROVAL,ELG-001|BAL-003,1,0,0,1,true,0.28
SYN006180,ANNUAL,2026-12-21,2027-02-07,DECLINED,COV-001,28,7,7,14,true,2.39
SYN006133,ANNUAL,2026-12-21,2027-02-01,DECLINED,BAL-001,18,18,0,0,true,56.82
SYN007009,LONG_SERVICE,2026-12-21,2026-12-25,DECLINED,ELG-003|BAL-001,5,5,0,0,true,1.19
SYN004075,ANNUAL,2026-12-21,2027-01-03,NEEDS_APPROVAL,ELG-001,10,5,0,5,true,3.03
SYN008135,ANNUAL,2026-12-21,2026-12-31,DECLINED,BAL-001,9,5,0,4,true,1.89
SYN006409,ANNUAL,2026-12-21,2026-12-22,NEEDS_APPROVAL,COV-001,2,0,1,1,true,0.25
SYN002284,ANNUAL,2026-12-21,2026-12-27,NEEDS_APPROVAL,ELG-001|COV-001|COV-002,5,0,3,2,true,0.45
SYN004012,ANNUAL,2026-12-21,2026-12-24,NEEDS_APPROVAL,COV-001,4,0,4,0,true,0.5
SYN008915,ANNUAL,2026-12-21,2027-01-17,RECOMMEND_APPROVE,"",0,0,0,0,false,0.18
SYN008079,ANNUAL,2026-12-21,2026-12-27,DECLINED,ELG-001|BAL-001|COV-001,5,0,5,0,true,0.57
SYN002573,ANNUAL,2026-12-21,2026-12-27,NEEDS_APPROVAL,ELG-001,4,1,0,3,true,0.61
SYN003689,ANNUAL,2026-12-21,2027-02-09,DECLINED,BAL-001,23,0,0,23,true,1.73
SYN006813,TOIL,2026-12-21,2026-12-21,NEEDS_APPROVAL,BAL-003,1,0,0,1,true,0.19
SYN004950,ANNUAL,2026-12-21,2027-01-03,RECOMMEND_APPROVE,"",6,6,0,0,true,1.87
SYN003017,UNPAID,2026-12-21,2027-06-06,DECLINED,COV-001,48,0,13,35,true,2.91
SYN000190,ANNUAL,2026-12-21,2027-02-14,DECLINED,BAL-001,32,8,0,24,true,2.17
SYN003378,ANNUAL,2026-12-21,2027-01-04,DECLINED,BAL-001,11,2,0,9,true,4.7
SYN007926,ANNUAL,2026-12-21,2026-12-27,NEEDS_APPROVAL,ELG-001|COV-001,2,1,1,0,true,0.7
SYN005694,LONG_SERVICE,2026-12-21,2027-01-10,DECLINED,ELG-003|BAL-001,12,0,0,12,true,0.51
SYN005959,ANNUAL,2026-12-21,2027-01-03,NEEDS_APPROVAL,COV-001,10,4,6,0,true,1.38
SYN006041,TOIL,2026-12-21,2027-01-03,RECOMMEND_APPROVE,"",6,0,0,6,true,0.86
SYN007249,ANNUAL,2026-12-21,2027-01-03,DECLINED,ELG-001|BAL-001|COV-001,10,2,4,4,true,0.87
SYN003420,TOIL,2026-12-21,2026-12-21,NEEDS_APPROVAL,ELG-001|BAL-003,1,0,0,1,true,0.2
SYN007716,ANNUAL,2026-12-21,2027-01-17,RECOMMEND_APPROVE,"",16,8,0,8,true,3.19
SYN004278,ANNUAL,2026-12-21,2027-01-17,RECOMMEND_APPROVE,"",24,0,0,24,true,2.24
SYN001631,ANNUAL,2026-12-21,2026-12-23,RECOMMEND_APPROVE,"",3,0,0,3,true,0.44
SYN007094,TOIL,2026-12-21,2027-01-24,DECLINED,BAL-001,15,8,0,7,true,3.5
SYN005725,ANNUAL,2026-12-21,2026-12-24,NEEDS_APPROVAL,COV-001,3,0,3,0,true,0.29
SYN003547,TOIL,2026-12-21,2026-12-27,DECLINED,BAL-001,5,4,0,1,true,9.17
SYN002490,LONG_SERVICE,2026-12-21,2026-12-27,NEEDS_APPROVAL,ELG-001,4,2,0,2,true,3.48
SYN003352,LONG_SERVICE,2026-12-21,2027-01-03,DECLINED,BAL-001,6,4,0,2,true,2.05
SYN007079,ANNUAL,2026-12-21,2027-01-03,RECOMMEND_APPROVE,"",12,0,0,12,true,0.58
SYN005442,LONG_SERVICE,2026-12-21,2027-01-01,DECLINED,ELG-003|BAL-001|COV-001,6,0,2,4,true,0.44
SYN002249,ADO,2026-12-21,2026-12-21,NEEDS_APPROVAL,BAL-003,1,1,0,0,true,0.51
SYN004706,TOIL,2026-12-21,2026-12-21,NEEDS_APPROVAL,BAL-003,1,0,0,1,true,0.4
SYN004190,TOIL,2026-12-21,2027-01-10,RECOMMEND_APPROVE,"",9,6,0,3,true,5.0
SYN005707,TOIL,2026-12-21,2026-12-23,DECLINED,BAL-001,3,0,0,3,true,0.28
SYN004524,ANNUAL,2026-12-21,2026-12-27,RECOMMEND_APPROVE,"",3,0,0,3,true,0.78
SYN003290,LONG_SERVICE,2026-12-21,2026-12-24,DECLINED,ELG-001|BAL-001,4,4,0,0,true,1.68
SYN007052,ANNUAL,2026-12-21,2027-01-03,RECOMMEND_APPROVE,"",8,0,0,8,true,0.5
SYN005746,TOIL,2026-12-21,2026-12-21,NEEDS_APPROVAL,BAL-003,1,0,0,1,true,0.27
SYN007270,ANNUAL,2026-12-21,2027-01-17,DECLINED,BAL-001,20,15,0,5,true,8.85
SYN000956,ANNUAL,2026-12-21,2027-01-18,RECOMMEND_APPROVE,"",17,9,0,8,true,2.92
SYN006282,ANNUAL,2026-12-21,2026-12-27,RECOMMEND_APPROVE,"",3,2,0,1,true,1.08
SYN009114,ANNUAL,2026-12-21,2026-12-21,DECLINED,ELG-001|BAL-001,1,1,0,0,true,1.04
SYN004547,ANNUAL,2026-12-21,2027-01-31,DECLINED,COV-001,30,0,6,24,true,2.26
SYN000916,ANNUAL,2026-12-21,2026-12-24,RECOMMEND_APPROVE,"",3,0,0,3,true,0.34
SYN000199,ANNUAL,2026-12-21,2026-12-28,RECOMMEND_APPROVE,"",6,4,0,2,true,1.67
SYN004490,ANNUAL,2026-12-21,2027-01-10,RECOMMEND_APPROVE,"",18,7,0,11,true,7.78
SYN000257,TOIL,2026-12-21,2027-01-03,DECLINED,BAL-001|COV-001,12,4,3,5,true,2.03
SYN006563,ANNUAL,2026-12-21,2026-12-24,NEEDS_APPROVAL,COV-001,4,0,1,3,true,0.38
SYN001388,LONG_SERVICE,2026-12-21,2026-12-27,DECLINED,BAL-001|COV-001,2,0,1,1,true,0.32
SYN000722,TOIL,2026-12-21,2026-12-21,NEEDS_APPROVAL,ELG-001|BAL-003|COV-001,1,0,1,0,true,0.25
SYN009282,ANNUAL,2026-12-21,2027-01-19,DECLINED,ELG-001|BAL-001|COV-001,14,0,4,10,true,0.94
SYN002920,ANNUAL,2026-12-21,2027-01-03,RECOMMEND_APPROVE,"",10,0,0,10,true,0.75
SYN001492,ANNUAL,2026-12-21,2027-01-03,RECOMMEND_APPROVE,"",6,4,0,2,true,2.6
SYN005895,ANNUAL,2026-12-21,2027-01-17,DECLINED,BAL-001,12,2,0,10,true,5.64
SYN007021,TOIL,2026-12-21,2026-12-21,NEEDS_APPROVAL,BAL-003,1,0,0,1,true,0.2
SYN005139,ANNUAL,2026-12-21,2027-01-01,RECOMMEND_APPROVE,"",6,6,0,0,true,8.8
SYN006254,ANNUAL,2026-12-21,2027-01-17,DECLINED,COV-001,20,0,7,13,true,2.69
SYN009155,LONG_SERVICE,2026-12-21,2026-12-21,RECOMMEND_APPROVE,"",1,1,0,0,true,1.19
SYN006657,ANNUAL,2026-12-21,2026-12-25,NEEDS_APPROVAL,COV-002,4,3,0,1,true,0.64
SYN006648,ANNUAL,2026-12-21,2026-12-21,NEEDS_APPROVAL,COV-001,1,0,1,0,true,0.29
SYN007994,ANNUAL,2026-12-21,2027-01-08,RECOMMEND_APPROVE,"",6,5,0,1,true,3.17
SYN007867,LONG_SERVICE,2026-12-21,2027-01-17,DECLINED,ELG-001|ELG-003|BAL-001|COV-001,12,0,8,4,true,1.77
SYN001615,ANNUAL,2026-12-21,2027-02-15,DECLINED,BAL-001,16,0,0,16,true,1.27
SYN000351,ADO,2026-12-21,2026-12-25,NEEDS_APPROVAL,REQ-004,2,1,0,1,true,0.74
SYN002932,ANNUAL,2026-12-21,2027-01-25,DECLINED,BAL-001,16,5,0,11,true,4.27
SYN002127,ANNUAL,2026-12-21,2026-12-31,DECLINED,BAL-001,9,0,0,9,true,0.59
SYN000479,LONG_SERVICE,2026-12-21,2026-12-23,DECLINED,ELG-001|ELG-003|BAL-001,3,3,0,0,true,1.54
SYN007749,ANNUAL,2026-12-21,2027-01-03,DECLINED,BAL-001,10,6,0,4,true,4.25
SYN004311,ANNUAL,2026-12-21,2026-12-28,RECOMMEND_APPROVE,"",5,1,0,4,true,0.42
SYN007896,ADO,2026-12-21,2026-12-22,RECOMMEND_APPROVE,"",1,0,0,1,true,0.32
SYN003777,LONG_SERVICE,2026-12-21,2026-12-27,DECLINED,BAL-001,3,2,0,1,true,1.02
SYN003179,TOIL,2026-12-21,2026-12-21,NEEDS_APPROVAL,BAL-003,1,0,0,1,true,0.23
SYN009362,TOIL,2026-12-21,2026-12-21,NEEDS_APPROVAL,BAL-003,1,0,0,1,true,0.2
SYN002068,ANNUAL,2026-12-21,2026-12-24,RECOMMEND_APPROVE,"",4,4,0,0,true,0.77
SYN006179,ANNUAL,2026-12-21,2027-01-03,NEEDS_APPROVAL,COV-001,8,0,2,6,true,1.05
SYN001236,TOIL,2026-12-21,2026-12-27,DECLINED,BAL-001,3,1,0,2,true,1.1
SYN006658,LONG_SERVICE,2026-12-21,2027-02-07,DECLINED,ELG-003|BAL-001,28,28,0,0,true,6.25
SYN002930,ANNUAL,2026-12-21,2027-01-17,DECLINED,ELG-001|COV-001,20,0,8,12,true,1.61
SYN003235,ANNUAL,2026-12-21,2026-12-23,RECOMMEND_APPROVE,"",2,2,0,0,true,1.34
SYN002937,LONG_SERVICE,2026-12-21,2026-12-27,DECLINED,BAL-001,5,3,0,2,true,2.55
SYN008705,TOIL,2026-12-21,2026-12-21,DECLINED,ELG-002|BAL-003,1,1,0,0,true,0.61
SYN003220,ANNUAL,2026-12-21,2027-01-11,DECLINED,COV-001,16,3,7,6,true,0.9
SYN004502,LONG_SERVICE,2026-12-21,2026-12-27,DECLINED,ELG-003|BAL-001,4,0,0,4,true,0.32
SYN007972,LONG_SERVICE,2026-12-21,2026-12-21,DECLINED,BAL-001,1,0,0,1,true,0.22
SYN009317,ANNUAL,2026-12-21,2027-01-03,NEEDS_APPROVAL,ELG-001,10,2,0,8,true,0.86
SYN007483,LONG_SERVICE,2026-12-21,2026-12-24,RECOMMEND_APPROVE,"",4,2,0,2,true,0.82
SYN005319,ANNUAL,2026-12-21,2026-12-21,RECOMMEND_APPROVE,"",1,0,0,1,true,0.17
SYN008246,ANNUAL,2026-12-21,2026-12-24,RECOMMEND_APPROVE,"",3,0,0,3,true,0.27
SYN008657,TOIL,2026-12-21,2026-12-21,DECLINED,BAL-001,1,0,0,1,true,0.23
SYN008727,ANNUAL,2026-12-21,2026-12-23,RECOMMEND_APPROVE,"",3,0,0,3,true,0.23
SYN007346,LONG_SERVICE,2026-12-21,2027-01-15,DECLINED,ELG-003|BAL-001,16,4,0,12,true,0.85
SYN003927,ANNUAL,2026-12-21,2026-12-21,RECOMMEND_APPROVE,"",1,0,0,1,true,0.24
SYN008623,LONG_SERVICE,2026-12-21,2027-03-20,DECLINED,ELG-001|ELG-003|BAL-001,52,8,0,44,true,6.71
SYN003673,ANNUAL,2026-12-21,2027-01-10,RECOMMEND_APPROVE,"",6,6,0,0,true,5.56
SYN003171,ANNUAL,2026-12-21,2027-01-03,RECOMMEND_APPROVE,"",8,6,0,2,true,1.79
SYN000801,TOIL,2026-12-21,2026-12-27,RECOMMEND_APPROVE,"",3,0,0,3,true,0.59
SYN006930,PARENTAL,2026-12-21,2027-07-04,RECOMMEND_APPROVE,"",140,74,0,66,true,144.39
SYN001932,ANNUAL,2026-12-21,2027-01-11,DECLINED,COV-001,16,4,6,6,true,1.4
SYN009174,ANNUAL,2026-12-21,2027-01-18,NEEDS_APPROVAL,ELG-001,16,0,0,16,true,0.57
SYN008309,ANNUAL,2026-12-21,2027-01-10,RECOMMEND_APPROVE,"",9,6,0,3,true,6.7
SYN004711,ANNUAL,2026-12-21,2027-01-17,RECOMMEND_APPROVE,"",16,8,0,8,true,4.51
SYN009050,ANNUAL,2026-12-21,2027-01-31,DECLINED,ELG-001|BAL-001|COV-003,30,10,0,20,true,3.35
SYN000875,ANNUAL,2026-12-21,2027-01-03,RECOMMEND_APPROVE,"",4,0,0,4,true,0.31
SYN008429,TOIL,2026-12-21,2026-12-21,NEEDS_APPROVAL,ELG-001,1,0,0,1,true,0.25
SYN000459,ANNUAL,2026-12-21,2027-01-08,DECLINED,BAL-001|COV-001,15,0,6,9,true,0.72
SYN006741,PARENTAL,2026-12-21,2027-07-04,RECOMMEND_APPROVE,"",140,87,0,53,true,52.99
SYN007718,TOIL,2026-12-21,2026-12-21,RECOMMEND_APPROVE,"",1,0,0,1,true,0.34
SYN004287,TOIL,2026-12-21,2026-12-21,NEEDS_APPROVAL,ELG-001|BAL-003,1,0,0,1,true,0.23
SYN008834,ANNUAL,2026-12-21,2027-01-04,NEEDS_APPROVAL,ELG-001,9,2,0,7,true,0.74
SYN004673,LONG_SERVICE,2026-12-21,2026-12-23,DECLINED,ELG-003|BAL-001,2,2,0,0,true,1.14
SYN000548,TOIL,2026-12-21,2026-12-21,NEEDS_APPROVAL,BAL-003,1,0,0,1,true,0.19
SYN004416,ANNUAL,2026-12-21,2027-01-31,DECLINED,ELG-001|BAL-001,24,24,0,0,true,14.55
SYN004881,ANNUAL,2026-12-21,2026-12-27,NEEDS_APPROVAL,ELG-001,3,1,0,2,true,0.66
SYN002097,ANNUAL,2026-12-21,2026-12-22,RECOMMEND_APPROVE,"",1,1,0,0,true,1.06
SYN008039,ANNUAL,2026-12-21,2026-12-31,RECOMMEND_APPROVE,"",9,2,0,7,true,1.0
SYN002334,ANNUAL,2026-12-21,2027-01-10,RECOMMEND_APPROVE,"",9,3,0,6,true,1.56
SYN004385,ANNUAL,2026-12-21,2027-01-31,DECLINED,BAL-001,24,22,0,2,true,59.5
SYN007507,LONG_SERVICE,2026-12-21,2027-03-21,DECLINED,ELG-001|ELG-003|BAL-001,65,22,0,43,true,4.38
SYN000712,ANNUAL,2026-12-21,2027-01-03,RECOMMEND_APPROVE,"",6,0,0,6,true,0.58
SYN008152,ANNUAL,2026-12-21,2027-01-17,NEEDS_APPROVAL,ELG-001,16,0,0,16,true,1.05
SYN006802,ANNUAL,2026-12-21,2026-12-24,RECOMMEND_APPROVE,"",4,4,0,0,true,1.21
SYN001092,ANNUAL,2026-12-21,2027-01-07,DECLINED,COV-001,14,0,2,12,true,0.53
SYN008520,ANNUAL,2026-12-21,2026-12-27,RECOMMEND_APPROVE,"",5,1,0,4,true,1.71
SYN001634,LONG_SERVICE,2026-12-21,2027-01-17,DECLINED,COV-001,20,0,15,5,true,1.46
SYN003658,ANNUAL,2026-12-21,2027-01-04,RECOMMEND_APPROVE,"",7,7,0,0,true,1.91
SYN000855,ANNUAL,2026-12-21,2027-01-31,DECLINED,ELG-001|BAL-001,36,12,0,24,true,3.72
SYN005905,ANNUAL,2026-12-21,2027-02-14,DECLINED,BAL-001,40,1,0,39,true,3.29
SYN003733,ANNUAL,2026-12-21,2026-12-24,RECOMMEND_APPROVE,"",4,0,0,4,true,0.25
SYN004940,ANNUAL,2026-12-21,2027-01-03,DECLINED,BAL-001,10,8,0,2,true,11.06
SYN004364,TOIL,2026-12-21,2026-12-21,RECOMMEND_APPROVE,"",1,1,0,0,true,1.35
SYN007288,ANNUAL,2026-12-21,2027-01-10,DECLINED,COV-001|COV-003,15,9,3,3,true,1.55
SYN005536,PROF_DEV,2026-12-21,2026-12-23,RECOMMEND_APPROVE,"",2,2,0,0,true,0.43
SYN009273,ANNUAL,2026-12-21,2027-03-01,DECLINED,BAL-001,60,27,0,33,true,56.51
SYN005336,ANNUAL,2026-12-21,2027-01-03,RECOMMEND_APPROVE,"",8,6,0,2,true,12.9
SYN001436,ANNUAL,2026-12-21,2026-12-27,RECOMMEND_APPROVE,"",5,1,0,4,true,0.58
SYN007916,PROF_DEV,2026-12-21,2026-12-23,DECLINED,BAL-001,3,0,0,3,true,0.27
SYN006596,ANNUAL,2026-12-21,2027-01-24,DECLINED,ELG-001|BAL-001,30,0,0,30,true,0.7
SYN005566,ANNUAL,2026-12-21,2027-01-01,RECOMMEND_APPROVE,"",8,2,0,6,true,1.22
SYN008169,ANNUAL,2026-12-21,2027-01-15,DECLINED,ELG-002|BAL-003,20,4,0,16,true,9.14
SYN008667,TOIL,2026-12-21,2027-01-03,DECLINED,ELG-001|BAL-001|COV-001,4,2,2,0,true,1.22
SYN000740,TOIL,2026-12-21,2026-12-27,DECLINED,BAL-001,3,0,0,3,true,0.31
SYN000247,ANNUAL,2026-12-22,2026-12-22,NEEDS_APPROVAL,COV-001,1,0,1,0,true,0.22
SYN000749,TOIL,2026-12-22,2026-12-24,RECOMMEND_APPROVE,"",3,1,0,2,true,0.41
SYN007783,ANNUAL,2026-12-22,2026-12-24,RECOMMEND_APPROVE,"",3,0,0,3,true,0.26
SYN008705,ANNUAL,2026-12-22,2026-12-24,RECOMMEND_APPROVE,"",3,1,0,2,true,0.66
SYN008199,ANNUAL,2026-12-22,2026-12-22,RECOMMEND_APPROVE,"",0,0,0,0,false,0.11
SYN006884,ANNUAL,2026-12-22,2027-01-24,NEEDS_APPROVAL,ELG-001,24,14,0,10,true,26.93
SYN008448,PROF_DEV,2026-12-22,2026-12-24,RECOMMEND_APPROVE,"",3,2,0,1,true,0.66
SYN008742,LONG_SERVICE,2026-12-22,2026-12-25,DECLINED,BAL-001,3,0,0,3,true,0.32
SYN008718,ANNUAL,2026-12-22,2026-12-24,RECOMMEND_APPROVE,"",2,2,0,0,true,1.6
SYN002986,ANNUAL,2026-12-22,2026-12-24,RECOMMEND_APPROVE,"",3,0,0,3,true,0.26
SYN004109,ANNUAL,2026-12-22,2027-01-01,RECOMMEND_APPROVE,"",9,0,0,9,true,0.5
SYN003739,ANNUAL,2026-12-22,2026-12-24,NEEDS_APPROVAL,COV-001,3,0,3,0,true,0.41
SYN007031,TOIL,2026-12-22,2026-12-23,NEEDS_APPROVAL,BAL-003,2,0,0,2,true,0.25
SYN000949,LONG_SERVICE,2026-12-22,2027-01-05,DECLINED,COV-001,9,0,9,0,true,1.42
SYN008846,ANNUAL,2026-12-22,2026-12-27,DECLINED,ELG-001|BAL-001,4,4,0,0,true,1.42
SYN001485,LONG_SERVICE,2026-12-22,2026-12-23,RECOMMEND_APPROVE,"",2,0,0,2,true,0.23
SYN004265,ANNUAL,2026-12-22,2026-12-24,RECOMMEND_APPROVE,"",3,0,0,3,true,0.33
SYN008429,ANNUAL,2026-12-22,2026-12-24,NEEDS_APPROVAL,ELG-001,3,1,0,2,true,0.38
SYN006673,ANNUAL,2026-12-22,2026-12-22,RECOMMEND_APPROVE,"",1,1,0,0,true,0.29
SYN001777,LONG_SERVICE,2026-12-22,2027-01-05,DECLINED,BAL-001,9,2,0,7,true,0.49
SYN008266,ANNUAL,2026-12-22,2026-12-24,DECLINED,ELG-002|COV-002,2,2,0,0,true,0.48
SYN001195,PARENTAL,2026-12-22,2027-07-06,RECOMMEND_APPROVE,"",56,7,0,49,true,7.81
SYN003825,PROF_DEV,2026-12-22,2026-12-22,RECOMMEND_APPROVE,"",1,0,0,1,true,0.24
SYN004364,LONG_SERVICE,2026-12-22,2026-12-24,DECLINED,ELG-003|BAL-001,3,1,0,2,true,1.4
SYN005805,ANNUAL,2026-12-22,2026-12-22,RECOMMEND_APPROVE,"",1,0,0,1,true,0.32
SYN004270,LONG_SERVICE,2026-12-22,2026-12-24,NEEDS_APPROVAL,ELG-001|COV-001,3,1,1,1,true,0.41
SYN005746,ANNUAL,2026-12-22,2026-12-24,RECOMMEND_APPROVE,"",3,0,0,3,true,0.37
SYN004706,ANNUAL,2026-12-22,2026-12-24,RECOMMEND_APPROVE,"",2,0,0,2,true,0.35
SYN004891,LONG_SERVICE,2026-12-22,2026-12-24,DECLINED,ELG-003|BAL-001|COV-001,3,2,1,0,true,0.49
SYN002859,ANNUAL,2026-12-22,2026-12-23,NEEDS_APPROVAL,ELG-001,2,0,0,2,true,0.22
SYN006813,ANNUAL,2026-12-22,2026-12-24,RECOMMEND_APPROVE,"",3,0,0,3,true,0.24
SYN003864,ANNUAL,2026-12-22,2026-12-24,NEEDS_APPROVAL,COV-001,3,1,1,1,true,0.34
SYN007021,ANNUAL,2026-12-22,2026-12-24,RECOMMEND_APPROVE,"",3,0,0,3,true,0.21
SYN005401,TOIL,2026-12-22,2026-12-22,RECOMMEND_APPROVE,"",1,1,0,0,true,0.62
SYN006098,ANNUAL,2026-12-22,2026-12-24,NEEDS_APPROVAL,COV-001,3,0,1,2,true,0.37
SYN001164,ANNUAL,2026-12-22,2027-01-08,DECLINED,ELG-001|COV-001,11,5,3,3,true,1.03
SYN002181,ANNUAL,2026-12-22,2026-12-24,RECOMMEND_APPROVE,"",3,1,0,2,true,0.49
SYN007392,LONG_SERVICE,2026-12-22,2026-12-24,DECLINED,ELG-003|BAL-001|COV-001,3,0,1,2,true,0.29
SYN003605,ANNUAL,2026-12-22,2027-01-03,NEEDS_APPROVAL,BAL-003|COV-001,9,0,2,7,true,1.49
SYN009362,ANNUAL,2026-12-22,2026-12-24,RECOMMEND_APPROVE,"",3,0,0,3,true,0.27
SYN005377,ADO,2026-12-22,2026-12-24,NEEDS_APPROVAL,REQ-004|COV-001,3,0,3,0,true,0.29
SYN002900,ANNUAL,2026-12-22,2026-12-24,NEEDS_APPROVAL,COV-001,3,1,1,1,true,0.34
SYN007640,TOIL,2026-12-22,2026-12-24,RECOMMEND_APPROVE,"",1,1,0,0,true,0.46
SYN004819,PARENTAL,2026-12-22,2027-07-05,DECLINED,ELG-002|COV-001,140,0,28,112,true,2.42
SYN004013,TOIL,2026-12-22,2026-12-23,RECOMMEND_APPROVE,"",0,0,0,0,false,0.14
SYN000548,ANNUAL,2026-12-22,2026-12-24,RECOMMEND_APPROVE,"",3,0,0,3,true,0.22
SYN001933,ANNUAL,2026-12-22,2027-01-19,DECLINED,BAL-001,16,12,0,4,true,46.24
SYN006040,LONG_SERVICE,2026-12-22,2027-01-11,DECLINED,ELG-003|BAL-001,12,0,0,12,true,0.75
SYN008629,ANNUAL,2026-12-22,2027-01-31,DECLINED,ELG-001|BAL-001,30,6,0,24,true,7.85
SYN006804,PROF_DEV,2026-12-22,2027-01-03,RECOMMEND_APPROVE,"",4,2,0,2,true,1.49
SYN000418,LONG_SERVICE,2026-12-22,2026-12-24,NEEDS_APPROVAL,COV-001,3,1,1,1,true,0.55
SYN003179,ANNUAL,2026-12-22,2026-12-24,RECOMMEND_APPROVE,"",3,0,0,3,true,0.34
SYN009284,ANNUAL,2026-12-22,2026-12-24,NEEDS_APPROVAL,COV-001,3,1,1,1,true,0.34
SYN002362,ANNUAL,2026-12-22,2027-01-08,DECLINED,ELG-001|COV-001,11,0,8,3,true,0.54
SYN003420,ANNUAL,2026-12-22,2026-12-24,NEEDS_APPROVAL,ELG-001|COV-001,3,0,3,0,true,0.28
SYN007756,ANNUAL,2026-12-22,2026-12-22,NEEDS_APPROVAL,COV-001,1,0,1,0,true,0.5
SYN000722,ANNUAL,2026-12-22,2026-12-24,NEEDS_APPROVAL,ELG-001|COV-001,3,0,1,2,true,0.31
SYN000578,ANNUAL,2026-12-22,2027-01-05,NEEDS_APPROVAL,COV-002,7,2,0,5,true,2.5
SYN003412,ANNUAL,2026-12-22,2026-12-24,NEEDS_APPROVAL,COV-001,3,0,3,0,true,0.29
SYN000779,ANNUAL,2026-12-22,2026-12-24,NEEDS_APPROVAL,COV-001,3,0,2,1,true,0.3
SYN004287,ANNUAL,2026-12-22,2026-12-24,NEEDS_APPROVAL,ELG-001|COV-001,3,0,1,2,true,0.28
SYN001387,ANNUAL,2026-12-22,2026-12-24,RECOMMEND_APPROVE,"",3,2,0,1,true,0.54
SYN007615,LONG_SERVICE,2026-12-22,2026-12-24,DECLINED,ELG-003|BAL-001,3,0,0,3,true,0.31
SYN001254,LONG_SERVICE,2026-12-23,2026-12-23,DECLINED,ELG-003|BAL-001,1,0,0,1,true,0.27
SYN005184,ANNUAL,2026-12-23,2026-12-23,NEEDS_APPROVAL,COV-001,1,0,1,0,true,0.26
SYN003688,ANNUAL,2026-12-23,2026-12-29,RECOMMEND_APPROVE,"",6,4,0,2,true,4.93
SYN009077,ANNUAL,2026-12-23,2026-12-25,RECOMMEND_APPROVE,"",1,0,0,1,true,0.34
SYN003127,ANNUAL,2026-12-23,2026-12-30,NEEDS_APPROVAL,ELG-001|COV-001,6,1,1,4,true,0.78
SYN009332,PROF_DEV,2026-12-23,2026-12-27,NEEDS_APPROVAL,ELG-001|COV-001,3,0,3,0,true,0.47
SYN007972,LONG_SERVICE,2026-12-23,2026-12-24,DECLINED,BAL-001,2,0,0,2,true,0.25
SYN007738,PROF_DEV,2026-12-23,2026-12-26,NEEDS_APPROVAL,COV-002,2,1,0,1,true,0.49
SYN009280,ADO,2026-12-23,2026-12-23,RECOMMEND_APPROVE,"",1,1,0,0,true,2.26
SYN000664,ANNUAL,2026-12-23,2027-01-06,RECOMMEND_APPROVE,"",11,5,0,6,true,2.17
SYN006184,PROF_DEV,2026-12-23,2026-12-25,NEEDS_APPROVAL,COV-001,3,0,2,1,true,0.4
SYN002580,LONG_SERVICE,2026-12-23,2026-12-25,DECLINED,ELG-001|BAL-001|COV-001|COV-002,3,0,3,0,true,0.41
SYN009441,ANNUAL,2026-12-23,2026-12-25,RECOMMEND_APPROVE,"",2,2,0,0,true,6.57
SYN008106,ANNUAL,2026-12-23,2027-01-07,DECLINED,COV-001,12,3,3,6,true,0.97
SYN004650,ANNUAL,2026-12-23,2026-12-24,NEEDS_APPROVAL,COV-001,2,0,1,1,true,0.38
SYN009321,ANNUAL,2026-12-23,2027-01-07,DECLINED,COV-001,12,5,7,0,true,1.38
SYN002414,ANNUAL,2026-12-23,2026-12-28,RECOMMEND_APPROVE,"",4,0,0,4,true,0.42
SYN008025,ANNUAL,2026-12-23,2026-12-24,RECOMMEND_APPROVE,"",2,0,0,2,true,0.22
SYN006785,ANNUAL,2026-12-23,2026-12-23,NEEDS_APPROVAL,ELG-001,1,1,0,0,true,0.58
SYN004208,ANNUAL,2026-12-23,2026-12-23,RECOMMEND_APPROVE,"",1,0,0,1,true,0.67
SYN009438,ANNUAL,2026-12-23,2026-12-24,RECOMMEND_APPROVE,"",0,0,0,0,false,0.11
SYN008740,ANNUAL,2026-12-23,2026-12-25,NEEDS_APPROVAL,ELG-001,3,0,0,3,true,0.28
SYN007450,ANNUAL,2026-12-23,2026-12-29,RECOMMEND_APPROVE,"",5,0,0,5,true,0.34
SYN002479,ANNUAL,2026-12-23,2026-12-31,NEEDS_APPROVAL,COV-001,5,2,2,1,true,0.47
SYN008078,ANNUAL,2026-12-23,2026-12-25,NEEDS_APPROVAL,ELG-001,3,1,0,2,true,2.79
SYN007808,ANNUAL,2026-12-23,2026-12-27,RECOMMEND_APPROVE,"",3,0,0,3,true,0.45
SYN008415,PROF_DEV,2026-12-23,2026-12-25,NEEDS_APPROVAL,ELG-001|COV-001,3,0,3,0,true,0.31
SYN004089,LONG_SERVICE,2026-12-23,2026-12-28,DECLINED,BAL-001,3,0,0,3,true,0.33
SYN005054,ANNUAL,2026-12-23,2026-12-29,RECOMMEND_APPROVE,"",1,1,0,0,true,1.64
SYN001936,ANNUAL,2026-12-24,2026-12-24,NEEDS_APPROVAL,COV-001,1,0,1,0,true,0.18
SYN008572,ANNUAL,2026-12-24,2026-12-24,RECOMMEND_APPROVE,"",1,0,0,1,true,0.19
SYN006648,ANNUAL,2026-12-24,2026-12-24,RECOMMEND_APPROVE,"",1,0,0,1,true,0.92
SYN007931,ANNUAL,2026-12-24,2027-01-11,DECLINED,ELG-001|COV-001,13,0,5,8,true,0.58
SYN009035,ANNUAL,2026-12-24,2026-12-24,RECOMMEND_APPROVE,"",1,0,0,1,true,0.22
SYN007383,LONG_SERVICE,2026-12-24,2026-12-24,DECLINED,ELG-003|BAL-001,1,0,0,1,true,0.3
SYN006748,LONG_SERVICE,2026-12-24,2027-01-04,DECLINED,ELG-003|BAL-001|COV-001,7,0,3,4,true,0.41
SYN008094,ANNUAL,2026-12-24,2026-12-24,NEEDS_APPROVAL,ELG-001,1,0,0,1,true,0.2
SYN002558,ANNUAL,2026-12-24,2027-01-10,DECLINED,BAL-001|COV-001,18,0,8,10,true,1.12
SYN003926,TOIL,2026-12-24,2026-12-24,RECOMMEND_APPROVE,"",0,0,0,0,false,0.11
SYN006794,ANNUAL,2026-12-24,2027-01-05,NEEDS_APPROVAL,ELG-001,9,5,0,4,true,2.22
SYN000479,UNPAID,2026-12-24,2026-12-25,NEEDS_APPROVAL,ELG-001,2,2,0,0,true,0.72
SYN005667,ANNUAL,2026-12-24,2026-12-29,NEEDS_APPROVAL,COV-001,4,0,4,0,true,0.39
SYN005277,ADO,2026-12-24,2026-12-27,NEEDS_APPROVAL,REQ-004|BAL-003,2,2,0,0,true,1.05
SYN008955,LONG_SERVICE,2026-12-24,2026-12-28,DECLINED,ELG-003|BAL-001,3,0,0,3,true,0.33
SYN006398,ANNUAL,2026-12-24,2026-12-30,NEEDS_APPROVAL,COV-001,6,0,1,5,true,0.63
SYN004011,TOIL,2026-12-24,2026-12-26,RECOMMEND_APPROVE,"",0,0,0,0,false,0.14
SYN005467,ANNUAL,2026-12-24,2026-12-29,NEEDS_APPROVAL,ELG-001,4,4,0,0,true,1.82
SYN001320,ANNUAL,2026-12-24,2026-12-31,RECOMMEND_APPROVE,"",7,0,0,7,true,0.46
SYN005707,ANNUAL,2026-12-24,2026-12-24,RECOMMEND_APPROVE,"",1,0,0,1,true,0.18
SYN002281,ANNUAL,2026-12-24,2026-12-24,NEEDS_APPROVAL,ELG-001,1,0,0,1,true,0.2
SYN003213,ANNUAL,2026-12-24,2027-01-07,RECOMMEND_APPROVE,"",11,0,0,11,true,0.39
SYN005693,TOIL,2026-12-24,2026-12-24,RECOMMEND_APPROVE,"",1,1,0,0,true,0.37
SYN002423,TOIL,2026-12-24,2026-12-25,RECOMMEND_APPROVE,"",1,0,0,1,true,0.21
SYN004661,ANNUAL,2026-12-24,2026-12-31,RECOMMEND_APPROVE,"",4,0,0,4,true,0.23
SYN003767,ANNUAL,2026-12-24,2027-01-08,DECLINED,BAL-001|COV-001,11,3,5,3,true,1.61
SYN007354,TOIL,2026-12-24,2026-12-24,RECOMMEND_APPROVE,"",1,0,0,1,true,0.47
SYN008406,ANNUAL,2026-12-24,2026-12-24,RECOMMEND_APPROVE,"",1,1,0,0,true,0.64
SYN004287,TOIL,2026-12-25,2026-12-25,NEEDS_APPROVAL,ELG-001|BAL-003,1,0,0,1,true,0.21
SYN000418,TOIL,2026-12-25,2026-12-25,NEEDS_APPROVAL,COV-001,1,0,1,0,true,0.3
SYN009143,LONG_SERVICE,2026-12-25,2026-12-25,DECLINED,ELG-003,1,1,0,0,true,0.4
SYN003290,TOIL,2026-12-25,2026-12-25,NEEDS_APPROVAL,ELG-001,1,1,0,0,true,1.27
SYN001067,PROF_DEV,2026-12-25,2026-12-25,NEEDS_APPROVAL,BAL-003,0,0,0,0,false,0.11
SYN000591,TOIL,2026-12-25,2026-12-25,NEEDS_APPROVAL,BAL-003,0,0,0,0,false,0.11
SYN003660,TOIL,2026-12-25,2026-12-25,NEEDS_APPROVAL,BAL-003,1,0,0,1,true,0.16
SYN002097,PROF_DEV,2026-12-25,2026-12-27,RECOMMEND_APPROVE,"",1,1,0,0,true,1.09
SYN006235,ANNUAL,2026-12-25,2026-12-28,RECOMMEND_APPROVE,"",2,2,0,0,true,2.47
SYN006098,TOIL,2026-12-25,2026-12-25,NEEDS_APPROVAL,BAL-003,1,0,0,1,true,0.32
SYN009388,ADO,2026-12-25,2026-12-27,NEEDS_APPROVAL,REQ-004,1,1,0,0,true,0.83
SYN000548,TOIL,2026-12-25,2026-12-25,NEEDS_APPROVAL,BAL-003,1,0,0,1,true,0.46
SYN008199,ANNUAL,2026-12-25,2026-12-28,NEEDS_APPROVAL,COV-001,2,0,1,1,true,0.3
SYN001784,ANNUAL,2026-12-25,2026-12-25,RECOMMEND_APPROVE,"",1,0,0,1,true,0.36
SYN009362,TOIL,2026-12-25,2026-12-25,NEEDS_APPROVAL,BAL-003,1,0,0,1,true,0.2
SYN006446,TOIL,2026-12-25,2026-12-27,NEEDS_APPROVAL,ELG-001,1,0,0,1,true,0.47
SYN002719,LONG_SERVICE,2026-12-25,2026-12-31,DECLINED,BAL-001|COV-001,4,2,1,1,true,0.5
SYN006528,TOIL,2026-12-25,2026-12-25,RECOMMEND_APPROVE,"",1,0,0,1,true,0.19
SYN008173,ANNUAL,2026-12-25,2026-12-25,RECOMMEND_APPROVE,"",1,0,0,1,true,0.19
SYN006752,ANNUAL,2026-12-25,2026-12-25,RECOMMEND_APPROVE,"",0,0,0,0,false,0.11
SYN005213,TOIL,2026-12-25,2026-12-25,RECOMMEND_APPROVE,"",1,1,0,0,true,1.01
SYN006563,TOIL,2026-12-25,2026-12-25,RECOMMEND_APPROVE,"",1,0,0,1,true,0.2
SYN007021,TOIL,2026-12-25,2026-12-25,NEEDS_APPROVAL,BAL-003,1,0,0,1,true,0.17
SYN006980,ANNUAL,2026-12-25,2026-12-27,NEEDS_APPROVAL,ELG-001,3,1,0,2,true,0.43
SYN004019,ANNUAL,2026-12-25,2026-12-27,RECOMMEND_APPROVE,"",1,0,0,1,true,0.28
SYN008657,TOIL,2026-12-25,2026-12-25,NEEDS_APPROVAL,COV-002,1,1,0,0,true,0.43
SYN003179,TOIL,2026-12-25,2026-12-25,NEEDS_APPROVAL,BAL-003,1,0,0,1,true,0.22
SYN004357,LONG_SERVICE,2026-12-25,2026-12-25,NEEDS_APPROVAL,COV-001,1,0,1,0,true,0.28
SYN004364,TOIL,2026-12-25,2026-12-25,RECOMMEND_APPROVE,"",1,0,0,1,true,0.26
SYN001857,ANNUAL,2026-12-25,2026-12-29,NEEDS_APPROVAL,COV-001|COV-003,4,1,1,2,true,0.49
SYN009295,LONG_SERVICE,2026-12-25,2026-12-25,DECLINED,ELG-003,1,0,0,1,true,0.22
SYN008310,TOIL,2026-12-25,2026-12-25,RECOMMEND_APPROVE,"",0,0,0,0,false,0.1
SYN005835,TOIL,2026-12-25,2026-12-25,RECOMMEND_APPROVE,"",0,0,0,0,false,0.1
SYN006517,ANNUAL,2026-12-25,2026-12-27,NEEDS_APPROVAL,COV-001,1,0,1,0,true,0.25
SYN003633,ANNUAL,2026-12-25,2026-12-31,NEEDS_APPROVAL,COV-001,5,1,1,3,true,0.85
SYN005117,ANNUAL,2026-12-25,2027-01-03,NEEDS_APPROVAL,ELG-001,4,0,0,4,true,0.45
SYN000571,ANNUAL,2026-12-25,2026-12-28,RECOMMEND_APPROVE,"",2,0,0,2,true,0.3
SYN003739,TOIL,2026-12-25,2026-12-25,NEEDS_APPROVAL,BAL-003|COV-001,1,0,1,0,true,0.23
SYN006414,TOIL,2026-12-25,2026-12-25,NEEDS_APPROVAL,ELG-001,1,1,0,0,true,1.13
SYN000895,TOIL,2026-12-25,2026-12-25,NEEDS_APPROVAL,ELG-001|BAL-003,1,0,0,1,true,0.23
SYN008959,TOIL,2026-12-25,2026-12-25,DECLINED,ELG-002|BAL-003,0,0,0,0,false,0.13
SYN004970,ANNUAL,2026-12-25,2027-01-05,NEEDS_APPROVAL,COV-001,4,0,1,3,true,0.35
SYN002281,TOIL,2026-12-25,2026-12-25,NEEDS_APPROVAL,ELG-001|BAL-003,1,0,0,1,true,0.21
SYN002853,TOIL,2026-12-25,2026-12-25,NEEDS_APPROVAL,BAL-003|COV-002,1,1,0,0,true,0.43
SYN004270,TOIL,2026-12-25,2026-12-25,NEEDS_APPROVAL,ELG-001|BAL-003,1,0,0,1,true,0.39
SYN002181,TOIL,2026-12-25,2026-12-25,RECOMMEND_APPROVE,"",1,0,0,1,true,0.21
SYN006806,TOIL,2026-12-25,2026-12-25,NEEDS_APPROVAL,BAL-003,1,0,0,1,true,0.28
SYN005746,TOIL,2026-12-25,2026-12-25,NEEDS_APPROVAL,BAL-003,1,0,0,1,true,0.22
SYN000164,ANNUAL,2026-12-25,2026-12-25,RECOMMEND_APPROVE,"",0,0,0,0,false,0.11
SYN005682,TOIL,2026-12-25,2026-12-25,NEEDS_APPROVAL,BAL-003,0,0,0,0,false,0.13
SYN007337,ANNUAL,2026-12-25,2026-12-25,RECOMMEND_APPROVE,"",1,1,0,0,true,0.94
SYN004706,TOIL,2026-12-25,2026-12-25,NEEDS_APPROVAL,BAL-003,0,0,0,0,false,0.52
SYN009028,SICK,2026-12-25,2026-12-25,ACCEPTED,"",1,0,0,1,true,0.19
SYN004299,ANNUAL,2026-12-25,2026-12-29,RECOMMEND_APPROVE,"",3,0,0,3,true,0.31
SYN005707,TOIL,2026-12-25,2026-12-25,RECOMMEND_APPROVE,"",1,0,0,1,true,0.42
SYN009415,ANNUAL,2026-12-25,2027-01-29,DECLINED,COV-001,26,0,21,5,true,0.9
SYN006813,TOIL,2026-12-25,2026-12-25,NEEDS_APPROVAL,BAL-003,1,0,0,1,true,0.28
SYN008246,TOIL,2026-12-25,2026-12-25,RECOMMEND_APPROVE,"",0,0,0,0,false,0.15
SYN003251,UNPAID,2026-12-25,2026-12-25,RECOMMEND_APPROVE,"",1,0,0,1,true,0.16
SYN004112,LONG_SERVICE,2026-12-25,2026-12-25,NEEDS_APPROVAL,COV-001,1,0,1,0,true,0.19
SYN000025,TOIL,2026-12-25,2026-12-30,RECOMMEND_APPROVE,"",1,1,0,0,true,0.64
SYN004270,LONG_SERVICE,2026-12-26,2027-01-01,NEEDS_APPROVAL,ELG-001|COV-001,5,0,1,4,true,0.41
SYN007551,LONG_SERVICE,2026-12-26,2027-01-03,DECLINED,ELG-003|BAL-001,5,0,0,5,true,0.52
SYN005780,ANNUAL,2026-12-26,2026-12-27,RECOMMEND_APPROVE,"",0,0,0,0,false,0.13
SYN004364,LONG_SERVICE,2026-12-26,2027-01-18,DECLINED,ELG-003|BAL-001,24,14,0,10,true,16.88
SYN009362,ANNUAL,2026-12-26,2027-01-01,RECOMMEND_APPROVE,"",6,0,0,6,true,0.45
SYN000826,ANNUAL,2026-12-26,2026-12-29,RECOMMEND_APPROVE,"",0,0,0,0,false,0.16
SYN002178,ANNUAL,2026-12-26,2027-01-04,NEEDS_APPROVAL,COV-001,6,1,2,3,true,0.73
SYN000548,ANNUAL,2026-12-26,2027-01-05,RECOMMEND_APPROVE,"",7,0,0,7,true,0.32
SYN004287,ANNUAL,2026-12-26,2027-01-03,NEEDS_APPROVAL,ELG-001|COV-001,5,0,1,4,true,0.34
SYN009437,ANNUAL,2026-12-26,2027-01-05,NEEDS_APPROVAL,COV-001,7,0,2,5,true,0.4
SYN006885,ANNUAL,2026-12-26,2026-12-26,RECOMMEND_APPROVE,"",0,0,0,0,false,0.12
SYN004706,ANNUAL,2026-12-26,2027-01-18,NEEDS_APPROVAL,ELG-001,14,0,0,14,true,0.86
SYN006313,ANNUAL,2026-12-26,2027-01-10,DECLINED,COV-001,10,2,4,4,true,0.9
SYN009284,ANNUAL,2026-12-26,2027-01-03,NEEDS_APPROVAL,COV-001,4,1,2,1,true,0.41
SYN000418,LONG_SERVICE,2026-12-26,2026-12-31,NEEDS_APPROVAL,COV-001,4,1,1,2,true,0.55
SYN006813,ANNUAL,2026-12-26,2026-12-29,RECOMMEND_APPROVE,"",2,0,0,2,true,0.22
SYN006264,ANNUAL,2026-12-26,2027-01-03,NEEDS_APPROVAL,ELG-001,5,3,0,2,true,0.56
SYN003957,ANNUAL,2026-12-26,2026-12-31,NEEDS_APPROVAL,COV-001,4,2,2,0,true,0.9
SYN007615,LONG_SERVICE,2026-12-26,2027-01-18,DECLINED,ELG-003|BAL-001,9,0,0,9,true,0.58
SYN008718,ANNUAL,2026-12-26,2026-12-31,RECOMMEND_APPROVE,"",2,2,0,0,true,1.65
SYN003903,LONG_SERVICE,2026-12-26,2026-12-26,NEEDS_APPROVAL,COV-001,1,0,1,0,true,0.26
SYN003456,ANNUAL,2026-12-26,2027-01-03,RECOMMEND_APPROVE,"",3,3,0,0,true,2.06
SYN000839,ANNUAL,2026-12-27,2026-12-28,RECOMMEND_APPROVE,"",2,0,0,2,true,0.28
SYN000634,LONG_SERVICE,2026-12-27,2026-12-31,DECLINED,BAL-001,3,1,0,2,true,0.87
SYN008959,ANNUAL,2026-12-27,2026-12-31,RECOMMEND_APPROVE,"",3,3,0,0,true,1.18
SYN001043,PROF_DEV,2026-12-27,2027-01-03,NEEDS_APPROVAL,BAL-003,5,0,0,5,true,0.45
SYN009240,ANNUAL,2026-12-27,2026-12-27,RECOMMEND_APPROVE,"",1,1,0,0,true,1.32
SYN001178,ADO,2026-12-27,2027-01-05,NEEDS_APPROVAL,REQ-004|BAL-003|COV-001,5,4,1,0,true,1.11
SYN006399,ANNUAL,2026-12-27,2027-01-07,RECOMMEND_APPROVE,"",2,0,0,2,true,0.29
SYN003201,ANNUAL,2026-12-27,2027-01-11,RECOMMEND_APPROVE,"",11,2,0,9,true,0.55
SYN002761,ANNUAL,2026-12-27,2027-01-17,RECOMMEND_APPROVE,"",9,2,0,7,true,4.69
SYN009057,LONG_SERVICE,2026-12-28,2027-01-17,DECLINED,ELG-001|ELG-003|BAL-001,18,13,0,5,true,5.33
SYN009293,ANNUAL,2026-12-28,2027-01-17,DECLINED,BAL-001,6,6,0,0,true,4.45
SYN009143,ANNUAL,2026-12-28,2026-12-31,RECOMMEND_APPROVE,"",0,0,0,0,false,0.16
SYN004518,ANNUAL,2026-12-28,2026-12-31,NEEDS_APPROVAL,ELG-001|COV-001,3,0,1,2,true,0.29
SYN000042,ANNUAL,2026-12-28,2027-02-21,DECLINED,BAL-001,24,24,0,0,true,14.37
SYN000506,ANNUAL,2026-12-28,2026-12-28,RECOMMEND_APPROVE,"",1,0,0,1,true,0.27
SYN002836,ANNUAL,2026-12-28,2027-01-07,NEEDS_APPROVAL,COV-001,9,0,3,6,true,0.5
SYN006557,ANNUAL,2026-12-28,2027-01-03,RECOMMEND_APPROVE,"",2,2,0,0,true,2.32
SYN000379,ANNUAL,2026-12-28,2027-01-03,RECOMMEND_APPROVE,"",1,0,0,1,true,0.54
SYN004310,LONG_SERVICE,2026-12-28,2027-01-10,DECLINED,ELG-003|BAL-001,8,0,0,8,true,1.45
SYN001952,ANNUAL,2026-12-28,2027-01-28,RECOMMEND_APPROVE,"",4,4,0,0,true,6.98
SYN001432,ANNUAL,2026-12-28,2027-01-10,RECOMMEND_APPROVE,"",6,0,0,6,true,0.53
SYN009022,ANNUAL,2026-12-28,2027-01-03,NEEDS_APPROVAL,ELG-001,4,4,0,0,true,2.42
SYN003290,TOIL,2026-12-28,2026-12-28,NEEDS_APPROVAL,ELG-001,1,1,0,0,true,0.62
SYN007349,ANNUAL,2026-12-28,2027-01-03,RECOMMEND_APPROVE,"",5,5,0,0,true,1.54
SYN000591,TOIL,2026-12-28,2026-12-28,NEEDS_APPROVAL,BAL-003,1,0,0,1,true,0.24
SYN000107,ANNUAL,2026-12-28,2027-01-01,NEEDS_APPROVAL,COV-001,5,0,3,2,true,0.37
SYN000915,UNPAID,2026-12-28,2027-05-30,NEEDS_APPROVAL,ELG-001,44,0,0,44,true,0.94
SYN000164,ANNUAL,2026-12-28,2027-01-04,RECOMMEND_APPROVE,"",5,0,0,5,true,0.3
SYN002593,ANNUAL,2026-12-28,2027-01-10,RECOMMEND_APPROVE,"",10,2,0,8,true,1.06
SYN000916,TOIL,2026-12-28,2026-12-28,NEEDS_APPROVAL,BAL-003,0,0,0,0,false,0.11
SYN007664,ANNUAL,2026-12-28,2027-01-31,DECLINED,BAL-001,20,10,0,10,true,8.87
SYN009482,PROF_DEV,2026-12-28,2026-12-31,RECOMMEND_APPROVE,"",4,0,0,4,true,0.49
SYN007494,ANNUAL,2026-12-28,2027-01-03,RECOMMEND_APPROVE,"",4,0,0,4,true,0.74
SYN007240,ANNUAL,2026-12-28,2027-01-17,DECLINED,COV-001,15,0,12,3,true,1.72
SYN004251,LONG_SERVICE,2026-12-28,2027-01-17,DECLINED,ELG-003|BAL-001,15,0,0,15,true,0.6
SYN004999,ANNUAL,2026-12-28,2027-02-07,RECOMMEND_APPROVE,"",18,9,0,9,true,24.99
SYN007483,TOIL,2026-12-28,2026-12-28,RECOMMEND_APPROVE,"",1,1,0,0,true,0.55
SYN006701,ANNUAL,2026-12-28,2027-01-10,RECOMMEND_APPROVE,"",10,0,0,10,true,0.69
SYN004262,ANNUAL,2026-12-28,2027-01-03,NEEDS_APPROVAL,ELG-001|COV-001,5,0,1,4,true,0.4
SYN005835,TOIL,2026-12-28,2026-12-28,RECOMMEND_APPROVE,"",1,0,0,1,true,0.18
SYN005409,ANNUAL,2026-12-28,2027-02-08,DECLINED,BAL-001,24,18,0,6,true,23.51
SYN007972,LONG_SERVICE,2026-12-28,2026-12-28,RECOMMEND_APPROVE,"",1,0,0,1,true,0.27
SYN000702,ANNUAL,2026-12-28,2027-01-03,RECOMMEND_APPROVE,"",5,1,0,4,true,0.87
SYN002853,TOIL,2026-12-28,2026-12-28,NEEDS_APPROVAL,BAL-003|COV-002,1,1,0,0,true,0.43
SYN009314,ANNUAL,2026-12-28,2027-01-10,RECOMMEND_APPROVE,"",10,0,0,10,true,1.07
SYN005892,ADO,2026-12-28,2027-01-03,NEEDS_APPROVAL,REQ-004,5,2,0,3,true,1.01
SYN003529,TOIL,2026-12-28,2027-01-03,NEEDS_APPROVAL,COV-001,6,1,4,1,true,0.66
SYN008939,ANNUAL,2026-12-28,2027-01-15,DECLINED,ELG-001|BAL-001|COV-001|COV-002,15,0,15,0,true,1.07
SYN007344,ANNUAL,2026-12-28,2027-01-10,NEEDS_APPROVAL,BAL-003,10,10,0,0,true,10.21
SYN009155,LONG_SERVICE,2026-12-28,2026-12-28,RECOMMEND_APPROVE,"",1,1,0,0,true,0.99
SYN009298,ANNUAL,2026-12-28,2027-01-10,NEEDS_APPROVAL,COV-003,14,6,0,8,true,3.19
SYN008823,ANNUAL,2026-12-28,2027-01-10,NEEDS_APPROVAL,ELG-001,6,5,0,1,true,13.73
SYN002423,TOIL,2026-12-28,2026-12-28,RECOMMEND_APPROVE,"",1,0,0,1,true,0.23
SYN009343,ANNUAL,2026-12-28,2027-01-17,DECLINED,ELG-001|COV-001,9,2,4,3,true,1.16
SYN007493,ANNUAL,2026-12-28,2026-12-31,NEEDS_APPROVAL,ELG-001,4,0,0,4,true,0.38
SYN004011,ANNUAL,2026-12-28,2027-01-17,DECLINED,BAL-001,12,6,0,6,true,5.16
SYN006696,ANNUAL,2026-12-28,2027-01-14,DECLINED,COV-001,14,3,9,2,true,0.8
SYN006107,ANNUAL,2026-12-28,2027-01-03,RECOMMEND_APPROVE,"",2,0,0,2,true,0.33
SYN007228,ANNUAL,2026-12-28,2027-01-03,DECLINED,ELG-002,2,2,0,0,true,0.88
SYN001383,LONG_SERVICE,2026-12-28,2027-01-10,DECLINED,ELG-003|BAL-001|COV-001,8,0,2,6,true,0.58
SYN003864,LONG_SERVICE,2026-12-28,2027-01-01,DECLINED,BAL-001|COV-001,5,2,2,1,true,0.57
SYN003783,ANNUAL,2026-12-28,2027-01-10,RECOMMEND_APPROVE,"",4,0,0,4,true,0.32
SYN002589,TOIL,2026-12-28,2027-01-03,RECOMMEND_APPROVE,"",3,3,0,0,true,4.88
SYN005819,PARENTAL,2026-12-28,2027-07-11,NEEDS_APPROVAL,ELG-001,112,0,0,112,true,6.81
SYN006282,TOIL,2026-12-28,2026-12-28,RECOMMEND_APPROVE,"",1,0,0,1,true,0.31
SYN008415,ANNUAL,2026-12-28,2027-01-04,NEEDS_APPROVAL,ELG-001|COV-001,6,0,5,1,true,0.43
SYN005534,ANNUAL,2026-12-28,2027-01-10,RECOMMEND_APPROVE,"",8,4,0,4,true,7.73
SYN002958,ANNUAL,2026-12-28,2027-01-03,RECOMMEND_APPROVE,"",5,0,0,5,true,0.5
SYN004804,ANNUAL,2026-12-28,2027-01-03,NEEDS_APPROVAL,COV-001,7,1,2,4,true,0.79
SYN001784,ANNUAL,2026-12-28,2027-01-01,RECOMMEND_APPROVE,"",5,0,0,5,true,0.55
SYN002181,TOIL,2026-12-28,2026-12-28,NEEDS_APPROVAL,COV-001,1,0,1,0,true,0.32
SYN005732,ANNUAL,2026-12-28,2027-01-06,RECOMMEND_APPROVE,"",4,0,0,4,true,0.32
SYN008556,ANNUAL,2026-12-28,2027-01-17,DECLINED,BAL-001,15,5,0,10,true,2.85
SYN009004,ANNUAL,2026-12-28,2027-01-03,RECOMMEND_APPROVE,"",2,2,0,0,true,2.31
SYN000479,LONG_SERVICE,2026-12-28,2026-12-30,DECLINED,ELG-001|ELG-003|BAL-001,3,3,0,0,true,1.02
SYN009056,ANNUAL,2026-12-28,2027-01-03,RECOMMEND_APPROVE,"",3,3,0,0,true,2.93
SYN008234,ANNUAL,2026-12-28,2026-12-29,NEEDS_APPROVAL,COV-001,2,0,2,0,true,0.28
SYN005725,TOIL,2026-12-28,2026-12-28,NEEDS_APPROVAL,BAL-003,0,0,0,0,false,0.1
SYN001207,ANNUAL,2026-12-28,2027-01-24,NEEDS_APPROVAL,COV-002,8,4,0,4,true,3.02
SYN000428,ANNUAL,2026-12-28,2026-12-31,RECOMMEND_APPROVE,"",4,0,0,4,true,0.44
SYN009290,TOIL,2026-12-28,2026-12-28,RECOMMEND_APPROVE,"",0,0,0,0,false,0.19
SYN002171,ANNUAL,2026-12-28,2027-02-21,DECLINED,ELG-001|BAL-001,24,16,0,8,true,24.09
SYN007926,TOIL,2026-12-28,2027-01-10,NEEDS_APPROVAL,ELG-001|COV-001,4,1,2,1,true,0.92
SYN006194,LONG_SERVICE,2026-12-28,2027-01-01,DECLINED,ELG-003|BAL-001,5,1,0,4,true,0.55
SYN001319,LONG_SERVICE,2026-12-28,2027-01-18,DECLINED,BAL-001,19,6,0,13,true,2.18
SYN002281,TOIL,2026-12-28,2026-12-28,NEEDS_APPROVAL,ELG-001|BAL-003,1,0,0,1,true,0.21
SYN002750,ANNUAL,2026-12-28,2027-01-24,DECLINED,ELG-001|BAL-001|COV-001,20,0,12,8,true,0.68
SYN008529,UNPAID,2026-12-28,2027-12-28,NEEDS_APPROVAL,ELG-001,157,0,0,157,true,5.29
SYN004881,TOIL,2026-12-28,2026-12-31,DECLINED,ELG-001|ELG-002,2,1,0,1,true,0.67
SYN002109,UNPAID,2026-12-28,2027-11-07,DECLINED,ELG-001|COV-001,135,2,5,128,true,6.93
SYN006414,TOIL,2026-12-28,2026-12-28,NEEDS_APPROVAL,ELG-001,1,1,0,0,true,1.01
SYN000657,ANNUAL,2026-12-28,2027-01-31,DECLINED,ELG-001|BAL-001|COV-002,20,5,0,15,true,4.2
SYN003981,ANNUAL,2026-12-28,2027-01-01,NEEDS_APPROVAL,COV-001,5,0,3,2,true,0.39
SYN006562,LONG_SERVICE,2026-12-28,2027-01-17,DECLINED,ELG-001|ELG-003|BAL-001,9,3,0,6,true,0.81
SYN008288,ANNUAL,2026-12-28,2027-01-03,NEEDS_APPROVAL,ELG-001|COV-001,4,2,2,0,true,1.02
SYN002597,TOIL,2026-12-28,2026-12-28,NEEDS_APPROVAL,BAL-003,1,0,0,1,true,0.18
SYN002986,ANNUAL,2026-12-28,2027-01-01,RECOMMEND_APPROVE,"",5,0,0,5,true,0.31
SYN009222,ANNUAL,2026-12-28,2027-01-11,RECOMMEND_APPROVE,"",10,7,0,3,true,16.66
SYN005769,ANNUAL,2026-12-28,2027-01-24,RECOMMEND_APPROVE,"",12,9,0,3,true,22.57
SYN009535,ANNUAL,2026-12-28,2026-12-31,RECOMMEND_APPROVE,"",3,1,0,2,true,0.68
SYN000705,ANNUAL,2026-12-28,2026-12-28,RECOMMEND_APPROVE,"",1,0,0,1,true,0.23
SYN006361,ANNUAL,2026-12-28,2027-02-14,DECLINED,BAL-001,28,0,0,28,true,0.99
SYN005320,ANNUAL,2026-12-28,2027-01-31,RECOMMEND_APPROVE,"",25,5,0,20,true,0.98
SYN000141,UNPAID,2026-12-28,2027-01-24,RECOMMEND_APPROVE,"",12,7,0,5,true,8.28
SYN009118,LONG_SERVICE,2026-12-28,2027-01-03,DECLINED,ELG-001|ELG-003|BAL-001,3,1,0,2,true,4.26
SYN007819,ANNUAL,2026-12-28,2027-01-03,RECOMMEND_APPROVE,"",4,3,0,1,true,1.08
SYN000015,ANNUAL,2026-12-28,2026-12-31,RECOMMEND_APPROVE,"",4,0,0,4,true,0.28
SYN006649,ANNUAL,2026-12-28,2027-01-24,DECLINED,BAL-001,28,0,0,28,true,0.62
SYN007110,ANNUAL,2026-12-28,2027-01-10,DECLINED,BAL-001,10,5,0,5,true,6.95
SYN003423,ANNUAL,2026-12-28,2027-01-03,RECOMMEND_APPROVE,"",4,0,0,4,true,0.7
SYN008310,TOIL,2026-12-28,2026-12-28,RECOMMEND_APPROVE,"",0,0,0,0,false,0.11
SYN005704,ANNUAL,2026-12-28,2027-01-03,RECOMMEND_APPROVE,"",5,1,0,4,true,0.81
SYN005536,PROF_DEV,2026-12-28,2026-12-30,RECOMMEND_APPROVE,"",2,2,0,0,true,0.51
SYN005419,PROF_DEV,2026-12-28,2026-12-28,RECOMMEND_APPROVE,"",1,0,0,1,true,0.19
SYN006563,TOIL,2026-12-28,2026-12-28,NEEDS_APPROVAL,COV-001,1,0,1,0,true,0.25
SYN000895,TOIL,2026-12-28,2026-12-28,NEEDS_APPROVAL,ELG-001|BAL-003,1,0,0,1,true,0.24
SYN008638,ANNUAL,2026-12-28,2027-01-03,RECOMMEND_APPROVE,"",2,1,0,1,true,0.64
SYN002937,LONG_SERVICE,2026-12-28,2027-01-07,DECLINED,BAL-001,8,7,0,1,true,5.26
SYN005359,LONG_SERVICE,2026-12-28,2027-01-07,RECOMMEND_APPROVE,"",4,2,0,2,true,2.64
SYN001511,UNPAID,2026-12-28,2027-06-13,NEEDS_APPROVAL,ELG-001,24,0,0,24,true,2.3
SYN008657,LONG_SERVICE,2026-12-28,2026-12-28,RECOMMEND_APPROVE,"",1,0,0,1,true,0.2
SYN000853,ANNUAL,2026-12-28,2027-01-03,RECOMMEND_APPROVE,"",5,3,0,2,true,1.25
SYN005898,UNPAID,2026-12-28,2027-05-30,NEEDS_APPROVAL,ELG-001,110,85,0,25,true,39.68
SYN004237,LONG_SERVICE,2026-12-28,2027-01-07,DECLINED,ELG-003|BAL-001|COV-001|COV-003|COV-002,10,9,1,0,true,1.58
SYN007818,ANNUAL,2026-12-28,2027-01-03,RECOMMEND_APPROVE,"",5,1,0,4,true,0.42
SYN001238,ANNUAL,2026-12-28,2027-01-10,NEEDS_APPROVAL,ELG-001,8,8,0,0,true,1.86
SYN000132,ANNUAL,2026-12-28,2027-01-10,RECOMMEND_APPROVE,"",10,6,0,4,true,3.59
SYN002456,TOIL,2026-12-28,2027-01-31,RECOMMEND_APPROVE,"",35,15,0,20,true,39.12
SYN004557,ANNUAL,2026-12-28,2026-12-31,NEEDS_APPROVAL,ELG-001,3,3,0,0,true,1.17
SYN003011,ANNUAL,2026-12-28,2026-12-31,RECOMMEND_APPROVE,"",1,0,0,1,true,0.22
SYN005023,ANNUAL,2026-12-28,2027-01-11,DECLINED,BAL-001|COV-001,11,2,3,6,true,0.93
SYN009443,ANNUAL,2026-12-28,2027-01-17,DECLINED,ELG-001|BAL-001,18,0,0,18,true,1.3
SYN009495,LONG_SERVICE,2026-12-28,2027-01-07,DECLINED,ELG-003|BAL-001|COV-001|COV-002,2,0,2,0,true,0.5
SYN009526,UNPAID,2026-12-28,2027-07-12,NEEDS_APPROVAL,ELG-001,113,97,0,16,true,112.23
SYN002756,ANNUAL,2026-12-28,2027-01-03,NEEDS_APPROVAL,COV-001,5,0,2,3,true,0.76
SYN008389,LONG_SERVICE,2026-12-28,2026-12-28,DECLINED,ELG-003,1,0,0,1,true,0.35
SYN002284,ANNUAL,2026-12-28,2026-12-28,NEEDS_APPROVAL,ELG-001,1,0,0,1,true,0.26
SYN008662,ANNUAL,2026-12-28,2027-01-18,DECLINED,ELG-001|COV-001,16,0,13,3,true,0.67
SYN005996,ANNUAL,2026-12-28,2027-01-10,NEEDS_APPROVAL,ELG-001,10,0,0,10,true,0.57
SYN002673,ANNUAL,2026-12-28,2027-01-10,RECOMMEND_APPROVE,"",10,2,0,8,true,2.83
SYN002688,LONG_SERVICE,2026-12-28,2027-01-21,DECLINED,BAL-001,19,0,0,19,true,0.53
SYN007815,ANNUAL,2026-12-28,2027-01-01,NEEDS_APPROVAL,ELG-001|COV-001,5,1,1,3,true,0.44
SYN006611,ANNUAL,2026-12-28,2027-01-03,RECOMMEND_APPROVE,"",4,4,0,0,true,7.04
SYN006079,ANNUAL,2026-12-28,2027-01-10,NEEDS_APPROVAL,COV-001,10,0,10,0,true,0.69
SYN008956,ANNUAL,2026-12-28,2027-01-04,DECLINED,ELG-001|BAL-001,4,1,0,3,true,0.62
SYN005141,ANNUAL,2026-12-28,2027-01-31,RECOMMEND_APPROVE,"",25,1,0,24,true,2.18
SYN001162,ANNUAL,2026-12-28,2027-01-10,RECOMMEND_APPROVE,"",4,0,0,4,true,0.42
SYN007109,ANNUAL,2026-12-28,2026-12-28,RECOMMEND_APPROVE,"",1,0,0,1,true,0.2
SYN002851,ANNUAL,2026-12-28,2027-01-17,RECOMMEND_APPROVE,"",15,12,0,3,true,4.84
SYN005156,ANNUAL,2026-12-28,2027-01-02,RECOMMEND_APPROVE,"",3,0,0,3,true,0.4
SYN008707,ANNUAL,2026-12-28,2026-12-31,DECLINED,ELG-001|ELG-002|BAL-003|COV-001,4,0,1,3,true,0.68
SYN002980,ANNUAL,2026-12-28,2027-01-03,RECOMMEND_APPROVE,"",4,0,0,4,true,0.36
SYN009475,ANNUAL,2026-12-28,2026-12-31,NEEDS_APPROVAL,COV-001,4,2,2,0,true,0.59
SYN009567,ANNUAL,2026-12-28,2026-12-31,NEEDS_APPROVAL,COV-001,4,0,2,2,true,0.36
SYN001846,ANNUAL,2026-12-28,2027-01-03,RECOMMEND_APPROVE,"",3,0,0,3,true,0.24
SYN005682,TOIL,2026-12-28,2026-12-28,NEEDS_APPROVAL,BAL-003,0,0,0,0,false,0.13
SYN002145,UNPAID,2026-12-28,2027-02-08,RECOMMEND_APPROVE,"",31,0,0,31,true,0.64
SYN004799,ANNUAL,2026-12-28,2027-01-10,RECOMMEND_APPROVE,"",10,10,0,0,true,2.5
SYN005510,LONG_SERVICE,2026-12-28,2027-01-21,RECOMMEND_APPROVE,"",19,14,0,5,true,10.7
SYN001714,ANNUAL,2026-12-28,2027-01-03,RECOMMEND_APPROVE,"",3,1,0,2,true,0.62
SYN000346,TOIL,2026-12-28,2026-12-30,RECOMMEND_APPROVE,"",3,1,0,2,true,0.58
SYN004002,ANNUAL,2026-12-28,2027-01-17,DECLINED,BAL-001,12,5,0,7,true,2.09
SYN005736,ANNUAL,2026-12-28,2027-01-08,NEEDS_APPROVAL,COV-001,8,4,2,2,true,0.89
SYN008614,ANNUAL,2026-12-28,2027-01-10,RECOMMEND_APPROVE,"",4,2,0,2,true,4.05
SYN007096,ANNUAL,2026-12-28,2027-01-31,DECLINED,ELG-001|BAL-001|COV-001,10,0,5,5,true,0.87
SYN005589,ANNUAL,2026-12-28,2027-02-07,DECLINED,BAL-001,24,24,0,0,true,22.55
SYN000892,ANNUAL,2026-12-28,2027-01-10,RECOMMEND_APPROVE,"",6,4,0,2,true,2.35
SYN005707,TOIL,2026-12-28,2026-12-28,RECOMMEND_APPROVE,"",1,0,0,1,true,0.21
SYN006188,ANNUAL,2026-12-28,2027-01-17,NEEDS_APPROVAL,ELG-001,3,3,0,0,true,0.95
SYN007713,ANNUAL,2026-12-28,2027-01-06,NEEDS_APPROVAL,ELG-001,4,0,0,4,true,0.42
SYN000716,ANNUAL,2026-12-28,2027-01-07,NEEDS_APPROVAL,COV-001,9,0,8,1,true,0.42
SYN003714,ANNUAL,2026-12-28,2027-01-17,RECOMMEND_APPROVE,"",12,8,0,4,true,3.38
SYN003733,ANNUAL,2026-12-28,2026-12-30,RECOMMEND_APPROVE,"",3,0,0,3,true,0.29
SYN004673,LONG_SERVICE,2026-12-28,2026-12-30,DECLINED,ELG-003|BAL-001,2,2,0,0,true,1.22
SYN007163,LONG_SERVICE,2026-12-28,2026-12-31,DECLINED,ELG-003|BAL-001|COV-001,4,2,1,1,true,0.52
SYN004012,TOIL,2026-12-28,2026-12-28,NEEDS_APPROVAL,BAL-003|COV-001,1,0,1,0,true,0.27
SYN007461,ANNUAL,2026-12-28,2027-01-24,DECLINED,ELG-001|BAL-001,12,10,0,2,true,14.84
SYN000747,LONG_SERVICE,2026-12-28,2027-01-03,DECLINED,ELG-003|BAL-001|COV-001,3,2,1,0,true,0.67
SYN001664,ANNUAL,2026-12-28,2027-02-07,DECLINED,ELG-001|BAL-001|COV-001,36,0,6,30,true,1.82
SYN009391,ANNUAL,2026-12-28,2026-12-31,RECOMMEND_APPROVE,"",4,4,0,0,true,0.74
SYN005328,ANNUAL,2026-12-28,2026-12-31,RECOMMEND_APPROVE,"",4,4,0,0,true,3.71
SYN000001,ANNUAL,2026-12-28,2027-01-10,DECLINED,BAL-001,8,0,0,8,true,0.52
SYN008429,LONG_SERVICE,2026-12-28,2027-01-24,DECLINED,ELG-001|ELG-003|BAL-001|COV-002,20,6,0,14,true,1.37
SYN004019,ANNUAL,2026-12-28,2026-12-28,RECOMMEND_APPROVE,"",1,0,0,1,true,0.33
SYN000147,ANNUAL,2026-12-28,2027-01-10,RECOMMEND_APPROVE,"",6,0,0,6,true,0.41
SYN001182,ANNUAL,2026-12-28,2027-01-24,DECLINED,BAL-001,24,5,0,19,true,9.16
SYN008448,ANNUAL,2026-12-28,2027-01-15,RECOMMEND_APPROVE,"",15,6,0,9,true,1.11
SYN006517,ANNUAL,2026-12-28,2027-01-07,NEEDS_APPROVAL,COV-001,5,0,3,2,true,0.6
SYN001193,ANNUAL,2026-12-28,2026-12-31,RECOMMEND_APPROVE,"",1,1,0,0,true,0.35
SYN000596,ANNUAL,2026-12-28,2027-01-03,RECOMMEND_APPROVE,"",7,3,0,4,true,3.85
SYN001940,ANNUAL,2026-12-28,2027-01-17,RECOMMEND_APPROVE,"",9,9,0,0,true,13.9
SYN008246,TOIL,2026-12-28,2026-12-28,RECOMMEND_APPROVE,"",1,0,0,1,true,0.26
SYN008998,LONG_SERVICE,2026-12-28,2027-01-01,DECLINED,ELG-001|ELG-003|BAL-001|COV-002,4,4,0,0,true,0.86
SYN001179,ANNUAL,2026-12-28,2027-01-09,NEEDS_APPROVAL,COV-001,10,4,4,2,true,0.88
SYN006422,ANNUAL,2026-12-28,2027-01-10,RECOMMEND_APPROVE,"",8,6,0,2,true,15.0
SYN004322,ANNUAL,2026-12-28,2026-12-30,NEEDS_APPROVAL,COV-001,2,0,1,1,true,0.31
SYN000019,LONG_SERVICE,2026-12-28,2027-01-14,DECLINED,ELG-001|ELG-003|BAL-001,10,3,0,7,true,2.84
SYN007097,ANNUAL,2026-12-28,2027-01-18,DECLINED,COV-001|COV-002,6,0,6,0,true,1.3
SYN006749,ANNUAL,2026-12-28,2027-01-08,NEEDS_APPROVAL,COV-001,4,0,2,2,true,0.37
SYN006868,ANNUAL,2026-12-28,2027-01-03,RECOMMEND_APPROVE,"",5,4,0,1,true,0.83
SYN001458,ANNUAL,2026-12-28,2027-01-03,RECOMMEND_APPROVE,"",4,1,0,3,true,0.73
SYN007698,ANNUAL,2026-12-28,2027-01-10,RECOMMEND_APPROVE,"",10,2,0,8,true,2.81
SYN008561,LONG_SERVICE,2026-12-28,2027-01-17,DECLINED,COV-001,12,0,5,7,true,0.58
SYN008452,ANNUAL,2026-12-28,2027-01-17,DECLINED,BAL-001,18,0,0,18,true,0.64
SYN000779,ANNUAL,2026-12-28,2027-01-01,NEEDS_APPROVAL,COV-001,5,0,2,3,true,0.37
SYN005911,ANNUAL,2026-12-28,2026-12-28,NEEDS_APPROVAL,ELG-001,1,1,0,0,true,0.27
SYN003750,ANNUAL,2026-12-28,2027-01-10,RECOMMEND_APPROVE,"",8,0,0,8,true,0.32
SYN007571,LONG_SERVICE,2026-12-28,2027-01-14,DECLINED,ELG-001|ELG-003|BAL-001|COV-001,14,0,8,6,true,0.6
SYN008210,ANNUAL,2026-12-28,2027-01-10,RECOMMEND_APPROVE,"",8,8,0,0,true,3.51
SYN006805,ANNUAL,2026-12-28,2027-01-03,RECOMMEND_APPROVE,"",5,3,0,2,true,7.95
SYN004651,ANNUAL,2026-12-28,2027-01-03,RECOMMEND_APPROVE,"",4,3,0,1,true,2.11
SYN007542,ANNUAL,2026-12-28,2027-01-14,RECOMMEND_APPROVE,"",14,2,0,12,true,0.6
SYN007616,LONG_SERVICE,2026-12-28,2027-01-31,DECLINED,ELG-001|ELG-003|BAL-001,5,0,0,5,true,0.66
SYN004040,ANNUAL,2026-12-28,2027-02-07,RECOMMEND_APPROVE,"",24,15,0,9,true,7.27
SYN007536,ADO,2026-12-28,2026-12-31,NEEDS_APPROVAL,REQ-004,0,0,0,0,false,0.2
SYN004780,ANNUAL,2026-12-28,2027-01-26,RECOMMEND_APPROVE,"",13,9,0,4,true,15.61
SYN009491,ANNUAL,2026-12-28,2027-01-07,NEEDS_APPROVAL,ELG-001,6,4,0,2,true,1.75
SYN001624,ANNUAL,2026-12-28,2027-01-03,NEEDS_APPROVAL,ELG-001|COV-002,4,0,0,4,true,0.83
SYN008360,LONG_SERVICE,2026-12-28,2027-03-14,DECLINED,ELG-003|BAL-001,33,0,0,33,true,0.91
SYN003830,LONG_SERVICE,2026-12-28,2027-01-10,DECLINED,BAL-001,8,0,0,8,true,0.83
SYN003486,ANNUAL,2026-12-28,2027-01-29,RECOMMEND_APPROVE,"",25,10,0,15,true,2.15
SYN001802,TOIL,2026-12-28,2026-12-28,RECOMMEND_APPROVE,"",1,0,0,1,true,0.23
SYN000776,LONG_SERVICE,2026-12-29,2026-12-31,DECLINED,ELG-003|BAL-001,1,0,0,1,true,0.23
SYN004012,ANNUAL,2026-12-29,2026-12-31,NEEDS_APPROVAL,COV-001,3,0,3,0,true,0.41
SYN008232,LONG_SERVICE,2026-12-29,2027-01-04,DECLINED,ELG-001|ELG-003|BAL-001,5,4,0,1,true,2.3
SYN004537,LONG_SERVICE,2026-12-29,2026-12-30,DECLINED,ELG-003|BAL-001,1,0,0,1,true,0.32
SYN005707,ANNUAL,2026-12-29,2026-12-31,RECOMMEND_APPROVE,"",3,0,0,3,true,0.23
SYN000199,TOIL,2026-12-29,2026-12-29,RECOMMEND_APPROVE,"",1,1,0,0,true,0.56
SYN004089,ANNUAL,2026-12-29,2026-12-31,RECOMMEND_APPROVE,"",3,0,0,3,true,0.29
SYN000231,ANNUAL,2026-12-29,2027-01-04,RECOMMEND_APPROVE,"",2,1,0,1,true,0.34
SYN004891,LONG_SERVICE,2026-12-29,2026-12-31,DECLINED,ELG-003|BAL-001|COV-001,3,2,1,0,true,0.49
SYN000895,ANNUAL,2026-12-29,2026-12-31,NEEDS_APPROVAL,ELG-001,3,0,0,3,true,0.31
SYN009479,LONG_SERVICE,2026-12-29,2026-12-31,DECLINED,ELG-003|BAL-001|COV-001,3,0,1,2,true,0.29
SYN004493,ANNUAL,2026-12-29,2026-12-31,RECOMMEND_APPROVE,"",3,0,0,3,true,0.4
SYN009328,ANNUAL,2026-12-29,2027-01-07,DECLINED,ELG-002|BAL-003|COV-001,4,0,2,2,true,0.31
SYN005752,TOIL,2026-12-29,2026-12-29,NEEDS_APPROVAL,BAL-003,0,0,0,0,false,0.13
SYN003290,LONG_SERVICE,2026-12-29,2026-12-31,DECLINED,ELG-001|BAL-001,3,3,0,0,true,1.16
SYN000916,ANNUAL,2026-12-29,2026-12-31,RECOMMEND_APPROVE,"",3,0,0,3,true,0.27
SYN009290,ANNUAL,2026-12-29,2026-12-31,RECOMMEND_APPROVE,"",0,0,0,0,false,0.11
SYN007483,LONG_SERVICE,2026-12-29,2026-12-31,RECOMMEND_APPROVE,"",3,1,0,2,true,0.55
SYN006563,ANNUAL,2026-12-29,2026-12-30,RECOMMEND_APPROVE,"",2,0,0,2,true,0.73
SYN006116,PROF_DEV,2026-12-29,2026-12-29,RECOMMEND_APPROVE,"",1,1,0,0,true,0.24
SYN005725,ANNUAL,2026-12-29,2026-12-31,NEEDS_APPROVAL,COV-001,3,0,1,2,true,0.23
SYN004311,TOIL,2026-12-29,2026-12-29,RECOMMEND_APPROVE,"",1,0,0,1,true,0.17
SYN008246,ANNUAL,2026-12-29,2026-12-31,RECOMMEND_APPROVE,"",2,0,0,2,true,0.23
SYN005478,ANNUAL,2026-12-29,2026-12-31,RECOMMEND_APPROVE,"",1,1,0,0,true,0.73
SYN002284,TOIL,2026-12-29,2026-12-29,NEEDS_APPROVAL,ELG-001|BAL-003,1,0,0,1,true,0.24
SYN002047,TOIL,2026-12-29,2026-12-29,RECOMMEND_APPROVE,"",1,0,0,1,true,0.23
SYN005682,LONG_SERVICE,2026-12-29,2026-12-31,DECLINED,ELG-003|BAL-001,3,1,0,2,true,0.74
SYN003805,TOIL,2026-12-29,2026-12-29,DECLINED,BAL-001,1,1,0,0,true,2.33
SYN007518,ANNUAL,2026-12-29,2026-12-30,NEEDS_APPROVAL,ELG-001|COV-001,2,0,1,1,true,0.35
SYN001802,ANNUAL,2026-12-29,2026-12-31,NEEDS_APPROVAL,COV-001,3,2,1,0,true,0.46
SYN007007,ANNUAL,2026-12-29,2026-12-31,RECOMMEND_APPROVE,"",3,2,0,1,true,1.77
SYN005835,ANNUAL,2026-12-29,2026-12-31,NEEDS_APPROVAL,COV-001,3,0,1,2,true,0.23
SYN005213,ANNUAL,2026-12-29,2026-12-31,RECOMMEND_APPROVE,"",3,2,0,1,true,1.44
SYN008336,TOIL,2026-12-29,2026-12-29,NEEDS_APPROVAL,ELG-001|BAL-003,1,0,0,1,true,0.23
SYN001414,ANNUAL,2026-12-29,2027-01-01,RECOMMEND_APPROVE,"",2,0,0,2,true,0.31
SYN003813,ANNUAL,2026-12-29,2027-01-13,RECOMMEND_APPROVE,"",6,5,0,1,true,3.82
SYN006885,SICK,2026-12-29,2026-12-29,ACCEPTED,"",1,0,0,1,true,0.21
SYN004756,TOIL,2026-12-29,2026-12-29,RECOMMEND_APPROVE,"",1,0,0,1,true,0.17
SYN002281,ANNUAL,2026-12-29,2026-12-31,NEEDS_APPROVAL,ELG-001,3,0,0,3,true,0.25
SYN008310,LONG_SERVICE,2026-12-29,2026-12-31,NEEDS_APPROVAL,COV-001,3,0,2,1,true,0.35
SYN002181,ANNUAL,2026-12-29,2026-12-31,NEEDS_APPROVAL,COV-001,3,2,1,0,true,0.64
SYN007004,LONG_SERVICE,2026-12-29,2026-12-31,DECLINED,ELG-001|ELG-003|BAL-001|COV-001,2,0,1,1,true,0.3
SYN002597,ANNUAL,2026-12-29,2026-12-31,RECOMMEND_APPROVE,"",3,0,0,3,true,0.27
SYN000591,ANNUAL,2026-12-29,2026-12-31,NEEDS_APPROVAL,COV-001,3,1,1,1,true,0.41
SYN001277,TOIL,2026-12-29,2026-12-29,DECLINED,BAL-001,1,0,0,1,true,0.2
SYN000705,TOIL,2026-12-29,2026-12-29,RECOMMEND_APPROVE,"",1,1,0,0,true,0.4
SYN004756,ANNUAL,2026-12-30,2027-01-04,RECOMMEND_APPROVE,"",3,0,0,3,true,0.23
SYN000284,ANNUAL,2026-12-30,2027-01-11,RECOMMEND_APPROVE,"",8,8,0,0,true,4.51
SYN005281,ANNUAL,2026-12-30,2027-01-02,RECOMMEND_APPROVE,"",4,0,0,4,true,0.32
SYN002985,ANNUAL,2026-12-30,2027-03-02,DECLINED,BAL-001,18,10,0,8,true,3.63
SYN003805,LONG_SERVICE,2026-12-30,2027-01-03,DECLINED,BAL-001,1,0,0,1,true,0.46
SYN007424,ANNUAL,2026-12-30,2027-01-04,RECOMMEND_APPROVE,"",3,0,0,3,true,0.27
SYN007475,ANNUAL,2026-12-30,2027-01-04,RECOMMEND_APPROVE,"",3,3,0,0,true,0.79
SYN000199,ANNUAL,2026-12-30,2027-01-10,RECOMMEND_APPROVE,"",8,4,0,4,true,1.79
SYN002284,ANNUAL,2026-12-30,2027-01-08,NEEDS_APPROVAL,ELG-001|COV-001,8,0,2,6,true,0.46
SYN009441,ANNUAL,2026-12-30,2027-01-05,RECOMMEND_APPROVE,"",3,2,0,1,true,7.08
SYN001230,ANNUAL,2026-12-30,2027-01-12,RECOMMEND_APPROVE,"",6,2,0,4,true,1.44
SYN007109,ANNUAL,2026-12-30,2026-12-31,RECOMMEND_APPROVE,"",2,0,0,2,true,0.23
SYN008440,LONG_SERVICE,2026-12-30,2027-01-06,DECLINED,ELG-003|BAL-001,3,3,0,0,true,2.91
SYN001277,LONG_SERVICE,2026-12-30,2027-01-31,DECLINED,ELG-003|BAL-001,23,0,0,23,true,0.66
SYN001125,TOIL,2026-12-30,2026-12-30,NEEDS_APPROVAL,COV-002,1,1,0,0,true,1.7
SYN005184,ANNUAL,2026-12-30,2026-12-30,NEEDS_APPROVAL,COV-001,1,0,1,0,true,0.3
SYN005752,ANNUAL,2026-12-30,2027-01-01,RECOMMEND_APPROVE,"",3,0,0,3,true,0.43
SYN006298,UNPAID,2026-12-30,2026-12-30,RECOMMEND_APPROVE,"",0,0,0,0,false,0.08
SYN000738,LONG_SERVICE,2026-12-30,2027-01-01,DECLINED,ELG-003|BAL-001,2,0,0,2,true,0.3
SYN007738,ANNUAL,2026-12-30,2027-01-09,RECOMMEND_APPROVE,"",4,0,0,4,true,0.31
SYN008331,ADO,2026-12-30,2026-12-31,NEEDS_APPROVAL,ELG-001|COV-001,2,0,1,1,true,0.31
SYN008336,ANNUAL,2026-12-30,2027-01-08,NEEDS_APPROVAL,ELG-001,8,2,0,6,true,0.57
SYN004311,ANNUAL,2026-12-30,2027-01-04,RECOMMEND_APPROVE,"",3,1,0,2,true,0.34
SYN007972,LONG_SERVICE,2026-12-30,2026-12-31,DECLINED,BAL-001,2,0,0,2,true,0.24
SYN007278,LONG_SERVICE,2026-12-30,2026-12-31,DECLINED,ELG-001|ELG-003|BAL-001|COV-001,2,0,1,1,true,0.29
SYN002649,ANNUAL,2026-12-30,2027-01-06,NEEDS_APPROVAL,COV-001,6,0,2,4,true,0.45
SYN000230,UNPAID,2026-12-30,2026-12-30,RECOMMEND_APPROVE,"",1,1,0,0,true,1.71
SYN008439,ANNUAL,2026-12-30,2026-12-31,NEEDS_APPROVAL,ELG-001,2,2,0,0,true,1.02
SYN009077,ANNUAL,2026-12-30,2027-01-01,RECOMMEND_APPROVE,"",1,0,0,1,true,0.3
SYN002880,TOIL,2026-12-31,2026-12-31,RECOMMEND_APPROVE,"",1,0,0,1,true,0.19
SYN009155,ANNUAL,2026-12-31,2026-12-31,RECOMMEND_APPROVE,"",1,1,0,0,true,0.95
SYN000056,ANNUAL,2026-12-31,2026-12-31,RECOMMEND_APPROVE,"",1,0,0,1,true,0.24
SYN003491,ANNUAL,2026-12-31,2027-01-07,NEEDS_APPROVAL,ELG-001|COV-001,3,0,2,1,true,0.36
SYN001762,ANNUAL,2026-12-31,2027-01-10,RECOMMEND_APPROVE,"",7,3,0,4,true,3.27
SYN006412,ANNUAL,2026-12-31,2027-01-07,NEEDS_APPROVAL,COV-001,6,0,1,5,true,0.38
SYN002987,ANNUAL,2026-12-31,2027-01-06,RECOMMEND_APPROVE,"",5,2,0,3,true,1.0
SYN004321,ANNUAL,2026-12-31,2027-01-01,NEEDS_APPROVAL,ELG-001|COV-001,2,0,2,0,true,0.3
SYN004829,ANNUAL,2026-12-31,2027-01-03,RECOMMEND_APPROVE,"",2,2,0,0,true,0.8
SYN001065,ANNUAL,2026-12-31,2027-01-04,NEEDS_APPROVAL,COV-001,3,0,3,0,true,0.41
SYN003793,ADO,2026-12-31,2027-01-02,NEEDS_APPROVAL,REQ-004,2,0,0,2,true,0.27
SYN002215,ANNUAL,2026-12-31,2027-01-04,RECOMMEND_APPROVE,"",3,0,0,3,true,0.35
SYN006411,ANNUAL,2026-12-31,2026-12-31,RECOMMEND_APPROVE,"",1,1,0,0,true,0.38
SYN008094,ANNUAL,2026-12-31,2026-12-31,NEEDS_APPROVAL,ELG-001,1,0,0,1,true,0.21
SYN000346,ADO,2026-12-31,2027-01-01,DECLINED,BAL-001,2,0,0,2,true,0.42
SYN003285,ANNUAL,2026-12-31,2026-12-31,NEEDS_APPROVAL,COV-001,1,0,1,0,true,0.25
SYN006501,ANNUAL,2026-12-31,2026-12-31,RECOMMEND_APPROVE,"",1,1,0,0,true,0.67
SYN001462,PROF_DEV,2026-12-31,2027-01-09,RECOMMEND_APPROVE,"",6,0,0,6,true,0.3
SYN000684,LONG_SERVICE,2026-12-31,2026-12-31,DECLINED,ELG-003|BAL-001,1,1,0,0,true,0.55
SYN000924,ANNUAL,2026-12-31,2027-01-09,RECOMMEND_APPROVE,"",5,0,0,5,true,0.43
SYN006073,ANNUAL,2026-12-31,2026-12-31,NEEDS_APPROVAL,COV-001,1,0,1,0,true,0.22
SYN008234,ANNUAL,2026-12-31,2026-12-31,NEEDS_APPROVAL,COV-001,1,0,1,0,true,0.21
SYN007443,TOIL,2026-12-31,2027-01-02,RECOMMEND_APPROVE,"",1,0,0,1,true,0.26
SYN005395,TOIL,2026-12-31,2027-01-01,RECOMMEND_APPROVE,"",2,2,0,0,true,1.84
SYN008619,ANNUAL,2026-12-31,2027-01-01,RECOMMEND_APPROVE,"",2,0,0,2,true,0.2
SYN006648,ANNUAL,2026-12-31,2026-12-31,RECOMMEND_APPROVE,"",1,0,0,1,true,0.2
SYN008192,ANNUAL,2027-01-01,2027-01-03,RECOMMEND_APPROVE,"",3,0,0,3,true,0.31
SYN006563,TOIL,2027-01-01,2027-01-01,RECOMMEND_APPROVE,"",1,0,0,1,true,0.18
SYN003633,TOIL,2027-01-01,2027-01-01,NEEDS_APPROVAL,BAL-003,1,0,0,1,true,0.27
SYN003480,ANNUAL,2027-01-01,2027-01-03,RECOMMEND_APPROVE,"",1,1,0,0,true,0.97
SYN002597,TOIL,2027-01-01,2027-01-01,NEEDS_APPROVAL,BAL-003,1,0,0,1,true,0.19
SYN007086,ANNUAL,2027-01-01,2027-01-01,NEEDS_APPROVAL,COV-001,1,0,1,0,true,0.24
SYN003111,LONG_SERVICE,2027-01-01,2027-04-06,DECLINED,ELG-001|BAL-001|COV-001,54,0,8,46,true,1.44
SYN008439,TOIL,2027-01-01,2027-01-01,NEEDS_APPROVAL,ELG-001|BAL-003,1,0,0,1,true,0.28
SYN002809,TOIL,2027-01-01,2027-01-01,RECOMMEND_APPROVE,"",0,0,0,0,false,0.11
SYN003290,TOIL,2027-01-01,2027-01-01,NEEDS_APPROVAL,ELG-001,1,1,0,0,true,0.63
SYN004708,LONG_SERVICE,2027-01-01,2027-01-07,DECLINED,ELG-001|ELG-003|BAL-001|COV-001|COV-002,5,1,2,2,true,0.55
SYN008310,TOIL,2027-01-01,2027-01-01,RECOMMEND_APPROVE,"",0,0,0,0,false,0.11
SYN008135,TOIL,2027-01-01,2027-01-01,DECLINED,ELG-002|BAL-003,1,1,0,0,true,0.53
SYN002281,TOIL,2027-01-01,2027-01-01,NEEDS_APPROVAL,ELG-001|BAL-003,1,0,0,1,true,0.19
SYN009567,TOIL,2027-01-01,2027-01-01,NEEDS_APPROVAL,BAL-003|COV-001,1,0,1,0,true,0.22
SYN005835,TOIL,2027-01-01,2027-01-01,RECOMMEND_APPROVE,"",0,0,0,0,false,0.1
SYN002016,PROF_DEV,2027-01-01,2027-01-13,RECOMMEND_APPROVE,"",9,0,0,9,true,0.49
SYN007536,TOIL,2027-01-01,2027-01-03,RECOMMEND_APPROVE,"",3,0,0,3,true,0.35
SYN004056,UNPAID,2027-01-01,2027-01-01,RECOMMEND_APPROVE,"",0,0,0,0,false,0.07
SYN005707,TOIL,2027-01-01,2027-01-01,RECOMMEND_APPROVE,"",1,0,0,1,true,0.17
SYN002127,TOIL,2027-01-01,2027-01-01,NEEDS_APPROVAL,BAL-003,1,0,0,1,true,0.18
SYN003819,ANNUAL,2027-01-01,2027-01-05,NEEDS_APPROVAL,ELG-001,3,0,0,3,true,0.37
SYN002018,PROF_DEV,2027-01-01,2027-01-07,RECOMMEND_APPROVE,"",4,3,0,1,true,0.61
SYN001245,ANNUAL,2027-01-01,2027-01-11,RECOMMEND_APPROVE,"",4,4,0,0,true,0.55
SYN000684,TOIL,2027-01-01,2027-01-01,RECOMMEND_APPROVE,"",1,0,0,1,true,0.2
SYN005799,TOIL,2027-01-01,2027-01-01,RECOMMEND_APPROVE,"",1,0,0,1,true,0.17
SYN008039,TOIL,2027-01-01,2027-01-01,RECOMMEND_APPROVE,"",1,0,0,1,true,0.21
SYN004881,ADO,2027-01-01,2027-01-03,DECLINED,REQ-004|ELG-001|ELG-002|BAL-003,1,0,0,1,true,0.26
SYN000056,TOIL,2027-01-01,2027-01-01,NEEDS_APPROVAL,BAL-003,1,0,0,1,true,0.17
SYN000428,TOIL,2027-01-01,2027-01-01,DECLINED,ELG-002|BAL-003,1,0,0,1,true,0.23
SYN009392,TOIL,2027-01-01,2027-01-01,NEEDS_APPROVAL,ELG-001|COV-001,1,0,1,0,true,0.21
SYN000591,TOIL,2027-01-01,2027-01-01,NEEDS_APPROVAL,BAL-003,0,0,0,0,false,0.1
SYN000418,ANNUAL,2027-01-01,2027-01-01,NEEDS_APPROVAL,COV-001,1,0,1,0,true,0.26
SYN006003,ANNUAL,2027-01-01,2027-01-15,RECOMMEND_APPROVE,"",9,9,0,0,true,14.82
SYN008246,TOIL,2027-01-01,2027-01-01,RECOMMEND_APPROVE,"",0,0,0,0,false,0.18
SYN001518,TOIL,2027-01-01,2027-01-01,NEEDS_APPROVAL,BAL-003,1,1,0,0,true,0.34
SYN005682,TOIL,2027-01-01,2027-01-01,NEEDS_APPROVAL,BAL-003,0,0,0,0,false,0.13
SYN003033,ANNUAL,2027-01-01,2027-01-13,RECOMMEND_APPROVE,"",4,0,0,4,true,0.29
SYN002181,TOIL,2027-01-01,2027-01-01,RECOMMEND_APPROVE,"",1,0,0,1,true,0.21
SYN008959,TOIL,2027-01-01,2027-01-01,DECLINED,ELG-002|BAL-003,0,0,0,0,false,0.13
SYN008671,ANNUAL,2027-01-01,2027-01-10,RECOMMEND_APPROVE,"",6,4,0,2,true,1.55
SYN009143,LONG_SERVICE,2027-01-01,2027-01-01,DECLINED,ELG-003,1,1,0,0,true,0.36
SYN004557,TOIL,2027-01-01,2027-01-01,NEEDS_APPROVAL,ELG-001|BAL-003,1,1,0,0,true,0.56
SYN005328,TOIL,2027-01-01,2027-01-01,NEEDS_APPROVAL,BAL-003,1,1,0,0,true,1.03
SYN007955,ANNUAL,2027-01-01,2027-01-07,RECOMMEND_APPROVE,"",2,2,0,0,true,0.72
SYN004021,ANNUAL,2027-01-01,2027-01-01,RECOMMEND_APPROVE,"",1,1,0,0,true,0.45
SYN007076,TOIL,2027-01-01,2027-01-02,RECOMMEND_APPROVE,"",2,0,0,2,true,0.23
SYN008193,TOIL,2027-01-01,2027-01-01,DECLINED,ELG-001|ELG-002|BAL-003,1,0,0,1,true,0.31
SYN001320,TOIL,2027-01-01,2027-01-01,NEEDS_APPROVAL,BAL-003,1,0,0,1,true,0.22
SYN007337,ANNUAL,2027-01-01,2027-01-01,RECOMMEND_APPROVE,"",1,1,0,0,true,1.36
SYN006414,TOIL,2027-01-01,2027-01-01,NEEDS_APPROVAL,ELG-001,1,1,0,0,true,0.86
SYN001355,TOIL,2027-01-01,2027-01-04,RECOMMEND_APPROVE,"",1,0,0,1,true,0.21
SYN002853,TOIL,2027-01-01,2027-01-01,NEEDS_APPROVAL,BAL-003|COV-002,1,1,0,0,true,0.49
SYN006629,TOIL,2027-01-01,2027-01-01,NEEDS_APPROVAL,BAL-003,1,0,0,1,true,0.19
SYN008707,TOIL,2027-01-01,2027-01-01,DECLINED,ELG-001|ELG-002|BAL-003,1,0,0,1,true,0.43
SYN006424,TOIL,2027-01-01,2027-01-01,NEEDS_APPROVAL,ELG-001|BAL-003,0,0,0,0,false,0.14
SYN000015,TOIL,2027-01-01,2027-01-01,NEEDS_APPROVAL,BAL-003,1,0,0,1,true,0.17
SYN001608,UNPAID,2027-01-01,2027-06-17,RECOMMEND_APPROVE,"",48,0,0,48,true,1.01
SYN004012,TOIL,2027-01-01,2027-01-01,NEEDS_APPROVAL,BAL-003|COV-001,1,0,1,0,true,0.41
SYN000895,TOIL,2027-01-01,2027-01-01,NEEDS_APPROVAL,ELG-001|BAL-003,1,0,0,1,true,0.25
SYN001897,LONG_SERVICE,2027-01-01,2027-01-01,NEEDS_APPROVAL,COV-002,1,1,0,0,true,0.31
SYN009331,ANNUAL,2027-01-01,2027-01-03,RECOMMEND_APPROVE,"",1,0,0,1,true,0.37
SYN001842,ANNUAL,2027-01-01,2027-01-17,RECOMMEND_APPROVE,"",5,4,0,1,true,1.22
SYN007163,TOIL,2027-01-01,2027-01-01,RECOMMEND_APPROVE,"",1,1,0,0,true,0.34
SYN006812,ANNUAL,2027-01-01,2027-01-15,RECOMMEND_APPROVE,"",9,4,0,5,true,1.26
SYN008301,ANNUAL,2027-01-01,2027-01-21,DECLINED,ELG-001|COV-001,15,0,9,6,true,0.71
SYN008996,ANNUAL,2027-01-01,2027-01-17,DECLINED,ELG-001|BAL-001|COV-001,5,0,3,2,true,0.36
SYN005361,ANNUAL,2027-01-02,2027-01-21,DECLINED,COV-001,14,0,14,0,true,0.56
SYN001872,ANNUAL,2027-01-02,2027-01-14,NEEDS_APPROVAL,COV-001,5,0,1,4,true,0.36
SYN008959,ANNUAL,2027-01-02,2027-01-04,RECOMMEND_APPROVE,"",1,1,0,0,true,0.49
SYN005478,ANNUAL,2027-01-02,2027-01-10,RECOMMEND_APPROVE,"",2,2,0,0,true,0.67
SYN002281,ANNUAL,2027-01-02,2027-01-10,NEEDS_APPROVAL,ELG-001,5,0,0,5,true,0.29
SYN001193,ANNUAL,2027-01-02,2027-01-24,NEEDS_APPROVAL,ELG-001,3,3,0,0,true,0.62
SYN000895,ANNUAL,2027-01-02,2027-01-04,NEEDS_APPROVAL,ELG-001,1,0,0,1,true,0.21
SYN009290,ANNUAL,2027-01-02,2027-01-10,RECOMMEND_APPROVE,"",0,0,0,0,false,0.12
SYN002597,ANNUAL,2027-01-02,2027-01-03,RECOMMEND_APPROVE,"",0,0,0,0,false,0.1
SYN005682,LONG_SERVICE,2027-01-02,2027-01-10,DECLINED,ELG-003|BAL-001,3,1,0,2,true,0.4
SYN006629,ANNUAL,2027-01-02,2027-01-15,RECOMMEND_APPROVE,"",10,2,0,8,true,0.76
SYN004729,ANNUAL,2027-01-02,2027-01-02,RECOMMEND_APPROVE,"",1,0,0,1,true,0.22
SYN003290,LONG_SERVICE,2027-01-02,2027-01-25,DECLINED,ELG-001|BAL-001,16,14,0,2,true,4.64
SYN002181,ANNUAL,2027-01-02,2027-01-10,NEEDS_APPROVAL,COV-001,5,2,2,1,true,0.99
SYN003148,ANNUAL,2027-01-02,2027-01-02,RECOMMEND_APPROVE,"",0,0,0,0,false,0.13
SYN003092,ANNUAL,2027-01-02,2027-01-10,NEEDS_APPROVAL,COV-001,5,2,1,2,true,0.51
SYN007832,ANNUAL,2027-01-02,2027-01-08,RECOMMEND_APPROVE,"",3,1,0,2,true,0.55
SYN002968,ANNUAL,2027-01-02,2027-01-02,RECOMMEND_APPROVE,"",0,0,0,0,false,0.12
SYN000126,UNPAID,2027-01-02,2027-09-25,NEEDS_APPROVAL,ELG-001,77,38,0,39,true,34.5
SYN003697,TOIL,2027-01-02,2027-01-31,NEEDS_APPROVAL,ELG-001,0,0,0,0,false,0.31
SYN008439,ANNUAL,2027-01-02,2027-01-04,NEEDS_APPROVAL,ELG-001,1,1,0,0,true,0.61
SYN005725,ANNUAL,2027-01-02,2027-01-12,RECOMMEND_APPROVE,"",4,0,0,4,true,0.27
SYN007004,LONG_SERVICE,2027-01-02,2027-01-14,DECLINED,ELG-001|ELG-003|BAL-001|COV-001,4,0,1,3,true,0.4
SYN005140,ANNUAL,2027-01-02,2027-01-04,RECOMMEND_APPROVE,"",1,0,0,1,true,0.2
SYN005599,ANNUAL,2027-01-02,2027-01-07,RECOMMEND_APPROVE,"",2,0,0,2,true,0.19
SYN008310,LONG_SERVICE,2027-01-02,2027-01-10,NEEDS_APPROVAL,COV-001,5,0,2,3,true,0.41
SYN005799,ANNUAL,2027-01-02,2027-01-17,RECOMMEND_APPROVE,"",10,0,0,10,true,0.34
SYN000346,ADO,2027-01-02,2027-01-04,DECLINED,REQ-004|BAL-001,1,0,0,1,true,0.37
SYN000056,ANNUAL,2027-01-02,2027-01-05,NEEDS_APPROVAL,COV-001,3,0,1,2,true,0.34
SYN007483,LONG_SERVICE,2027-01-02,2027-01-10,RECOMMEND_APPROVE,"",5,2,0,3,true,0.93
SYN000591,ANNUAL,2027-01-02,2027-01-10,NEEDS_APPROVAL,COV-001,4,1,1,2,true,0.51
SYN000776,LONG_SERVICE,2027-01-02,2027-02-17,DECLINED,ELG-001|ELG-003|BAL-001,7,0,0,7,true,0.43
SYN006262,TOIL,2027-01-02,2027-01-03,DECLINED,BAL-001,1,1,0,0,true,2.51
SYN008619,ANNUAL,2027-01-03,2027-01-10,RECOMMEND_APPROVE,"",5,0,0,5,true,0.51
SYN009490,TOIL,2027-01-03,2027-01-03,NEEDS_APPROVAL,COV-002,1,0,0,1,true,0.39
SYN008280,ANNUAL,2027-01-03,2027-02-14,NEEDS_APPROVAL,ELG-001|BAL-003,7,0,0,7,true,0.78
SYN004069,LONG_SERVICE,2027-01-03,2027-01-05,DECLINED,ELG-001|BAL-001,3,0,0,3,true,1.15
SYN002719,LONG_SERVICE,2027-01-03,2027-01-07,DECLINED,BAL-001|COV-001,3,2,1,0,true,0.45
SYN006838,LONG_SERVICE,2027-01-03,2027-01-07,DECLINED,ELG-003|BAL-001|COV-001,3,0,1,2,true,0.3
SYN008881,ADO,2027-01-04,2027-01-04,DECLINED,ELG-001|BAL-001,1,0,0,1,true,0.33
SYN002524,ANNUAL,2027-01-04,2027-01-24,DECLINED,BAL-001|COV-001,9,0,1,8,true,0.73
SYN009255,ANNUAL,2027-01-04,2027-01-25,RECOMMEND_APPROVE,"",6,6,0,0,true,17.88
SYN003988,ANNUAL,2027-01-04,2027-02-10,DECLINED,ELG-001|BAL-001,22,12,0,10,true,7.47
SYN002920,ANNUAL,2027-01-04,2027-01-10,RECOMMEND_APPROVE,"",5,1,0,4,true,0.68
SYN004143,ANNUAL,2027-01-04,2027-01-04,RECOMMEND_APPROVE,"",1,1,0,0,true,1.26
SYN002462,LONG_SERVICE,2027-01-04,2027-01-07,DECLINED,BAL-001,3,1,0,2,true,0.62
SYN005213,ANNUAL,2027-01-04,2027-01-10,RECOMMEND_APPROVE,"",5,4,0,1,true,3.05
SYN008568,ANNUAL,2027-01-04,2027-01-18,RECOMMEND_APPROVE,"",9,6,0,3,true,2.4
SYN008026,ANNUAL,2027-01-04,2027-01-24,RECOMMEND_APPROVE,"",6,2,0,4,true,1.19
SYN009444,ANNUAL,2027-01-04,2027-01-17,DECLINED,BAL-001,6,4,0,2,true,9.73
SYN005704,ANNUAL,2027-01-04,2027-01-10,RECOMMEND_APPROVE,"",5,1,0,4,true,0.79
SYN000418,LONG_SERVICE,2027-01-04,2027-01-07,NEEDS_APPROVAL,COV-001,4,1,2,1,true,0.58
SYN007089,ANNUAL,2027-01-04,2027-01-31,RECOMMEND_APPROVE,"",16,16,0,0,true,19.05
SYN003793,ANNUAL,2027-01-04,2027-02-06,DECLINED,BAL-001,25,0,0,25,true,0.95
SYN005745,LONG_SERVICE,2027-01-04,2027-01-18,DECLINED,ELG-003,0,0,0,0,false,0.19
SYN003781,ANNUAL,2027-01-04,2027-01-17,RECOMMEND_APPROVE,"",8,8,0,0,true,7.11
SYN008418,ANNUAL,2027-01-04,2027-01-10,DECLINED,ELG-001|BAL-001,6,0,0,6,true,0.56
SYN001518,TOIL,2027-01-04,2027-01-04,NEEDS_APPROVAL,BAL-003,1,1,0,0,true,0.35
SYN009525,ANNUAL,2027-01-04,2027-01-29,DECLINED,ELG-001|COV-001,12,0,4,8,true,0.51
SYN000584,ANNUAL,2027-01-04,2027-01-31,DECLINED,BAL-001,20,4,0,16,true,3.78
SYN002646,PROF_DEV,2027-01-04,2027-01-20,RECOMMEND_APPROVE,"",13,0,0,13,true,0.54
SYN001979,ANNUAL,2027-01-04,2027-01-12,RECOMMEND_APPROVE,"",3,0,0,3,true,0.25
SYN009392,TOIL,2027-01-04,2027-01-04,NEEDS_APPROVAL,ELG-001,1,0,0,1,true,0.2
SYN000667,ANNUAL,2027-01-04,2027-01-06,RECOMMEND_APPROVE,"",3,0,0,3,true,0.37
SYN004429,ANNUAL,2027-01-04,2027-01-17,RECOMMEND_APPROVE,"",6,0,0,6,true,0.43
SYN004984,ANNUAL,2027-01-04,2027-01-17,RECOMMEND_APPROVE,"",8,6,0,2,true,2.62
SYN000689,ANNUAL,2027-01-04,2027-01-17,RECOMMEND_APPROVE,"",10,2,0,8,true,1.61
SYN008372,ANNUAL,2027-01-04,2027-01-17,DECLINED,ELG-001|BAL-001,10,4,0,6,true,1.7
SYN004912,ANNUAL,2027-01-04,2027-01-14,NEEDS_APPROVAL,COV-001,8,0,4,4,true,0.51
SYN003062,ANNUAL,2027-01-04,2027-01-10,RECOMMEND_APPROVE,"",4,0,0,4,true,0.36
SYN007530,ANNUAL,2027-01-04,2027-01-17,DECLINED,BAL-001|COV-001,10,6,4,0,true,1.13
SYN006262,ANNUAL,2027-01-04,2027-02-07,DECLINED,BAL-001,20,10,0,10,true,20.51
SYN004686,ANNUAL,2027-01-04,2027-01-17,RECOMMEND_APPROVE,"",6,0,0,6,true,0.61
SYN004908,ANNUAL,2027-01-04,2027-01-11,RECOMMEND_APPROVE,"",6,0,0,6,true,0.39
SYN005393,ANNUAL,2027-01-04,2027-01-31,DECLINED,ELG-001|BAL-001,16,16,0,0,true,3.32
SYN000409,ANNUAL,2027-01-04,2027-01-07,RECOMMEND_APPROVE,"",4,1,0,3,true,0.62
SYN000253,TOIL,2027-01-04,2027-01-04,NEEDS_APPROVAL,BAL-003,1,0,0,1,true,0.17
SYN007109,ANNUAL,2027-01-04,2027-01-04,RECOMMEND_APPROVE,"",1,0,0,1,true,0.19
SYN000881,ANNUAL,2027-01-04,2027-01-10,RECOMMEND_APPROVE,"",3,0,0,3,true,0.48
SYN004505,UNPAID,2027-01-04,2027-01-17,RECOMMEND_APPROVE,"",8,4,0,4,true,4.36
SYN008738,ANNUAL,2027-01-04,2027-01-17,RECOMMEND_APPROVE,"",6,0,0,6,true,1.14
SYN004661,ANNUAL,2027-01-04,2027-01-07,RECOMMEND_APPROVE,"",3,0,0,3,true,0.21
SYN004673,ANNUAL,2027-01-04,2027-01-06,RECOMMEND_APPROVE,"",2,2,0,0,true,1.12
SYN004005,ANNUAL,2027-01-04,2027-01-04,RECOMMEND_APPROVE,"",1,1,0,0,true,0.29
SYN002858,ANNUAL,2027-01-04,2027-05-09,DECLINED,REQ-004|BAL-001,90,43,0,47,true,31.61
SYN001580,ANNUAL,2027-01-04,2027-01-10,RECOMMEND_APPROVE,"",4,1,0,3,true,0.87
SYN009056,LONG_SERVICE,2027-01-04,2027-01-10,RECOMMEND_APPROVE,"",3,3,0,0,true,3.06
SYN008067,TOIL,2027-01-04,2027-01-17,DECLINED,ELG-001|BAL-001,8,8,0,0,true,3.64
SYN001320,TOIL,2027-01-04,2027-01-04,NEEDS_APPROVAL,BAL-003,1,0,0,1,true,0.26
SYN002589,ANNUAL,2027-01-04,2027-01-10,NEEDS_APPROVAL,ELG-001,3,3,0,0,true,4.23
SYN004064,LONG_SERVICE,2027-01-04,2027-01-17,DECLINED,BAL-001|COV-001|COV-002,10,4,4,2,true,1.0
SYN005726,ANNUAL,2027-01-04,2027-01-31,DECLINED,BAL-001,20,16,0,4,true,11.29
SYN005242,ANNUAL,2027-01-04,2027-01-21,RECOMMEND_APPROVE,"",8,6,0,2,true,2.45
SYN007872,ANNUAL,2027-01-04,2027-01-17,NEEDS_APPROVAL,ELG-001,2,0,0,2,true,0.65
SYN006208,ANNUAL,2027-01-04,2027-01-10,NEEDS_APPROVAL,ELG-001|COV-001,3,0,3,0,true,0.82
SYN000740,ANNUAL,2027-01-04,2027-01-17,RECOMMEND_APPROVE,"",6,0,0,6,true,0.31
SYN000684,LONG_SERVICE,2027-01-04,2027-01-25,DECLINED,ELG-003|BAL-001|COV-002,9,7,0,2,true,2.73
SYN003533,TOIL,2027-01-04,2027-01-06,NEEDS_APPROVAL,COV-001,3,2,1,0,true,0.74
SYN008071,ANNUAL,2027-01-04,2027-02-16,NEEDS_APPROVAL,ELG-001,32,0,0,32,true,1.68
SYN004023,ANNUAL,2027-01-04,2027-01-10,RECOMMEND_APPROVE,"",5,0,0,5,true,0.36
SYN008925,ANNUAL,2027-01-04,2027-02-14,DECLINED,BAL-001,12,0,0,12,true,1.08
SYN000712,LONG_SERVICE,2027-01-04,2027-01-17,NEEDS_APPROVAL,ELG-001,6,0,0,6,true,0.42
SYN005419,LONG_SERVICE,2027-01-04,2027-01-12,DECLINED,BAL-001,4,0,0,4,true,0.32
SYN001457,LONG_SERVICE,2027-01-04,2027-03-07,NEEDS_APPROVAL,ELG-001,9,9,0,0,true,1.64
SYN003733,ANNUAL,2027-01-04,2027-01-07,RECOMMEND_APPROVE,"",4,0,0,4,true,0.25
SYN004434,ANNUAL,2027-01-04,2027-01-15,NEEDS_APPROVAL,ELG-001|COV-001,8,0,8,0,true,0.45
SYN007661,ANNUAL,2027-01-04,2027-01-10,RECOMMEND_APPROVE,"",2,0,0,2,true,0.22
SYN001898,ANNUAL,2027-01-04,2027-01-10,RECOMMEND_APPROVE,"",1,0,0,1,true,0.22
SYN005697,ANNUAL,2027-01-04,2027-02-21,DECLINED,BAL-001,35,0,0,35,true,1.06
SYN005309,ANNUAL,2027-01-04,2027-01-10,RECOMMEND_APPROVE,"",6,5,0,1,true,1.51
SYN007402,LONG_SERVICE,2027-01-04,2027-01-17,DECLINED,ELG-001|ELG-003|BAL-001|COV-001,10,0,6,4,true,0.52
SYN009294,ADO,2027-01-04,2027-01-17,NEEDS_APPROVAL,REQ-004|ELG-001,10,0,0,10,true,1.8
SYN004557,TOIL,2027-01-04,2027-01-04,NEEDS_APPROVAL,ELG-001|BAL-003,1,1,0,0,true,0.63
SYN003042,ANNUAL,2027-01-04,2027-01-31,DECLINED,ELG-001|BAL-001,20,2,0,18,true,3.3
SYN001404,ADO,2027-01-04,2027-01-10,NEEDS_APPROVAL,REQ-004|BAL-003,5,0,0,5,true,0.47
SYN003548,LONG_SERVICE,2027-01-04,2027-01-11,DECLINED,BAL-001,5,4,0,1,true,2.0
SYN006397,ANNUAL,2027-01-04,2027-01-24,DECLINED,BAL-001,12,0,0,12,true,1.17
SYN006237,ANNUAL,2027-01-04,2027-01-31,RECOMMEND_APPROVE,"",4,0,0,4,true,0.94
SYN003387,ANNUAL,2027-01-04,2027-01-31,RECOMMEND_APPROVE,"",16,7,0,9,true,10.15
SYN005611,ANNUAL,2027-01-04,2027-01-10,RECOMMEND_APPROVE,"",3,1,0,2,true,1.38
SYN001921,ANNUAL,2027-01-04,2027-01-10,RECOMMEND_APPROVE,"",5,0,0,5,true,0.32
SYN003529,ANNUAL,2027-01-04,2027-01-07,NEEDS_APPROVAL,COV-001,4,0,4,0,true,0.53
SYN002573,ANNUAL,2027-01-04,2027-01-10,NEEDS_APPROVAL,ELG-001,4,1,0,3,true,0.67
SYN009440,ANNUAL,2027-01-04,2027-01-17,RECOMMEND_APPROVE,"",8,8,0,0,true,10.66
SYN002438,ANNUAL,2027-01-04,2027-01-31,DECLINED,BAL-001,12,0,0,12,true,1.22
SYN003180,LONG_SERVICE,2027-01-04,2027-01-24,DECLINED,BAL-001,15,0,0,15,true,0.42
SYN001858,TOIL,2027-01-04,2027-01-31,RECOMMEND_APPROVE,"",8,0,0,8,true,0.67
SYN007291,ANNUAL,2027-01-04,2027-01-04,NEEDS_APPROVAL,ELG-001|COV-001,1,0,1,0,true,0.24
SYN006486,ANNUAL,2027-01-04,2027-01-24,DECLINED,BAL-001|COV-001|COV-002,15,0,15,0,true,1.61
SYN007916,ANNUAL,2027-01-04,2027-01-04,RECOMMEND_APPROVE,"",1,0,0,1,true,0.21
SYN007260,ANNUAL,2027-01-04,2027-01-24,RECOMMEND_APPROVE,"",12,0,0,12,true,1.28
SYN002355,ANNUAL,2027-01-04,2027-01-31,RECOMMEND_APPROVE,"",16,0,0,16,true,1.22
SYN000075,ANNUAL,2027-01-04,2027-01-07,NEEDS_APPROVAL,ELG-001|COV-001,4,0,3,1,true,0.29
SYN003605,UNPAID,2027-01-04,2027-03-21,DECLINED,COV-001,55,1,2,52,true,4.59
SYN009567,TOIL,2027-01-04,2027-01-04,NEEDS_APPROVAL,BAL-003|COV-001,1,0,1,0,true,0.35
SYN007051,ANNUAL,2027-01-04,2027-01-10,RECOMMEND_APPROVE,"",4,4,0,0,true,6.21
SYN001074,ANNUAL,2027-01-04,2027-01-09,RECOMMEND_APPROVE,"",6,3,0,3,true,1.58
SYN002332,ANNUAL,2027-01-04,2027-01-10,RECOMMEND_APPROVE,"",5,0,0,5,true,0.29
SYN002664,LONG_SERVICE,2027-01-04,2027-01-07,DECLINED,BAL-001,4,0,0,4,true,0.29
SYN006805,UNPAID,2027-01-04,2027-01-10,RECOMMEND_APPROVE,"",5,3,0,2,true,7.03
SYN001976,ANNUAL,2027-01-04,2027-02-12,RECOMMEND_APPROVE,"",6,6,0,0,true,3.75
SYN003685,ANNUAL,2027-01-04,2027-01-04,RECOMMEND_APPROVE,"",1,0,0,1,true,0.26
SYN003145,LONG_SERVICE,2027-01-04,2027-01-07,DECLINED,BAL-001,4,4,0,0,true,1.33
SYN006899,ANNUAL,2027-01-04,2027-01-17,NEEDS_APPROVAL,COV-001,8,0,4,4,true,0.69
SYN007183,ANNUAL,2027-01-04,2027-02-07,DECLINED,BAL-001|COV-001,20,9,5,6,true,2.0
SYN008417,LONG_SERVICE,2027-01-04,2027-01-04,DECLINED,ELG-003|BAL-001,1,0,0,1,true,0.32
SYN002127,TOIL,2027-01-04,2027-01-04,NEEDS_APPROVAL,BAL-003,1,0,0,1,true,0.22
SYN007536,ANNUAL,2027-01-04,2027-01-17,RECOMMEND_APPROVE,"",6,0,0,6,true,0.48
SYN001057,ANNUAL,2027-01-04,2027-01-10,RECOMMEND_APPROVE,"",5,4,0,1,true,4.14
SYN006868,ANNUAL,2027-01-04,2027-01-06,RECOMMEND_APPROVE,"",3,2,0,1,true,0.56
SYN003630,LONG_SERVICE,2027-01-04,2027-01-13,NEEDS_APPROVAL,ELG-001,4,0,0,4,true,0.27
SYN005894,LONG_SERVICE,2027-01-04,2027-01-10,DECLINED,ELG-003|BAL-001,4,0,0,4,true,0.38
SYN002749,ANNUAL,2027-01-04,2027-01-11,RECOMMEND_APPROVE,"",6,0,0,6,true,0.29
SYN008707,TOIL,2027-01-04,2027-01-04,DECLINED,ELG-001|ELG-002|BAL-003,1,0,0,1,true,0.37
SYN000962,LONG_SERVICE,2027-01-04,2027-01-04,DECLINED,ELG-001|ELG-003|BAL-001,1,0,0,1,true,2.48
SYN003841,ANNUAL,2027-01-04,2027-01-06,RECOMMEND_APPROVE,"",3,3,0,0,true,3.1
SYN004316,ANNUAL,2027-01-04,2027-01-24,DECLINED,BAL-001,15,0,0,15,true,0.48
SYN006329,ANNUAL,2027-01-04,2027-02-07,RECOMMEND_APPROVE,"",15,7,0,8,true,26.22
SYN002071,ANNUAL,2027-01-04,2027-01-17,RECOMMEND_APPROVE,"",2,2,0,0,true,1.03
SYN003633,TOIL,2027-01-04,2027-01-04,NEEDS_APPROVAL,BAL-003,1,0,0,1,true,0.28
SYN004428,ANNUAL,2027-01-04,2027-01-17,NEEDS_APPROVAL,ELG-001,6,2,0,4,true,1.3
SYN004025,ANNUAL,2027-01-04,2027-02-14,DECLINED,BAL-001,30,24,0,6,true,6.38
SYN005088,ADO,2027-01-04,2027-01-10,DECLINED,REQ-004|BAL-001,4,2,0,2,true,1.31
SYN000029,LONG_SERVICE,2027-01-04,2027-02-07,DECLINED,ELG-003|BAL-001,15,9,0,6,true,8.36
SYN007383,ANNUAL,2027-01-04,2027-01-10,NEEDS_APPROVAL,COV-001,4,0,1,3,true,0.46
SYN008135,TOIL,2027-01-04,2027-01-04,DECLINED,ELG-002|BAL-003,1,1,0,0,true,0.57
SYN008544,ANNUAL,2027-01-04,2027-01-17,RECOMMEND_APPROVE,"",4,0,0,4,true,0.39
SYN008364,ANNUAL,2027-01-04,2027-01-22,DECLINED,ELG-001|COV-001,12,0,3,9,true,0.55
SYN006424,TOIL,2027-01-04,2027-01-04,NEEDS_APPROVAL,ELG-001|BAL-003,1,0,0,1,true,0.3
SYN006100,TOIL,2027-01-04,2027-01-06,RECOMMEND_APPROVE,"",3,0,0,3,true,0.27
SYN002120,ANNUAL,2027-01-04,2027-02-07,RECOMMEND_APPROVE,"",20,13,0,7,true,7.0
SYN006306,ANNUAL,2027-01-04,2027-01-17,RECOMMEND_APPROVE,"",0,0,0,0,false,0.17
SYN003404,ANNUAL,2027-01-04,2027-01-31,RECOMMEND_APPROVE,"",20,4,0,16,true,1.68
SYN009455,ANNUAL,2027-01-04,2027-03-14,DECLINED,BAL-001,40,11,0,29,true,23.62
SYN008396,ANNUAL,2027-01-04,2027-01-07,NEEDS_APPROVAL,ELG-001|COV-001,3,2,1,0,true,0.73
SYN000428,TOIL,2027-01-04,2027-01-04,DECLINED,ELG-002|BAL-003,1,0,0,1,true,0.3
SYN002756,ANNUAL,2027-01-04,2027-02-14,DECLINED,BAL-001|COV-001,30,0,4,26,true,1.59
SYN007163,TOIL,2027-01-04,2027-01-04,NEEDS_APPROVAL,ELG-001,1,0,0,1,true,0.23
SYN005004,LONG_SERVICE,2027-01-04,2027-01-31,DECLINED,ELG-003|BAL-001,16,0,0,16,true,1.09
SYN008039,TOIL,2027-01-04,2027-01-04,RECOMMEND_APPROVE,"",1,1,0,0,true,0.49
SYN000747,ANNUAL,2027-01-04,2027-01-17,NEEDS_APPROVAL,COV-001,6,4,2,0,true,0.94
SYN000037,LONG_SERVICE,2027-01-04,2027-01-16,DECLINED,ELG-003|BAL-001|COV-001,10,0,2,8,true,0.41
SYN001642,ANNUAL,2027-01-04,2027-01-10,RECOMMEND_APPROVE,"",0,0,0,0,false,0.13
SYN007866,ANNUAL,2027-01-04,2027-01-10,RECOMMEND_APPROVE,"",4,2,0,2,true,0.75
SYN000054,ANNUAL,2027-01-04,2027-01-31,DECLINED,BAL-001,16,0,0,16,true,0.83
SYN001536,ANNUAL,2027-01-04,2027-01-17,RECOMMEND_APPROVE,"",2,0,0,2,true,0.58
SYN002833,TOIL,2027-01-04,2027-01-05,DECLINED,ELG-001|BAL-001|COV-001,2,0,2,0,true,0.33
SYN004743,ANNUAL,2027-01-04,2027-02-07,DECLINED,BAL-001,25,15,0,10,true,8.34
SYN008224,LONG_SERVICE,2027-01-04,2027-03-14,DECLINED,ELG-001|BAL-001,50,21,0,29,true,7.75
SYN006414,ANNUAL,2027-01-04,2027-01-05,NEEDS_APPROVAL,ELG-001,2,0,0,2,true,0.41
SYN000955,ANNUAL,2027-01-04,2027-02-07,DECLINED,BAL-001,25,12,0,13,true,4.65
SYN006071,ANNUAL,2027-01-04,2027-01-07,NEEDS_APPROVAL,COV-001,4,0,1,3,true,0.41
SYN009535,TOIL,2027-01-04,2027-01-04,NEEDS_APPROVAL,BAL-003,1,1,0,0,true,0.41
SYN007349,ADO,2027-01-04,2027-01-08,DECLINED,REQ-004|BAL-001,5,5,0,0,true,1.43
SYN000644,ANNUAL,2027-01-04,2027-01-13,RECOMMEND_APPROVE,"",7,2,0,5,true,0.84
SYN009490,ANNUAL,2027-01-04,2027-01-17,DECLINED,BAL-001,12,0,0,12,true,1.33
SYN007847,ANNUAL,2027-01-04,2027-01-10,RECOMMEND_APPROVE,"",3,2,0,1,true,1.08
SYN001640,ANNUAL,2027-01-04,2027-01-10,RECOMMEND_APPROVE,"",3,1,0,2,true,0.65
SYN007176,ANNUAL,2027-01-04,2027-01-04,NEEDS_APPROVAL,ELG-001,1,0,0,1,true,0.22
SYN005445,ANNUAL,2027-01-04,2027-01-06,NEEDS_APPROVAL,COV-001,3,1,1,1,true,0.38
SYN006410,ANNUAL,2027-01-04,2027-01-11,RECOMMEND_APPROVE,"",4,0,0,4,true,0.55
SYN003640,TOIL,2027-01-04,2027-01-04,NEEDS_APPROVAL,ELG-001|BAL-003,1,1,0,0,true,1.22
SYN008506,LONG_SERVICE,2027-01-04,2027-07-04,DECLINED,ELG-001|BAL-001,104,31,0,73,true,10.13
SYN001714,ADO,2027-01-04,2027-01-05,DECLINED,ELG-002|BAL-003,1,1,0,0,true,0.56
SYN003235,ANNUAL,2027-01-04,2027-01-06,RECOMMEND_APPROVE,"",2,1,0,1,true,0.75
SYN009041,ANNUAL,2027-01-04,2027-01-06,NEEDS_APPROVAL,ELG-001,1,0,0,1,true,0.22
SYN004397,LONG_SERVICE,2027-01-04,2027-01-15,DECLINED,ELG-001|ELG-003|BAL-001,10,0,0,10,true,0.46
SYN008727,ANNUAL,2027-01-04,2027-01-05,RECOMMEND_APPROVE,"",2,0,0,2,true,0.22
SYN007640,ANNUAL,2027-01-04,2027-01-31,NEEDS_APPROVAL,COV-002,4,4,0,0,true,0.99
SYN007315,LONG_SERVICE,2027-01-04,2027-01-07,DECLINED,ELG-001|ELG-003|BAL-001,4,1,0,3,true,0.44
SYN009008,ANNUAL,2027-01-04,2027-01-07,RECOMMEND_APPROVE,"",2,0,0,2,true,0.2
SYN008192,ANNUAL,2027-01-04,2027-01-24,DECLINED,BAL-001,12,0,0,12,true,0.68
SYN002838,TOIL,2027-01-04,2027-01-10,DECLINED,BAL-001,6,0,0,6,true,0.72
SYN009122,ANNUAL,2027-01-04,2027-01-31,RECOMMEND_APPROVE,"",4,1,0,3,true,2.48
SYN008958,ANNUAL,2027-01-04,2027-01-10,NEEDS_APPROVAL,COV-001,5,0,1,4,true,0.56
SYN002997,ANNUAL,2027-01-04,2027-01-10,RECOMMEND_APPROVE,"",4,3,0,1,true,2.63
SYN001852,ANNUAL,2027-01-04,2027-01-17,RECOMMEND_APPROVE,"",10,6,0,4,true,3.55
SYN002592,ANNUAL,2027-01-04,2027-02-14,NEEDS_APPROVAL,BAL-003,30,12,0,18,true,4.64
SYN002037,ANNUAL,2027-01-04,2027-01-07,NEEDS_APPROVAL,COV-001,4,0,2,2,true,0.46
SYN001063,LONG_SERVICE,2027-01-04,2027-01-10,DECLINED,ELG-003|BAL-001,5,0,0,5,true,0.58
SYN005696,ANNUAL,2027-01-04,2027-01-17,DECLINED,BAL-001|COV-001,10,0,6,4,true,0.47
SYN001236,ANNUAL,2027-01-04,2027-02-14,DECLINED,BAL-001,18,10,0,8,true,4.87
SYN003413,ANNUAL,2027-01-04,2027-01-21,DECLINED,COV-001,9,0,3,6,true,0.4
SYN007082,ANNUAL,2027-01-04,2027-01-17,DECLINED,BAL-001|COV-001,10,0,4,6,true,1.26
SYN002357,TOIL,2027-01-04,2027-01-04,NEEDS_APPROVAL,ELG-001,1,0,0,1,true,0.23
SYN004076,ANNUAL,2027-01-04,2027-01-17,NEEDS_APPROVAL,COV-001,10,3,1,6,true,1.07
SYN009213,ANNUAL,2027-01-04,2027-01-17,RECOMMEND_APPROVE,"",10,10,0,0,true,5.46
SYN004035,TOIL,2027-01-04,2027-01-04,DECLINED,ELG-001|ELG-002|BAL-003,1,0,0,1,true,0.22
SYN009567,ANNUAL,2027-01-05,2027-01-07,NEEDS_APPROVAL,COV-001,3,0,1,2,true,0.29
SYN001320,ANNUAL,2027-01-05,2027-01-07,RECOMMEND_APPROVE,"",2,0,0,2,true,0.26
SYN002502,ANNUAL,2027-01-05,2027-01-18,RECOMMEND_APPROVE,"",6,0,0,6,true,0.5
SYN008135,ANNUAL,2027-01-05,2027-01-07,DECLINED,BAL-001,3,0,0,3,true,0.3
SYN009392,ANNUAL,2027-01-05,2027-01-07,NEEDS_APPROVAL,ELG-001|COV-001,3,0,2,1,true,0.27
SYN007291,TOIL,2027-01-05,2027-01-05,NEEDS_APPROVAL,ELG-001|BAL-003,1,0,0,1,true,0.19
SYN002357,LONG_SERVICE,2027-01-05,2027-01-07,DECLINED,ELG-001|BAL-001,3,3,0,0,true,0.9
SYN002127,ANNUAL,2027-01-05,2027-01-07,RECOMMEND_APPROVE,"",3,0,0,3,true,0.29
SYN004557,ANNUAL,2027-01-05,2027-01-07,NEEDS_APPROVAL,ELG-001,2,2,0,0,true,0.96
SYN006748,TOIL,2027-01-05,2027-01-05,NEEDS_APPROVAL,COV-001,1,0,1,0,true,0.24
SYN003542,ANNUAL,2027-01-05,2027-01-07,NEEDS_APPROVAL,COV-001|COV-002,3,0,2,1,true,0.68
SYN009338,ANNUAL,2027-01-05,2027-01-07,RECOMMEND_APPROVE,"",3,0,0,3,true,0.35
SYN000164,ANNUAL,2027-01-05,2027-01-05,RECOMMEND_APPROVE,"",1,0,0,1,true,0.16
SYN007176,TOIL,2027-01-05,2027-01-05,NEEDS_APPROVAL,ELG-001|BAL-003,1,0,0,1,true,0.19
SYN003450,ANNUAL,2027-01-05,2027-01-07,NEEDS_APPROVAL,COV-001,3,0,3,0,true,0.3
SYN003011,ANNUAL,2027-01-05,2027-01-07,RECOMMEND_APPROVE,"",1,0,0,1,true,0.17
SYN000253,ANNUAL,2027-01-05,2027-01-07,RECOMMEND_APPROVE,"",3,0,0,3,true,0.2
SYN005544,ANNUAL,2027-01-05,2027-02-05,DECLINED,BAL-001,19,17,0,2,true,23.67
SYN001355,LONG_SERVICE,2027-01-05,2027-01-07,DECLINED,ELG-003|BAL-001,3,0,0,3,true,0.37
SYN003631,ANNUAL,2027-01-05,2027-01-07,RECOMMEND_APPROVE,"",0,0,0,0,false,0.13
SYN005805,ANNUAL,2027-01-05,2027-01-05,RECOMMEND_APPROVE,"",1,0,0,1,true,0.34
SYN000231,TOIL,2027-01-05,2027-01-05,NEEDS_APPROVAL,BAL-003,1,0,0,1,true,0.17
SYN003854,ANNUAL,2027-01-05,2027-01-05,RECOMMEND_APPROVE,"",1,1,0,0,true,0.41
SYN006286,ANNUAL,2027-01-05,2027-01-07,NEEDS_APPROVAL,ELG-001|COV-001,3,0,3,0,true,0.31
SYN009535,ANNUAL,2027-01-05,2027-01-07,RECOMMEND_APPROVE,"",2,0,0,2,true,0.3
SYN008881,TOIL,2027-01-05,2027-01-05,NEEDS_APPROVAL,ELG-001,1,1,0,0,true,0.72
SYN007163,LONG_SERVICE,2027-01-05,2027-01-07,DECLINED,ELG-001|ELG-003|BAL-001,3,0,0,3,true,0.31
SYN000182,ANNUAL,2027-01-05,2027-02-21,DECLINED,BAL-001,34,18,0,16,true,44.12
SYN008834,TOIL,2027-01-05,2027-01-05,NEEDS_APPROVAL,ELG-001,1,0,0,1,true,0.3
SYN004052,ANNUAL,2027-01-05,2027-01-07,NEEDS_APPROVAL,COV-001,3,0,1,2,true,0.35
SYN007278,LONG_SERVICE,2027-01-05,2027-01-07,DECLINED,ELG-001|ELG-003|BAL-001|COV-001,3,0,1,2,true,0.33
SYN009088,TOIL,2027-01-05,2027-01-05,DECLINED,ELG-001|BAL-001,1,0,0,1,true,0.29
SYN003633,ANNUAL,2027-01-05,2027-01-07,NEEDS_APPROVAL,COV-001,3,1,2,0,true,0.63
SYN009438,ANNUAL,2027-01-05,2027-01-10,NEEDS_APPROVAL,COV-001,4,0,1,3,true,0.43
SYN008039,ANNUAL,2027-01-05,2027-01-07,RECOMMEND_APPROVE,"",3,2,0,1,true,0.73
SYN006703,ANNUAL,2027-01-05,2027-01-07,RECOMMEND_APPROVE,"",3,0,0,3,true,0.23
SYN001518,ANNUAL,2027-01-05,2027-01-07,NEEDS_APPROVAL,COV-001,3,1,2,0,true,0.44
SYN007264,ANNUAL,2027-01-05,2027-01-17,NEEDS_APPROVAL,ELG-001|COV-001,6,0,4,2,true,0.56
SYN004035,ANNUAL,2027-01-05,2027-01-07,NEEDS_APPROVAL,ELG-001,3,0,0,3,true,0.23
SYN003640,ANNUAL,2027-01-05,2027-01-07,NEEDS_APPROVAL,ELG-001,3,3,0,0,true,2.88
SYN002841,ANNUAL,2027-01-05,2027-01-05,NEEDS_APPROVAL,COV-001,1,0,1,0,true,0.19
SYN003058,ANNUAL,2027-01-05,2027-01-10,RECOMMEND_APPROVE,"",2,2,0,0,true,0.6
SYN008707,ANNUAL,2027-01-05,2027-01-07,DECLINED,ELG-001|ELG-002|BAL-003|COV-001,3,0,1,2,true,0.53
SYN004537,LONG_SERVICE,2027-01-05,2027-01-06,DECLINED,ELG-003|BAL-001,1,0,0,1,true,0.29
SYN003000,TOIL,2027-01-05,2027-01-05,NEEDS_APPROVAL,COV-001,1,0,1,0,true,0.22
SYN001491,TOIL,2027-01-05,2027-01-05,RECOMMEND_APPROVE,"",0,0,0,0,false,0.1
SYN000428,ANNUAL,2027-01-05,2027-01-07,RECOMMEND_APPROVE,"",3,0,0,3,true,0.33
SYN006073,ANNUAL,2027-01-05,2027-01-07,NEEDS_APPROVAL,COV-001,3,0,2,1,true,0.29
SYN002159,ANNUAL,2027-01-06,2027-01-07,NEEDS_APPROVAL,COV-001,2,1,1,0,true,0.35
SYN001827,ANNUAL,2027-01-06,2027-01-08,NEEDS_APPROVAL,COV-001,3,1,1,1,true,0.68
SYN001065,ANNUAL,2027-01-06,2027-01-08,NEEDS_APPROVAL,COV-001,3,0,3,0,true,0.31
SYN000547,ANNUAL,2027-01-06,2027-01-20,RECOMMEND_APPROVE,"",7,2,0,5,true,2.19
SYN006288,ANNUAL,2027-01-06,2027-01-31,RECOMMEND_APPROVE,"",8,5,0,3,true,2.77
SYN002387,ANNUAL,2027-01-06,2027-01-11,NEEDS_APPROVAL,COV-001,5,0,4,1,true,0.39
SYN008804,ANNUAL,2027-01-06,2027-01-13,DECLINED,ELG-001|BAL-001,5,2,0,3,true,1.73
SYN006790,TOIL,2027-01-06,2027-01-13,DECLINED,BAL-001,4,3,0,1,true,1.22
SYN005707,UNPAID,2027-01-06,2027-05-03,RECOMMEND_APPROVE,"",84,0,0,84,true,2.21
SYN008834,ANNUAL,2027-01-06,2027-01-10,NEEDS_APPROVAL,ELG-001,2,1,0,1,true,0.45
SYN005016,ANNUAL,2027-01-06,2027-01-07,RECOMMEND_APPROVE,"",1,0,0,1,true,0.19
SYN009215,TOIL,2027-01-06,2027-01-07,NEEDS_APPROVAL,ELG-001,0,0,0,0,false,0.13
SYN007176,ANNUAL,2027-01-06,2027-01-14,NEEDS_APPROVAL,ELG-001,7,0,0,7,true,0.35
SYN006414,ANNUAL,2027-01-06,2027-01-10,NEEDS_APPROVAL,ELG-001,2,2,0,0,true,1.72
SYN005184,ANNUAL,2027-01-06,2027-01-06,NEEDS_APPROVAL,COV-001,1,0,1,0,true,0.26
SYN001752,ANNUAL,2027-01-06,2027-01-08,NEEDS_APPROVAL,COV-001,3,1,1,1,true,0.32
SYN004650,ANNUAL,2027-01-06,2027-01-07,NEEDS_APPROVAL,COV-001,2,0,1,1,true,0.21
SYN005843,ANNUAL,2027-01-06,2027-01-22,DECLINED,ELG-002|BAL-003|COV-001,11,0,3,8,true,0.54
SYN000231,ANNUAL,2027-01-06,2027-01-07,RECOMMEND_APPROVE,"",1,1,0,0,true,0.28
SYN008415,PROF_DEV,2027-01-06,2027-01-08,NEEDS_APPROVAL,ELG-001|COV-001,3,0,3,0,true,0.44
SYN001491,LONG_SERVICE,2027-01-06,2027-01-17,DECLINED,ELG-001|ELG-003|BAL-001,6,4,0,2,true,3.66
SYN002290,ANNUAL,2027-01-06,2027-01-06,RECOMMEND_APPROVE,"",1,0,0,1,true,0.19
SYN007179,ANNUAL,2027-01-06,2027-01-18,NEEDS_APPROVAL,ELG-001|COV-001,7,0,5,2,true,0.38
SYN002027,ANNUAL,2027-01-06,2027-02-09,DECLINED,COV-001,30,0,5,25,true,0.89
SYN002566,ANNUAL,2027-01-06,2027-01-06,RECOMMEND_APPROVE,"",1,1,0,0,true,0.28
SYN003710,ANNUAL,2027-01-06,2027-01-08,RECOMMEND_APPROVE,"",3,0,0,3,true,0.33
SYN007767,ANNUAL,2027-01-06,2027-01-17,NEEDS_APPROVAL,COV-001,8,0,2,6,true,0.35
SYN007109,ANNUAL,2027-01-06,2027-01-07,RECOMMEND_APPROVE,"",2,0,0,2,true,0.21
SYN006644,ANNUAL,2027-01-06,2027-01-06,NEEDS_APPROVAL,COV-001,1,0,1,0,true,0.2
SYN006748,LONG_SERVICE,2027-01-06,2027-01-08,DECLINED,ELG-003|BAL-001|COV-001,2,0,1,1,true,0.25
SYN009486,ANNUAL,2027-01-06,2027-01-10,DECLINED,ELG-002,5,2,0,3,true,0.43
SYN007291,ANNUAL,2027-01-06,2027-01-06,NEEDS_APPROVAL,ELG-001,1,0,0,1,true,0.21
SYN004938,ANNUAL,2027-01-06,2027-01-11,NEEDS_APPROVAL,COV-001,4,0,2,2,true,0.43
SYN007598,ANNUAL,2027-01-06,2027-01-07,NEEDS_APPROVAL,ELG-001,2,0,0,2,true,0.27
SYN007341,ANNUAL,2027-01-06,2027-01-10,RECOMMEND_APPROVE,"",3,0,0,3,true,0.3
SYN001346,UNPAID,2027-01-07,2027-06-21,RECOMMEND_APPROVE,"",96,0,0,96,true,5.26
SYN006648,ANNUAL,2027-01-07,2027-01-07,RECOMMEND_APPROVE,"",1,0,0,1,true,0.26
SYN008955,ANNUAL,2027-01-07,2027-01-17,RECOMMEND_APPROVE,"",6,0,0,6,true,0.29
SYN008017,ANNUAL,2027-01-07,2027-01-07,RECOMMEND_APPROVE,"",1,1,0,0,true,0.34
SYN009401,ANNUAL,2027-01-07,2027-01-10,NEEDS_APPROVAL,COV-001,3,0,2,1,true,0.31
SYN008011,PROF_DEV,2027-01-07,2027-01-17,NEEDS_APPROVAL,ELG-001|COV-001,5,0,1,4,true,0.29
SYN009417,SICK,2027-01-07,2027-02-14,ACCEPTED,ELG-001|COV-001,27,5,15,7,true,3.4
SYN002566,PROF_DEV,2027-01-07,2027-01-13,RECOMMEND_APPROVE,"",3,3,0,0,true,0.52
SYN004960,ANNUAL,2027-01-07,2027-01-20,NEEDS_APPROVAL,ELG-001,12,4,0,8,true,0.86
SYN005084,ANNUAL,2027-01-07,2027-01-19,RECOMMEND_APPROVE,"",4,2,0,2,true,0.88
SYN002135,ANNUAL,2027-01-07,2027-01-17,RECOMMEND_APPROVE,"",5,2,0,3,true,0.94
SYN002833,TOIL,2027-01-07,2027-01-07,DECLINED,ELG-001|BAL-001|COV-001,1,0,1,0,true,0.26
SYN000730,ANNUAL,2027-01-07,2027-01-07,RECOMMEND_APPROVE,"",1,1,0,0,true,0.58
SYN009041,ANNUAL,2027-01-07,2027-01-18,NEEDS_APPROVAL,ELG-001,3,0,0,3,true,0.26
SYN005445,ANNUAL,2027-01-07,2027-01-10,NEEDS_APPROVAL,COV-001,2,0,1,1,true,0.26
SYN008631,ANNUAL,2027-01-07,2027-01-08,NEEDS_APPROVAL,ELG-001|COV-001,2,0,1,1,true,0.24
SYN006458,ANNUAL,2027-01-07,2027-01-10,NEEDS_APPROVAL,ELG-001,2,0,0,2,true,0.36
SYN003089,ANNUAL,2027-01-07,2027-01-13,RECOMMEND_APPROVE,"",5,0,0,5,true,0.25
SYN003167,ANNUAL,2027-01-07,2027-01-10,RECOMMEND_APPROVE,"",2,2,0,0,true,1.36
SYN003841,ANNUAL,2027-01-07,2027-01-07,RECOMMEND_APPROVE,"",1,1,0,0,true,1.71
SYN006412,TOIL,2027-01-08,2027-01-08,NEEDS_APPROVAL,BAL-003,1,0,0,1,true,0.19
SYN007351,ANNUAL,2027-01-08,2027-01-08,RECOMMEND_APPROVE,"",1,0,0,1,true,0.24
SYN000665,ANNUAL,2027-01-08,2027-01-21,RECOMMEND_APPROVE,"",10,0,0,10,true,0.31
SYN002238,ANNUAL,2027-01-08,2027-01-13,RECOMMEND_APPROVE,"",4,1,0,3,true,0.42
SYN001857,ANNUAL,2027-01-08,2027-01-12,NEEDS_APPROVAL,COV-001|COV-003,4,1,1,2,true,0.46
SYN004035,TOIL,2027-01-08,2027-01-08,DECLINED,ELG-001|ELG-002|BAL-003,1,0,0,1,true,0.2
SYN009392,TOIL,2027-01-08,2027-01-08,NEEDS_APPROVAL,ELG-001|COV-001,1,0,1,0,true,0.21
SYN006424,TOIL,2027-01-08,2027-01-08,NEEDS_APPROVAL,ELG-001|BAL-003,0,0,0,0,false,0.12
SYN003261,TOIL,2027-01-08,2027-01-08,NEEDS_APPROVAL,COV-001,1,0,1,0,true,0.3
SYN002218,ANNUAL,2027-01-08,2027-01-28,DECLINED,BAL-001,12,4,0,8,true,8.36
SYN002127,TOIL,2027-01-08,2027-01-08,NEEDS_APPROVAL,BAL-003,1,0,0,1,true,0.25
SYN003631,TOIL,2027-01-08,2027-01-08,NEEDS_APPROVAL,COV-001,1,0,1,0,true,0.29
SYN001355,TOIL,2027-01-08,2027-01-08,DECLINED,BAL-001,1,0,0,1,true,0.24
SYN005016,TOIL,2027-01-08,2027-01-08,RECOMMEND_APPROVE,"",1,0,0,1,true,0.19
SYN004112,LONG_SERVICE,2027-01-08,2027-01-08,DECLINED,ELG-001|BAL-001|COV-001,1,0,1,0,true,0.25
SYN005599,TOIL,2027-01-08,2027-01-08,NEEDS_APPROVAL,BAL-003,1,0,0,1,true,0.16
SYN003129,ANNUAL,2027-01-08,2027-01-15,NEEDS_APPROVAL,ELG-001,6,4,0,2,true,0.64
SYN001518,TOIL,2027-01-08,2027-01-08,NEEDS_APPROVAL,BAL-003,1,1,0,0,true,0.32
SYN000418,ANNUAL,2027-01-08,2027-01-08,NEEDS_APPROVAL,COV-001,1,0,1,0,true,0.26
SYN009143,LONG_SERVICE,2027-01-08,2027-01-08,DECLINED,ELG-003|BAL-001,1,1,0,0,true,0.33
SYN008106,TOIL,2027-01-08,2027-01-08,NEEDS_APPROVAL,BAL-003|COV-001,1,0,1,0,true,0.25
SYN002937,TOIL,2027-01-08,2027-01-08,RECOMMEND_APPROVE,"",1,1,0,0,true,0.91
SYN006368,ANNUAL,2027-01-08,2027-01-08,RECOMMEND_APPROVE,"",1,1,0,0,true,0.33
SYN006071,TOIL,2027-01-08,2027-01-08,NEEDS_APPROVAL,BAL-003,1,0,0,1,true,0.22
SYN003640,TOIL,2027-01-08,2027-01-08,NEEDS_APPROVAL,ELG-001|BAL-003,1,1,0,0,true,1.17
SYN003213,TOIL,2027-01-08,2027-01-08,NEEDS_APPROVAL,BAL-003,1,0,0,1,true,0.17
SYN002841,ANNUAL,2027-01-08,2027-01-08,RECOMMEND_APPROVE,"",1,0,0,1,true,0.18
SYN009567,TOIL,2027-01-08,2027-01-08,NEEDS_APPROVAL,BAL-003|COV-001,1,0,1,0,true,0.22
SYN009422,ANNUAL,2027-01-08,2027-02-08,RECOMMEND_APPROVE,"",22,21,0,1,true,25.94
SYN000248,ANNUAL,2027-01-08,2027-02-21,RECOMMEND_APPROVE,"",24,9,0,15,true,21.81
SYN003529,TOIL,2027-01-08,2027-01-08,RECOMMEND_APPROVE,"",1,1,0,0,true,0.36
SYN000708,ANNUAL,2027-01-08,2027-01-30,DECLINED,BAL-001|COV-002,11,0,0,11,true,1.16
SYN003339,TOIL,2027-01-08,2027-01-08,NEEDS_APPROVAL,BAL-003,1,0,0,1,true,0.35
SYN009489,TOIL,2027-01-08,2027-01-08,RECOMMEND_APPROVE,"",1,0,0,1,true,0.2
SYN001038,ADO,2027-01-08,2027-01-11,DECLINED,REQ-004|BAL-001,3,0,0,3,true,0.3
SYN000075,TOIL,2027-01-08,2027-01-08,NEEDS_APPROVAL,ELG-001|BAL-003,0,0,0,0,false,0.13
SYN007163,TOIL,2027-01-08,2027-01-08,NEEDS_APPROVAL,ELG-001,1,1,0,0,true,0.37
SYN003491,TOIL,2027-01-08,2027-01-08,NEEDS_APPROVAL,ELG-001|BAL-003,1,0,0,1,true,0.19
SYN005208,ANNUAL,2027-01-08,2027-02-01,RECOMMEND_APPROVE,"",13,0,0,13,true,0.77
SYN000428,TOIL,2027-01-08,2027-01-08,DECLINED,ELG-002|BAL-003,1,0,0,1,true,0.25
SYN008707,TOIL,2027-01-08,2027-01-08,DECLINED,ELG-001|ELG-002|BAL-003,1,0,0,1,true,0.34
SYN004557,TOIL,2027-01-08,2027-01-08,NEEDS_APPROVAL,ELG-001|BAL-003,1,1,0,0,true,0.51
SYN002357,TOIL,2027-01-08,2027-01-08,NEEDS_APPROVAL,ELG-001,1,0,0,1,true,0.21
SYN004109,ANNUAL,2027-01-08,2027-01-14,RECOMMEND_APPROVE,"",5,0,0,5,true,0.34
SYN008135,TOIL,2027-01-08,2027-01-08,DECLINED,ELG-002|BAL-003,1,1,0,0,true,0.54
SYN008396,TOIL,2027-01-08,2027-01-08,DECLINED,ELG-001|ELG-002|BAL-003,0,0,0,0,false,0.15
SYN000253,TOIL,2027-01-08,2027-01-08,NEEDS_APPROVAL,BAL-003,1,0,0,1,true,0.15
SYN008017,TOIL,2027-01-08,2027-01-08,NEEDS_APPROVAL,BAL-003|COV-001,1,0,1,0,true,0.72
SYN002018,ANNUAL,2027-01-08,2027-01-14,RECOMMEND_APPROVE,"",4,3,0,1,true,0.56
SYN002037,TOIL,2027-01-08,2027-01-08,NEEDS_APPROVAL,BAL-003|COV-001,1,0,1,0,true,0.26
SYN001320,TOIL,2027-01-08,2027-01-08,NEEDS_APPROVAL,BAL-003,1,0,0,1,true,0.21
SYN006838,TOIL,2027-01-08,2027-01-08,NEEDS_APPROVAL,BAL-003,1,0,0,1,true,0.16
SYN003224,ANNUAL,2027-01-09,2027-02-07,RECOMMEND_APPROVE,"",8,0,0,8,true,0.57
SYN008135,ANNUAL,2027-01-09,2027-01-24,DECLINED,BAL-001,10,10,0,0,true,3.17
SYN002357,LONG_SERVICE,2027-01-09,2027-02-01,DECLINED,ELG-001|BAL-001,16,7,0,9,true,2.17
SYN000496,ANNUAL,2027-01-09,2027-02-05,DECLINED,COV-001,20,0,8,12,true,0.6
SYN004557,ANNUAL,2027-01-09,2027-01-17,NEEDS_APPROVAL,ELG-001,4,3,0,1,true,1.15
SYN007862,LONG_SERVICE,2027-01-09,2027-02-07,DECLINED,ELG-003|BAL-001,12,8,0,4,true,6.69
SYN004661,ANNUAL,2027-01-09,2027-02-01,RECOMMEND_APPROVE,"",10,0,0,10,true,0.34
SYN000588,ANNUAL,2027-01-09,2027-01-17,RECOMMEND_APPROVE,"",5,2,0,3,true,0.9
SYN000253,ANNUAL,2027-01-09,2027-01-17,RECOMMEND_APPROVE,"",5,0,0,5,true,0.24
SYN003261,LONG_SERVICE,2027-01-09,2027-01-17,NEEDS_APPROVAL,COV-001,3,0,3,0,true,0.43
SYN007163,LONG_SERVICE,2027-01-09,2027-01-17,DECLINED,ELG-001|ELG-003|BAL-001,5,1,0,4,true,0.48
SYN004035,ANNUAL,2027-01-09,2027-01-17,NEEDS_APPROVAL,ELG-001,5,0,0,5,true,0.28
SYN002127,ANNUAL,2027-01-09,2027-01-10,RECOMMEND_APPROVE,"",0,0,0,0,false,0.11
SYN008707,UNPAID,2027-01-09,2027-04-25,DECLINED,ELG-001|COV-001,75,0,15,60,true,5.84
SYN001355,LONG_SERVICE,2027-01-09,2027-02-01,DECLINED,ELG-001|ELG-003|BAL-001,12,0,0,12,true,0.5
SYN002664,LONG_SERVICE,2027-01-09,2027-01-10,RECOMMEND_APPROVE,"",0,0,0,0,false,0.12
SYN003011,ANNUAL,2027-01-09,2027-01-11,RECOMMEND_APPROVE,"",0,0,0,0,false,0.11
SYN009567,ANNUAL,2027-01-09,2027-01-15,NEEDS_APPROVAL,COV-001,5,0,3,2,true,0.35
SYN006838,LONG_SERVICE,2027-01-09,2027-01-25,DECLINED,ELG-003|BAL-001|COV-001,9,0,2,7,true,0.41
SYN003640,ANNUAL,2027-01-09,2027-01-12,NEEDS_APPROVAL,ELG-001,2,2,0,0,true,2.55
SYN006957,ANNUAL,2027-01-09,2027-02-01,DECLINED,BAL-001,17,13,0,4,true,11.56
SYN002719,LONG_SERVICE,2027-01-09,2027-02-01,DECLINED,BAL-001|COV-001,14,7,4,3,true,1.1
SYN009535,ANNUAL,2027-01-09,2027-01-20,RECOMMEND_APPROVE,"",6,2,0,4,true,0.72
SYN003903,LONG_SERVICE,2027-01-09,2027-01-09,DECLINED,BAL-001|COV-001,1,0,1,0,true,0.87
SYN003631,ANNUAL,2027-01-09,2027-01-17,NEEDS_APPROVAL,COV-001,1,0,1,0,true,0.26
SYN001503,ANNUAL,2027-01-10,2027-01-30,DECLINED,ELG-001|BAL-001,12,0,0,12,true,0.64
SYN008265,ANNUAL,2027-01-10,2027-01-11,NEEDS_APPROVAL,ELG-001,2,2,0,0,true,4.76
SYN007421,ANNUAL,2027-01-10,2027-01-10,RECOMMEND_APPROVE,"",0,0,0,0,false,0.12
SYN008734,ANNUAL,2027-01-11,2027-02-28,DECLINED,ELG-001|BAL-001,28,14,0,14,true,6.49
SYN004100,ANNUAL,2027-01-11,2027-01-21,NEEDS_APPROVAL,COV-001,9,0,4,5,true,0.52
SYN000926,ANNUAL,2027-01-11,2027-02-07,DECLINED,ELG-001|BAL-001,20,0,0,20,true,1.79
SYN008208,ANNUAL,2027-01-11,2027-01-15,DECLINED,ELG-001|ELG-002|COV-001,5,1,2,2,true,0.52
SYN003053,ANNUAL,2027-01-11,2027-01-24,DECLINED,BAL-001,12,10,0,2,true,3.31
SYN009464,ANNUAL,2027-01-11,2027-01-17,NEEDS_APPROVAL,COV-001,3,0,1,2,true,0.31
SYN005624,ANNUAL,2027-01-11,2027-01-13,RECOMMEND_APPROVE,"",2,0,0,2,true,0.22
SYN006768,ANNUAL,2027-01-11,2027-01-12,RECOMMEND_APPROVE,"",2,0,0,2,true,0.26
SYN009303,ANNUAL,2027-01-11,2027-02-07,NEEDS_APPROVAL,ELG-001,20,16,0,4,true,23.11
SYN005478,ANNUAL,2027-01-11,2027-01-18,RECOMMEND_APPROVE,"",3,3,0,0,true,1.05
SYN000622,ANNUAL,2027-01-11,2027-01-24,RECOMMEND_APPROVE,"",10,6,0,4,true,2.36
SYN004206,ADO,2027-01-11,2027-01-11,DECLINED,BAL-001,1,0,0,1,true,0.22
SYN000977,UNPAID,2027-01-11,2027-08-29,NEEDS_APPROVAL,ELG-001,66,33,0,33,true,14.38
SYN001192,TOIL,2027-01-11,2027-01-11,NEEDS_APPROVAL,BAL-003,1,1,0,0,true,0.79
SYN005611,ANNUAL,2027-01-11,2027-01-15,RECOMMEND_APPROVE,"",3,1,0,2,true,1.33
SYN009052,ANNUAL,2027-01-11,2027-01-31,NEEDS_APPROVAL,ELG-001,6,6,0,0,true,1.52
SYN004523,LONG_SERVICE,2027-01-11,2027-01-17,DECLINED,ELG-003|BAL-001,3,3,0,0,true,3.04
SYN009298,ANNUAL,2027-01-11,2027-01-24,DECLINED,ELG-001|BAL-001|COV-003,14,6,0,8,true,1.67
SYN001956,ANNUAL,2027-01-11,2027-01-14,NEEDS_APPROVAL,COV-001,4,0,4,0,true,0.45
SYN001626,ANNUAL,2027-01-11,2027-01-22,RECOMMEND_APPROVE,"",6,2,0,4,true,0.46
SYN001705,LONG_SERVICE,2027-01-11,2028-02-13,DECLINED,REQ-004|BAL-001,57,0,0,57,true,1.7
SYN003397,ANNUAL,2027-01-11,2027-01-21,RECOMMEND_APPROVE,"",9,2,0,7,true,0.57
SYN000001,ANNUAL,2027-01-11,2027-01-18,DECLINED,BAL-001,5,0,0,5,true,0.4
SYN008310,LONG_SERVICE,2027-01-11,2027-01-24,NEEDS_APPROVAL,COV-001,8,0,4,4,true,0.52
SYN004050,ANNUAL,2027-01-11,2027-01-15,RECOMMEND_APPROVE,"",2,0,0,2,true,0.28
SYN004687,ANNUAL,2027-01-11,2027-01-31,DECLINED,BAL-001|COV-001,9,0,6,3,true,0.52
SYN002332,ANNUAL,2027-01-11,2027-01-17,RECOMMEND_APPROVE,"",5,0,0,5,true,0.25
SYN005562,ANNUAL,2027-01-11,2027-01-14,NEEDS_APPROVAL,BAL-003|COV-001,2,0,2,0,true,0.25
SYN005687,ANNUAL,2027-01-11,2027-01-21,DECLINED,BAL-001,10,0,0,10,true,0.74
SYN008509,ANNUAL,2027-01-11,2027-01-17,RECOMMEND_APPROVE,"",2,0,0,2,true,0.25
SYN002181,PROF_DEV,2027-01-11,2027-01-17,NEEDS_APPROVAL,COV-001,5,2,3,0,true,0.83
SYN009556,ANNUAL,2027-01-11,2027-01-22,RECOMMEND_APPROVE,"",10,0,0,10,true,0.46
SYN006458,ANNUAL,2027-01-11,2027-01-17,NEEDS_APPROVAL,ELG-001,2,0,0,2,true,0.36
SYN008898,ANNUAL,2027-01-11,2027-01-17,DECLINED,ELG-002|BAL-003,5,1,0,4,true,0.37
SYN001238,LONG_SERVICE,2027-01-11,2027-01-11,NEEDS_APPROVAL,ELG-001,1,1,0,0,true,0.38
SYN009208,LONG_SERVICE,2027-01-11,2027-01-14,DECLINED,ELG-003|BAL-001,4,0,0,4,true,0.31
SYN004420,ANNUAL,2027-01-11,2027-01-24,NEEDS_APPROVAL,ELG-001,10,6,0,4,true,1.65
SYN005712,ANNUAL,2027-01-11,2027-01-17,RECOMMEND_APPROVE,"",5,1,0,4,true,1.89
SYN004958,ANNUAL,2027-01-11,2027-02-07,DECLINED,ELG-001|ELG-002|BAL-001,16,12,0,4,true,10.91
SYN008210,ANNUAL,2027-01-11,2027-02-21,DECLINED,BAL-001,24,24,0,0,true,11.16
SYN003212,TOIL,2027-01-11,2027-01-24,DECLINED,BAL-001,10,2,0,8,true,1.35
SYN003325,ANNUAL,2027-01-11,2027-02-21,RECOMMEND_APPROVE,"",42,0,0,42,true,1.32
SYN009290,ANNUAL,2027-01-11,2027-01-24,RECOMMEND_APPROVE,"",0,0,0,0,false,0.14
SYN007098,ANNUAL,2027-01-11,2027-02-14,RECOMMEND_APPROVE,"",0,0,0,0,false,0.22
SYN004841,ANNUAL,2027-01-11,2027-01-25,NEEDS_APPROVAL,BAL-003,9,8,0,1,true,23.12
SYN003529,TOIL,2027-01-11,2027-01-11,NEEDS_APPROVAL,COV-001,1,0,1,0,true,0.32
SYN000151,ANNUAL,2027-01-11,2027-02-14,RECOMMEND_APPROVE,"",35,20,0,15,true,17.02
SYN003463,ANNUAL,2027-01-11,2027-01-31,DECLINED,ELG-001|BAL-001,12,3,0,9,true,1.15
SYN004657,LONG_SERVICE,2027-01-11,2027-01-24,DECLINED,ELG-001|ELG-003|BAL-001|COV-001,10,0,7,3,true,0.78
SYN007955,TOIL,2027-01-11,2027-01-11,NEEDS_APPROVAL,BAL-003,1,1,0,0,true,0.49
SYN004750,ANNUAL,2027-01-11,2027-01-31,DECLINED,BAL-001,18,9,0,9,true,8.77
SYN006357,TOIL,2027-01-11,2027-01-11,NEEDS_APPROVAL,BAL-003,1,0,0,1,true,0.23
SYN002785,PROF_DEV,2027-01-11,2027-01-17,RECOMMEND_APPROVE,"",6,0,0,6,true,0.69
SYN000166,UNPAID,2027-01-11,2027-06-06,NEEDS_APPROVAL,COV-002,105,28,0,77,true,16.59
SYN001063,LONG_SERVICE,2027-01-11,2027-01-14,DECLINED,ELG-003|BAL-001,3,0,0,3,true,0.69
SYN008089,ANNUAL,2027-01-11,2027-01-31,NEEDS_APPROVAL,ELG-001,12,0,0,12,true,1.01
SYN009176,ANNUAL,2027-01-11,2027-01-24,DECLINED,ELG-001|BAL-001|COV-001,10,0,2,8,true,0.63
SYN004306,ANNUAL,2027-01-11,2027-01-29,DECLINED,COV-001,15,0,6,9,true,0.58
SYN003097,ANNUAL,2027-01-11,2027-01-24,DECLINED,BAL-001|COV-002,10,7,0,3,true,3.76
SYN007421,ANNUAL,2027-01-11,2027-01-14,NEEDS_APPROVAL,COV-002,3,1,0,2,true,0.79
SYN008608,ANNUAL,2027-01-11,2027-02-15,DECLINED,ELG-001|BAL-001,26,6,0,20,true,16.8
SYN008839,ANNUAL,2027-01-11,2027-01-17,RECOMMEND_APPROVE,"",6,2,0,4,true,1.04
SYN000233,ANNUAL,2027-01-11,2027-01-17,NEEDS_APPROVAL,BAL-003,1,1,0,0,true,0.56
SYN000809,ANNUAL,2027-01-11,2027-01-25,RECOMMEND_APPROVE,"",9,7,0,2,true,1.38
SYN008489,ANNUAL,2027-01-11,2027-01-24,RECOMMEND_APPROVE,"",8,8,0,0,true,4.56
SYN003143,ANNUAL,2027-01-11,2027-02-11,RECOMMEND_APPROVE,"",10,0,0,10,true,0.63
SYN002176,ANNUAL,2027-01-11,2027-01-31,RECOMMEND_APPROVE,"",9,9,0,0,true,7.44
SYN006414,ANNUAL,2027-01-11,2027-01-24,DECLINED,ELG-001|BAL-001,8,4,0,4,true,3.84
SYN009252,ANNUAL,2027-01-11,2027-02-21,DECLINED,ELG-001|BAL-001,18,13,0,5,true,26.61
SYN004212,LONG_SERVICE,2027-01-11,2027-01-15,DECLINED,BAL-001|COV-001,3,0,1,2,true,0.33
SYN006174,ANNUAL,2027-01-11,2027-02-21,DECLINED,ELG-002|BAL-001,30,19,0,11,true,40.3
SYN000565,ANNUAL,2027-01-11,2027-03-07,DECLINED,ELG-001|BAL-001,24,3,0,21,true,5.34
SYN003515,ANNUAL,2027-01-11,2027-01-14,NEEDS_APPROVAL,COV-001,4,0,2,2,true,0.37
SYN004401,TOIL,2027-01-11,2027-01-11,RECOMMEND_APPROVE,"",1,0,0,1,true,0.25
SYN006412,TOIL,2027-01-11,2027-01-11,NEEDS_APPROVAL,BAL-003|COV-001,1,0,1,0,true,0.32
SYN007080,ANNUAL,2027-01-11,2027-01-14,RECOMMEND_APPROVE,"",4,0,0,4,true,0.28
SYN009542,ANNUAL,2027-01-11,2027-01-24,RECOMMEND_APPROVE,"",2,0,0,2,true,0.47
SYN004208,ANNUAL,2027-01-11,2027-01-18,RECOMMEND_APPROVE,"",3,2,0,1,true,0.38
SYN007341,ANNUAL,2027-01-11,2027-01-24,RECOMMEND_APPROVE,"",10,0,0,10,true,0.5
SYN003030,ANNUAL,2027-01-11,2027-02-05,DECLINED,COV-001,20,0,8,12,true,0.84
SYN001723,ANNUAL,2027-01-11,2027-01-17,NEEDS_APPROVAL,COV-001,5,1,2,2,true,0.71
SYN009311,ANNUAL,2027-01-11,2027-01-17,RECOMMEND_APPROVE,"",5,0,0,5,true,0.27
SYN004832,ANNUAL,2027-01-11,2027-01-18,NEEDS_APPROVAL,COV-001,5,0,1,4,true,0.29
SYN000749,ANNUAL,2027-01-11,2027-01-25,RECOMMEND_APPROVE,"",8,2,0,6,true,0.7
SYN008253,ANNUAL,2027-01-11,2027-02-09,RECOMMEND_APPROVE,"",25,0,0,25,true,1.05
SYN006071,TOIL,2027-01-11,2027-01-11,NEEDS_APPROVAL,BAL-003,1,0,0,1,true,0.26
SYN001297,ANNUAL,2027-01-11,2027-02-07,DECLINED,BAL-001|COV-002,20,4,0,16,true,2.47
SYN002115,UNPAID,2027-01-11,2027-10-10,NEEDS_APPROVAL,ELG-001,156,0,0,156,true,3.93
SYN007935,ANNUAL,2027-01-11,2027-01-31,NEEDS_APPROVAL,ELG-001,12,10,0,2,true,4.17
SYN002249,ADO,2027-01-11,2027-01-11,NEEDS_APPROVAL,BAL-003,1,1,0,0,true,0.49
SYN001846,ANNUAL,2027-01-11,2027-01-17,RECOMMEND_APPROVE,"",3,0,0,3,true,0.23
SYN003073,LONG_SERVICE,2027-01-11,2027-02-14,DECLINED,BAL-001,30,16,0,14,true,25.65
SYN005302,ANNUAL,2027-01-11,2027-01-25,RECOMMEND_APPROVE,"",0,0,0,0,false,0.21
SYN008187,ANNUAL,2027-01-11,2027-01-14,RECOMMEND_APPROVE,"",4,4,0,0,true,0.88
SYN003058,ANNUAL,2027-01-11,2027-01-19,RECOMMEND_APPROVE,"",5,5,0,0,true,1.38
SYN000023,ANNUAL,2027-01-11,2027-02-28,DECLINED,BAL-001,21,12,0,9,true,7.76
SYN004089,ANNUAL,2027-01-11,2027-01-14,RECOMMEND_APPROVE,"",4,0,0,4,true,0.36
SYN002462,TOIL,2027-01-11,2027-01-11,RECOMMEND_APPROVE,"",1,0,0,1,true,0.28
SYN007930,ANNUAL,2027-01-11,2027-01-31,RECOMMEND_APPROVE,"",6,0,0,6,true,0.52
SYN009035,TOIL,2027-01-11,2027-01-15,DECLINED,BAL-001,5,4,0,1,true,0.85
SYN005052,LONG_SERVICE,2027-01-11,2027-01-22,DECLINED,ELG-003|BAL-001,8,0,0,8,true,0.33
SYN003213,TOIL,2027-01-11,2027-01-11,NEEDS_APPROVAL,BAL-003,1,0,0,1,true,0.18
SYN004283,ANNUAL,2027-01-11,2027-02-07,DECLINED,BAL-001,20,17,0,3,true,29.52
SYN000486,ANNUAL,2027-01-11,2027-02-16,DECLINED,BAL-001,27,10,0,17,true,7.51
SYN001625,TOIL,2027-01-11,2027-01-11,RECOMMEND_APPROVE,"",1,0,0,1,true,0.44
SYN004660,ANNUAL,2027-01-11,2027-01-31,RECOMMEND_APPROVE,"",6,0,0,6,true,0.62
SYN009091,ANNUAL,2027-01-11,2027-01-24,NEEDS_APPROVAL,ELG-001|COV-001,8,2,4,2,true,1.04
SYN003167,ANNUAL,2027-01-11,2027-01-15,RECOMMEND_APPROVE,"",4,3,0,1,true,2.35
SYN003240,LONG_SERVICE,2027-01-11,2027-02-07,DECLINED,BAL-001|COV-001,20,0,4,16,true,0.52
SYN002937,TOIL,2027-01-11,2027-01-11,RECOMMEND_APPROVE,"",1,1,0,0,true,0.95
SYN005599,TOIL,2027-01-11,2027-01-11,NEEDS_APPROVAL,BAL-003,0,0,0,0,false,0.1
SYN004673,LONG_SERVICE,2027-01-11,2027-01-11,DECLINED,ELG-003|BAL-001,1,1,0,0,true,0.64
SYN007972,LONG_SERVICE,2027-01-11,2027-01-17,DECLINED,BAL-001,3,0,0,3,true,0.44
SYN005046,ANNUAL,2027-01-11,2027-01-11,RECOMMEND_APPROVE,"",1,0,0,1,true,0.25
SYN006700,ANNUAL,2027-01-11,2027-01-17,RECOMMEND_APPROVE,"",6,0,0,6,true,0.47
SYN005784,ANNUAL,2027-01-11,2027-01-24,NEEDS_APPROVAL,ELG-001,4,4,0,0,true,7.52
SYN000574,ANNUAL,2027-01-11,2027-01-17,RECOMMEND_APPROVE,"",3,0,0,3,true,0.4
SYN003145,TOIL,2027-01-11,2027-01-11,RECOMMEND_APPROVE,"",1,1,0,0,true,0.45
SYN006529,PROF_DEV,2027-01-11,2027-01-15,DECLINED,ELG-001|BAL-001,4,2,0,2,true,0.76
SYN004051,ANNUAL,2027-01-11,2027-02-07,RECOMMEND_APPROVE,"",16,8,0,8,true,2.11
SYN004059,ANNUAL,2027-01-11,2027-02-14,DECLINED,BAL-001|COV-001,30,5,2,23,true,3.06
SYN000409,ANNUAL,2027-01-11,2027-01-14,RECOMMEND_APPROVE,"",4,2,0,2,true,1.54
SYN003441,ANNUAL,2027-01-11,2027-01-17,RECOMMEND_APPROVE,"",4,0,0,4,true,0.37
SYN002327,ANNUAL,2027-01-11,2027-02-07,DECLINED,BAL-001,16,0,0,16,true,0.6
SYN000257,ANNUAL,2027-01-11,2027-01-24,NEEDS_APPROVAL,COV-001,12,4,3,5,true,1.78
SYN008198,ANNUAL,2027-01-11,2027-01-22,RECOMMEND_APPROVE,"",8,0,0,8,true,0.55
SYN000398,ANNUAL,2027-01-11,2027-01-24,NEEDS_APPROVAL,COV-001,10,0,4,6,true,0.78
SYN008770,ANNUAL,2027-01-11,2027-01-17,NEEDS_APPROVAL,ELG-001,3,2,0,1,true,5.05
SYN001093,ANNUAL,2027-01-11,2027-01-31,DECLINED,BAL-001,15,5,0,10,true,3.09
SYN003733,ANNUAL,2027-01-11,2027-01-13,RECOMMEND_APPROVE,"",3,0,0,3,true,0.24
SYN005693,ADO,2027-01-11,2027-01-22,DECLINED,REQ-004|ELG-002|BAL-003,4,2,0,2,true,0.59
SYN005003,ANNUAL,2027-01-11,2027-01-11,RECOMMEND_APPROVE,"",1,1,0,0,true,2.74
SYN006399,ANNUAL,2027-01-11,2027-01-24,DECLINED,BAL-001,4,0,0,4,true,0.48
SYN008607,ANNUAL,2027-01-11,2027-01-21,NEEDS_APPROVAL,COV-001,5,0,2,3,true,0.4
SYN004190,ANNUAL,2027-01-11,2027-01-31,RECOMMEND_APPROVE,"",9,6,0,3,true,5.02
SYN000348,ANNUAL,2027-01-11,2027-01-31,RECOMMEND_APPROVE,"",9,5,0,4,true,2.37
SYN002870,UNPAID,2027-01-11,2027-01-14,RECOMMEND_APPROVE,"",4,1,0,3,true,0.31
SYN005885,TOIL,2027-01-11,2027-01-24,DECLINED,ELG-001|BAL-001,10,0,0,10,true,0.87
SYN007278,ANNUAL,2027-01-11,2027-01-15,DECLINED,ELG-001|BAL-001|COV-001,5,0,3,2,true,0.38
SYN001415,ANNUAL,2027-01-11,2027-01-21,NEEDS_APPROVAL,COV-002,7,5,0,2,true,1.89
SYN006802,ANNUAL,2027-01-11,2027-01-17,RECOMMEND_APPROVE,"",5,2,0,3,true,0.79
SYN001306,ANNUAL,2027-01-11,2027-02-07,RECOMMEND_APPROVE,"",16,4,0,12,true,1.69
SYN007847,ANNUAL,2027-01-11,2027-02-01,RECOMMEND_APPROVE,"",10,6,0,4,true,2.26
SYN008425,TOIL,2027-01-11,2027-01-11,RECOMMEND_APPROVE,"",1,0,0,1,true,0.23
SYN003783,ANNUAL,2027-01-11,2027-01-12,RECOMMEND_APPROVE,"",0,0,0,0,false,0.11
SYN009280,ADO,2027-01-11,2027-01-11,RECOMMEND_APPROVE,"",1,1,0,0,true,2.8
SYN002664,TOIL,2027-01-11,2027-01-11,NEEDS_APPROVAL,BAL-003,1,0,0,1,true,0.2
SYN007866,LONG_SERVICE,2027-01-11,2027-01-17,RECOMMEND_APPROVE,"",4,2,0,2,true,0.72
SYN001924,ANNUAL,2027-01-11,2027-01-17,NEEDS_APPROVAL,ELG-001,3,0,0,3,true,0.38
SYN002558,ADO,2027-01-11,2027-01-11,NEEDS_APPROVAL,COV-001,1,0,1,0,true,0.26
SYN006273,ANNUAL,2027-01-11,2027-01-31,RECOMMEND_APPROVE,"",9,3,0,6,true,2.14
SYN006951,ANNUAL,2027-01-11,2027-02-13,DECLINED,BAL-001|COV-001,15,0,5,10,true,1.98
SYN005597,ANNUAL,2027-01-11,2027-01-24,NEEDS_APPROVAL,ELG-001|COV-001,6,2,1,3,true,0.76
SYN006857,LONG_SERVICE,2027-01-11,2027-01-11,DECLINED,ELG-003|BAL-001,1,1,0,0,true,0.59
SYN000132,ANNUAL,2027-01-11,2027-01-17,RECOMMEND_APPROVE,"",5,2,0,3,true,1.36
SYN005253,ANNUAL,2027-01-11,2027-01-18,DECLINED,BAL-001,7,2,0,5,true,1.0
SYN007034,ANNUAL,2027-01-11,2027-01-18,RECOMMEND_APPROVE,"",6,6,0,0,true,1.97
SYN002880,TOIL,2027-01-11,2027-01-24,DECLINED,BAL-001,8,0,0,8,true,0.46
SYN009510,ANNUAL,2027-01-11,2027-01-24,DECLINED,ELG-001|BAL-001,12,2,0,10,true,8.68
SYN005009,ANNUAL,2027-01-11,2027-02-14,DECLINED,COV-001|COV-002,25,0,25,0,true,1.55
SYN001435,ANNUAL,2027-01-11,2027-01-17,NEEDS_APPROVAL,ELG-001|COV-002,3,2,0,1,true,1.47
SYN001576,ANNUAL,2027-01-11,2027-01-24,NEEDS_APPROVAL,COV-001,12,0,2,10,true,0.87
SYN008017,TOIL,2027-01-11,2027-01-11,NEEDS_APPROVAL,BAL-003|COV-001,1,0,1,0,true,0.34
SYN008440,LONG_SERVICE,2027-01-11,2027-01-31,DECLINED,ELG-003|BAL-001,6,6,0,0,true,6.01
SYN000667,ANNUAL,2027-01-11,2027-01-15,RECOMMEND_APPROVE,"",4,0,0,4,true,0.35
SYN001153,TOIL,2027-01-11,2027-01-11,RECOMMEND_APPROVE,"",1,1,0,0,true,1.69
SYN002904,ANNUAL,2027-01-11,2027-01-24,NEEDS_APPROVAL,COV-001,10,0,8,2,true,0.44
SYN007110,ANNUAL,2027-01-11,2027-01-24,DECLINED,BAL-001,10,7,0,3,true,9.51
SYN007108,UNPAID,2027-01-11,2027-01-17,RECOMMEND_APPROVE,"",5,0,0,5,true,0.45
SYN003345,LONG_SERVICE,2027-01-11,2027-01-14,RECOMMEND_APPROVE,"",3,2,0,1,true,1.05
SYN006214,ANNUAL,2027-01-11,2027-02-07,DECLINED,BAL-001,12,12,0,0,true,25.68
SYN006358,ANNUAL,2027-01-11,2027-01-24,DECLINED,ELG-001|BAL-001|COV-001|COV-002,8,0,6,2,true,1.43
SYN009392,LONG_SERVICE,2027-01-11,2027-02-05,DECLINED,ELG-001|ELG-003|BAL-001|COV-001,20,0,12,8,true,1.38
SYN004901,ANNUAL,2027-01-11,2027-01-25,DECLINED,COV-001,5,0,5,0,true,0.33
SYN001775,ANNUAL,2027-01-11,2027-01-12,NEEDS_APPROVAL,COV-002,2,0,0,2,true,0.32
SYN006198,ANNUAL,2027-01-11,2027-01-24,NEEDS_APPROVAL,COV-002,6,4,0,2,true,1.53
SYN004262,ANNUAL,2027-01-11,2027-01-17,NEEDS_APPROVAL,ELG-001|COV-001,5,0,1,4,true,0.37
SYN000104,LONG_SERVICE,2027-01-11,2027-01-18,DECLINED,ELG-003|BAL-001|COV-001,6,0,5,1,true,1.04
SYN000311,ANNUAL,2027-01-11,2027-01-24,DECLINED,BAL-001|COV-001,10,0,2,8,true,0.52
SYN003339,TOIL,2027-01-11,2027-01-11,NEEDS_APPROVAL,BAL-003,1,0,0,1,true,0.24
SYN007683,ANNUAL,2027-01-11,2027-01-24,RECOMMEND_APPROVE,"",4,0,0,4,true,0.76
SYN000183,ANNUAL,2027-01-12,2027-01-12,RECOMMEND_APPROVE,"",0,0,0,0,false,0.11
SYN000288,ANNUAL,2027-01-12,2027-01-14,NEEDS_APPROVAL,COV-001,2,1,1,0,true,0.93
SYN006412,ANNUAL,2027-01-12,2027-01-14,RECOMMEND_APPROVE,"",3,0,0,3,true,0.24
SYN007868,LONG_SERVICE,2027-01-12,2027-01-12,DECLINED,ELG-003|BAL-001,1,1,0,0,true,0.48
SYN007315,LONG_SERVICE,2027-01-12,2027-01-14,DECLINED,ELG-001|ELG-003|BAL-001,3,1,0,2,true,0.47
SYN006071,ANNUAL,2027-01-12,2027-01-14,NEEDS_APPROVAL,COV-001,3,0,1,2,true,0.39
SYN006172,ANNUAL,2027-01-12,2027-01-12,RECOMMEND_APPROVE,"",1,1,0,0,true,0.34
SYN005046,TOIL,2027-01-12,2027-01-12,NEEDS_APPROVAL,COV-001,1,0,1,0,true,0.25
SYN006410,TOIL,2027-01-12,2027-01-12,DECLINED,ELG-002|BAL-003,1,0,0,1,true,0.26
SYN006357,LONG_SERVICE,2027-01-12,2027-01-14,DECLINED,ELG-003|BAL-001,3,3,0,0,true,0.65
SYN002664,LONG_SERVICE,2027-01-12,2027-01-14,DECLINED,BAL-001,3,0,0,3,true,0.26
SYN002937,LONG_SERVICE,2027-01-12,2027-01-14,DECLINED,BAL-001,2,2,0,0,true,1.61
SYN001625,ANNUAL,2027-01-12,2027-01-14,NEEDS_APPROVAL,BAL-003,3,0,0,3,true,0.4
SYN002877,TOIL,2027-01-12,2027-01-12,NEEDS_APPROVAL,ELG-001,0,0,0,0,false,0.13
SYN003464,ANNUAL,2027-01-12,2027-02-04,RECOMMEND_APPROVE,"",12,4,0,8,true,1.72
SYN004673,TOIL,2027-01-12,2027-01-12,RECOMMEND_APPROVE,"",1,1,0,0,true,0.65
SYN002344,ANNUAL,2027-01-12,2027-01-14,NEEDS_APPROVAL,COV-001,3,0,1,2,true,0.24
SYN005599,ANNUAL,2027-01-12,2027-01-12,RECOMMEND_APPROVE,"",0,0,0,0,false,0.1
SYN004299,ANNUAL,2027-01-12,2027-01-14,NEEDS_APPROVAL,COV-001,3,0,2,1,true,0.25
SYN003529,ANNUAL,2027-01-12,2027-01-14,NEEDS_APPROVAL,COV-001,3,0,3,0,true,0.38
SYN003548,TOIL,2027-01-12,2027-01-12,RECOMMEND_APPROVE,"",1,1,0,0,true,0.66
SYN005003,TOIL,2027-01-12,2027-01-12,RECOMMEND_APPROVE,"",1,1,0,0,true,2.37
SYN001238,TOIL,2027-01-12,2027-01-12,NEEDS_APPROVAL,ELG-001,1,1,0,0,true,0.4
SYN007931,TOIL,2027-01-12,2027-01-12,NEEDS_APPROVAL,ELG-001|BAL-003|COV-001,1,0,1,0,true,0.23
SYN005609,ANNUAL,2027-01-12,2027-02-15,RECOMMEND_APPROVE,"",20,11,0,9,true,18.41
SYN002462,LONG_SERVICE,2027-01-12,2027-01-14,DECLINED,BAL-001,2,1,0,1,true,0.58
SYN005016,ANNUAL,2027-01-12,2027-01-14,RECOMMEND_APPROVE,"",1,0,0,1,true,0.21
SYN002833,TOIL,2027-01-12,2027-01-12,DECLINED,ELG-001|BAL-001|COV-001,1,0,1,0,true,0.27
SYN004937,ADO,2027-01-12,2027-01-14,NEEDS_APPROVAL,REQ-004|BAL-003,3,0,0,3,true,0.36
SYN009076,UNPAID,2027-01-12,2027-06-15,RECOMMEND_APPROVE,"",111,0,0,111,true,1.83
SYN003705,ANNUAL,2027-01-12,2027-01-14,NEEDS_APPROVAL,COV-001,3,0,1,2,true,0.32
SYN001661,ANNUAL,2027-01-12,2027-01-14,NEEDS_APPROVAL,COV-001,2,0,1,1,true,0.5
SYN002737,ANNUAL,2027-01-12,2027-01-14,NEEDS_APPROVAL,COV-001,3,0,3,0,true,0.33
SYN008017,ANNUAL,2027-01-12,2027-01-14,NEEDS_APPROVAL,COV-001,3,2,1,0,true,0.7
SYN004401,ANNUAL,2027-01-12,2027-01-12,NEEDS_APPROVAL,COV-001,1,0,1,0,true,0.26
SYN001146,ADO,2027-01-12,2027-01-12,NEEDS_APPROVAL,BAL-003,1,1,0,0,true,0.77
SYN005359,LONG_SERVICE,2027-01-12,2027-01-14,RECOMMEND_APPROVE,"",2,1,0,1,true,1.49
SYN007661,ANNUAL,2027-01-12,2027-01-17,RECOMMEND_APPROVE,"",1,0,0,1,true,0.19
SYN000074,ANNUAL,2027-01-12,2027-01-14,RECOMMEND_APPROVE,"",3,0,0,3,true,0.23
SYN003339,ANNUAL,2027-01-12,2027-01-14,RECOMMEND_APPROVE,"",2,0,0,2,true,0.26
SYN003491,ANNUAL,2027-01-12,2027-01-14,NEEDS_APPROVAL,ELG-001|COV-001,1,0,1,0,true,0.31
SYN005794,ANNUAL,2027-01-12,2027-01-14,RECOMMEND_APPROVE,"",2,2,0,0,true,1.88
SYN002749,TOIL,2027-01-12,2027-01-12,NEEDS_APPROVAL,BAL-003,1,0,0,1,true,0.19
SYN003819,ANNUAL,2027-01-12,2027-01-13,NEEDS_APPROVAL,ELG-001,1,0,0,1,true,0.29
SYN004537,LONG_SERVICE,2027-01-12,2027-01-12,DECLINED,ELG-003|BAL-001,1,0,0,1,true,0.26
SYN004402,ANNUAL,2027-01-12,2027-01-14,RECOMMEND_APPROVE,"",2,0,0,2,true,0.19
SYN008232,LONG_SERVICE,2027-01-12,2027-01-12,DECLINED,ELG-001|ELG-003|BAL-001,1,0,0,1,true,0.41
SYN003145,LONG_SERVICE,2027-01-12,2027-01-14,DECLINED,BAL-001,3,2,0,1,true,0.9
SYN003389,TOIL,2027-01-12,2027-01-12,RECOMMEND_APPROVE,"",1,0,0,1,true,0.82
SYN003213,ANNUAL,2027-01-12,2027-01-14,RECOMMEND_APPROVE,"",3,0,0,3,true,0.23
SYN004908,TOIL,2027-01-12,2027-01-12,DECLINED,ELG-002|BAL-001,1,0,0,1,true,0.26
SYN008396,ANNUAL,2027-01-12,2027-01-14,NEEDS_APPROVAL,ELG-001|COV-001,2,1,1,0,true,0.44
SYN003911,ADO,2027-01-12,2027-01-14,NEEDS_APPROVAL,REQ-004,3,0,0,3,true,0.58
SYN007955,ANNUAL,2027-01-12,2027-01-14,RECOMMEND_APPROVE,"",1,1,0,0,true,0.41
SYN009489,ANNUAL,2027-01-12,2027-01-14,NEEDS_APPROVAL,COV-001,3,0,1,2,true,0.24
SYN000618,ANNUAL,2027-01-12,2027-01-14,RECOMMEND_APPROVE,"",3,2,0,1,true,0.91
SYN004503,ANNUAL,2027-01-12,2027-02-10,DECLINED,BAL-001,14,10,0,4,true,5.72
SYN006517,ANNUAL,2027-01-12,2027-01-12,NEEDS_APPROVAL,COV-001,1,0,1,0,true,0.29
SYN003762,ANNUAL,2027-01-12,2027-01-14,RECOMMEND_APPROVE,"",3,0,0,3,true,0.24
SYN005023,TOIL,2027-01-12,2027-01-12,NEEDS_APPROVAL,COV-001,1,0,1,0,true,0.26
SYN006534,LONG_SERVICE,2027-01-13,2027-01-15,DECLINED,ELG-003|BAL-001,2,2,0,0,true,1.55
SYN005003,ANNUAL,2027-01-13,2027-01-24,RECOMMEND_APPROVE,"",4,4,0,0,true,8.88
SYN002159,ANNUAL,2027-01-13,2027-01-14,NEEDS_APPROVAL,COV-001,2,1,1,0,true,0.37
SYN002749,ANNUAL,2027-01-13,2027-01-17,RECOMMEND_APPROVE,"",3,0,0,3,true,0.25
SYN003220,ANNUAL,2027-01-13,2027-01-14,RECOMMEND_APPROVE,"",2,0,0,2,true,0.25
SYN004401,ANNUAL,2027-01-13,2027-01-13,NEEDS_APPROVAL,COV-001,1,0,1,0,true,0.31
SYN004683,ANNUAL,2027-01-13,2027-01-20,NEEDS_APPROVAL,ELG-001,6,3,0,3,true,0.93
SYN004908,ANNUAL,2027-01-13,2027-01-17,RECOMMEND_APPROVE,"",3,0,0,3,true,0.27
SYN005889,ANNUAL,2027-01-13,2027-01-18,NEEDS_APPROVAL,ELG-001|COV-001,4,0,1,3,true,0.34
SYN002925,ANNUAL,2027-01-13,2027-01-15,NEEDS_APPROVAL,COV-001,3,1,2,0,true,0.42
SYN003710,ANNUAL,2027-01-13,2027-01-15,RECOMMEND_APPROVE,"",3,0,0,3,true,0.34
SYN005023,LONG_SERVICE,2027-01-13,2027-01-22,DECLINED,ELG-001|ELG-003|BAL-001|COV-002,8,2,0,6,true,0.67
SYN001238,LONG_SERVICE,2027-01-13,2027-01-23,DECLINED,ELG-001|BAL-001,5,5,0,0,true,1.2
SYN008516,ANNUAL,2027-01-13,2027-01-18,NEEDS_APPROVAL,ELG-001,3,0,0,3,true,0.29
SYN003869,ANNUAL,2027-01-13,2027-01-17,NEEDS_APPROVAL,ELG-001,3,0,0,3,true,0.22
SYN003168,ANNUAL,2027-01-13,2027-01-22,RECOMMEND_APPROVE,"",6,0,0,6,true,0.55
SYN007035,ANNUAL,2027-01-13,2027-01-14,RECOMMEND_APPROVE,"",2,1,0,1,true,0.28
SYN007589,ANNUAL,2027-01-13,2027-02-12,NEEDS_APPROVAL,ELG-001,21,10,0,11,true,23.11
SYN006768,ANNUAL,2027-01-13,2027-01-20,RECOMMEND_APPROVE,"",7,0,0,7,true,0.47
SYN001475,ANNUAL,2027-01-13,2027-01-14,NEEDS_APPROVAL,COV-001,1,0,1,0,true,0.22
SYN007977,ANNUAL,2027-01-13,2027-01-15,RECOMMEND_APPROVE,"",3,0,0,3,true,0.38
SYN007829,LONG_SERVICE,2027-01-13,2027-01-15,DECLINED,ELG-001|ELG-003|BAL-001,1,0,0,1,true,0.28
SYN003389,ANNUAL,2027-01-13,2027-01-15,RECOMMEND_APPROVE,"",3,3,0,0,true,1.15
SYN006040,LONG_SERVICE,2027-01-13,2027-01-17,DECLINED,ELG-003|BAL-001,2,0,0,2,true,0.32
SYN001932,ANNUAL,2027-01-13,2027-01-15,NEEDS_APPROVAL,COV-001,3,1,2,0,true,0.42
SYN008588,ANNUAL,2027-01-13,2027-01-14,NEEDS_APPROVAL,COV-001,2,0,1,1,true,0.28
SYN007931,ANNUAL,2027-01-13,2027-01-15,NEEDS_APPROVAL,ELG-001|COV-001,3,0,1,2,true,0.27
SYN006410,ANNUAL,2027-01-13,2027-01-17,RECOMMEND_APPROVE,"",1,0,0,1,true,0.38
SYN003548,LONG_SERVICE,2027-01-13,2027-01-31,DECLINED,BAL-001,10,10,0,0,true,4.41
SYN007039,ANNUAL,2027-01-13,2027-01-15,RECOMMEND_APPROVE,"",3,0,0,3,true,0.3
SYN003640,ANNUAL,2027-01-13,2027-01-17,NEEDS_APPROVAL,ELG-001,3,3,0,0,true,3.1
SYN001979,LONG_SERVICE,2027-01-13,2027-01-21,DECLINED,BAL-001,3,0,0,3,true,0.29
SYN005184,ANNUAL,2027-01-13,2027-01-13,NEEDS_APPROVAL,COV-001,1,0,1,0,true,0.29
SYN004673,LONG_SERVICE,2027-01-13,2027-01-13,DECLINED,ELG-003,0,0,0,0,false,0.27
SYN000202,ANNUAL,2027-01-13,2027-02-19,DECLINED,BAL-001,28,11,0,17,true,3.8
SYN005606,LONG_SERVICE,2027-01-13,2027-01-15,DECLINED,ELG-003|BAL-001,1,0,0,1,true,0.27
SYN005046,ANNUAL,2027-01-13,2027-01-17,RECOMMEND_APPROVE,"",2,0,0,2,true,0.28
SYN007729,ANNUAL,2027-01-14,2027-01-14,RECOMMEND_APPROVE,"",1,1,0,0,true,0.25
SYN001781,ADO,2027-01-14,2027-01-15,NEEDS_APPROVAL,ELG-001|BAL-003,0,0,0,0,false,0.12
SYN005401,TOIL,2027-01-14,2027-01-14,RECOMMEND_APPROVE,"",1,1,0,0,true,0.5
SYN005307,LONG_SERVICE,2027-01-14,2027-01-14,NEEDS_APPROVAL,COV-001,1,0,1,0,true,0.19
SYN007063,ANNUAL,2027-01-14,2027-01-17,RECOMMEND_APPROVE,"",3,1,0,2,true,0.48
SYN006885,ANNUAL,2027-01-14,2027-01-22,RECOMMEND_APPROVE,"",7,2,0,5,true,0.79
SYN000431,ANNUAL,2027-01-14,2027-01-14,NEEDS_APPROVAL,COV-001,1,0,1,0,true,0.22
SYN008799,ADO,2027-01-14,2027-01-14,NEEDS_APPROVAL,ELG-001|BAL-003,1,0,0,1,true,0.22
SYN008669,ANNUAL,2027-01-14,2027-01-18,RECOMMEND_APPROVE,"",3,3,0,0,true,1.09
SYN002566,ANNUAL,2027-01-14,2027-01-17,RECOMMEND_APPROVE,"",2,2,0,0,true,0.55
SYN002082,ANNUAL,2027-01-14,2027-01-14,NEEDS_APPROVAL,COV-001,1,0,1,0,true,0.25
SYN007353,ANNUAL,2027-01-14,2027-01-27,RECOMMEND_APPROVE,"",4,4,0,0,true,10.23
SYN008454,ANNUAL,2027-01-14,2027-01-18,NEEDS_APPROVAL,ELG-001|COV-001,3,0,3,0,true,0.35
SYN008232,LONG_SERVICE,2027-01-14,2027-01-18,DECLINED,ELG-001|ELG-003|BAL-001,3,3,0,0,true,1.69
SYN009375,PROF_DEV,2027-01-14,2027-01-14,NEEDS_APPROVAL,COV-001|COV-002,1,0,1,0,true,0.31
SYN001902,ANNUAL,2027-01-14,2027-01-15,NEEDS_APPROVAL,COV-001,2,0,2,0,true,0.31
SYN006171,ANNUAL,2027-01-14,2027-01-21,DECLINED,BAL-001,6,5,0,1,true,1.62
SYN006648,ANNUAL,2027-01-14,2027-01-14,RECOMMEND_APPROVE,"",1,0,0,1,true,0.27
SYN004997,ANNUAL,2027-01-14,2027-01-18,NEEDS_APPROVAL,COV-001,3,0,1,2,true,0.27
SYN002833,TOIL,2027-01-14,2027-01-14,DECLINED,ELG-001|BAL-001|COV-001,1,0,1,0,true,0.27
SYN007182,ANNUAL,2027-01-14,2027-01-15,NEEDS_APPROVAL,ELG-001|COV-001,1,0,1,0,true,0.38
SYN005657,ANNUAL,2027-01-15,2027-01-15,RECOMMEND_APPROVE,"",1,0,0,1,true,0.41
SYN004239,ANNUAL,2027-01-15,2027-01-20,RECOMMEND_APPROVE,"",4,1,0,3,true,1.06
SYN000252,ANNUAL,2027-01-15,2027-01-21,RECOMMEND_APPROVE,"",4,1,0,3,true,0.52
SYN000596,ADO,2027-01-15,2027-01-15,RECOMMEND_APPROVE,"",1,0,0,1,true,0.39
SYN000230,TOIL,2027-01-15,2027-01-17,DECLINED,BAL-001,1,0,0,1,true,0.3
SYN008187,TOIL,2027-01-15,2027-01-15,NEEDS_APPROVAL,BAL-003,1,0,0,1,true,0.18
SYN008588,TOIL,2027-01-15,2027-01-15,NEEDS_APPROVAL,BAL-003,1,0,0,1,true,0.19
SYN005725,ANNUAL,2027-01-15,2027-03-04,NEEDS_APPROVAL,ELG-001,21,0,0,21,true,0.6
SYN001872,TOIL,2027-01-15,2027-01-16,DECLINED,ELG-002|BAL-003|COV-001,1,0,1,0,true,0.24
SYN008574,TOIL,2027-01-15,2027-01-15,NEEDS_APPROVAL,ELG-001,1,0,0,1,true,0.2
SYN006357,TOIL,2027-01-15,2027-01-15,NEEDS_APPROVAL,BAL-003,1,1,0,0,true,0.38
SYN001192,TOIL,2027-01-15,2027-01-15,NEEDS_APPROVAL,BAL-003,1,1,0,0,true,0.48
SYN007080,TOIL,2027-01-15,2027-01-18,RECOMMEND_APPROVE,"",2,1,0,1,true,0.35
SYN004109,TOIL,2027-01-15,2027-01-15,NEEDS_APPROVAL,BAL-003,1,0,0,1,true,0.2
SYN006798,ANNUAL,2027-01-15,2027-01-18,NEEDS_APPROVAL,ELG-001,2,0,0,2,true,0.23
SYN001063,TOIL,2027-01-15,2027-01-15,RECOMMEND_APPROVE,"",1,0,0,1,true,0.3
SYN008017,TOIL,2027-01-15,2027-01-15,NEEDS_APPROVAL,BAL-003|COV-001,1,0,1,0,true,0.31
SYN006696,TOIL,2027-01-15,2027-01-15,NEEDS_APPROVAL,BAL-003,1,0,0,1,true,0.17
SYN003145,TOIL,2027-01-15,2027-01-15,RECOMMEND_APPROVE,"",1,0,0,1,true,0.19
SYN004402,TOIL,2027-01-15,2027-01-15,RECOMMEND_APPROVE,"",1,0,0,1,true,0.17
SYN001956,TOIL,2027-01-15,2027-01-15,DECLINED,BAL-001|COV-001,1,0,1,0,true,0.32
SYN003515,TOIL,2027-01-15,2027-01-15,NEEDS_APPROVAL,BAL-003,1,0,0,1,true,0.2
SYN003346,LONG_SERVICE,2027-01-15,2027-01-15,RECOMMEND_APPROVE,"",0,0,0,0,false,0.1
SYN004574,ANNUAL,2027-01-15,2027-01-18,RECOMMEND_APPROVE,"",2,0,0,2,true,0.19
SYN001864,ANNUAL,2027-01-15,2027-01-30,DECLINED,BAL-001,14,7,0,7,true,3.76
SYN008396,TOIL,2027-01-15,2027-01-15,DECLINED,ELG-001|ELG-002|BAL-003,0,0,0,0,false,0.17
SYN005618,ANNUAL,2027-01-15,2027-01-17,RECOMMEND_APPROVE,"",2,0,0,2,true,0.3
SYN006071,TOIL,2027-01-15,2027-01-15,NEEDS_APPROVAL,BAL-003,1,0,0,1,true,0.22
SYN001841,ANNUAL,2027-01-15,2027-01-15,NEEDS_APPROVAL,ELG-001,1,0,0,1,true,0.32
SYN005160,ANNUAL,2027-01-15,2027-01-15,NEEDS_APPROVAL,ELG-001,1,1,0,0,true,0.83
SYN003213,TOIL,2027-01-15,2027-01-15,NEEDS_APPROVAL,BAL-003,1,0,0,1,true,0.17
SYN008389,LONG_SERVICE,2027-01-15,2027-01-15,DECLINED,ELG-003|BAL-001,1,1,0,0,true,0.48
SYN005016,TOIL,2027-01-15,2027-01-15,RECOMMEND_APPROVE,"",1,0,0,1,true,0.17
SYN003529,TOIL,2027-01-15,2027-01-15,RECOMMEND_APPROVE,"",1,1,0,0,true,0.26
SYN005562,TOIL,2027-01-15,2027-01-15,DECLINED,BAL-001,1,1,0,0,true,0.27
SYN005307,TOIL,2027-01-15,2027-01-15,NEEDS_APPROVAL,COV-001,1,0,1,0,true,0.19
SYN003339,TOIL,2027-01-15,2027-01-15,NEEDS_APPROVAL,BAL-003,1,0,0,1,true,0.21
SYN006704,ANNUAL,2027-01-15,2027-02-04,NEEDS_APPROVAL,ELG-001,6,3,0,3,true,2.87
SYN006846,TOIL,2027-01-15,2027-01-15,NEEDS_APPROVAL,COV-001,1,0,1,0,true,0.27
SYN002018,TOIL,2027-01-15,2027-01-15,NEEDS_APPROVAL,BAL-003,1,1,0,0,true,0.31
SYN009143,TOIL,2027-01-15,2027-01-15,DECLINED,BAL-001,1,1,0,0,true,0.31
SYN003274,ANNUAL,2027-01-15,2027-01-18,NEEDS_APPROVAL,ELG-001|COV-001,3,0,1,2,true,0.31
SYN004206,ADO,2027-01-15,2027-01-15,DECLINED,BAL-001,1,0,0,1,true,0.2
SYN009489,TOIL,2027-01-15,2027-01-15,RECOMMEND_APPROVE,"",1,0,0,1,true,0.17
SYN001475,TOIL,2027-01-15,2027-01-15,DECLINED,ELG-002|BAL-003|COV-001,1,0,1,0,true,0.2
SYN002937,TOIL,2027-01-15,2027-01-15,RECOMMEND_APPROVE,"",1,1,0,0,true,1.22
SYN006357,LONG_SERVICE,2027-01-16,2027-01-31,DECLINED,ELG-003|BAL-001,10,8,0,2,true,3.28
SYN005016,ANNUAL,2027-01-16,2027-01-22,RECOMMEND_APPROVE,"",2,0,0,2,true,0.26
SYN007729,ANNUAL,2027-01-16,2027-01-18,RECOMMEND_APPROVE,"",1,1,0,0,true,0.3
SYN001718,ANNUAL,2027-01-16,2027-01-24,RECOMMEND_APPROVE,"",5,0,0,5,true,0.39
SYN005562,ANNUAL,2027-01-16,2027-01-17,NEEDS_APPROVAL,BAL-003,0,0,0,0,false,0.12
SYN002737,ANNUAL,2027-01-16,2027-01-24,NEEDS_APPROVAL,COV-001,7,0,5,2,true,0.38
SYN000607,ANNUAL,2027-01-16,2027-01-24,NEEDS_APPROVAL,ELG-001,5,5,0,0,true,1.62
SYN007222,ANNUAL,2027-01-16,2027-01-17,RECOMMEND_APPROVE,"",0,0,0,0,false,0.12
SYN007328,ANNUAL,2027-01-16,2027-01-22,RECOMMEND_APPROVE,"",2,0,0,2,true,0.31
SYN004402,ANNUAL,2027-01-16,2027-01-20,NEEDS_APPROVAL,COV-001,3,0,1,2,true,0.22
SYN006221,PROF_DEV,2027-01-16,2027-01-24,DECLINED,ELG-001|BAL-001,5,0,0,5,true,0.32
SYN005137,ANNUAL,2027-01-16,2027-01-21,DECLINED,BAL-001|COV-001,4,0,4,0,true,0.39
SYN000402,ANNUAL,2027-01-16,2027-01-17,RECOMMEND_APPROVE,"",2,0,0,2,true,0.36
SYN003145,LONG_SERVICE,2027-01-16,2027-01-24,DECLINED,BAL-001,5,3,0,2,true,1.2
SYN003213,ANNUAL,2027-01-16,2027-01-24,RECOMMEND_APPROVE,"",5,0,0,5,true,0.27
SYN003339,ANNUAL,2027-01-16,2027-01-17,RECOMMEND_APPROVE,"",2,2,0,0,true,1.58
SYN002664,LONG_SERVICE,2027-01-16,2027-01-24,DECLINED,BAL-001,4,0,0,4,true,0.32
SYN004551,TOIL,2027-01-16,2027-01-17,RECOMMEND_APPROVE,"",1,0,0,1,true,0.27
SYN007955,ANNUAL,2027-01-16,2027-02-08,RECOMMEND_APPROVE,"",7,1,0,6,true,0.92
SYN005275,ANNUAL,2027-01-16,2027-01-21,RECOMMEND_APPROVE,"",4,3,0,1,true,0.73
SYN002937,LONG_SERVICE,2027-01-16,2027-01-24,DECLINED,BAL-001,6,4,0,2,true,3.15
SYN003529,ANNUAL,2027-01-16,2027-01-24,DECLINED,BAL-001|COV-001,7,2,4,1,true,0.78
SYN007241,ANNUAL,2027-01-18,2027-01-18,NEEDS_APPROVAL,ELG-001|COV-001,1,0,1,0,true,0.24
SYN004673,ANNUAL,2027-01-18,2027-01-20,RECOMMEND_APPROVE,"",2,2,0,0,true,1.13
SYN005688,ANNUAL,2027-01-18,2027-01-22,NEEDS_APPROVAL,ELG-001,5,0,0,5,true,0.39
SYN006552,ANNUAL,2027-01-18,2027-01-24,NEEDS_APPROVAL,ELG-001,4,2,0,2,true,1.18
SYN006467,UNPAID,2027-01-18,2027-07-04,RECOMMEND_APPROVE,"",96,39,0,57,true,128.55
SYN003285,ANNUAL,2027-01-18,2027-01-24,NEEDS_APPROVAL,COV-001,1,0,1,0,true,0.46
SYN000978,ANNUAL,2027-01-18,2027-02-21,NEEDS_APPROVAL,ELG-001,20,10,0,10,true,1.69
SYN001536,ANNUAL,2027-01-18,2027-01-24,RECOMMEND_APPROVE,"",1,0,0,1,true,0.42
SYN002882,ANNUAL,2027-01-18,2027-02-04,RECOMMEND_APPROVE,"",6,6,0,0,true,1.82
SYN004067,TOIL,2027-01-18,2027-02-28,DECLINED,BAL-001,24,0,0,24,true,1.28
SYN002944,ANNUAL,2027-01-18,2027-01-31,RECOMMEND_APPROVE,"",8,6,0,2,true,5.12
SYN005856,ANNUAL,2027-01-18,2027-01-24,RECOMMEND_APPROVE,"",5,3,0,2,true,2.83
SYN008152,ADO,2027-01-18,2027-02-14,DECLINED,REQ-004|ELG-001|BAL-001,16,0,0,16,true,1.08
SYN005066,ANNUAL,2027-01-18,2027-01-31,NEEDS_APPROVAL,COV-003,6,4,0,2,true,1.42
SYN006255,ANNUAL,2027-01-18,2027-01-18,RECOMMEND_APPROVE,"",1,1,0,0,true,1.02
SYN008859,ANNUAL,2027-01-18,2027-02-01,DECLINED,ELG-001|COV-001,8,2,6,0,true,0.84
SYN005640,ANNUAL,2027-01-18,2027-01-31,RECOMMEND_APPROVE,"",8,4,0,4,true,2.09
SYN004070,ANNUAL,2027-01-18,2027-02-14,DECLINED,BAL-001,8,4,0,4,true,3.84
SYN001006,ANNUAL,2027-01-18,2027-01-21,NEEDS_APPROVAL,ELG-001|COV-002,3,3,0,0,true,1.47
SYN006134,ANNUAL,2027-01-18,2027-01-24,RECOMMEND_APPROVE,"",1,1,0,0,true,1.07
SYN002453,ANNUAL,2027-01-18,2027-02-21,DECLINED,BAL-001,15,12,0,3,true,38.64
SYN000689,ANNUAL,2027-01-18,2027-01-24,RECOMMEND_APPROVE,"",5,1,0,4,true,0.93
SYN001067,ANNUAL,2027-01-18,2027-01-24,NEEDS_APPROVAL,COV-002,1,0,0,1,true,0.39
SYN000639,UNPAID,2027-01-18,2027-06-06,NEEDS_APPROVAL,ELG-001,80,0,0,80,true,3.43
SYN004575,ANNUAL,2027-01-18,2027-02-14,RECOMMEND_APPROVE,"",20,8,0,12,true,16.08
SYN005401,ANNUAL,2027-01-18,2027-01-24,RECOMMEND_APPROVE,"",4,4,0,0,true,2.07
SYN002262,LONG_SERVICE,2027-01-18,2027-01-29,DECLINED,BAL-001|COV-001,10,0,8,2,true,0.72
SYN000347,ANNUAL,2027-01-18,2027-02-07,DECLINED,ELG-001|BAL-001,12,12,0,0,true,17.47
SYN005264,ANNUAL,2027-01-18,2027-01-22,NEEDS_APPROVAL,COV-001,5,0,4,1,true,0.34
SYN006040,ANNUAL,2027-01-18,2027-01-24,RECOMMEND_APPROVE,"",4,0,0,4,true,0.35
SYN008227,LONG_SERVICE,2027-01-18,2027-01-21,DECLINED,ELG-003|BAL-001|COV-002,1,1,0,0,true,1.67
SYN005712,ANNUAL,2027-01-18,2027-01-31,RECOMMEND_APPROVE,"",10,2,0,8,true,5.56
SYN003951,ANNUAL,2027-01-18,2027-02-07,DECLINED,COV-001,12,0,3,9,true,0.56
SYN004215,ANNUAL,2027-01-18,2027-02-28,NEEDS_APPROVAL,ELG-001,0,0,0,0,false,0.24
SYN002177,ANNUAL,2027-01-18,2027-01-19,RECOMMEND_APPROVE,"",2,1,0,1,true,0.39
SYN000574,TOIL,2027-01-18,2027-01-18,NEEDS_APPROVAL,BAL-003,1,0,0,1,true,0.3
SYN005916,LONG_SERVICE,2027-01-18,2027-04-11,DECLINED,ELG-001|ELG-003|BAL-001,36,26,0,10,true,41.22
SYN003525,ANNUAL,2027-01-18,2027-01-24,NEEDS_APPROVAL,ELG-001,5,1,0,4,true,0.65
SYN001771,PROF_DEV,2027-01-18,2027-01-18,RECOMMEND_APPROVE,"",1,0,0,1,true,0.24
SYN007817,ANNUAL,2027-01-18,2027-01-23,NEEDS_APPROVAL,ELG-001,5,0,0,5,true,0.29
SYN007020,ANNUAL,2027-01-18,2027-02-07,RECOMMEND_APPROVE,"",12,12,0,0,true,37.56
SYN003065,ANNUAL,2027-01-18,2027-02-07,RECOMMEND_APPROVE,"",6,2,0,4,true,1.22
SYN000806,LONG_SERVICE,2027-01-18,2027-02-14,DECLINED,ELG-003|BAL-001,12,7,0,5,true,1.8
SYN001775,ANNUAL,2027-01-18,2027-01-21,NEEDS_APPROVAL,COV-001|COV-002,3,0,1,2,true,0.42
SYN005336,ANNUAL,2027-01-18,2027-01-31,RECOMMEND_APPROVE,"",8,7,0,1,true,13.31
SYN001475,TOIL,2027-01-18,2027-01-18,DECLINED,ELG-002|BAL-003|COV-001,1,0,1,0,true,0.27
SYN009440,TOIL,2027-01-18,2027-01-18,DECLINED,BAL-001,1,1,0,0,true,2.18
SYN004749,ANNUAL,2027-01-18,2027-02-26,NEEDS_APPROVAL,COV-002,17,5,0,12,true,9.41
SYN005651,TOIL,2027-01-18,2027-01-18,DECLINED,BAL-001,1,0,0,1,true,0.37
SYN005613,ANNUAL,2027-01-18,2027-02-14,DECLINED,BAL-001,20,4,0,16,true,2.44
SYN002815,TOIL,2027-01-18,2027-01-18,RECOMMEND_APPROVE,"",1,0,0,1,true,0.26
SYN000823,TOIL,2027-01-18,2027-01-18,RECOMMEND_APPROVE,"",1,0,0,1,true,0.18
SYN001924,ANNUAL,2027-01-18,2027-01-31,NEEDS_APPROVAL,ELG-001,6,0,0,6,true,0.56
SYN002188,ANNUAL,2027-01-18,2027-01-21,RECOMMEND_APPROVE,"",4,0,0,4,true,0.26
SYN002718,LONG_SERVICE,2027-01-18,2027-01-31,NEEDS_APPROVAL,ELG-001|COV-001,10,0,2,8,true,1.23
SYN002833,ANNUAL,2027-01-18,2027-02-07,DECLINED,ELG-001|COV-001,12,0,9,3,true,0.6
SYN005307,TOIL,2027-01-18,2027-01-18,NEEDS_APPROVAL,COV-001,1,0,1,0,true,0.19
SYN002927,ANNUAL,2027-01-18,2027-01-24,RECOMMEND_APPROVE,"",3,1,0,2,true,1.84
SYN000928,ANNUAL,2027-01-18,2027-02-01,NEEDS_APPROVAL,ELG-001,8,2,0,6,true,1.6
SYN004392,ANNUAL,2027-01-18,2027-01-25,RECOMMEND_APPROVE,"",6,0,0,6,true,0.3
SYN005360,ANNUAL,2027-01-18,2027-02-07,DECLINED,COV-001,9,0,2,7,true,1.06
SYN003911,ANNUAL,2027-01-18,2027-01-31,DECLINED,BAL-001|COV-001,10,0,2,8,true,0.5
SYN008389,ANNUAL,2027-01-18,2027-01-31,RECOMMEND_APPROVE,"",6,1,0,5,true,0.83
SYN005442,LONG_SERVICE,2027-01-18,2027-01-29,DECLINED,ELG-003|BAL-001|COV-001,6,0,2,4,true,0.41
SYN008438,ANNUAL,2027-01-18,2027-01-24,NEEDS_APPROVAL,ELG-001,3,1,0,2,true,1.3
SYN005794,ANNUAL,2027-01-18,2027-01-31,RECOMMEND_APPROVE,"",4,4,0,0,true,3.64
SYN008588,TOIL,2027-01-18,2027-01-18,NEEDS_APPROVAL,BAL-003,1,0,0,1,true,0.21
SYN007075,ANNUAL,2027-01-18,2027-01-24,RECOMMEND_APPROVE,"",6,5,0,1,true,11.04
SYN008020,ANNUAL,2027-01-18,2027-01-24,NEEDS_APPROVAL,COV-001,2,0,1,1,true,0.29
SYN003515,TOIL,2027-01-18,2027-01-18,NEEDS_APPROVAL,BAL-003|COV-001,1,0,1,0,true,0.24
SYN003842,ANNUAL,2027-01-18,2027-01-24,RECOMMEND_APPROVE,"",5,0,0,5,true,0.59
SYN000382,ANNUAL,2027-01-18,2027-01-24,NEEDS_APPROVAL,COV-001,5,0,4,1,true,0.31
SYN005395,ANNUAL,2027-01-18,2027-01-31,RECOMMEND_APPROVE,"",8,6,0,2,true,4.74
SYN007315,LONG_SERVICE,2027-01-18,2027-01-18,DECLINED,ELG-001|ELG-003|BAL-001,1,0,0,1,true,0.29
SYN009458,ANNUAL,2027-01-18,2027-01-20,RECOMMEND_APPROVE,"",0,0,0,0,false,0.12
SYN007868,TOIL,2027-01-18,2027-01-18,RECOMMEND_APPROVE,"",1,1,0,0,true,0.45
SYN007940,ANNUAL,2027-01-18,2027-02-14,DECLINED,BAL-001,20,17,0,3,true,24.73
SYN006537,LONG_SERVICE,2027-01-18,2027-02-28,DECLINED,ELG-003|BAL-001|COV-001,30,0,12,18,true,1.78
SYN006364,ANNUAL,2027-01-18,2027-01-24,NEEDS_APPROVAL,ELG-001,1,0,0,1,true,0.26
SYN001932,ANNUAL,2027-01-18,2027-01-22,NEEDS_APPROVAL,COV-001,5,1,2,2,true,0.53
SYN001146,ANNUAL,2027-01-18,2027-01-18,RECOMMEND_APPROVE,"",1,0,0,1,true,0.34
SYN007139,ANNUAL,2027-01-18,2027-01-24,RECOMMEND_APPROVE,"",5,0,0,5,true,0.38
SYN001990,ANNUAL,2027-01-18,2027-01-31,RECOMMEND_APPROVE,"",2,0,0,2,true,0.34
SYN003260,ANNUAL,2027-01-18,2027-01-24,RECOMMEND_APPROVE,"",2,0,0,2,true,0.27
SYN009463,ANNUAL,2027-01-18,2027-01-31,RECOMMEND_APPROVE,"",8,2,0,6,true,1.27
SYN007746,ANNUAL,2027-01-18,2027-01-24,RECOMMEND_APPROVE,"",1,0,0,1,true,0.21
SYN008839,ANNUAL,2027-01-18,2027-01-24,RECOMMEND_APPROVE,"",6,2,0,4,true,0.95
SYN003175,ANNUAL,2027-01-18,2027-01-29,RECOMMEND_APPROVE,"",4,2,0,2,true,1.28
SYN004630,ANNUAL,2027-01-18,2027-03-07,DECLINED,BAL-001,35,6,0,29,true,14.11
SYN008187,TOIL,2027-01-18,2027-01-18,NEEDS_APPROVAL,BAL-003,1,1,0,0,true,0.38
SYN007520,ANNUAL,2027-01-18,2027-02-07,RECOMMEND_APPROVE,"",12,0,0,12,true,0.57
SYN004551,ANNUAL,2027-01-18,2027-01-31,NEEDS_APPROVAL,COV-001,8,0,2,6,true,0.6
SYN006529,ANNUAL,2027-01-18,2027-01-22,NEEDS_APPROVAL,ELG-001,4,2,0,2,true,0.77
SYN001435,ANNUAL,2027-01-18,2027-01-24,NEEDS_APPROVAL,ELG-001|COV-002,3,2,0,1,true,1.2
SYN009489,ANNUAL,2027-01-18,2027-01-22,NEEDS_APPROVAL,COV-001,5,0,1,4,true,0.29
SYN008393,ADO,2027-01-18,2027-01-24,NEEDS_APPROVAL,REQ-004,5,2,0,3,true,1.28
SYN004895,ANNUAL,2027-01-18,2027-01-24,NEEDS_APPROVAL,ELG-001,3,0,0,3,true,0.35
SYN004109,TOIL,2027-01-18,2027-01-18,NEEDS_APPROVAL,BAL-003,1,0,0,1,true,0.36
SYN003909,ANNUAL,2027-01-18,2027-02-14,RECOMMEND_APPROVE,"",16,4,0,12,true,3.21
SYN001210,ANNUAL,2027-01-18,2027-01-21,NEEDS_APPROVAL,COV-001,3,1,2,0,true,0.39
SYN000667,ANNUAL,2027-01-18,2027-01-20,RECOMMEND_APPROVE,"",3,0,0,3,true,0.32
SYN006337,TOIL,2027-01-18,2027-01-24,RECOMMEND_APPROVE,"",4,2,0,2,true,4.31
SYN002314,ANNUAL,2027-01-18,2027-01-24,RECOMMEND_APPROVE,"",5,3,0,2,true,0.89
SYN004023,ANNUAL,2027-01-18,2027-02-07,RECOMMEND_APPROVE,"",15,0,0,15,true,0.64
SYN008508,ANNUAL,2027-01-18,2027-01-29,DECLINED,BAL-001,10,10,0,0,true,4.82
SYN003927,ANNUAL,2027-01-18,2027-01-18,NEEDS_APPROVAL,COV-002,1,0,0,1,true,0.29
SYN004033,ANNUAL,2027-01-18,2027-01-31,RECOMMEND_APPROVE,"",4,4,0,0,true,10.26
SYN001213,ANNUAL,2027-01-18,2027-02-13,NEEDS_APPROVAL,ELG-001,16,8,0,8,true,2.22
SYN009490,TOIL,2027-01-18,2027-01-18,RECOMMEND_APPROVE,"",1,0,0,1,true,0.38
SYN004912,TOIL,2027-01-18,2027-01-18,RECOMMEND_APPROVE,"",1,0,0,1,true,0.2
SYN009118,ANNUAL,2027-01-18,2027-01-24,DECLINED,ELG-001|BAL-001,3,1,0,2,true,3.14
SYN004403,TOIL,2027-01-18,2027-01-31,DECLINED,BAL-001|COV-001,8,0,4,4,true,1.15
SYN001463,ANNUAL,2027-01-18,2027-02-07,NEEDS_APPROVAL,ELG-001,9,9,0,0,true,2.28
SYN008070,ANNUAL,2027-01-18,2027-02-07,NEEDS_APPROVAL,ELG-001,15,6,0,9,true,1.35
SYN005618,ANNUAL,2027-01-18,2027-02-07,DECLINED,COV-001,18,0,6,12,true,1.57
SYN001026,ANNUAL,2027-01-18,2027-01-24,NEEDS_APPROVAL,ELG-001|COV-002,2,1,0,1,true,0.76
SYN000747,ANNUAL,2027-01-18,2027-01-24,NEEDS_APPROVAL,ELG-001|COV-001,3,2,1,0,true,0.62
SYN004557,ANNUAL,2027-01-18,2027-01-26,NEEDS_APPROVAL,ELG-001,5,3,0,2,true,1.36
SYN006846,TOIL,2027-01-18,2027-01-18,NEEDS_APPROVAL,COV-001,1,0,1,0,true,0.23
SYN009277,ANNUAL,2027-01-18,2027-01-24,RECOMMEND_APPROVE,"",4,1,0,3,true,0.8
SYN005340,ANNUAL,2027-01-18,2027-01-29,RECOMMEND_APPROVE,"",10,0,0,10,true,0.38
SYN005995,ANNUAL,2027-01-18,2027-01-24,DECLINED,ELG-001|BAL-001,3,2,0,1,true,4.5
SYN003489,ANNUAL,2027-01-18,2027-02-21,RECOMMEND_APPROVE,"",25,13,0,12,true,7.72
SYN001841,ANNUAL,2027-01-18,2027-01-21,NEEDS_APPROVAL,ELG-001,4,1,0,3,true,0.77
SYN004418,UNPAID,2027-01-18,2027-11-29,NEEDS_APPROVAL,ELG-001,226,0,0,226,true,3.6
SYN005765,ANNUAL,2027-01-18,2027-01-24,RECOMMEND_APPROVE,"",2,0,0,2,true,0.33
SYN007624,ANNUAL,2027-01-18,2027-01-31,RECOMMEND_APPROVE,"",6,3,0,3,true,1.45
SYN006562,LONG_SERVICE,2027-01-18,2027-01-18,DECLINED,ELG-001|ELG-003|BAL-001,1,1,0,0,true,0.38
SYN000230,ANNUAL,2027-01-18,2027-01-24,RECOMMEND_APPROVE,"",5,1,0,4,true,1.88
SYN001786,ANNUAL,2027-01-18,2027-01-31,NEEDS_APPROVAL,ELG-001|COV-001,8,0,2,6,true,0.97
SYN001108,ANNUAL,2027-01-18,2027-01-25,RECOMMEND_APPROVE,"",5,5,0,0,true,0.93
SYN008067,ANNUAL,2027-01-18,2027-02-07,NEEDS_APPROVAL,ELG-001,12,12,0,0,true,4.08
SYN006432,ANNUAL,2027-01-18,2027-01-21,NEEDS_APPROVAL,COV-001,4,0,2,2,true,0.36
SYN005359,LONG_SERVICE,2027-01-18,2027-01-24,RECOMMEND_APPROVE,"",2,1,0,1,true,1.61
SYN001366,ANNUAL,2027-01-18,2027-02-07,DECLINED,ELG-001|BAL-001,15,0,0,15,true,1.29
SYN002839,LONG_SERVICE,2027-01-18,2027-01-21,DECLINED,ELG-001|BAL-001|COV-001,3,1,2,0,true,0.63
SYN003913,ANNUAL,2027-01-18,2027-01-31,RECOMMEND_APPROVE,"",6,0,0,6,true,0.84
SYN005255,LONG_SERVICE,2027-01-18,2027-02-12,RECOMMEND_APPROVE,"",20,16,0,4,true,11.21
SYN004258,ANNUAL,2027-01-18,2027-03-21,DECLINED,BAL-001|COV-001,27,11,7,9,true,1.92
SYN004098,ANNUAL,2027-01-18,2027-01-24,RECOMMEND_APPROVE,"",5,0,0,5,true,0.54
SYN000712,TOIL,2027-01-18,2027-01-24,NEEDS_APPROVAL,ELG-001,3,0,0,3,true,0.32
SYN004873,LONG_SERVICE,2027-01-18,2027-02-14,DECLINED,ELG-003|BAL-001|COV-001,8,7,1,0,true,1.5
SYN000518,ANNUAL,2027-01-18,2027-02-14,DECLINED,BAL-001,12,10,0,2,true,28.61
SYN005418,ANNUAL,2027-01-18,2027-01-24,RECOMMEND_APPROVE,"",4,4,0,0,true,2.89
SYN001669,ANNUAL,2027-01-18,2027-01-24,RECOMMEND_APPROVE,"",2,0,0,2,true,0.37
SYN007182,ANNUAL,2027-01-18,2027-01-21,NEEDS_APPROVAL,ELG-001|COV-001,4,0,3,1,true,0.34
SYN002654,ANNUAL,2027-01-18,2027-02-07,DECLINED,BAL-001|COV-001,15,3,6,6,true,1.59
SYN004521,ANNUAL,2027-01-18,2027-02-12,DECLINED,BAL-001|COV-001,20,3,3,14,true,0.79
SYN004641,ANNUAL,2027-01-18,2027-01-31,RECOMMEND_APPROVE,"",10,10,0,0,true,27.73
SYN008289,TOIL,2027-01-18,2027-01-24,DECLINED,BAL-001|COV-001,4,1,2,1,true,0.82
SYN009149,ANNUAL,2027-01-18,2027-01-20,NEEDS_APPROVAL,ELG-001,2,0,0,2,true,0.31
SYN003869,ANNUAL,2027-01-18,2027-01-29,DECLINED,ELG-001|BAL-001,10,0,0,10,true,0.39
SYN004622,ANNUAL,2027-01-18,2027-01-31,DECLINED,BAL-001,10,10,0,0,true,5.89
SYN000834,ANNUAL,2027-01-18,2027-01-31,DECLINED,ELG-001|BAL-001,8,4,0,4,true,1.41
SYN000374,TOIL,2027-01-18,2027-04-11,DECLINED,ELG-001|BAL-001,48,0,0,48,true,3.67
SYN000498,LONG_SERVICE,2027-01-18,2027-01-24,DECLINED,BAL-001,4,0,0,4,true,0.3
SYN002484,UNPAID,2027-01-18,2027-07-04,RECOMMEND_APPROVE,"",120,110,0,10,true,102.77
SYN001957,ANNUAL,2027-01-18,2027-02-21,NEEDS_APPROVAL,ELG-001,20,0,0,20,true,0.78
SYN001063,TOIL,2027-01-18,2027-01-18,RECOMMEND_APPROVE,"",0,0,0,0,false,0.12
SYN006123,LONG_SERVICE,2027-01-18,2027-01-24,DECLINED,ELG-003|BAL-001,3,3,0,0,true,7.07
SYN004206,LONG_SERVICE,2027-01-18,2027-01-22,DECLINED,ELG-003|BAL-001|COV-001,5,1,2,2,true,0.5
SYN005818,ANNUAL,2027-01-18,2027-01-21,NEEDS_APPROVAL,COV-001,4,0,2,2,true,0.28
SYN007163,LONG_SERVICE,2027-01-18,2027-01-21,DECLINED,ELG-001|ELG-003|BAL-001,4,0,0,4,true,0.34
SYN008574,TOIL,2027-01-18,2027-01-18,NEEDS_APPROVAL,ELG-001,1,0,0,1,true,0.21
SYN002018,TOIL,2027-01-18,2027-01-18,NEEDS_APPROVAL,BAL-003,1,1,0,0,true,0.34
SYN008462,UNPAID,2027-01-18,2027-07-04,NEEDS_APPROVAL,ELG-001,48,0,0,48,true,1.19
SYN002993,ANNUAL,2027-01-18,2027-01-24,RECOMMEND_APPROVE,"",4,3,0,1,true,2.67
SYN007607,TOIL,2027-01-18,2027-01-18,DECLINED,BAL-001,1,0,0,1,true,0.85
SYN002273,ANNUAL,2027-01-18,2027-01-31,NEEDS_APPROVAL,COV-001,6,2,4,0,true,0.65
SYN006028,UNPAID,2027-01-18,2027-07-18,DECLINED,ELG-001|COV-001,130,11,24,95,true,5.07
SYN007916,TOIL,2027-01-18,2027-01-18,NEEDS_APPROVAL,ELG-001|BAL-003,1,0,0,1,true,0.3
SYN005097,ANNUAL,2027-01-18,2027-01-31,NEEDS_APPROVAL,ELG-001,4,4,0,0,true,1.68
SYN003914,ANNUAL,2027-01-18,2027-01-31,DECLINED,BAL-001,6,0,0,6,true,0.42
SYN006866,ANNUAL,2027-01-18,2027-01-24,RECOMMEND_APPROVE,"",3,2,0,1,true,0.51
SYN006607,TOIL,2027-01-18,2027-01-31,DECLINED,BAL-001,8,8,0,0,true,20.43
SYN001956,TOIL,2027-01-18,2027-01-18,DECLINED,BAL-001|COV-001,1,0,1,0,true,0.38
SYN006820,ANNUAL,2027-01-18,2027-01-24,RECOMMEND_APPROVE,"",6,3,0,3,true,4.71
SYN004912,ANNUAL,2027-01-19,2027-01-21,NEEDS_APPROVAL,COV-001,3,0,2,1,true,0.36
SYN008721,ANNUAL,2027-01-19,2027-01-21,NEEDS_APPROVAL,COV-001,3,0,2,1,true,0.33
SYN008568,TOIL,2027-01-19,2027-01-19,RECOMMEND_APPROVE,"",1,1,0,0,true,0.48
SYN005253,TOIL,2027-01-19,2027-01-19,DECLINED,BAL-001,1,0,0,1,true,0.57
SYN006846,LONG_SERVICE,2027-01-19,2027-01-21,DECLINED,ELG-003|BAL-001|COV-001,3,0,3,0,true,0.56
SYN002018,ANNUAL,2027-01-19,2027-01-21,RECOMMEND_APPROVE,"",2,0,0,2,true,0.24
SYN003660,TOIL,2027-01-19,2027-01-19,NEEDS_APPROVAL,BAL-003,1,0,0,1,true,0.17
SYN005562,ANNUAL,2027-01-19,2027-01-21,NEEDS_APPROVAL,BAL-003,2,0,0,2,true,0.24
SYN007804,ANNUAL,2027-01-19,2027-02-01,NEEDS_APPROVAL,ELG-001,10,0,0,10,true,1.13
SYN003762,ANNUAL,2027-01-19,2027-01-20,RECOMMEND_APPROVE,"",2,0,0,2,true,0.21
SYN008187,ANNUAL,2027-01-19,2027-01-21,RECOMMEND_APPROVE,"",3,3,0,0,true,0.6
SYN007179,TOIL,2027-01-19,2027-01-19,NEEDS_APPROVAL,ELG-001|BAL-003|COV-001,1,0,1,0,true,0.21
SYN000574,ANNUAL,2027-01-19,2027-01-20,RECOMMEND_APPROVE,"",2,0,0,2,true,0.35
SYN001537,ANNUAL,2027-01-19,2027-01-19,RECOMMEND_APPROVE,"",1,1,0,0,true,0.24
SYN002815,TOIL,2027-01-19,2027-01-19,RECOMMEND_APPROVE,"",1,1,0,0,true,0.31
SYN001897,LONG_SERVICE,2027-01-19,2027-01-19,DECLINED,BAL-001|COV-002,1,0,0,1,true,0.29
SYN008632,ANNUAL,2027-01-19,2027-01-20,NEEDS_APPROVAL,ELG-001,2,0,0,2,true,0.21
SYN006517,ANNUAL,2027-01-19,2027-01-23,NEEDS_APPROVAL,COV-001,2,0,1,1,true,0.3
SYN007231,UNPAID,2027-01-19,2027-08-02,RECOMMEND_APPROVE,"",140,28,0,112,true,25.84
SYN009208,LONG_SERVICE,2027-01-19,2027-01-21,DECLINED,ELG-003|BAL-001,3,0,0,3,true,0.42
SYN007615,TOIL,2027-01-19,2027-01-19,RECOMMEND_APPROVE,"",1,0,0,1,true,0.24
SYN005307,LONG_SERVICE,2027-01-19,2027-01-21,NEEDS_APPROVAL,COV-001,3,0,3,0,true,0.27
SYN002841,ANNUAL,2027-01-19,2027-01-19,NEEDS_APPROVAL,COV-001,1,0,1,0,true,0.19
SYN008669,TOIL,2027-01-19,2027-01-19,RECOMMEND_APPROVE,"",1,1,0,0,true,0.47
SYN004109,ANNUAL,2027-01-19,2027-01-21,RECOMMEND_APPROVE,"",3,0,0,3,true,0.28
SYN008574,LONG_SERVICE,2027-01-19,2027-01-21,NEEDS_APPROVAL,ELG-001|COV-001,3,0,1,2,true,0.27
SYN003813,LONG_SERVICE,2027-01-19,2027-01-21,DECLINED,BAL-001,2,2,0,0,true,1.89
SYN001033,ANNUAL,2027-01-19,2027-01-21,RECOMMEND_APPROVE,"",3,0,0,3,true,0.24
SYN007034,TOIL,2027-01-19,2027-01-19,NEEDS_APPROVAL,BAL-003,1,1,0,0,true,0.45
SYN004961,ANNUAL,2027-01-19,2027-02-04,DECLINED,COV-001,9,0,9,0,true,0.64
SYN001063,LONG_SERVICE,2027-01-19,2027-01-21,DECLINED,ELG-003|BAL-001,3,0,0,3,true,0.46
SYN004537,LONG_SERVICE,2027-01-19,2027-01-20,DECLINED,ELG-003|BAL-001,1,0,0,1,true,0.25
SYN003281,ANNUAL,2027-01-19,2027-01-27,RECOMMEND_APPROVE,"",7,0,0,7,true,0.46
SYN002502,TOIL,2027-01-19,2027-01-19,NEEDS_APPROVAL,BAL-003,1,0,0,1,true,0.21
SYN001475,ANNUAL,2027-01-19,2027-01-21,NEEDS_APPROVAL,COV-001,2,0,2,0,true,0.22
SYN004462,LONG_SERVICE,2027-01-19,2027-01-21,DECLINED,ELG-003|BAL-001,3,2,0,1,true,0.45
SYN004681,ANNUAL,2027-01-19,2027-01-24,RECOMMEND_APPROVE,"",1,0,0,1,true,0.2
SYN001319,TOIL,2027-01-19,2027-01-19,RECOMMEND_APPROVE,"",1,0,0,1,true,0.18
SYN004706,TOIL,2027-01-19,2027-01-19,NEEDS_APPROVAL,ELG-001|BAL-003,1,0,0,1,true,0.27
SYN004364,TOIL,2027-01-19,2027-01-19,RECOMMEND_APPROVE,"",1,0,0,1,true,0.24
SYN005620,ANNUAL,2027-01-19,2027-01-21,NEEDS_APPROVAL,COV-001,3,0,1,2,true,0.3
SYN001956,ANNUAL,2027-01-19,2027-01-21,NEEDS_APPROVAL,COV-001,3,0,3,0,true,0.33
SYN000104,TOIL,2027-01-19,2027-01-19,RECOMMEND_APPROVE,"",1,0,0,1,true,0.36
SYN005212,ANNUAL,2027-01-19,2027-01-21,RECOMMEND_APPROVE,"",3,2,0,1,true,0.96
SYN003515,ANNUAL,2027-01-19,2027-01-21,NEEDS_APPROVAL,COV-001,3,0,1,2,true,0.27
SYN006562,TOIL,2027-01-19,2027-01-19,NEEDS_APPROVAL,ELG-001,1,0,0,1,true,0.2
SYN007542,ANNUAL,2027-01-19,2027-01-21,RECOMMEND_APPROVE,"",3,0,0,3,true,0.21
SYN004997,TOIL,2027-01-19,2027-01-19,NEEDS_APPROVAL,BAL-003,1,0,0,1,true,0.19
SYN007607,ANNUAL,2027-01-19,2027-01-21,DECLINED,BAL-001,3,3,0,0,true,3.4
SYN000823,ANNUAL,2027-01-19,2027-01-21,NEEDS_APPROVAL,COV-001,2,0,2,0,true,0.24
SYN007080,ANNUAL,2027-01-19,2027-01-21,RECOMMEND_APPROVE,"",3,0,0,3,true,0.23
SYN007571,LONG_SERVICE,2027-01-19,2027-01-21,DECLINED,ELG-001|ELG-003|BAL-001|COV-001,3,0,2,1,true,0.31
SYN007521,TOIL,2027-01-19,2027-01-19,RECOMMEND_APPROVE,"",1,0,0,1,true,0.26
SYN008588,ANNUAL,2027-01-19,2027-01-21,NEEDS_APPROVAL,COV-001,3,0,1,2,true,0.29
SYN002404,ANNUAL,2027-01-19,2027-01-21,RECOMMEND_APPROVE,"",3,0,0,3,true,0.27
SYN004706,ANNUAL,2027-01-20,2027-01-23,NEEDS_APPROVAL,ELG-001,1,0,0,1,true,0.27
SYN009119,ANNUAL,2027-01-20,2027-01-20,NEEDS_APPROVAL,ELG-001,1,1,0,0,true,0.3
SYN002360,ANNUAL,2027-01-20,2027-01-24,NEEDS_APPROVAL,ELG-001,3,0,0,3,true,0.36
SYN001319,LONG_SERVICE,2027-01-20,2027-01-31,DECLINED,BAL-001,10,4,0,6,true,1.42
SYN000104,LONG_SERVICE,2027-01-20,2027-01-24,DECLINED,ELG-003|COV-001,3,0,3,0,true,0.65
SYN005889,ANNUAL,2027-01-20,2027-02-09,DECLINED,ELG-001|COV-001,15,0,3,12,true,0.62
SYN008516,ANNUAL,2027-01-20,2027-01-22,NEEDS_APPROVAL,ELG-001,3,0,0,3,true,0.28
SYN006562,LONG_SERVICE,2027-01-20,2027-01-24,DECLINED,ELG-001|ELG-003|BAL-001,1,0,0,1,true,0.26
SYN007598,ANNUAL,2027-01-20,2027-01-21,NEEDS_APPROVAL,ELG-001,2,0,0,2,true,0.29
SYN005184,ANNUAL,2027-01-20,2027-01-20,NEEDS_APPROVAL,COV-001,1,0,1,0,true,0.3
SYN000819,PROF_DEV,2027-01-20,2027-01-24,DECLINED,BAL-001|COV-001,3,0,3,0,true,0.81
SYN008454,ANNUAL,2027-01-20,2027-02-07,DECLINED,ELG-001|COV-001,13,0,13,0,true,0.58
SYN007615,LONG_SERVICE,2027-01-20,2027-01-26,DECLINED,ELG-003|BAL-001,3,0,0,3,true,0.37
SYN008568,ANNUAL,2027-01-20,2027-01-24,RECOMMEND_APPROVE,"",2,2,0,0,true,0.86
SYN002111,ANNUAL,2027-01-20,2027-01-29,NEEDS_APPROVAL,COV-001,8,3,1,4,true,0.64
SYN004364,LONG_SERVICE,2027-01-20,2027-01-24,DECLINED,ELG-003|BAL-001,5,3,0,2,true,4.21
SYN004997,ANNUAL,2027-01-20,2027-01-20,NEEDS_APPROVAL,COV-001,1,0,1,0,true,0.23
SYN001863,ANNUAL,2027-01-20,2027-01-21,NEEDS_APPROVAL,COV-001,2,0,2,0,true,0.45
SYN003710,ANNUAL,2027-01-20,2027-01-22,RECOMMEND_APPROVE,"",3,0,0,3,true,0.36
SYN008025,ANNUAL,2027-01-20,2027-01-25,RECOMMEND_APPROVE,"",3,0,0,3,true,0.22
SYN006890,ANNUAL,2027-01-20,2027-01-21,RECOMMEND_APPROVE,"",2,1,0,1,true,0.69
SYN007034,ANNUAL,2027-01-20,2027-01-22,RECOMMEND_APPROVE,"",3,3,0,0,true,1.14
SYN001708,LONG_SERVICE,2027-01-20,2027-01-21,NEEDS_APPROVAL,COV-001,2,0,1,1,true,0.2
SYN005253,ANNUAL,2027-01-20,2027-01-31,DECLINED,BAL-001,10,0,0,10,true,0.84
SYN007179,ANNUAL,2027-01-20,2027-01-29,NEEDS_APPROVAL,ELG-001|COV-001,6,0,4,2,true,0.4
SYN002502,ANNUAL,2027-01-20,2027-01-26,RECOMMEND_APPROVE,"",3,0,0,3,true,0.38
SYN000730,PROF_DEV,2027-01-20,2027-01-22,NEEDS_APPROVAL,COV-002,3,2,0,1,true,0.96
SYN008669,ANNUAL,2027-01-20,2027-02-14,RECOMMEND_APPROVE,"",18,14,0,4,true,4.38
SYN007097,ANNUAL,2027-01-20,2027-01-24,NEEDS_APPROVAL,COV-001|COV-002,2,0,2,0,true,0.35
SYN003660,ANNUAL,2027-01-20,2027-01-21,RECOMMEND_APPROVE,"",2,0,0,2,true,0.18
SYN009408,PROF_DEV,2027-01-21,2027-01-22,NEEDS_APPROVAL,BAL-003|COV-001,2,0,1,1,true,0.3
SYN008796,ANNUAL,2027-01-21,2027-01-21,NEEDS_APPROVAL,ELG-001,1,0,0,1,true,0.25
SYN007648,ANNUAL,2027-01-21,2027-01-29,NEEDS_APPROVAL,COV-001,7,0,1,6,true,0.42
SYN003784,ANNUAL,2027-01-21,2027-02-10,DECLINED,BAL-001,18,1,0,17,true,1.56
SYN002095,ANNUAL,2027-01-21,2027-02-04,RECOMMEND_APPROVE,"",7,5,0,2,true,3.02
SYN006523,ANNUAL,2027-01-21,2027-01-21,NEEDS_APPROVAL,COV-001,1,0,1,0,true,0.2
SYN005335,LONG_SERVICE,2027-01-21,2027-01-29,DECLINED,ELG-003|BAL-001,3,2,0,1,true,0.81
SYN005158,ANNUAL,2027-01-21,2027-01-21,RECOMMEND_APPROVE,"",1,0,0,1,true,0.16
SYN004066,ANNUAL,2027-01-21,2027-01-22,NEEDS_APPROVAL,ELG-001,2,0,0,2,true,0.42
SYN003690,ANNUAL,2027-01-21,2027-01-21,NEEDS_APPROVAL,ELG-001|COV-001,1,0,1,0,true,0.26
SYN006426,LONG_SERVICE,2027-01-21,2027-01-29,DECLINED,ELG-003|BAL-001|COV-001,4,2,2,0,true,0.56
SYN008572,ANNUAL,2027-01-21,2027-01-27,NEEDS_APPROVAL,COV-001,3,0,2,1,true,0.32
SYN006370,ANNUAL,2027-01-21,2027-01-26,NEEDS_APPROVAL,COV-001,4,3,1,0,true,0.54
SYN009100,ANNUAL,2027-01-21,2027-01-22,DECLINED,ELG-001|ELG-002|COV-001,2,0,2,0,true,0.28
SYN008892,ANNUAL,2027-01-21,2027-01-21,RECOMMEND_APPROVE,"",1,0,0,1,true,0.32
SYN001310,TOIL,2027-01-21,2027-01-21,NEEDS_APPROVAL,COV-002,1,0,0,1,true,0.35
SYN007945,ANNUAL,2027-01-21,2027-01-24,RECOMMEND_APPROVE,"",2,1,0,1,true,0.39
SYN007383,LONG_SERVICE,2027-01-21,2027-01-21,DECLINED,ELG-003|BAL-001,1,0,0,1,true,0.31
SYN004997,ANNUAL,2027-01-21,2027-01-22,NEEDS_APPROVAL,COV-001,2,0,1,1,true,0.27
SYN009119,ANNUAL,2027-01-21,2027-01-22,NEEDS_APPROVAL,ELG-001,2,1,0,1,true,0.5
SYN002644,ANNUAL,2027-01-21,2027-01-21,RECOMMEND_APPROVE,"",1,0,0,1,true,0.29
SYN008574,TOIL,2027-01-22,2027-01-22,NEEDS_APPROVAL,ELG-001,1,0,0,1,true,0.2
SYN009208,TOIL,2027-01-22,2027-01-22,NEEDS_APPROVAL,COV-001,1,0,1,0,true,0.19
SYN006395,TOIL,2027-01-22,2027-01-22,NEEDS_APPROVAL,BAL-003,1,0,0,1,true,0.69
SYN003827,ANNUAL,2027-01-22,2027-01-29,RECOMMEND_APPROVE,"",4,4,0,0,true,2.15
SYN002698,TOIL,2027-01-22,2027-01-24,NEEDS_APPROVAL,ELG-001,1,0,0,1,true,0.25
SYN000164,ANNUAL,2027-01-22,2027-01-25,RECOMMEND_APPROVE,"",1,0,0,1,true,0.17
SYN005242,TOIL,2027-01-22,2027-01-25,NEEDS_APPROVAL,BAL-003,2,1,0,1,true,0.52
SYN002097,TOIL,2027-01-22,2027-01-23,NEEDS_APPROVAL,BAL-003,1,1,0,0,true,0.92
SYN008588,TOIL,2027-01-22,2027-01-22,NEEDS_APPROVAL,BAL-003,1,0,0,1,true,0.18
SYN002644,TOIL,2027-01-22,2027-01-22,NEEDS_APPROVAL,BAL-003,1,0,0,1,true,0.22
SYN001415,TOIL,2027-01-22,2027-01-22,NEEDS_APPROVAL,BAL-003,1,1,0,0,true,0.73
SYN007080,TOIL,2027-01-22,2027-01-22,RECOMMEND_APPROVE,"",1,1,0,0,true,0.51
SYN008187,TOIL,2027-01-22,2027-01-22,NEEDS_APPROVAL,ELG-001|BAL-003,1,0,0,1,true,0.21
SYN002404,TOIL,2027-01-22,2027-01-22,NEEDS_APPROVAL,BAL-003,1,0,0,1,true,0.2
SYN003397,TOIL,2027-01-22,2027-01-22,RECOMMEND_APPROVE,"",1,0,0,1,true,0.18
SYN002839,TOIL,2027-01-22,2027-01-22,NEEDS_APPROVAL,ELG-001|BAL-003,0,0,0,0,false,0.12
SYN005275,TOIL,2027-01-22,2027-01-22,NEEDS_APPROVAL,BAL-003,1,0,0,1,true,0.19
SYN004912,TOIL,2027-01-22,2027-01-22,RECOMMEND_APPROVE,"",0,0,0,0,false,0.1
SYN005158,TOIL,2027-01-22,2027-01-22,NEEDS_APPROVAL,BAL-003,1,0,0,1,true,0.14
SYN006009,ANNUAL,2027-01-22,2027-02-08,DECLINED,COV-001,12,3,4,5,true,1.15
SYN001841,TOIL,2027-01-22,2027-01-23,NEEDS_APPROVAL,ELG-001|BAL-003,1,0,0,1,true,0.26
SYN005361,TOIL,2027-01-22,2027-01-22,NEEDS_APPROVAL,BAL-003|COV-001,1,0,1,0,true,0.18
SYN004109,TOIL,2027-01-22,2027-01-22,NEEDS_APPROVAL,BAL-003,1,0,0,1,true,0.2
SYN000823,TOIL,2027-01-22,2027-01-22,NEEDS_APPROVAL,COV-001,1,0,1,0,true,0.19
SYN008798,TOIL,2027-01-22,2027-01-22,NEEDS_APPROVAL,ELG-001|BAL-003,1,0,0,1,true,0.26
SYN002688,TOIL,2027-01-22,2027-01-22,NEEDS_APPROVAL,BAL-003,1,0,0,1,true,0.16
SYN004692,TOIL,2027-01-22,2027-01-23,RECOMMEND_APPROVE,"",1,1,0,0,true,0.27
SYN002815,TOIL,2027-01-22,2027-01-22,RECOMMEND_APPROVE,"",0,0,0,0,false,0.13
SYN001956,TOIL,2027-01-22,2027-01-22,DECLINED,BAL-001|COV-001,1,0,1,0,true,0.25
SYN009315,UNPAID,2027-01-22,2027-02-19,DECLINED,COV-001,5,0,5,0,true,0.35
SYN005137,TOIL,2027-01-22,2027-01-25,NEEDS_APPROVAL,BAL-003|COV-001,2,0,2,0,true,0.24
SYN002666,TOIL,2027-01-22,2027-01-22,NEEDS_APPROVAL,ELG-001,1,0,0,1,true,0.29
SYN006846,TOIL,2027-01-22,2027-01-22,NEEDS_APPROVAL,COV-001,1,0,1,0,true,0.22
SYN003280,TOIL,2027-01-22,2027-01-22,NEEDS_APPROVAL,BAL-003,1,0,0,1,true,0.22
SYN001210,TOIL,2027-01-22,2027-01-23,NEEDS_APPROVAL,BAL-003,1,1,0,0,true,0.22
SYN003515,TOIL,2027-01-22,2027-01-22,NEEDS_APPROVAL,BAL-003,1,0,0,1,true,0.19
SYN001863,TOIL,2027-01-22,2027-01-22,NEEDS_APPROVAL,BAL-003|COV-001,1,0,1,0,true,0.33
SYN005307,TOIL,2027-01-22,2027-01-22,NEEDS_APPROVAL,COV-001,1,0,1,0,true,0.18
SYN005510,TOIL,2027-01-22,2027-01-22,RECOMMEND_APPROVE,"",1,0,0,1,true,0.22
SYN001872,TOIL,2027-01-22,2027-01-22,DECLINED,ELG-002|BAL-003|COV-001,1,0,1,0,true,0.2
SYN009143,TOIL,2027-01-22,2027-01-22,DECLINED,BAL-001,1,1,0,0,true,0.31
SYN002018,TOIL,2027-01-22,2027-01-22,NEEDS_APPROVAL,BAL-003,1,1,0,0,true,0.29
SYN008301,TOIL,2027-01-22,2027-01-22,NEEDS_APPROVAL,ELG-001|BAL-003,1,0,0,1,true,0.2
SYN001063,TOIL,2027-01-22,2027-01-22,RECOMMEND_APPROVE,"",1,0,0,1,true,0.25
SYN005705,ANNUAL,2027-01-22,2027-02-07,RECOMMEND_APPROVE,"",8,7,0,1,true,4.11
SYN008796,TOIL,2027-01-22,2027-01-22,NEEDS_APPROVAL,ELG-001|BAL-003,0,0,0,0,false,0.15
SYN006890,TOIL,2027-01-22,2027-01-22,NEEDS_APPROVAL,BAL-003,1,0,0,1,true,0.21
SYN005562,TOIL,2027-01-22,2027-01-22,DECLINED,BAL-001,1,0,0,1,true,0.21
SYN001475,TOIL,2027-01-22,2027-01-22,DECLINED,ELG-002|BAL-003|COV-001,1,0,1,0,true,0.25
SYN005307,LONG_SERVICE,2027-01-23,2027-01-29,NEEDS_APPROVAL,COV-001,5,0,5,0,true,0.34
SYN001063,LONG_SERVICE,2027-01-23,2027-02-07,DECLINED,ELG-003|BAL-001,11,0,0,11,true,1.36
SYN001192,LONG_SERVICE,2027-01-23,2027-01-31,DECLINED,ELG-003|BAL-001,4,4,0,0,true,1.8
SYN001872,ANNUAL,2027-01-23,2027-02-12,DECLINED,COV-001,9,0,3,6,true,0.55
SYN005510,LONG_SERVICE,2027-01-23,2027-01-24,RECOMMEND_APPROVE,"",0,0,0,0,false,0.13
SYN009119,ADO,2027-01-23,2027-01-24,DECLINED,ELG-001|ELG-002,2,0,0,2,true,0.38
SYN003515,ANNUAL,2027-01-23,2027-01-25,NEEDS_APPROVAL,COV-001,1,0,1,0,true,0.22
SYN006846,LONG_SERVICE,2027-01-23,2027-02-05,DECLINED,ELG-003|BAL-001|COV-001,10,0,10,0,true,0.54
SYN001475,ANNUAL,2027-01-23,2027-02-21,DECLINED,COV-001,16,0,16,0,true,0.61
SYN007607,ANNUAL,2027-01-23,2027-02-07,DECLINED,BAL-001,16,6,0,10,true,8.65
SYN000823,ANNUAL,2027-01-23,2027-01-29,NEEDS_APPROVAL,COV-001,4,0,2,2,true,0.34
SYN007080,ANNUAL,2027-01-23,2027-02-01,RECOMMEND_APPROVE,"",6,1,0,5,true,0.48
SYN007868,LONG_SERVICE,2027-01-23,2027-02-07,DECLINED,ELG-003|BAL-001,10,6,0,4,true,2.22
SYN001956,ANNUAL,2027-01-23,2027-01-31,NEEDS_APPROVAL,COV-001,7,0,7,0,true,0.67
SYN009018,TOIL,2027-01-23,2027-01-23,NEEDS_APPROVAL,ELG-001,0,0,0,0,false,0.16
SYN005011,TOIL,2027-01-23,2027-01-24,RECOMMEND_APPROVE,"",0,0,0,0,false,0.11
SYN003903,LONG_SERVICE,2027-01-23,2027-01-23,DECLINED,BAL-001|COV-001,1,0,1,0,true,0.3
SYN008588,ANNUAL,2027-01-23,2027-01-25,RECOMMEND_APPROVE,"",1,0,0,1,true,0.19
SYN003013,ANNUAL,2027-01-23,2027-01-31,RECOMMEND_APPROVE,"",5,0,0,5,true,0.27
SYN008574,LONG_SERVICE,2027-01-23,2027-01-25,NEEDS_APPROVAL,ELG-001,1,0,0,1,true,0.2
SYN005562,ANNUAL,2027-01-23,2027-01-24,NEEDS_APPROVAL,BAL-003,0,0,0,0,false,0.09
SYN004692,ANNUAL,2027-01-24,2027-02-01,RECOMMEND_APPROVE,"",6,4,0,2,true,0.66
SYN001979,LONG_SERVICE,2027-01-24,2027-01-28,DECLINED,BAL-001,2,0,0,2,true,0.3
SYN001841,ANNUAL,2027-01-24,2027-01-28,NEEDS_APPROVAL,ELG-001,4,2,0,2,true,0.93
SYN002460,ANNUAL,2027-01-24,2027-01-31,DECLINED,BAL-001,6,3,0,3,true,4.39
SYN003323,ANNUAL,2027-01-24,2027-02-21,DECLINED,BAL-001,13,0,0,13,true,1.32
SYN008301,TOIL,2027-01-25,2027-01-25,NEEDS_APPROVAL,ELG-001|BAL-003|COV-001,1,0,1,0,true,0.27
SYN003264,ANNUAL,2027-01-25,2027-02-21,DECLINED,COV-001,8,0,7,1,true,1.27
SYN007945,ANNUAL,2027-01-25,2027-02-07,DECLINED,BAL-001,8,2,0,6,true,1.04
SYN007905,ADO,2027-01-25,2027-01-26,NEEDS_APPROVAL,ELG-001,2,0,0,2,true,0.51
SYN008310,LONG_SERVICE,2027-01-25,2027-01-25,RECOMMEND_APPROVE,"",0,0,0,0,false,0.11
SYN000334,ANNUAL,2027-01-25,2027-02-07,RECOMMEND_APPROVE,"",6,3,0,3,true,1.25
SYN008227,TOIL,2027-01-25,2027-01-25,RECOMMEND_APPROVE,"",0,0,0,0,false,0.11
SYN006177,ADO,2027-01-25,2027-02-07,DECLINED,REQ-004|BAL-001,10,6,0,4,true,2.32
SYN005922,ANNUAL,2027-01-25,2027-02-14,RECOMMEND_APPROVE,"",6,0,0,6,true,0.38
SYN007545,ANNUAL,2027-01-25,2027-02-07,RECOMMEND_APPROVE,"",8,0,0,8,true,0.43
SYN001595,ANNUAL,2027-01-25,2027-02-08,DECLINED,COV-001,11,0,7,4,true,0.45
SYN007237,ANNUAL,2027-01-25,2027-02-05,DECLINED,BAL-001,10,0,0,10,true,0.57
SYN008144,ANNUAL,2027-01-25,2027-02-07,DECLINED,ELG-001|BAL-001,10,10,0,0,true,14.36
SYN009542,LONG_SERVICE,2027-01-25,2027-02-07,DECLINED,ELG-003,2,0,0,2,true,0.5
SYN000091,LONG_SERVICE,2027-01-25,2027-01-31,DECLINED,ELG-003|BAL-001,4,0,0,4,true,0.47
SYN006517,ANNUAL,2027-01-25,2027-01-25,RECOMMEND_APPROVE,"",1,0,0,1,true,0.24
SYN008571,ANNUAL,2027-01-25,2027-02-14,NEEDS_APPROVAL,ELG-001,12,0,0,12,true,1.0
SYN007571,LONG_SERVICE,2027-01-25,2027-01-29,DECLINED,ELG-001|ELG-003|BAL-001|COV-001,5,0,5,0,true,0.97
SYN003767,ADO,2027-01-25,2027-02-05,NEEDS_APPROVAL,REQ-004|BAL-003|COV-001,8,2,2,4,true,0.9
SYN008230,ANNUAL,2027-01-25,2027-01-31,RECOMMEND_APPROVE,"",1,0,0,1,true,0.3
SYN001977,ANNUAL,2027-01-25,2027-01-29,RECOMMEND_APPROVE,"",5,0,0,5,true,0.31
SYN004254,ANNUAL,2027-01-25,2027-01-31,RECOMMEND_APPROVE,"",2,0,0,2,true,0.4
SYN008798,TOIL,2027-01-25,2027-01-25,NEEDS_APPROVAL,ELG-001|BAL-003,1,0,0,1,true,0.25
SYN000848,ANNUAL,2027-01-25,2027-02-07,NEEDS_APPROVAL,ELG-001,4,0,0,4,true,0.5
SYN003599,UNPAID,2027-01-25,2027-06-06,NEEDS_APPROVAL,ELG-001,57,0,0,57,true,1.21
SYN005418,ANNUAL,2027-01-25,2027-01-31,RECOMMEND_APPROVE,"",4,4,0,0,true,3.17
SYN008509,ANNUAL,2027-01-25,2027-01-31,RECOMMEND_APPROVE,"",2,0,0,2,true,0.36
SYN007558,PROF_DEV,2027-01-25,2027-01-31,NEEDS_APPROVAL,COV-001,5,0,1,4,true,0.66
SYN008833,ANNUAL,2027-01-25,2027-03-07,NEEDS_APPROVAL,ELG-001|BAL-003,30,12,0,18,true,8.55
SYN000382,ANNUAL,2027-01-25,2027-01-25,NEEDS_APPROVAL,COV-001,1,0,1,0,true,0.24
SYN004050,ANNUAL,2027-01-25,2027-01-29,RECOMMEND_APPROVE,"",2,0,0,2,true,0.3
SYN009119,ANNUAL,2027-01-25,2027-02-14,NEEDS_APPROVAL,ELG-001,15,4,0,11,true,1.39
SYN002314,ANNUAL,2027-01-25,2027-01-31,RECOMMEND_APPROVE,"",5,3,0,2,true,0.96
SYN003865,ANNUAL,2027-01-25,2027-01-31,RECOMMEND_APPROVE,"",6,2,0,4,true,1.14
SYN006976,TOIL,2027-01-25,2027-01-25,DECLINED,ELG-002|BAL-003|COV-001,1,0,1,0,true,0.21
SYN009114,ANNUAL,2027-01-25,2027-01-25,DECLINED,ELG-001|BAL-001,1,1,0,0,true,0.94
SYN001728,ANNUAL,2027-01-25,2027-01-27,RECOMMEND_APPROVE,"",3,2,0,1,true,1.2
SYN002809,ANNUAL,2027-01-25,2027-02-14,RECOMMEND_APPROVE,"",9,5,0,4,true,5.06
SYN003662,ANNUAL,2027-01-25,2027-02-05,DECLINED,BAL-001,10,8,0,2,true,3.37
SYN007521,TOIL,2027-01-25,2027-01-25,RECOMMEND_APPROVE,"",1,1,0,0,true,0.51
SYN009382,ANNUAL,2027-01-25,2027-01-25,RECOMMEND_APPROVE,"",1,1,0,0,true,1.25
SYN006513,UNPAID,2027-01-25,2027-06-27,DECLINED,COV-001,110,42,40,28,true,12.51
SYN006740,LONG_SERVICE,2027-01-25,2027-01-25,DECLINED,BAL-001,1,1,0,0,true,0.45
SYN007440,ANNUAL,2027-01-25,2027-02-07,RECOMMEND_APPROVE,"",10,10,0,0,true,3.13
SYN001846,ANNUAL,2027-01-25,2027-01-31,NEEDS_APPROVAL,ELG-001,3,0,0,3,true,0.29
SYN008489,TOIL,2027-01-25,2027-01-27,RECOMMEND_APPROVE,"",2,2,0,0,true,1.24
SYN009495,PROF_DEV,2027-01-25,2027-01-31,RECOMMEND_APPROVE,"",1,0,0,1,true,0.3
SYN002958,ANNUAL,2027-01-25,2027-01-28,RECOMMEND_APPROVE,"",3,0,0,3,true,0.31
SYN004350,ANNUAL,2027-01-25,2027-02-05,NEEDS_APPROVAL,COV-001,10,2,2,6,true,0.73
SYN004072,ANNUAL,2027-01-25,2027-02-07,RECOMMEND_APPROVE,"",2,0,0,2,true,0.32
SYN005361,TOIL,2027-01-25,2027-01-25,NEEDS_APPROVAL,BAL-003|COV-001,1,0,1,0,true,0.19
SYN008294,ANNUAL,2027-01-25,2027-02-28,DECLINED,BAL-001,20,5,0,15,true,16.94
SYN006134,ANNUAL,2027-01-25,2027-01-31,RECOMMEND_APPROVE,"",1,1,0,0,true,1.07
SYN001708,LONG_SERVICE,2027-01-25,2027-01-28,NEEDS_APPROVAL,COV-001,4,0,3,1,true,0.32
SYN006395,TOIL,2027-01-25,2027-01-25,NEEDS_APPROVAL,BAL-003,1,0,0,1,true,0.33
SYN006414,ANNUAL,2027-01-25,2027-01-25,NEEDS_APPROVAL,ELG-001,1,1,0,0,true,0.95
SYN002450,ANNUAL,2027-01-25,2027-02-21,RECOMMEND_APPROVE,"",20,0,0,20,true,1.96
SYN002391,ANNUAL,2027-01-25,2027-02-14,RECOMMEND_APPROVE,"",12,0,0,12,true,0.72
SYN004859,ANNUAL,2027-01-25,2027-01-28,RECOMMEND_APPROVE,"",3,0,0,3,true,0.35
SYN009298,ANNUAL,2027-01-25,2027-02-04,NEEDS_APPROVAL,ELG-001|COV-001,11,3,2,6,true,1.3
SYN008607,TOIL,2027-01-25,2027-01-25,NEEDS_APPROVAL,BAL-003,0,0,0,0,false,0.11
SYN004611,ANNUAL,2027-01-25,2027-02-08,DECLINED,ELG-001|BAL-001,9,7,0,2,true,1.75
SYN008546,LONG_SERVICE,2027-01-25,2027-01-28,DECLINED,ELG-003|BAL-001,3,1,0,2,true,0.82
SYN003397,TOIL,2027-01-25,2027-01-25,RECOMMEND_APPROVE,"",1,1,0,0,true,0.33
SYN007676,ANNUAL,2027-01-25,2027-02-19,RECOMMEND_APPROVE,"",8,4,0,4,true,0.61
SYN001006,ANNUAL,2027-01-25,2027-01-28,NEEDS_APPROVAL,ELG-001,3,3,0,0,true,1.5
SYN003260,ANNUAL,2027-01-25,2027-02-01,RECOMMEND_APPROVE,"",3,0,0,3,true,0.33
SYN006820,ADO,2027-01-25,2027-02-07,DECLINED,REQ-004|BAL-001,12,10,0,2,true,10.71
SYN001587,ANNUAL,2027-01-25,2027-02-07,RECOMMEND_APPROVE,"",4,0,0,4,true,0.78
SYN005732,ANNUAL,2027-01-25,2027-01-31,RECOMMEND_APPROVE,"",4,0,0,4,true,0.36
SYN007704,ANNUAL,2027-01-25,2027-01-29,RECOMMEND_APPROVE,"",4,0,0,4,true,0.37
SYN000781,ANNUAL,2027-01-25,2027-02-15,DECLINED,COV-001,16,6,3,7,true,1.84
SYN009278,TOIL,2027-01-25,2027-01-25,RECOMMEND_APPROVE,"",0,0,0,0,false,0.12
SYN003284,UNPAID,2027-01-25,2027-04-04,RECOMMEND_APPROVE,"",50,26,0,24,true,17.85
SYN004657,TOIL,2027-01-25,2027-01-25,NEEDS_APPROVAL,ELG-001,1,0,0,1,true,0.34
SYN002927,ANNUAL,2027-01-25,2027-01-31,RECOMMEND_APPROVE,"",3,1,0,2,true,1.81
SYN004286,TOIL,2027-01-25,2027-01-31,RECOMMEND_APPROVE,"",4,3,0,1,true,5.87
SYN003253,ANNUAL,2027-01-25,2027-01-31,NEEDS_APPROVAL,ELG-001|COV-001,3,2,1,0,true,0.99
SYN003529,ANNUAL,2027-01-25,2027-01-31,NEEDS_APPROVAL,COV-001,6,2,4,0,true,0.78
SYN003468,ANNUAL,2027-01-25,2027-02-21,RECOMMEND_APPROVE,"",12,0,0,12,true,0.57
SYN004717,ANNUAL,2027-01-25,2027-02-01,NEEDS_APPROVAL,ELG-001|COV-003|COV-002,6,4,0,2,true,1.19
SYN007258,ANNUAL,2027-01-25,2027-02-07,NEEDS_APPROVAL,COV-001,10,5,1,4,true,1.64
SYN005713,ANNUAL,2027-01-25,2027-02-14,DECLINED,ELG-002|BAL-001,18,3,0,15,true,1.5
SYN003833,ANNUAL,2027-01-25,2027-01-31,RECOMMEND_APPROVE,"",4,1,0,3,true,0.91
SYN002904,PARENTAL,2027-01-25,2027-02-14,DECLINED,COV-001,15,0,12,3,true,0.53
SYN008073,ANNUAL,2027-01-25,2027-01-31,NEEDS_APPROVAL,BAL-003,2,2,0,0,true,6.46
SYN008020,ANNUAL,2027-01-25,2027-01-31,NEEDS_APPROVAL,COV-001,2,0,1,1,true,0.31
SYN001458,ANNUAL,2027-01-25,2027-01-25,RECOMMEND_APPROVE,"",1,0,0,1,true,0.23
SYN002175,ANNUAL,2027-01-25,2027-01-25,NEEDS_APPROVAL,COV-001,1,0,1,0,true,0.23
SYN002991,ANNUAL,2027-01-25,2027-03-07,DECLINED,COV-001,18,6,6,6,true,1.91
SYN005212,LONG_SERVICE,2027-01-25,2027-01-31,DECLINED,ELG-003|BAL-001,5,3,0,2,true,1.61
SYN000326,TOIL,2027-01-25,2027-02-14,RECOMMEND_APPROVE,"",6,6,0,0,true,13.03
SYN005523,ANNUAL,2027-01-25,2027-02-07,RECOMMEND_APPROVE,"",4,4,0,0,true,7.14
SYN003838,ANNUAL,2027-01-25,2027-01-31,RECOMMEND_APPROVE,"",5,3,0,2,true,2.08
SYN004420,ADO,2027-01-25,2027-01-25,NEEDS_APPROVAL,ELG-001,1,1,0,0,true,0.44
SYN005206,ANNUAL,2027-01-25,2027-02-10,RECOMMEND_APPROVE,"",11,0,0,11,true,1.01
SYN000667,LONG_SERVICE,2027-01-25,2027-01-29,DECLINED,ELG-003|BAL-001,4,0,0,4,true,0.4
SYN003172,ANNUAL,2027-01-25,2027-02-01,RECOMMEND_APPROVE,"",6,2,0,4,true,0.59
SYN002113,ANNUAL,2027-01-25,2027-02-08,RECOMMEND_APPROVE,"",5,2,0,3,true,2.16
SYN009165,TOIL,2027-01-25,2027-02-07,DECLINED,BAL-001|COV-001,8,1,3,4,true,0.75
SYN004752,ANNUAL,2027-01-25,2027-02-28,DECLINED,BAL-001,15,0,0,15,true,0.79
SYN003456,ANNUAL,2027-01-25,2027-01-25,RECOMMEND_APPROVE,"",1,1,0,0,true,0.92
SYN002644,TOIL,2027-01-25,2027-01-25,NEEDS_APPROVAL,BAL-003,1,0,0,1,true,0.3
SYN005279,TOIL,2027-01-25,2027-01-26,RECOMMEND_APPROVE,"",1,0,0,1,true,0.37
SYN003280,TOIL,2027-01-25,2027-01-25,NEEDS_APPROVAL,BAL-003,1,0,0,1,true,0.23
SYN008302,ANNUAL,2027-01-25,2027-02-07,DECLINED,BAL-001,8,1,0,7,true,1.01
SYN002868,ANNUAL,2027-01-25,2027-02-07,RECOMMEND_APPROVE,"",8,8,0,0,true,8.22
SYN003881,ANNUAL,2027-01-25,2027-02-07,DECLINED,BAL-001,6,2,0,4,true,0.78
SYN000843,ANNUAL,2027-01-25,2027-02-07,RECOMMEND_APPROVE,"",4,2,0,2,true,0.92
SYN002100,ANNUAL,2027-01-25,2027-01-31,NEEDS_APPROVAL,COV-001,4,0,1,3,true,0.3
SYN000107,ANNUAL,2027-01-25,2027-02-07,DECLINED,BAL-001|COV-001,10,0,6,4,true,0.52
SYN001536,ANNUAL,2027-01-25,2027-01-31,RECOMMEND_APPROVE,"",1,0,0,1,true,0.32
SYN003101,ANNUAL,2027-01-25,2027-02-07,RECOMMEND_APPROVE,"",10,2,0,8,true,1.54
SYN001548,ANNUAL,2027-01-25,2027-03-21,DECLINED,ELG-001|BAL-001,32,24,0,8,true,11.01
SYN001159,ANNUAL,2027-01-25,2027-01-31,RECOMMEND_APPROVE,"",6,2,0,4,true,1.87
SYN007193,LONG_SERVICE,2027-01-25,2027-02-28,DECLINED,ELG-003|BAL-001,5,0,0,5,true,0.99
SYN008180,LONG_SERVICE,2027-01-25,2027-02-14,DECLINED,ELG-003|BAL-001,15,8,0,7,true,2.31
SYN006100,ANNUAL,2027-01-25,2027-02-22,NEEDS_APPROVAL,ELG-001,13,0,0,13,true,0.71
SYN008063,ANNUAL,2027-01-25,2027-01-31,RECOMMEND_APPROVE,"",4,3,0,1,true,8.2
SYN008560,ANNUAL,2027-01-25,2027-02-07,RECOMMEND_APPROVE,"",2,0,0,2,true,0.4
SYN006171,TOIL,2027-01-25,2027-01-25,DECLINED,BAL-001,1,1,0,0,true,0.56
SYN006309,ANNUAL,2027-01-25,2027-02-07,RECOMMEND_APPROVE,"",10,0,0,10,true,0.65
SYN003187,ANNUAL,2027-01-25,2027-02-07,RECOMMEND_APPROVE,"",10,0,0,10,true,0.49
SYN006523,ANNUAL,2027-01-25,2027-01-26,NEEDS_APPROVAL,COV-001,1,0,1,0,true,0.22
SYN007341,ANNUAL,2027-01-25,2027-01-25,RECOMMEND_APPROVE,"",1,0,0,1,true,0.24
SYN005158,TOIL,2027-01-25,2027-01-25,NEEDS_APPROVAL,BAL-003,1,0,0,1,true,0.15
SYN003235,ANNUAL,2027-01-25,2027-02-07,RECOMMEND_APPROVE,"",10,5,0,5,true,2.63
SYN006549,LONG_SERVICE,2027-01-25,2027-02-15,DECLINED,ELG-003,10,3,0,7,true,0.7
SYN006866,ANNUAL,2027-01-25,2027-02-07,RECOMMEND_APPROVE,"",6,4,0,2,true,0.79
SYN001915,ANNUAL,2027-01-25,2027-01-31,RECOMMEND_APPROVE,"",5,2,0,3,true,1.1
SYN005765,ANNUAL,2027-01-25,2027-01-26,RECOMMEND_APPROVE,"",1,0,0,1,true,0.25
SYN002541,LONG_SERVICE,2027-01-25,2027-01-31,DECLINED,BAL-001,6,2,0,4,true,3.43
SYN005275,TOIL,2027-01-25,2027-01-25,NEEDS_APPROVAL,BAL-003,1,1,0,0,true,0.39
SYN002937,LONG_SERVICE,2027-01-25,2027-02-07,DECLINED,BAL-001,10,10,0,0,true,8.03
SYN003930,ANNUAL,2027-01-25,2027-01-31,NEEDS_APPROVAL,ELG-001,4,3,0,1,true,2.48
SYN004856,ANNUAL,2027-01-25,2027-03-01,DECLINED,BAL-001,30,3,0,27,true,8.2
SYN004681,TOIL,2027-01-25,2027-01-25,RECOMMEND_APPROVE,"",1,0,0,1,true,0.24
SYN007483,ANNUAL,2027-01-25,2027-01-25,RECOMMEND_APPROVE,"",1,1,0,0,true,0.46
SYN003684,ANNUAL,2027-01-25,2027-02-07,RECOMMEND_APPROVE,"",8,2,0,6,true,5.75
SYN001310,ANNUAL,2027-01-25,2027-02-07,RECOMMEND_APPROVE,"",6,2,0,4,true,2.08
SYN006226,ANNUAL,2027-01-25,2027-02-07,RECOMMEND_APPROVE,"",10,10,0,0,true,6.17
SYN008181,ANNUAL,2027-01-25,2027-02-14,DECLINED,ELG-001|COV-001,15,0,6,9,true,1.78
SYN008892,ANNUAL,2027-01-25,2027-02-21,DECLINED,BAL-001,24,15,0,9,true,12.82
SYN002688,TOIL,2027-01-25,2027-01-25,NEEDS_APPROVAL,BAL-003,1,0,0,1,true,0.22
SYN003690,ANNUAL,2027-01-26,2027-01-28,NEEDS_APPROVAL,ELG-001,2,2,0,0,true,0.52
SYN004580,ANNUAL,2027-01-26,2027-01-28,RECOMMEND_APPROVE,"",3,1,0,2,true,0.38
SYN003290,TOIL,2027-01-26,2027-01-26,NEEDS_APPROVAL,ELG-001,1,0,0,1,true,0.43
SYN001897,LONG_SERVICE,2027-01-26,2027-01-26,NEEDS_APPROVAL,COV-002,1,0,0,1,true,0.23
SYN006964,ANNUAL,2027-01-26,2027-01-28,NEEDS_APPROVAL,COV-001,3,0,3,0,true,0.34
SYN000382,TOIL,2027-01-26,2027-01-26,NEEDS_APPROVAL,BAL-003|COV-001,1,0,1,0,true,0.19
SYN002146,ANNUAL,2027-01-26,2027-01-28,NEEDS_APPROVAL,COV-001,3,0,1,2,true,0.26
SYN008607,ANNUAL,2027-01-26,2027-01-28,NEEDS_APPROVAL,COV-001,2,0,1,1,true,0.29
SYN006414,TOIL,2027-01-26,2027-01-26,NEEDS_APPROVAL,ELG-001,1,0,0,1,true,0.26
SYN003349,ADO,2027-01-26,2027-01-28,NEEDS_APPROVAL,REQ-004|ELG-001|BAL-003,3,0,0,3,true,0.29
SYN002644,ANNUAL,2027-01-26,2027-01-28,RECOMMEND_APPROVE,"",3,2,0,1,true,0.82
SYN003280,ANNUAL,2027-01-26,2027-01-28,RECOMMEND_APPROVE,"",3,1,0,2,true,0.53
SYN001936,TOIL,2027-01-26,2027-01-26,RECOMMEND_APPROVE,"",0,0,0,0,false,0.12
SYN008310,TOIL,2027-01-26,2027-01-26,NEEDS_APPROVAL,COV-001,1,0,1,0,true,0.22
SYN007483,TOIL,2027-01-26,2027-01-26,RECOMMEND_APPROVE,"",1,0,0,1,true,0.17
SYN008301,ANNUAL,2027-01-26,2027-01-28,NEEDS_APPROVAL,ELG-001|COV-001,3,0,2,1,true,0.35
SYN001332,ANNUAL,2027-01-26,2027-01-28,RECOMMEND_APPROVE,"",2,1,0,1,true,0.62
SYN006432,ANNUAL,2027-01-26,2027-01-28,RECOMMEND_APPROVE,"",3,0,0,3,true,0.25
SYN001108,TOIL,2027-01-26,2027-01-26,NEEDS_APPROVAL,BAL-003,1,1,0,0,true,0.29
SYN001771,UNPAID,2027-01-26,2027-01-27,NEEDS_APPROVAL,COV-001,1,0,1,0,true,0.23
SYN005137,ANNUAL,2027-01-26,2027-01-28,NEEDS_APPROVAL,COV-001,3,0,3,0,true,0.3
SYN004537,LONG_SERVICE,2027-01-26,2027-01-26,DECLINED,ELG-003,1,0,0,1,true,0.24
SYN004657,LONG_SERVICE,2027-01-26,2027-02-05,DECLINED,ELG-001|ELG-003|BAL-001|COV-001,9,0,6,3,true,0.7
SYN006171,ANNUAL,2027-01-26,2027-01-28,RECOMMEND_APPROVE,"",2,2,0,0,true,0.7
SYN003813,LONG_SERVICE,2027-01-26,2027-01-27,DECLINED,BAL-001,2,2,0,0,true,1.79
SYN001775,ANNUAL,2027-01-26,2027-01-28,NEEDS_APPROVAL,COV-001|COV-002,2,0,1,1,true,0.32
SYN008796,ANNUAL,2027-01-26,2027-01-26,NEEDS_APPROVAL,ELG-001,1,1,0,0,true,0.47
SYN002839,LONG_SERVICE,2027-01-26,2027-01-28,DECLINED,ELG-001|BAL-001|COV-001,2,1,1,0,true,0.52
SYN007341,TOIL,2027-01-26,2027-01-26,NEEDS_APPROVAL,BAL-003,1,0,0,1,true,0.21
SYN006976,ANNUAL,2027-01-26,2027-01-28,NEEDS_APPROVAL,COV-001,3,0,3,0,true,0.27
SYN004310,LONG_SERVICE,2027-01-26,2027-02-08,DECLINED,BAL-001,8,0,0,8,true,0.38
SYN004100,ANNUAL,2027-01-26,2027-01-28,NEEDS_APPROVAL,COV-001,3,0,2,1,true,0.3
SYN000809,TOIL,2027-01-26,2027-01-26,NEEDS_APPROVAL,BAL-003,1,1,0,0,true,0.27
SYN004392,TOIL,2027-01-26,2027-01-26,NEEDS_APPROVAL,BAL-003,1,0,0,1,true,0.16
SYN003739,ANNUAL,2027-01-26,2027-01-29,NEEDS_APPROVAL,COV-001,4,0,2,2,true,0.39
SYN005620,ANNUAL,2027-01-26,2027-01-28,NEEDS_APPROVAL,COV-001,3,0,1,2,true,0.31
SYN002688,LONG_SERVICE,2027-01-26,2027-01-28,DECLINED,BAL-001,3,0,0,3,true,0.26
SYN009366,LONG_SERVICE,2027-01-26,2027-02-05,DECLINED,ELG-003|BAL-001|COV-001,9,0,1,8,true,0.76
SYN008227,LONG_SERVICE,2027-01-26,2027-01-28,DECLINED,ELG-003|BAL-001|COV-002,1,1,0,0,true,2.05
SYN005121,TOIL,2027-01-26,2027-01-26,RECOMMEND_APPROVE,"",1,0,0,1,true,0.54
SYN000252,ANNUAL,2027-01-26,2027-01-28,RECOMMEND_APPROVE,"",2,0,0,2,true,0.31
SYN000684,TOIL,2027-01-26,2027-01-26,RECOMMEND_APPROVE,"",1,1,0,0,true,0.49
SYN002060,ANNUAL,2027-01-26,2027-01-27,RECOMMEND_APPROVE,"",2,0,0,2,true,0.47
SYN003251,ADO,2027-01-26,2027-01-31,DECLINED,REQ-004|BAL-001|COV-001,4,1,2,1,true,0.45
SYN006740,TOIL,2027-01-26,2027-01-26,RECOMMEND_APPROVE,"",1,0,0,1,true,0.19
SYN007182,ANNUAL,2027-01-26,2027-01-28,NEEDS_APPROVAL,ELG-001|COV-001,3,0,3,0,true,0.32
SYN005275,ANNUAL,2027-01-26,2027-01-28,RECOMMEND_APPROVE,"",3,2,0,1,true,0.56
SYN005158,ANNUAL,2027-01-26,2027-01-28,RECOMMEND_APPROVE,"",2,0,0,2,true,1.87
SYN005242,ANNUAL,2027-01-26,2027-01-28,RECOMMEND_APPROVE,"",1,1,0,0,true,0.63
SYN003907,ANNUAL,2027-01-26,2027-02-07,RECOMMEND_APPROVE,"",5,2,0,3,true,1.94
SYN004949,ANNUAL,2027-01-27,2027-02-14,RECOMMEND_APPROVE,"",13,3,0,10,true,1.05
SYN001458,ANNUAL,2027-01-27,2027-01-27,RECOMMEND_APPROVE,"",1,0,0,1,true,0.23
SYN008662,ANNUAL,2027-01-27,2027-01-31,NEEDS_APPROVAL,ELG-001|COV-001,3,0,2,1,true,0.31
SYN003290,LONG_SERVICE,2027-01-27,2027-02-01,DECLINED,ELG-001|BAL-001,4,3,0,1,true,1.22
SYN008796,ANNUAL,2027-01-27,2027-01-28,NEEDS_APPROVAL,ELG-001,2,0,0,2,true,0.3
SYN001863,ANNUAL,2027-01-27,2027-01-31,NEEDS_APPROVAL,COV-001,3,0,3,0,true,0.6
SYN007483,ANNUAL,2027-01-27,2027-02-07,RECOMMEND_APPROVE,"",8,2,0,6,true,0.78
SYN001936,ANNUAL,2027-01-27,2027-01-31,NEEDS_APPROVAL,COV-001,2,0,1,1,true,0.22
SYN004392,ANNUAL,2027-01-27,2027-01-31,RECOMMEND_APPROVE,"",3,0,0,3,true,0.22
SYN002692,ANNUAL,2027-01-27,2027-01-29,NEEDS_APPROVAL,COV-001,3,0,1,2,true,0.25
SYN006740,LONG_SERVICE,2027-01-27,2027-02-28,DECLINED,BAL-001|COV-001,18,4,5,9,true,1.42
SYN000809,ANNUAL,2027-01-27,2027-02-03,RECOMMEND_APPROVE,"",5,2,0,3,true,0.67
SYN000684,LONG_SERVICE,2027-01-27,2027-02-02,DECLINED,ELG-001|ELG-003|BAL-001,3,2,0,1,true,1.18
SYN000382,ANNUAL,2027-01-27,2027-02-05,NEEDS_APPROVAL,COV-001,8,0,6,2,true,0.35
SYN006414,ANNUAL,2027-01-27,2027-01-31,NEEDS_APPROVAL,ELG-001,2,2,0,0,true,3.54
SYN003710,ANNUAL,2027-01-27,2027-01-29,NEEDS_APPROVAL,ELG-001|COV-001|COV-002,3,0,2,1,true,0.47
SYN002175,ANNUAL,2027-01-27,2027-01-29,RECOMMEND_APPROVE,"",3,1,0,2,true,0.33
SYN002880,TOIL,2027-01-28,2027-01-28,RECOMMEND_APPROVE,"",1,0,0,1,true,0.18
SYN006652,UNPAID,2027-01-28,2027-04-11,NEEDS_APPROVAL,ELG-001,52,0,0,52,true,5.23
SYN008192,TOIL,2027-01-28,2027-01-30,RECOMMEND_APPROVE,"",3,0,0,3,true,0.32
SYN002968,ANNUAL,2027-01-28,2027-02-16,DECLINED,BAL-001,14,5,0,9,true,10.13
SYN007364,ANNUAL,2027-01-28,2027-02-18,DECLINED,ELG-001|COV-001,16,0,3,13,true,0.92
SYN006345,ANNUAL,2027-01-28,2027-02-04,RECOMMEND_APPROVE,"",5,4,0,1,true,1.14
SYN000661,LONG_SERVICE,2027-01-28,2027-02-14,DECLINED,ELG-001|BAL-001,14,8,0,6,true,8.48
SYN008955,LONG_SERVICE,2027-01-28,2027-02-01,DECLINED,ELG-003|BAL-001,3,0,0,3,true,0.32
SYN008232,LONG_SERVICE,2027-01-28,2027-01-28,DECLINED,ELG-001|ELG-003|BAL-001,1,1,0,0,true,0.76
SYN006850,ANNUAL,2027-01-28,2027-01-28,RECOMMEND_APPROVE,"",1,0,0,1,true,0.2
SYN003903,ANNUAL,2027-01-29,2027-02-07,DECLINED,BAL-001|COV-001,5,0,4,1,true,0.6
SYN004681,TOIL,2027-01-29,2027-01-29,RECOMMEND_APPROVE,"",0,0,0,0,false,0.11
SYN005036,ANNUAL,2027-01-29,2027-02-22,RECOMMEND_APPROVE,"",7,0,0,7,true,0.72
SYN008301,TOIL,2027-01-29,2027-01-29,NEEDS_APPROVAL,ELG-001|BAL-003,1,0,0,1,true,0.23
SYN005242,TOIL,2027-01-29,2027-01-29,NEEDS_APPROVAL,BAL-003,1,1,0,0,true,0.5
SYN000632,ANNUAL,2027-01-29,2027-02-01,RECOMMEND_APPROVE,"",2,0,0,2,true,0.21
SYN002963,ANNUAL,2027-01-29,2027-02-14,RECOMMEND_APPROVE,"",13,13,0,0,true,7.06
SYN001775,TOIL,2027-01-29,2027-01-29,RECOMMEND_APPROVE,"",0,0,0,0,false,0.12
SYN009143,LONG_SERVICE,2027-01-29,2027-01-29,DECLINED,ELG-003|BAL-001,1,1,0,0,true,0.34
SYN002958,TOIL,2027-01-29,2027-01-29,NEEDS_APPROVAL,BAL-003,1,0,0,1,true,0.23
SYN002839,TOIL,2027-01-29,2027-01-29,NEEDS_APPROVAL,ELG-001|BAL-003,0,0,0,0,false,0.12
SYN001210,TOIL,2027-01-29,2027-01-29,NEEDS_APPROVAL,BAL-003,1,1,0,0,true,0.22
SYN000596,TOIL,2027-01-29,2027-01-29,RECOMMEND_APPROVE,"",1,0,0,1,true,0.32
SYN000722,ANNUAL,2027-01-29,2027-02-05,NEEDS_APPROVAL,ELG-001|COV-001,6,0,2,4,true,0.38
SYN001841,TOIL,2027-01-29,2027-01-29,NEEDS_APPROVAL,ELG-001|BAL-003,1,0,0,1,true,0.27
SYN001462,ANNUAL,2027-01-29,2027-02-01,NEEDS_APPROVAL,ELG-001,2,0,0,2,true,0.22
SYN002097,TOIL,2027-01-29,2027-01-29,NEEDS_APPROVAL,BAL-003,1,1,0,0,true,0.92
SYN004137,TOIL,2027-01-29,2027-01-29,RECOMMEND_APPROVE,"",1,0,0,1,true,0.26
SYN001458,ANNUAL,2027-01-29,2027-01-29,RECOMMEND_APPROVE,"",1,0,0,1,true,0.19
SYN001459,ANNUAL,2027-01-29,2027-02-01,RECOMMEND_APPROVE,"",2,0,0,2,true,0.18
SYN005137,TOIL,2027-01-29,2027-01-29,NEEDS_APPROVAL,BAL-003|COV-001,1,0,1,0,true,0.19
SYN002688,TOIL,2027-01-29,2027-01-29,NEEDS_APPROVAL,BAL-003,1,0,0,1,true,0.15
SYN003280,TOIL,2027-01-29,2027-01-29,NEEDS_APPROVAL,BAL-003,1,0,0,1,true,0.23
SYN004777,ANNUAL,2027-01-29,2027-02-07,RECOMMEND_APPROVE,"",4,2,0,2,true,0.47
SYN008546,LONG_SERVICE,2027-01-30,2027-02-14,DECLINED,ELG-003|BAL-001,6,2,0,4,true,1.19
SYN001841,ANNUAL,2027-01-30,2027-02-19,NEEDS_APPROVAL,ELG-001,15,2,0,13,true,1.63
SYN002958,ANNUAL,2027-01-30,2027-02-07,RECOMMEND_APPROVE,"",6,0,0,6,true,0.42
SYN006976,ANNUAL,2027-01-30,2027-02-07,NEEDS_APPROVAL,COV-001,5,0,3,2,true,0.31
SYN001979,LONG_SERVICE,2027-01-30,2027-02-03,DECLINED,BAL-001,1,0,0,1,true,0.22
SYN001775,ANNUAL,2027-01-30,2027-02-14,RECOMMEND_APPROVE,"",6,0,0,6,true,0.47
SYN005285,ANNUAL,2027-01-30,2027-02-28,DECLINED,BAL-001,12,0,0,12,true,1.64
SYN006171,ANNUAL,2027-01-30,2027-02-10,DECLINED,BAL-001,8,6,0,2,true,1.93
SYN003280,ANNUAL,2027-01-30,2027-02-05,RECOMMEND_APPROVE,"",5,1,0,4,true,0.58
SYN001987,TOIL,2027-01-30,2027-01-30,RECOMMEND_APPROVE,"",0,0,0,0,false,0.11
SYN009193,ADO,2027-01-30,2027-01-31,RECOMMEND_APPROVE,"",0,0,0,0,false,0.11
SYN008301,ANNUAL,2027-01-30,2027-02-01,NEEDS_APPROVAL,ELG-001|COV-001,1,0,1,0,true,0.25
SYN001210,ANNUAL,2027-01-30,2027-02-08,NEEDS_APPROVAL,COV-001,5,0,5,0,true,0.3
SYN003690,ANNUAL,2027-01-30,2027-02-10,NEEDS_APPROVAL,ELG-001,3,3,0,0,true,0.56
SYN007168,LONG_SERVICE,2027-01-30,2027-01-30,DECLINED,ELG-003|BAL-001,1,0,0,1,true,0.33
SYN005242,ANNUAL,2027-01-30,2027-02-07,RECOMMEND_APPROVE,"",3,3,0,0,true,1.06
SYN000407,ANNUAL,2027-01-30,2027-01-31,RECOMMEND_APPROVE,"",1,0,0,1,true,0.21
SYN008607,ANNUAL,2027-01-30,2027-02-14,DECLINED,COV-001,6,0,2,4,true,0.38
SYN002688,LONG_SERVICE,2027-01-30,2027-03-07,DECLINED,BAL-001,25,0,0,25,true,0.57
SYN000336,ANNUAL,2027-01-31,2027-02-07,RECOMMEND_APPROVE,"",4,3,0,1,true,0.81
SYN006128,ANNUAL,2027-02-01,2027-03-04,DECLINED,BAL-001,24,8,0,16,true,19.18
SYN005872,ANNUAL,2027-02-01,2027-02-07,RECOMMEND_APPROVE,"",5,5,0,0,true,2.11
SYN004237,ANNUAL,2027-02-01,2027-02-14,RECOMMEND_APPROVE,"",12,6,0,6,true,1.09
SYN005851,ANNUAL,2027-02-01,2027-03-28,DECLINED,BAL-001,40,0,0,40,true,1.78
SYN005745,LONG_SERVICE,2027-02-01,2027-02-21,DECLINED,ELG-003,0,0,0,0,false,0.2
SYN003583,ANNUAL,2027-02-01,2027-02-14,NEEDS_APPROVAL,COV-001,10,0,2,8,true,0.92
SYN004622,ANNUAL,2027-02-01,2027-02-14,DECLINED,BAL-001,10,9,0,1,true,5.68
SYN009009,ANNUAL,2027-02-01,2027-02-16,DECLINED,COV-001,14,0,6,8,true,1.36
SYN009152,ANNUAL,2027-02-01,2027-02-14,DECLINED,ELG-001|BAL-001,8,0,0,8,true,1.04
SYN008265,ANNUAL,2027-02-01,2027-02-07,NEEDS_APPROVAL,ELG-001,6,3,0,3,true,7.77
SYN000804,ANNUAL,2027-02-01,2027-02-07,RECOMMEND_APPROVE,"",6,0,0,6,true,0.81
SYN005565,ANNUAL,2027-02-01,2027-02-12,NEEDS_APPROVAL,COV-001,10,0,8,2,true,0.43
SYN000823,ANNUAL,2027-02-01,2027-02-01,RECOMMEND_APPROVE,"",1,0,0,1,true,0.18
SYN007640,ANNUAL,2027-02-01,2027-02-07,RECOMMEND_APPROVE,"",1,1,0,0,true,0.37
SYN005004,ANNUAL,2027-02-01,2027-02-14,DECLINED,BAL-001,8,0,0,8,true,0.67
SYN005912,LONG_SERVICE,2027-02-01,2027-04-04,DECLINED,ELG-003|BAL-001,45,22,0,23,true,4.45
SYN000667,ANNUAL,2027-02-01,2027-02-03,RECOMMEND_APPROVE,"",3,0,0,3,true,0.27
SYN004339,ANNUAL,2027-02-01,2027-02-08,RECOMMEND_APPROVE,"",6,0,0,6,true,0.4
SYN002102,LONG_SERVICE,2027-02-01,2027-02-14,DECLINED,BAL-001,10,4,0,6,true,1.93
SYN006134,ANNUAL,2027-02-01,2027-02-07,RECOMMEND_APPROVE,"",1,1,0,0,true,1.07
SYN008917,ANNUAL,2027-02-01,2027-05-09,DECLINED,REQ-004|ELG-001|ELG-002|BAL-001,56,48,0,8,true,84.02
SYN004695,ANNUAL,2027-02-01,2027-03-07,DECLINED,BAL-001,25,15,0,10,true,29.36
SYN000817,ANNUAL,2027-02-01,2027-02-19,DECLINED,BAL-001|COV-001,12,0,12,0,true,0.64
SYN007182,LONG_SERVICE,2027-02-01,2027-04-16,DECLINED,ELG-001|ELG-003|BAL-001|COV-001,44,0,33,11,true,1.53
SYN007609,TOIL,2027-02-01,2027-02-14,DECLINED,BAL-001,8,4,0,4,true,1.13
SYN001101,ANNUAL,2027-02-01,2027-02-14,RECOMMEND_APPROVE,"",8,8,0,0,true,1.07
SYN003541,ANNUAL,2027-02-01,2027-02-21,RECOMMEND_APPROVE,"",15,0,0,15,true,0.48
SYN002314,ANNUAL,2027-02-01,2027-02-07,RECOMMEND_APPROVE,"",5,3,0,2,true,0.94
SYN001512,LONG_SERVICE,2027-02-01,2027-02-28,DECLINED,ELG-003|BAL-001,16,0,0,16,true,0.67
SYN001253,ANNUAL,2027-02-01,2027-02-28,DECLINED,ELG-001|BAL-001,16,0,0,16,true,0.62
SYN007400,ANNUAL,2027-02-01,2027-02-14,NEEDS_APPROVAL,ELG-001,10,2,0,8,true,1.53
SYN002456,PARENTAL,2027-02-01,2027-07-18,RECOMMEND_APPROVE,"",168,72,0,96,true,162.16
SYN001563,ANNUAL,2027-02-01,2027-02-28,DECLINED,BAL-001,20,0,0,20,true,0.76
SYN007269,ANNUAL,2027-02-01,2027-03-14,DECLINED,BAL-001|COV-003,36,18,0,18,true,6.24
SYN005753,ANNUAL,2027-02-01,2027-02-14,RECOMMEND_APPROVE,"",8,0,0,8,true,0.77
SYN004803,ANNUAL,2027-02-01,2027-02-17,NEEDS_APPROVAL,ELG-001,10,3,0,7,true,1.13
SYN001990,ANNUAL,2027-02-01,2027-02-07,RECOMMEND_APPROVE,"",1,0,0,1,true,0.28
SYN005279,TOIL,2027-02-01,2027-02-03,RECOMMEND_APPROVE,"",1,0,0,1,true,0.39
SYN000657,TOIL,2027-02-01,2027-02-09,NEEDS_APPROVAL,ELG-001,4,1,0,3,true,1.04
SYN009356,ANNUAL,2027-02-01,2027-02-12,NEEDS_APPROVAL,ELG-001,10,2,0,8,true,0.76
SYN004365,ANNUAL,2027-02-01,2027-02-21,RECOMMEND_APPROVE,"",15,0,0,15,true,1.28
SYN002541,LONG_SERVICE,2027-02-01,2027-02-07,DECLINED,BAL-001,6,2,0,4,true,3.1
SYN008922,ANNUAL,2027-02-01,2027-03-01,DECLINED,ELG-001|BAL-001,17,8,0,9,true,4.06
SYN005640,ANNUAL,2027-02-01,2027-02-07,RECOMMEND_APPROVE,"",4,2,0,2,true,1.17
SYN008393,ANNUAL,2027-02-01,2027-02-14,RECOMMEND_APPROVE,"",10,3,0,7,true,1.94
SYN001795,ANNUAL,2027-02-01,2027-03-02,RECOMMEND_APPROVE,"",22,0,0,22,true,0.99
SYN009495,LONG_SERVICE,2027-02-01,2027-02-07,DECLINED,ELG-003|BAL-001,1,0,0,1,true,0.35
SYN001277,TOIL,2027-02-01,2027-02-01,DECLINED,BAL-001,1,0,0,1,true,0.21
SYN006441,ANNUAL,2027-02-01,2027-02-07,RECOMMEND_APPROVE,"",5,4,0,1,true,1.2
SYN009515,ANNUAL,2027-02-01,2027-02-15,RECOMMEND_APPROVE,"",5,2,0,3,true,5.63
SYN009534,ANNUAL,2027-02-01,2027-03-07,DECLINED,COV-001,20,0,10,10,true,1.71
SYN002814,ANNUAL,2027-02-01,2027-02-06,RECOMMEND_APPROVE,"",3,0,0,3,true,0.3
SYN007624,LONG_SERVICE,2027-02-01,2027-02-14,DECLINED,ELG-003|BAL-001,6,1,0,5,true,0.91
SYN006841,ADO,2027-02-01,2027-02-07,NEEDS_APPROVAL,REQ-004|ELG-001,5,3,0,2,true,5.0
SYN008063,TOIL,2027-02-01,2027-02-07,RECOMMEND_APPROVE,"",4,3,0,1,true,8.05
SYN000868,ANNUAL,2027-02-01,2027-02-08,NEEDS_APPROVAL,COV-001,6,0,6,0,true,0.5
SYN000156,ANNUAL,2027-02-01,2027-02-10,RECOMMEND_APPROVE,"",5,2,0,3,true,1.11
SYN009459,ANNUAL,2027-02-01,2027-02-21,RECOMMEND_APPROVE,"",9,0,0,9,true,0.84
SYN001338,ANNUAL,2027-02-01,2027-02-21,RECOMMEND_APPROVE,"",9,6,0,3,true,2.22
SYN003823,TOIL,2027-02-01,2027-02-14,DECLINED,BAL-001,6,2,0,4,true,1.25
SYN007007,ANNUAL,2027-02-01,2027-02-19,RECOMMEND_APPROVE,"",14,11,0,3,true,9.33
SYN002060,ANNUAL,2027-02-01,2027-02-05,RECOMMEND_APPROVE,"",4,0,0,4,true,0.45
SYN005984,LONG_SERVICE,2027-02-01,2027-08-01,DECLINED,ELG-003|BAL-001,130,104,0,26,true,22.1
SYN002034,ANNUAL,2027-02-01,2027-02-14,RECOMMEND_APPROVE,"",10,5,0,5,true,9.35
SYN009466,ANNUAL,2027-02-01,2027-02-14,NEEDS_APPROVAL,ELG-001|COV-001,12,2,8,2,true,1.2
SYN000584,TOIL,2027-02-01,2027-02-21,DECLINED,ELG-001|BAL-001,15,3,0,12,true,2.62
SYN003002,ANNUAL,2027-02-01,2027-02-03,RECOMMEND_APPROVE,"",3,0,0,3,true,0.42
SYN004859,ANNUAL,2027-02-01,2027-02-07,RECOMMEND_APPROVE,"",5,0,0,5,true,0.39
SYN002215,ANNUAL,2027-02-01,2027-02-12,RECOMMEND_APPROVE,"",10,0,0,10,true,0.66
SYN004502,LONG_SERVICE,2027-02-01,2027-02-01,DECLINED,ELG-003|BAL-001,1,0,0,1,true,0.22
SYN005977,ANNUAL,2027-02-01,2027-02-07,RECOMMEND_APPROVE,"",3,3,0,0,true,11.55
SYN004100,ANNUAL,2027-02-01,2027-02-08,NEEDS_APPROVAL,COV-001,6,0,2,4,true,0.43
SYN008950,ANNUAL,2027-02-01,2027-02-09,RECOMMEND_APPROVE,"",4,0,0,4,true,0.31
SYN005121,ANNUAL,2027-02-01,2027-03-07,DECLINED,BAL-001,30,0,0,30,true,3.1
SYN009563,ANNUAL,2027-02-01,2027-02-01,NEEDS_APPROVAL,COV-001,1,0,1,0,true,0.38
SYN006194,LONG_SERVICE,2027-02-01,2027-02-15,DECLINED,ELG-003|BAL-001,11,2,0,9,true,0.78
SYN008998,LONG_SERVICE,2027-02-01,2027-02-05,DECLINED,ELG-001|ELG-003|BAL-001,4,4,0,0,true,0.76
SYN003915,ANNUAL,2027-02-01,2027-02-07,NEEDS_APPROVAL,COV-001,4,0,1,3,true,0.37
SYN007734,ANNUAL,2027-02-01,2027-02-07,NEEDS_APPROVAL,ELG-001,2,0,0,2,true,0.36
SYN001520,ANNUAL,2027-02-01,2027-03-28,DECLINED,ELG-001|BAL-001,40,0,0,40,true,3.62
SYN009145,ANNUAL,2027-02-01,2027-03-28,DECLINED,BAL-001,40,0,0,40,true,1.83
SYN003349,ANNUAL,2027-02-01,2027-02-14,NEEDS_APPROVAL,ELG-001|BAL-003,8,0,0,8,true,0.42
SYN003533,TOIL,2027-02-01,2027-02-14,NEEDS_APPROVAL,COV-001,12,4,2,6,true,1.62
SYN007181,ANNUAL,2027-02-01,2027-02-08,NEEDS_APPROVAL,ELG-001,6,0,0,6,true,0.34
SYN006095,ADO,2027-02-01,2027-02-14,NEEDS_APPROVAL,REQ-004|ELG-001,12,0,0,12,true,0.52
SYN008862,UNPAID,2027-02-01,2027-07-04,NEEDS_APPROVAL,ELG-001,88,68,0,20,true,119.93
SYN007351,ANNUAL,2027-02-01,2027-02-05,RECOMMEND_APPROVE,"",5,1,0,4,true,1.47
SYN000363,ANNUAL,2027-02-01,2027-02-22,DECLINED,COV-001,13,0,10,3,true,0.56
SYN001277,LONG_SERVICE,2027-02-02,2027-02-21,DECLINED,ELG-003|BAL-001,14,0,0,14,true,0.51
SYN000834,TOIL,2027-02-02,2027-02-02,NEEDS_APPROVAL,ELG-001,1,0,0,1,true,0.28
SYN008563,ANNUAL,2027-02-02,2027-02-10,RECOMMEND_APPROVE,"",4,4,0,0,true,0.48
SYN000940,ANNUAL,2027-02-02,2027-02-07,NEEDS_APPROVAL,ELG-001|COV-001,4,0,4,0,true,0.32
SYN001355,TOIL,2027-02-02,2027-02-02,DECLINED,ELG-001|BAL-001,1,0,0,1,true,0.25
SYN001508,ANNUAL,2027-02-02,2027-02-14,NEEDS_APPROVAL,ELG-001,7,2,0,5,true,1.24
SYN006248,ANNUAL,2027-02-02,2027-02-02,RECOMMEND_APPROVE,"",1,0,0,1,true,0.19
SYN004502,TOIL,2027-02-02,2027-02-02,RECOMMEND_APPROVE,"",1,0,0,1,true,0.17
SYN004661,TOIL,2027-02-02,2027-02-02,NEEDS_APPROVAL,BAL-003,1,0,0,1,true,0.16
SYN003172,TOIL,2027-02-02,2027-02-02,RECOMMEND_APPROVE,"",1,1,0,0,true,0.27
SYN008301,UNPAID,2027-02-02,2027-02-08,NEEDS_APPROVAL,ELG-001|COV-001,5,0,3,2,true,0.38
SYN002357,TOIL,2027-02-02,2027-02-02,NEEDS_APPROVAL,ELG-001,1,1,0,0,true,0.47
SYN002719,TOIL,2027-02-02,2027-02-02,RECOMMEND_APPROVE,"",0,0,0,0,false,0.1
SYN004129,ANNUAL,2027-02-02,2027-02-11,RECOMMEND_APPROVE,"",6,2,0,4,true,0.6
SYN008579,ANNUAL,2027-02-03,2027-02-12,RECOMMEND_APPROVE,"",6,0,0,6,true,0.86
SYN002379,ANNUAL,2027-02-03,2027-02-12,NEEDS_APPROVAL,COV-001,6,0,2,4,true,1.14
SYN006248,ANNUAL,2027-02-03,2027-02-05,NEEDS_APPROVAL,COV-001,3,0,2,1,true,0.34
SYN004502,LONG_SERVICE,2027-02-03,2027-02-08,DECLINED,ELG-003|BAL-001,3,0,0,3,true,0.28
SYN007905,ADO,2027-02-03,2027-02-03,NEEDS_APPROVAL,ELG-001,1,0,0,1,true,0.44
SYN005160,ANNUAL,2027-02-03,2027-02-05,NEEDS_APPROVAL,ELG-001,3,2,0,1,true,1.47
SYN002755,ANNUAL,2027-02-03,2027-02-14,NEEDS_APPROVAL,ELG-001,8,0,0,8,true,0.49
SYN002719,LONG_SERVICE,2027-02-03,2027-02-04,DECLINED,BAL-001,1,1,0,0,true,0.29
SYN001760,ANNUAL,2027-02-03,2027-02-17,DECLINED,COV-001,9,0,7,2,true,0.99
SYN003172,ANNUAL,2027-02-03,2027-02-07,RECOMMEND_APPROVE,"",3,1,0,2,true,0.36
SYN004784,ANNUAL,2027-02-03,2027-02-12,NEEDS_APPROVAL,COV-001,8,0,4,4,true,0.55
SYN008951,ANNUAL,2027-02-03,2027-02-22,DECLINED,ELG-001|BAL-001,15,5,0,10,true,6.97
SYN001355,LONG_SERVICE,2027-02-03,2027-02-21,DECLINED,ELG-001|ELG-003|BAL-001,11,0,0,11,true,0.46
SYN008661,ADO,2027-02-03,2027-02-05,DECLINED,REQ-004|ELG-001|BAL-001,3,0,0,3,true,0.36
SYN007847,TOIL,2027-02-03,2027-02-03,RECOMMEND_APPROVE,"",0,0,0,0,false,0.12
SYN002357,LONG_SERVICE,2027-02-03,2027-02-07,DECLINED,ELG-001|BAL-001,3,2,0,1,true,0.69
SYN008631,ANNUAL,2027-02-03,2027-02-05,NEEDS_APPROVAL,ELG-001|COV-001,3,0,1,2,true,0.25
SYN003710,ANNUAL,2027-02-03,2027-02-05,NEEDS_APPROVAL,ELG-001,3,0,0,3,true,0.39
SYN009208,ANNUAL,2027-02-04,2027-02-07,NEEDS_APPROVAL,COV-001,2,0,1,1,true,0.24
SYN005048,ANNUAL,2027-02-04,2027-02-08,RECOMMEND_APPROVE,"",2,1,0,1,true,0.99
SYN000809,ANNUAL,2027-02-04,2027-02-04,RECOMMEND_APPROVE,"",1,0,0,1,true,0.36
SYN004252,ANNUAL,2027-02-04,2027-02-05,RECOMMEND_APPROVE,"",1,0,0,1,true,0.18
SYN007383,LONG_SERVICE,2027-02-04,2027-02-04,DECLINED,ELG-003|BAL-001,1,0,0,1,true,0.34
SYN003002,PROF_DEV,2027-02-04,2027-02-05,DECLINED,BAL-001,2,0,0,2,true,0.34
SYN000684,LONG_SERVICE,2027-02-04,2027-02-10,DECLINED,ELG-001|ELG-003|BAL-001,3,2,0,1,true,0.84
SYN006666,ANNUAL,2027-02-04,2027-02-04,RECOMMEND_APPROVE,"",1,0,0,1,true,0.21
SYN004955,LONG_SERVICE,2027-02-04,2027-02-12,DECLINED,ELG-003|BAL-001,4,4,0,0,true,1.54
SYN003854,ANNUAL,2027-02-05,2027-02-12,RECOMMEND_APPROVE,"",4,3,0,1,true,0.94
SYN007893,ANNUAL,2027-02-05,2027-02-05,NEEDS_APPROVAL,BAL-003,1,0,0,1,true,0.21
SYN006827,LONG_SERVICE,2027-02-05,2027-02-12,DECLINED,ELG-003|BAL-001,2,0,0,2,true,0.26
SYN004464,TOIL,2027-02-05,2027-02-14,NEEDS_APPROVAL,ELG-001,1,0,0,1,true,0.25
SYN004112,LONG_SERVICE,2027-02-05,2027-02-05,DECLINED,ELG-001|BAL-001|COV-001,1,0,1,0,true,0.23
SYN004357,LONG_SERVICE,2027-02-05,2027-02-05,DECLINED,BAL-001|COV-001,1,0,1,0,true,0.28
SYN000859,ANNUAL,2027-02-05,2027-02-07,RECOMMEND_APPROVE,"",1,1,0,0,true,0.41
SYN009014,ANNUAL,2027-02-05,2027-02-21,DECLINED,ELG-001|BAL-001,7,2,0,5,true,1.49
SYN009114,ANNUAL,2027-02-05,2027-02-05,DECLINED,ELG-001|BAL-001,1,1,0,0,true,1.1
SYN009143,LONG_SERVICE,2027-02-05,2027-02-05,DECLINED,ELG-003|BAL-001,1,1,0,0,true,0.31
SYN003261,TOIL,2027-02-05,2027-02-05,RECOMMEND_APPROVE,"",1,0,0,1,true,0.27
SYN004011,TOIL,2027-02-05,2027-02-07,RECOMMEND_APPROVE,"",1,1,0,0,true,1.09
SYN002490,ANNUAL,2027-02-05,2027-02-05,NEEDS_APPROVAL,ELG-001,1,0,0,1,true,0.22
SYN008312,ANNUAL,2027-02-05,2027-02-05,RECOMMEND_APPROVE,"",1,0,0,1,true,0.17
SYN004490,ANNUAL,2027-02-06,2027-02-07,RECOMMEND_APPROVE,"",2,1,0,1,true,1.25
SYN000382,ANNUAL,2027-02-06,2027-02-12,NEEDS_APPROVAL,COV-001,5,0,4,1,true,0.29
SYN003002,ANNUAL,2027-02-06,2027-02-14,RECOMMEND_APPROVE,"",5,0,0,5,true,0.43
SYN000200,ANNUAL,2027-02-06,2027-02-16,RECOMMEND_APPROVE,"",7,7,0,0,true,2.03
SYN004673,LONG_SERVICE,2027-02-07,2027-02-07,DECLINED,ELG-003|BAL-001,1,0,0,1,true,0.53
SYN008694,ANNUAL,2027-02-07,2027-02-21,NEEDS_APPROVAL,ELG-001,4,2,0,2,true,1.24
SYN000823,ANNUAL,2027-02-08,2027-02-12,NEEDS_APPROVAL,COV-001,4,0,2,2,true,0.28
SYN005276,TOIL,2027-02-08,2027-03-07,RECOMMEND_APPROVE,"",16,0,0,16,true,0.46
SYN006478,ANNUAL,2027-02-08,2027-02-21,RECOMMEND_APPROVE,"",10,8,0,2,true,1.42
SYN006134,ANNUAL,2027-02-08,2027-02-14,RECOMMEND_APPROVE,"",1,0,0,1,true,0.45
SYN002588,ANNUAL,2027-02-08,2027-02-14,RECOMMEND_APPROVE,"",5,0,0,5,true,0.3
SYN006976,ANNUAL,2027-02-08,2027-02-19,NEEDS_APPROVAL,COV-001,10,0,6,4,true,0.43
SYN007020,TOIL,2027-02-08,2027-02-14,DECLINED,BAL-001,4,4,0,0,true,16.17
SYN003441,ANNUAL,2027-02-08,2027-02-21,RECOMMEND_APPROVE,"",8,0,0,8,true,0.51
SYN006846,ANNUAL,2027-02-08,2027-02-15,NEEDS_APPROVAL,COV-001,6,0,6,0,true,0.43
SYN000667,ANNUAL,2027-02-08,2027-02-10,RECOMMEND_APPROVE,"",3,0,0,3,true,0.3
SYN005204,ANNUAL,2027-02-08,2027-02-21,NEEDS_APPROVAL,ELG-001|COV-001,10,0,4,6,true,0.72
SYN004272,ANNUAL,2027-02-08,2027-03-01,RECOMMEND_APPROVE,"",16,10,0,6,true,3.05
SYN004331,ANNUAL,2027-02-08,2027-02-14,NEEDS_APPROVAL,COV-001,3,0,3,0,true,0.51
SYN000761,ANNUAL,2027-02-08,2027-02-21,RECOMMEND_APPROVE,"",10,0,0,10,true,0.42
SYN009418,TOIL,2027-02-08,2027-02-21,DECLINED,ELG-001|BAL-001,8,5,0,3,true,3.05
SYN004473,ANNUAL,2027-02-08,2027-02-22,DECLINED,COV-001,11,1,2,8,true,0.72
SYN001147,ANNUAL,2027-02-08,2027-02-28,RECOMMEND_APPROVE,"",12,4,0,8,true,3.7
SYN002280,ANNUAL,2027-02-08,2027-02-15,RECOMMEND_APPROVE,"",6,5,0,1,true,0.9
SYN001490,ANNUAL,2027-02-08,2027-03-07,RECOMMEND_APPROVE,"",12,4,0,8,true,3.36
SYN000804,ANNUAL,2027-02-08,2027-02-21,RECOMMEND_APPROVE,"",12,0,0,12,true,1.41
SYN001401,ANNUAL,2027-02-08,2027-02-14,RECOMMEND_APPROVE,"",2,0,0,2,true,0.23
SYN000570,ANNUAL,2027-02-08,2027-02-14,RECOMMEND_APPROVE,"",5,1,0,4,true,0.82
SYN000940,ANNUAL,2027-02-08,2027-02-09,NEEDS_APPROVAL,ELG-001|COV-001,2,0,2,0,true,0.34
SYN006841,TOIL,2027-02-08,2027-02-14,DECLINED,ELG-001|ELG-002|BAL-001,5,3,0,2,true,4.37
SYN008077,ANNUAL,2027-02-08,2027-02-19,RECOMMEND_APPROVE,"",10,8,0,2,true,4.5
SYN004137,ANNUAL,2027-02-08,2027-02-14,RECOMMEND_APPROVE,"",3,0,0,3,true,0.59
SYN004338,ANNUAL,2027-02-08,2027-02-28,DECLINED,COV-001,12,3,3,6,true,0.96
SYN005583,ANNUAL,2027-02-08,2027-02-25,RECOMMEND_APPROVE,"",16,2,0,14,true,1.11
SYN005512,ANNUAL,2027-02-08,2027-02-14,RECOMMEND_APPROVE,"",3,0,0,3,true,0.31
SYN002314,ANNUAL,2027-02-08,2027-02-14,RECOMMEND_APPROVE,"",5,2,0,3,true,0.84
SYN007995,ANNUAL,2027-02-08,2027-02-21,DECLINED,ELG-002|BAL-003,8,2,0,6,true,8.58
SYN004023,ADO,2027-02-08,2027-02-16,NEEDS_APPROVAL,REQ-004|BAL-003,6,0,0,6,true,0.4
SYN008092,ANNUAL,2027-02-08,2027-02-14,RECOMMEND_APPROVE,"",1,0,0,1,true,0.21
SYN008265,TOIL,2027-02-08,2027-02-10,DECLINED,ELG-001|BAL-001,3,2,0,1,true,4.62
SYN004830,ANNUAL,2027-02-08,2027-03-28,DECLINED,ELG-001|BAL-001|COV-001|COV-003,28,14,7,7,true,4.63
SYN002327,SICK,2027-02-08,2027-02-14,ACCEPTED,"",4,0,0,4,true,0.33
SYN001454,ANNUAL,2027-02-08,2027-02-21,NEEDS_APPROVAL,ELG-001,12,0,0,12,true,0.69
SYN009108,ANNUAL,2027-02-08,2027-02-12,NEEDS_APPROVAL,ELG-001,5,4,0,1,true,1.11
SYN006029,ANNUAL,2027-02-08,2027-02-28,RECOMMEND_APPROVE,"",6,6,0,0,true,1.35
SYN009143,ANNUAL,2027-02-08,2027-02-11,RECOMMEND_APPROVE,"",0,0,0,0,false,0.14
SYN000995,ANNUAL,2027-02-08,2027-03-04,DECLINED,ELG-001|COV-001,16,0,4,12,true,0.59
SYN000955,ANNUAL,2027-02-08,2027-02-14,RECOMMEND_APPROVE,"",5,1,0,4,true,0.97
SYN004069,LONG_SERVICE,2027-02-08,2027-02-18,DECLINED,ELG-001|BAL-001,9,0,0,9,true,0.81
SYN007929,ANNUAL,2027-02-08,2027-02-14,RECOMMEND_APPROVE,"",5,5,0,0,true,6.66
SYN003458,ANNUAL,2027-02-08,2027-02-14,RECOMMEND_APPROVE,"",5,1,0,4,true,0.56
SYN003903,TOIL,2027-02-08,2027-02-08,DECLINED,BAL-001,1,0,0,1,true,0.3
SYN003956,ANNUAL,2027-02-08,2027-03-07,DECLINED,BAL-001,20,4,0,16,true,1.03
SYN003847,ANNUAL,2027-02-08,2027-02-14,RECOMMEND_APPROVE,"",5,3,0,2,true,1.69
SYN007858,UNPAID,2027-02-08,2027-07-23,DECLINED,COV-001,120,11,44,65,true,4.96
SYN001497,ANNUAL,2027-02-08,2027-03-07,RECOMMEND_APPROVE,"",16,12,0,4,true,2.7
SYN009382,ANNUAL,2027-02-08,2027-02-08,RECOMMEND_APPROVE,"",1,1,0,0,true,1.48
SYN008871,ANNUAL,2027-02-08,2027-03-14,DECLINED,ELG-001|BAL-001,15,0,0,15,true,2.12
SYN006878,ANNUAL,2027-02-08,2027-03-07,RECOMMEND_APPROVE,"",0,0,0,0,false,0.21
SYN008148,ANNUAL,2027-02-08,2027-02-16,NEEDS_APPROVAL,COV-001,7,0,5,2,true,0.44
SYN005977,ANNUAL,2027-02-08,2027-02-21,RECOMMEND_APPROVE,"",6,6,0,0,true,23.32
SYN004134,TOIL,2027-02-08,2027-03-07,DECLINED,ELG-001|BAL-001,8,1,0,7,true,1.6
SYN008198,ANNUAL,2027-02-08,2027-02-12,RECOMMEND_APPROVE,"",3,0,0,3,true,0.35
SYN005020,ANNUAL,2027-02-08,2027-02-22,RECOMMEND_APPROVE,"",11,2,0,9,true,0.92
SYN006866,ANNUAL,2027-02-08,2027-02-14,RECOMMEND_APPROVE,"",3,2,0,1,true,0.48
SYN007538,ANNUAL,2027-02-08,2027-02-28,DECLINED,ELG-001|COV-001,21,0,4,17,true,1.15
SYN005684,ANNUAL,2027-02-08,2027-03-14,DECLINED,BAL-001,25,0,0,25,true,0.83
SYN009088,TOIL,2027-02-08,2027-02-08,DECLINED,ELG-001|BAL-001,1,0,0,1,true,0.29
SYN000091,LONG_SERVICE,2027-02-08,2027-02-14,DECLINED,ELG-003|BAL-001,4,0,0,4,true,0.4
SYN004252,ANNUAL,2027-02-08,2027-02-21,RECOMMEND_APPROVE,"",6,0,0,6,true,0.25
SYN000926,ADO,2027-02-08,2027-02-22,NEEDS_APPROVAL,REQ-004|ELG-001,10,0,0,10,true,1.01
SYN003825,ANNUAL,2027-02-08,2027-02-14,RECOMMEND_APPROVE,"",5,0,0,5,true,0.27
SYN001755,LONG_SERVICE,2027-02-08,2027-02-22,DECLINED,BAL-001,6,4,0,2,true,4.12
SYN002095,LONG_SERVICE,2027-02-08,2027-02-08,RECOMMEND_APPROVE,"",1,0,0,1,true,0.29
SYN004743,LONG_SERVICE,2027-02-08,2027-02-14,DECLINED,ELG-003|BAL-001,5,3,0,2,true,1.93
SYN003023,ANNUAL,2027-02-08,2027-03-07,RECOMMEND_APPROVE,"",20,0,0,20,true,1.13
SYN004511,ANNUAL,2027-02-08,2027-03-07,NEEDS_APPROVAL,ELG-001,8,2,0,6,true,1.18
SYN008661,ANNUAL,2027-02-08,2027-02-21,NEEDS_APPROVAL,ELG-001,10,0,0,10,true,0.59
SYN005380,ANNUAL,2027-02-08,2027-02-14,DECLINED,BAL-001,4,0,0,4,true,0.65
SYN001441,ANNUAL,2027-02-08,2027-02-14,RECOMMEND_APPROVE,"",6,3,0,3,true,3.58
SYN007521,LONG_SERVICE,2027-02-08,2027-02-14,DECLINED,ELG-003|BAL-001,4,2,0,2,true,0.78
SYN002541,TOIL,2027-02-08,2027-02-08,RECOMMEND_APPROVE,"",1,1,0,0,true,1.69
SYN002833,ANNUAL,2027-02-08,2027-02-08,NEEDS_APPROVAL,ELG-001|COV-001,1,0,1,0,true,0.25
SYN007440,ANNUAL,2027-02-08,2027-02-08,RECOMMEND_APPROVE,"",1,1,0,0,true,0.53
SYN003796,UNPAID,2027-02-08,2027-07-25,RECOMMEND_APPROVE,"",120,27,0,93,true,28.06
SYN007198,ANNUAL,2027-02-08,2027-02-21,RECOMMEND_APPROVE,"",4,2,0,2,true,6.21
SYN004217,TOIL,2027-02-09,2027-02-09,RECOMMEND_APPROVE,"",1,1,0,0,true,0.52
SYN003156,ANNUAL,2027-02-09,2027-02-23,RECOMMEND_APPROVE,"",9,0,0,9,true,0.49
SYN008312,ANNUAL,2027-02-09,2027-02-26,DECLINED,COV-001,14,5,6,3,true,1.29
SYN006266,LONG_SERVICE,2027-02-09,2027-02-14,DECLINED,ELG-003|BAL-001,4,0,0,4,true,0.46
SYN007847,ANNUAL,2027-02-09,2027-02-11,RECOMMEND_APPROVE,"",1,1,0,0,true,0.55
SYN000868,TOIL,2027-02-09,2027-02-09,NEEDS_APPROVAL,BAL-003|COV-001,1,0,1,0,true,0.22
SYN004339,TOIL,2027-02-09,2027-02-09,NEEDS_APPROVAL,BAL-003,1,0,0,1,true,0.22
SYN007440,TOIL,2027-02-09,2027-02-09,RECOMMEND_APPROVE,"",1,1,0,0,true,0.5
SYN002965,LONG_SERVICE,2027-02-09,2027-02-19,NEEDS_APPROVAL,COV-001,10,0,4,6,true,0.44
SYN007291,ANNUAL,2027-02-09,2027-02-17,NEEDS_APPROVAL,ELG-001|COV-001,5,0,1,4,true,0.32
SYN003903,ANNUAL,2027-02-09,2027-02-21,DECLINED,BAL-001|COV-001,5,0,4,1,true,0.62
SYN000859,TOIL,2027-02-09,2027-02-09,RECOMMEND_APPROVE,"",1,1,0,0,true,0.44
SYN000407,ANNUAL,2027-02-09,2027-02-22,RECOMMEND_APPROVE,"",12,2,0,10,true,0.82
SYN008226,ANNUAL,2027-02-09,2027-03-23,DECLINED,COV-001,25,0,7,18,true,1.04
SYN002541,LONG_SERVICE,2027-02-09,2027-02-14,DECLINED,BAL-001,5,1,0,4,true,1.8
SYN005794,TOIL,2027-02-09,2027-02-09,NEEDS_APPROVAL,BAL-003,1,0,0,1,true,0.22
SYN007561,ANNUAL,2027-02-10,2027-02-15,RECOMMEND_APPROVE,"",2,0,0,2,true,0.27
SYN005889,ANNUAL,2027-02-10,2027-02-15,NEEDS_APPROVAL,ELG-001|COV-001,4,0,1,3,true,0.31
SYN006093,ANNUAL,2027-02-10,2027-02-28,DECLINED,ELG-001|COV-001,13,3,10,0,true,0.88
SYN007955,ANNUAL,2027-02-10,2027-02-13,RECOMMEND_APPROVE,"",1,0,0,1,true,0.22
SYN000868,ANNUAL,2027-02-10,2027-02-12,NEEDS_APPROVAL,COV-001,3,0,3,0,true,0.28
SYN003516,ADO,2027-02-10,2027-02-10,RECOMMEND_APPROVE,"",1,0,0,1,true,0.22
SYN004127,ANNUAL,2027-02-10,2027-02-14,RECOMMEND_APPROVE,"",3,1,0,2,true,0.35
SYN005160,ANNUAL,2027-02-10,2027-02-12,NEEDS_APPROVAL,ELG-001,3,3,0,0,true,1.86
SYN001991,ANNUAL,2027-02-10,2027-02-23,RECOMMEND_APPROVE,"",8,1,0,7,true,0.92
SYN001595,ANNUAL,2027-02-10,2027-02-12,NEEDS_APPROVAL,COV-001,3,0,1,2,true,0.27
SYN007035,ANNUAL,2027-02-10,2027-02-12,RECOMMEND_APPROVE,"",3,2,0,1,true,0.41
SYN004339,ANNUAL,2027-02-10,2027-02-14,RECOMMEND_APPROVE,"",3,0,0,3,true,0.32
SYN000859,ANNUAL,2027-02-10,2027-02-21,RECOMMEND_APPROVE,"",3,1,0,2,true,0.69
SYN007149,ANNUAL,2027-02-10,2027-03-02,NEEDS_APPROVAL,ELG-001,15,2,0,13,true,2.47
SYN001034,ANNUAL,2027-02-10,2027-02-12,RECOMMEND_APPROVE,"",3,0,0,3,true,0.33
SYN002880,TOIL,2027-02-11,2027-02-11,RECOMMEND_APPROVE,"",1,0,0,1,true,0.18
SYN002833,ANNUAL,2027-02-11,2027-02-12,NEEDS_APPROVAL,ELG-001|COV-001,2,0,1,1,true,0.29
SYN007640,ADO,2027-02-11,2027-02-12,DECLINED,BAL-001,1,1,0,0,true,0.49
SYN002095,LONG_SERVICE,2027-02-11,2027-02-11,RECOMMEND_APPROVE,"",1,1,0,0,true,0.7
SYN004708,ANNUAL,2027-02-11,2027-02-18,NEEDS_APPROVAL,ELG-001,6,0,0,6,true,1.1
SYN009143,LONG_SERVICE,2027-02-12,2027-02-12,DECLINED,ELG-003|BAL-001,1,1,0,0,true,0.35
SYN006248,ANNUAL,2027-02-12,2027-02-12,RECOMMEND_APPROVE,"",1,0,0,1,true,0.19
SYN005586,ADO,2027-02-12,2027-02-12,DECLINED,BAL-001,1,0,0,1,true,0.29
SYN004907,ADO,2027-02-12,2027-02-13,DECLINED,ELG-001|BAL-001,2,2,0,0,true,0.8
SYN000596,ADO,2027-02-12,2027-02-12,RECOMMEND_APPROVE,"",1,0,0,1,true,0.32
SYN001273,ANNUAL,2027-02-12,2027-03-07,NEEDS_APPROVAL,BAL-003,12,0,0,12,true,1.08
SYN006222,ANNUAL,2027-02-12,2027-02-12,RECOMMEND_APPROVE,"",1,1,0,0,true,1.26
SYN009012,ANNUAL,2027-02-12,2027-02-16,RECOMMEND_APPROVE,"",3,2,0,1,true,0.39
SYN003289,TOIL,2027-02-13,2027-02-15,NEEDS_APPROVAL,ELG-001,1,0,0,1,true,0.33
SYN005880,ANNUAL,2027-02-13,2027-02-15,NEEDS_APPROVAL,ELG-001,2,1,0,1,true,0.69
SYN001034,ANNUAL,2027-02-13,2027-02-22,RECOMMEND_APPROVE,"",6,0,0,6,true,1.02
SYN006095,TOIL,2027-02-15,2027-02-21,NEEDS_APPROVAL,ELG-001,6,0,0,6,true,0.45
SYN006038,ANNUAL,2027-02-15,2027-02-28,RECOMMEND_APPROVE,"",6,0,0,6,true,0.85
SYN001192,PROF_DEV,2027-02-15,2027-02-16,DECLINED,ELG-001|BAL-001,2,2,0,0,true,0.91
SYN008393,ADO,2027-02-15,2027-02-21,NEEDS_APPROVAL,REQ-004,5,1,0,4,true,0.88
SYN001396,ANNUAL,2027-02-15,2027-04-11,DECLINED,ELG-001|BAL-001,32,22,0,10,true,16.82
SYN002541,LONG_SERVICE,2027-02-15,2027-02-21,DECLINED,BAL-001,6,2,0,4,true,3.08
SYN008513,TOIL,2027-02-15,2027-02-28,NEEDS_APPROVAL,ELG-001,8,0,0,8,true,0.53
SYN001771,PROF_DEV,2027-02-15,2027-02-19,NEEDS_APPROVAL,COV-001,3,0,1,2,true,0.33
SYN005169,ANNUAL,2027-02-15,2027-03-14,DECLINED,BAL-001,16,0,0,16,true,1.29
SYN000652,UNPAID,2027-02-15,2027-11-05,RECOMMEND_APPROVE,"",76,38,0,38,true,4.17
SYN001792,ANNUAL,2027-02-15,2027-03-28,DECLINED,BAL-001|COV-002,36,10,0,26,true,5.69
SYN001358,ANNUAL,2027-02-15,2027-02-28,RECOMMEND_APPROVE,"",8,6,0,2,true,2.33
SYN004317,TOIL,2027-02-15,2027-02-22,DECLINED,BAL-001,5,0,0,5,true,0.39
SYN004326,ANNUAL,2027-02-15,2027-03-21,NEEDS_APPROVAL,ELG-001,20,0,0,20,true,1.64
SYN001411,PROF_DEV,2027-02-15,2027-02-19,NEEDS_APPROVAL,COV-001,5,2,2,1,true,0.68
SYN008988,UNPAID,2027-02-15,2027-07-04,NEEDS_APPROVAL,ELG-001,80,0,0,80,true,7.59
SYN006190,ADO,2027-02-15,2027-03-14,DECLINED,REQ-004|BAL-001,12,4,0,8,true,4.58
SYN003458,ANNUAL,2027-02-15,2027-02-15,RECOMMEND_APPROVE,"",1,0,0,1,true,0.23
SYN006076,LONG_SERVICE,2027-02-15,2027-02-28,RECOMMEND_APPROVE,"",10,0,0,10,true,1.01
SYN007181,ANNUAL,2027-02-15,2027-02-17,NEEDS_APPROVAL,ELG-001,3,0,0,3,true,0.27
SYN008124,LONG_SERVICE,2027-02-15,2027-07-25,DECLINED,ELG-001|BAL-001,46,0,0,46,true,1.32
SYN002904,ANNUAL,2027-02-15,2027-02-21,NEEDS_APPROVAL,COV-001,5,0,4,1,true,0.31
SYN007640,TOIL,2027-02-15,2027-04-11,DECLINED,ELG-001|BAL-001,8,8,0,0,true,1.73
SYN007525,LONG_SERVICE,2027-02-15,2027-05-09,DECLINED,ELG-003|BAL-003|COV-001,60,0,60,0,true,2.61
SYN007929,TOIL,2027-02-15,2027-02-17,DECLINED,BAL-001,3,3,0,0,true,3.8
SYN008848,ANNUAL,2027-02-15,2027-02-28,NEEDS_APPROVAL,ELG-001,10,0,0,10,true,1.13
SYN007160,ANNUAL,2027-02-15,2027-02-21,NEEDS_APPROVAL,COV-001,4,1,1,2,true,0.63
SYN005586,ANNUAL,2027-02-15,2027-02-28,NEEDS_APPROVAL,COV-001,10,0,4,6,true,0.68
SYN002404,PROF_DEV,2027-02-15,2027-02-19,NEEDS_APPROVAL,COV-001,5,1,2,2,true,0.5
SYN009054,ANNUAL,2027-02-15,2027-02-28,NEEDS_APPROVAL,ELG-001,10,0,0,10,true,0.47
SYN002034,ANNUAL,2027-02-15,2027-02-28,RECOMMEND_APPROVE,"",10,4,0,6,true,8.16
SYN004949,TOIL,2027-02-15,2027-02-15,DECLINED,BAL-001,1,1,0,0,true,0.43
SYN008865,UNPAID,2027-02-15,2027-08-01,RECOMMEND_APPROVE,"",120,97,0,23,true,88.75
SYN002588,ANNUAL,2027-02-15,2027-02-27,RECOMMEND_APPROVE,"",10,0,0,10,true,0.6
SYN008860,UNPAID,2027-02-15,2027-08-15,RECOMMEND_APPROVE,"",156,0,0,156,true,7.05
SYN006266,LONG_SERVICE,2027-02-15,2027-02-28,DECLINED,ELG-003|BAL-001|COV-001,10,0,2,8,true,0.57
SYN000009,ANNUAL,2027-02-15,2027-02-15,RECOMMEND_APPROVE,"",1,0,0,1,true,0.27
SYN004059,ANNUAL,2027-02-15,2027-02-21,RECOMMEND_APPROVE,"",6,1,0,5,true,1.59
SYN004541,ANNUAL,2027-02-15,2027-02-26,DECLINED,BAL-001,10,0,0,10,true,0.76
SYN002644,ANNUAL,2027-02-15,2027-02-22,RECOMMEND_APPROVE,"",6,1,0,5,true,0.88
SYN002809,TOIL,2027-02-15,2027-02-21,RECOMMEND_APPROVE,"",3,1,0,2,true,1.43
SYN002525,LONG_SERVICE,2027-02-15,2027-02-28,DECLINED,BAL-001,4,0,0,4,true,0.37
SYN004870,ANNUAL,2027-02-15,2027-03-14,DECLINED,BAL-001,16,0,0,16,true,0.75
SYN009293,ANNUAL,2027-02-15,2027-02-28,DECLINED,BAL-001,4,3,0,1,true,2.34
SYN003229,ANNUAL,2027-02-15,2027-02-15,RECOMMEND_APPROVE,"",1,0,0,1,true,0.35
SYN000840,ANNUAL,2027-02-15,2027-03-07,NEEDS_APPROVAL,ELG-001,9,3,0,6,true,0.85
SYN008331,LONG_SERVICE,2027-02-15,2027-03-05,DECLINED,ELG-001|BAL-001|COV-001,15,3,3,9,true,1.5
SYN003927,ANNUAL,2027-02-15,2027-02-15,RECOMMEND_APPROVE,"",1,0,0,1,true,0.23
SYN000570,LONG_SERVICE,2027-02-15,2027-02-21,DECLINED,BAL-001,5,1,0,4,true,0.94
SYN007940,ADO,2027-02-15,2027-02-21,NEEDS_APPROVAL,REQ-004,5,2,0,3,true,3.38
SYN007973,UNPAID,2027-02-15,2027-08-15,RECOMMEND_APPROVE,"",78,11,0,67,true,10.58
SYN005231,ANNUAL,2027-02-15,2027-03-22,DECLINED,ELG-001|BAL-001|COV-001,16,0,10,6,true,0.95
SYN005553,ANNUAL,2027-02-15,2027-02-28,NEEDS_APPROVAL,ELG-001,8,4,0,4,true,0.93
SYN003506,PROF_DEV,2027-02-15,2027-02-20,NEEDS_APPROVAL,COV-001,5,0,1,4,true,0.28
SYN006241,ANNUAL,2027-02-15,2027-02-21,RECOMMEND_APPROVE,"",5,4,0,1,true,1.24
SYN000661,ANNUAL,2027-02-15,2027-03-28,DECLINED,ELG-001|BAL-001,30,18,0,12,true,14.6
SYN006078,ANNUAL,2027-02-15,2027-02-15,NEEDS_APPROVAL,ELG-001,1,1,0,0,true,0.56
SYN005815,ANNUAL,2027-02-16,2027-02-26,DECLINED,ELG-001|BAL-001,9,1,0,8,true,0.88
SYN004949,ANNUAL,2027-02-16,2027-02-16,RECOMMEND_APPROVE,"",1,1,0,0,true,0.5
SYN003458,TOIL,2027-02-16,2027-02-16,DECLINED,BAL-001,1,0,0,1,true,0.35
SYN000834,TOIL,2027-02-16,2027-02-16,NEEDS_APPROVAL,ELG-001,1,0,0,1,true,0.62
SYN004293,UNPAID,2027-02-16,2027-08-17,RECOMMEND_APPROVE,"",157,0,0,157,true,3.79
SYN005794,ANNUAL,2027-02-16,2027-02-16,RECOMMEND_APPROVE,"",1,0,0,1,true,0.33
SYN002280,TOIL,2027-02-16,2027-02-16,RECOMMEND_APPROVE,"",1,1,0,0,true,0.34
SYN006194,TOIL,2027-02-16,2027-02-16,DECLINED,BAL-001,1,1,0,0,true,0.43
SYN002640,TOIL,2027-02-16,2027-02-16,RECOMMEND_APPROVE,"",0,0,0,0,false,0.12
SYN006549,TOIL,2027-02-16,2027-02-16,RECOMMEND_APPROVE,"",1,0,0,1,true,0.17
SYN003456,PROF_DEV,2027-02-16,2027-02-21,RECOMMEND_APPROVE,"",2,2,0,0,true,1.64
SYN006589,ADO,2027-02-16,2027-02-16,NEEDS_APPROVAL,BAL-003,1,0,0,1,true,0.27
SYN005288,TOIL,2027-02-16,2027-02-16,NEEDS_APPROVAL,BAL-003,1,0,0,1,true,0.26
SYN003167,ANNUAL,2027-02-16,2027-02-22,RECOMMEND_APPROVE,"",4,3,0,1,true,2.19
SYN006846,TOIL,2027-02-16,2027-02-16,NEEDS_APPROVAL,COV-001,1,0,1,0,true,0.22
SYN006549,LONG_SERVICE,2027-02-17,2027-02-19,DECLINED,ELG-003,1,1,0,0,true,0.3
SYN006846,ANNUAL,2027-02-17,2027-02-26,NEEDS_APPROVAL,COV-001,8,0,8,0,true,0.45
SYN005160,ANNUAL,2027-02-17,2027-02-19,NEEDS_APPROVAL,ELG-001,3,3,0,0,true,1.87
SYN006194,LONG_SERVICE,2027-02-17,2027-02-19,DECLINED,ELG-003|BAL-001,3,0,0,3,true,0.32
SYN007921,ANNUAL,2027-02-17,2027-02-24,NEEDS_APPROVAL,COV-001,7,0,1,6,true,0.55
SYN002280,ANNUAL,2027-02-17,2027-02-19,RECOMMEND_APPROVE,"",3,2,0,1,true,0.47
SYN005288,ANNUAL,2027-02-17,2027-02-19,NEEDS_APPROVAL,COV-001,3,0,1,2,true,0.33
SYN008689,LONG_SERVICE,2027-02-17,2027-03-05,DECLINED,ELG-001|ELG-003|BAL-001,13,0,0,13,true,1.04
SYN003458,ANNUAL,2027-02-17,2027-02-28,RECOMMEND_APPROVE,"",8,2,0,6,true,0.78
SYN002640,LONG_SERVICE,2027-02-17,2027-02-28,DECLINED,BAL-001,2,2,0,0,true,4.88
SYN007561,ANNUAL,2027-02-17,2027-02-17,RECOMMEND_APPROVE,"",1,0,0,1,true,0.27
SYN005116,ANNUAL,2027-02-17,2027-03-10,NEEDS_APPROVAL,COV-003,16,3,0,13,true,1.54
SYN000358,ANNUAL,2027-02-18,2027-03-05,RECOMMEND_APPROVE,"",12,9,0,3,true,1.34
SYN007383,LONG_SERVICE,2027-02-18,2027-02-18,DECLINED,ELG-003|BAL-001,1,0,0,1,true,0.33
SYN002021,ANNUAL,2027-02-18,2027-02-18,NEEDS_APPROVAL,COV-001,1,0,1,0,true,0.2
SYN008658,ANNUAL,2027-02-18,2027-02-24,NEEDS_APPROVAL,COV-001,5,0,1,4,true,0.32
SYN001760,ANNUAL,2027-02-18,2027-02-22,NEEDS_APPROVAL,COV-001,2,0,1,1,true,0.25
SYN001617,TOIL,2027-02-19,2027-02-21,RECOMMEND_APPROVE,"",1,0,0,1,true,0.2
SYN009143,LONG_SERVICE,2027-02-19,2027-02-19,DECLINED,ELG-003|BAL-001,1,1,0,0,true,0.34
SYN000336,ANNUAL,2027-02-19,2027-02-26,RECOMMEND_APPROVE,"",4,1,0,3,true,0.51
SYN004357,LONG_SERVICE,2027-02-19,2027-02-19,DECLINED,BAL-001|COV-001,1,0,1,0,true,0.27
SYN008955,ANNUAL,2027-02-19,2027-03-08,RECOMMEND_APPROVE,"",8,0,0,8,true,0.37
SYN003684,ANNUAL,2027-02-19,2027-02-22,RECOMMEND_APPROVE,"",1,0,0,1,true,0.39
SYN008657,PROF_DEV,2027-02-19,2027-03-02,NEEDS_APPROVAL,ELG-001,7,0,0,7,true,0.38
SYN005635,ANNUAL,2027-02-19,2027-02-19,RECOMMEND_APPROVE,"",1,1,0,0,true,0.56
SYN007400,TOIL,2027-02-19,2027-02-19,NEEDS_APPROVAL,ELG-001,1,0,0,1,true,0.28
SYN000670,ANNUAL,2027-02-19,2027-02-21,NEEDS_APPROVAL,ELG-001,3,0,0,3,true,0.32
SYN005657,ANNUAL,2027-02-19,2027-02-19,RECOMMEND_APPROVE,"",1,0,0,1,true,0.21
SYN004112,LONG_SERVICE,2027-02-19,2027-02-19,DECLINED,ELG-001|BAL-001|COV-001,1,0,1,0,true,0.23
SYN001056,ANNUAL,2027-02-19,2027-02-22,RECOMMEND_APPROVE,"",2,2,0,0,true,0.66
SYN003235,ANNUAL,2027-02-19,2027-02-22,RECOMMEND_APPROVE,"",2,1,0,1,true,0.77
SYN000632,ANNUAL,2027-02-19,2027-02-22,NEEDS_APPROVAL,ELG-001,2,0,0,2,true,0.24
SYN002040,ANNUAL,2027-02-20,2027-02-27,NEEDS_APPROVAL,ELG-001,5,0,0,5,true,0.5
SYN001411,ANNUAL,2027-02-20,2027-02-23,RECOMMEND_APPROVE,"",2,0,0,2,true,0.68
SYN001557,TOIL,2027-02-20,2027-02-23,RECOMMEND_APPROVE,"",1,0,0,1,true,0.24
SYN000726,ANNUAL,2027-02-20,2027-03-07,NEEDS_APPROVAL,ELG-001,2,0,0,2,true,0.74
SYN009332,TOIL,2027-02-20,2027-02-24,NEEDS_APPROVAL,ELG-001|COV-001,2,0,2,0,true,0.39
SYN005880,ANNUAL,2027-02-21,2027-02-22,NEEDS_APPROVAL,ELG-001,1,1,0,0,true,0.68
SYN004681,ANNUAL,2027-02-21,2027-03-01,RECOMMEND_APPROVE,"",3,0,0,3,true,0.34
SYN000529,ANNUAL,2027-02-22,2027-02-28,RECOMMEND_APPROVE,"",4,1,0,3,true,3.67
SYN004481,ANNUAL,2027-02-22,2027-03-03,RECOMMEND_APPROVE,"",8,1,0,7,true,0.85
SYN002851,ANNUAL,2027-02-22,2027-02-28,RECOMMEND_APPROVE,"",5,4,0,1,true,1.71
SYN008881,LONG_SERVICE,2027-02-22,2027-02-28,DECLINED,ELG-001|ELG-003|BAL-001,5,0,0,5,true,0.57
SYN008393,TOIL,2027-02-22,2027-02-28,DECLINED,BAL-001,5,1,0,4,true,0.88
SYN006141,TOIL,2027-02-22,2027-02-22,DECLINED,BAL-001,1,0,0,1,true,0.32
SYN006581,UNPAID,2027-02-22,2027-08-08,NEEDS_APPROVAL,ELG-001,96,55,0,41,true,85.24
SYN001757,ANNUAL,2027-02-22,2027-02-22,RECOMMEND_APPROVE,"",1,0,0,1,true,0.33
SYN005881,ANNUAL,2027-02-22,2027-03-17,DECLINED,BAL-001,18,18,0,0,true,31.79
SYN008180,LONG_SERVICE,2027-02-22,2027-03-21,DECLINED,ELG-001|ELG-003|BAL-001,20,8,0,12,true,2.78
SYN001920,ANNUAL,2027-02-22,2027-02-26,NEEDS_APPROVAL,ELG-001,3,0,0,3,true,0.3
SYN006909,ANNUAL,2027-02-22,2027-03-08,RECOMMEND_APPROVE,"",7,3,0,4,true,2.92
SYN000392,TOIL,2027-02-22,2027-02-22,DECLINED,ELG-001|BAL-001|COV-001,1,0,1,0,true,0.33
SYN005419,PROF_DEV,2027-02-22,2027-02-22,RECOMMEND_APPROVE,"",1,0,0,1,true,0.19
SYN001183,ANNUAL,2027-02-22,2027-02-26,NEEDS_APPROVAL,ELG-001|BAL-003|COV-001,4,1,1,2,true,0.37
SYN006409,ANNUAL,2027-02-22,2027-02-23,NEEDS_APPROVAL,ELG-001|COV-001,2,0,1,1,true,0.27
SYN002859,ANNUAL,2027-02-22,2027-03-07,NEEDS_APPROVAL,ELG-001,6,0,0,6,true,0.33
SYN004252,LONG_SERVICE,2027-02-22,2027-02-28,DECLINED,BAL-001,3,0,0,3,true,0.23
SYN003126,UNPAID,2027-02-22,2027-08-08,NEEDS_APPROVAL,ELG-001,120,93,0,27,true,83.31
SYN006059,TOIL,2027-02-22,2027-02-28,NEEDS_APPROVAL,ELG-001,1,0,0,1,true,0.55
SYN004022,LONG_SERVICE,2027-02-22,2027-03-29,DECLINED,BAL-001,25,10,0,15,true,2.63
SYN008892,ANNUAL,2027-02-22,2027-02-24,RECOMMEND_APPROVE,"",2,1,0,1,true,1.13
SYN001277,ANNUAL,2027-02-22,2027-06-06,DECLINED,REQ-004|BAL-001,75,0,0,75,true,1.59
SYN001193,ANNUAL,2027-02-22,2027-03-07,NEEDS_APPROVAL,ELG-001,2,2,0,0,true,0.54
SYN001332,ANNUAL,2027-02-22,2027-02-22,RECOMMEND_APPROVE,"",1,0,0,1,true,0.25
SYN001605,UNPAID,2027-02-22,2027-07-25,NEEDS_APPROVAL,ELG-001,88,22,0,66,true,14.09
SYN007351,ANNUAL,2027-02-22,2027-02-22,RECOMMEND_APPROVE,"",1,0,0,1,true,0.38
SYN002968,ANNUAL,2027-02-22,2027-02-24,RECOMMEND_APPROVE,"",3,0,0,3,true,0.47
SYN007292,ANNUAL,2027-02-22,2027-02-25,RECOMMEND_APPROVE,"",4,3,0,1,true,2.24
SYN009548,TOIL,2027-02-22,2027-02-28,DECLINED,BAL-001,4,0,0,4,true,0.57
SYN007854,ANNUAL,2027-02-22,2027-02-28,RECOMMEND_APPROVE,"",3,0,0,3,true,0.41
SYN000859,ANNUAL,2027-02-22,2027-03-07,RECOMMEND_APPROVE,"",4,0,0,4,true,0.41
SYN007680,ANNUAL,2027-02-22,2027-03-21,NEEDS_APPROVAL,ELG-001,24,15,0,9,true,20.91
SYN004671,ANNUAL,2027-02-22,2027-02-28,RECOMMEND_APPROVE,"",2,0,0,2,true,0.44
SYN003185,ANNUAL,2027-02-22,2027-02-28,RECOMMEND_APPROVE,"",5,1,0,4,true,0.5
SYN003721,ANNUAL,2027-02-22,2027-02-28,RECOMMEND_APPROVE,"",4,0,0,4,true,0.26
SYN006241,TOIL,2027-02-22,2027-02-22,DECLINED,ELG-002|BAL-003,1,0,0,1,true,0.23
SYN002557,LONG_SERVICE,2027-02-22,2027-02-28,DECLINED,BAL-001,4,0,0,4,true,0.39
SYN008210,ADO,2027-02-22,2027-03-09,DECLINED,REQ-004|BAL-001,9,9,0,0,true,4.25
SYN003952,ANNUAL,2027-02-22,2027-03-15,DECLINED,BAL-001,16,7,0,9,true,4.73
SYN007940,ADO,2027-02-22,2027-02-28,NEEDS_APPROVAL,REQ-004,5,2,0,3,true,3.3
SYN007353,ANNUAL,2027-02-22,2027-02-28,NEEDS_APPROVAL,ELG-001,2,2,0,0,true,3.79
SYN002328,ANNUAL,2027-02-22,2027-03-14,NEEDS_APPROVAL,ELG-001,15,0,0,15,true,1.28
SYN009296,ANNUAL,2027-02-22,2027-03-21,RECOMMEND_APPROVE,"",12,4,0,8,true,3.24
SYN001475,ANNUAL,2027-02-22,2027-04-11,DECLINED,ELG-001|COV-001,28,0,28,0,true,0.97
SYN008694,ANNUAL,2027-02-22,2027-03-23,NEEDS_APPROVAL,ELG-001,10,8,0,2,true,3.75
SYN003808,ANNUAL,2027-02-22,2027-03-25,DECLINED,BAL-001,15,0,0,15,true,1.12
SYN000570,ANNUAL,2027-02-22,2027-02-28,RECOMMEND_APPROVE,"",5,1,0,4,true,0.85
SYN004615,LONG_SERVICE,2027-02-22,2027-05-21,DECLINED,ELG-003|BAL-001|COV-003,39,28,0,11,true,4.52
SYN009136,ANNUAL,2027-02-22,2027-03-07,DECLINED,ELG-001|ELG-002|COV-001,6,0,4,2,true,0.99
SYN004570,ANNUAL,2027-02-22,2027-04-04,RECOMMEND_APPROVE,"",30,20,0,10,true,10.6
SYN000367,ANNUAL,2027-02-22,2027-03-21,RECOMMEND_APPROVE,"",8,0,0,8,true,1.04
SYN008126,ANNUAL,2027-02-22,2027-03-09,RECOMMEND_APPROVE,"",12,12,0,0,true,11.5
SYN004562,ANNUAL,2027-02-22,2027-03-21,DECLINED,BAL-001,28,9,0,19,true,4.49
SYN002904,PARENTAL,2027-02-22,2027-03-21,DECLINED,COV-001,20,0,16,4,true,0.68
SYN005977,ANNUAL,2027-02-22,2027-02-28,RECOMMEND_APPROVE,"",3,3,0,0,true,11.96
SYN008359,ANNUAL,2027-02-22,2027-03-03,RECOMMEND_APPROVE,"",10,0,0,10,true,0.38
SYN003593,TOIL,2027-02-22,2027-02-23,NEEDS_APPROVAL,ELG-001,1,0,0,1,true,0.45
SYN001332,TOIL,2027-02-23,2027-02-23,NEEDS_APPROVAL,BAL-003,1,0,0,1,true,0.27
SYN003574,ANNUAL,2027-02-23,2027-03-07,DECLINED,ELG-001|ELG-002,7,6,0,1,true,2.63
SYN004894,ANNUAL,2027-02-23,2027-03-04,RECOMMEND_APPROVE,"",6,2,0,4,true,1.52
SYN002644,TOIL,2027-02-23,2027-02-23,NEEDS_APPROVAL,BAL-003,1,0,0,1,true,0.29
SYN004692,TOIL,2027-02-23,2027-02-23,RECOMMEND_APPROVE,"",1,0,0,1,true,0.2
SYN001755,TOIL,2027-02-23,2027-02-23,RECOMMEND_APPROVE,"",0,0,0,0,false,0.1
SYN000407,TOIL,2027-02-23,2027-02-23,NEEDS_APPROVAL,BAL-003,1,0,0,1,true,0.22
SYN004473,TOIL,2027-02-23,2027-02-23,NEEDS_APPROVAL,BAL-003,1,0,0,1,true,0.2
SYN003167,TOIL,2027-02-23,2027-02-23,RECOMMEND_APPROVE,"",1,1,0,0,true,1.05
SYN001757,TOIL,2027-02-23,2027-02-23,RECOMMEND_APPROVE,"",1,0,0,1,true,0.24
SYN006141,LONG_SERVICE,2027-02-23,2027-03-18,DECLINED,ELG-003|BAL-001,11,8,0,3,true,3.01
SYN007676,TOIL,2027-02-23,2027-02-23,RECOMMEND_APPROVE,"",1,0,0,1,true,0.25
SYN006241,ANNUAL,2027-02-23,2027-02-26,RECOMMEND_APPROVE,"",4,2,0,2,true,0.7
SYN001034,TOIL,2027-02-23,2027-02-23,RECOMMEND_APPROVE,"",1,0,0,1,true,0.25
SYN000926,TOIL,2027-02-23,2027-03-07,NEEDS_APPROVAL,ELG-001,10,0,0,10,true,1.21
SYN004140,ANNUAL,2027-02-23,2027-03-12,RECOMMEND_APPROVE,"",14,3,0,11,true,0.79
SYN000407,ANNUAL,2027-02-24,2027-02-27,RECOMMEND_APPROVE,"",3,1,0,2,true,0.34
SYN008031,ANNUAL,2027-02-24,2027-03-07,RECOMMEND_APPROVE,"",4,0,0,4,true,0.32
SYN002644,ANNUAL,2027-02-24,2027-03-05,RECOMMEND_APPROVE,"",8,0,0,8,true,0.69
SYN001991,TOIL,2027-02-24,2027-02-26,RECOMMEND_APPROVE,"",2,0,0,2,true,0.26
SYN001332,ANNUAL,2027-02-24,2027-02-28,RECOMMEND_APPROVE,"",1,1,0,0,true,0.4
SYN007676,ANNUAL,2027-02-24,2027-02-25,RECOMMEND_APPROVE,"",1,1,0,0,true,0.27
SYN001034,ANNUAL,2027-02-24,2027-03-01,RECOMMEND_APPROVE,"",4,0,0,4,true,0.37
SYN002479,ANNUAL,2027-02-24,2027-02-26,NEEDS_APPROVAL,COV-001,3,1,1,1,true,0.31
SYN003167,ANNUAL,2027-02-24,2027-02-28,RECOMMEND_APPROVE,"",3,2,0,1,true,1.44
SYN003813,ANNUAL,2027-02-24,2027-03-03,RECOMMEND_APPROVE,"",3,0,0,3,true,0.37
SYN004473,ANNUAL,2027-02-24,2027-02-26,RECOMMEND_APPROVE,"",3,0,0,3,true,0.26
SYN007895,ANNUAL,2027-02-24,2027-03-02,RECOMMEND_APPROVE,"",5,2,0,3,true,0.73
SYN001757,ANNUAL,2027-02-24,2027-03-02,RECOMMEND_APPROVE,"",3,0,0,3,true,0.33
SYN001755,LONG_SERVICE,2027-02-24,2027-02-28,DECLINED,BAL-001,3,1,0,2,true,1.65
SYN001462,ANNUAL,2027-02-24,2027-02-26,NEEDS_APPROVAL,ELG-001,3,0,0,3,true,0.26
SYN006961,ANNUAL,2027-02-25,2027-03-07,NEEDS_APPROVAL,COV-001,7,0,4,3,true,0.42
SYN008077,ANNUAL,2027-02-25,2027-03-01,NEEDS_APPROVAL,ELG-001,3,2,0,1,true,1.42
SYN007306,ANNUAL,2027-02-25,2027-02-25,RECOMMEND_APPROVE,"",1,1,0,0,true,0.54
SYN002880,TOIL,2027-02-25,2027-02-25,RECOMMEND_APPROVE,"",1,0,0,1,true,0.86
SYN001470,ANNUAL,2027-02-25,2027-02-26,NEEDS_APPROVAL,ELG-001,1,1,0,0,true,0.39
SYN007278,ANNUAL,2027-02-25,2027-02-25,NEEDS_APPROVAL,ELG-001|COV-001,1,0,1,0,true,0.3
SYN004497,TOIL,2027-02-25,2027-03-01,RECOMMEND_APPROVE,"",3,2,0,1,true,0.7
SYN002772,TOIL,2027-02-26,2027-02-27,RECOMMEND_APPROVE,"",0,0,0,0,false,0.11
SYN007292,TOIL,2027-02-26,2027-02-26,DECLINED,BAL-001,1,0,0,1,true,0.27
SYN007313,ANNUAL,2027-02-26,2027-02-28,NEEDS_APPROVAL,BAL-003,1,1,0,0,true,1.87
SYN008468,ANNUAL,2027-02-26,2027-03-12,RECOMMEND_APPROVE,"",3,0,0,3,true,0.25
SYN005583,TOIL,2027-02-26,2027-02-26,RECOMMEND_APPROVE,"",1,0,0,1,true,0.2
SYN009311,ANNUAL,2027-02-27,2027-03-01,NEEDS_APPROVAL,ELG-001,1,0,0,1,true,0.26
SYN001022,ANNUAL,2027-02-27,2027-03-30,DECLINED,ELG-001|BAL-001,20,12,0,8,true,6.64
SYN005880,ANNUAL,2027-02-27,2027-02-28,NEEDS_APPROVAL,ELG-001,2,1,0,1,true,1.27
SYN001672,ANNUAL,2027-02-27,2027-04-04,DECLINED,COV-001,37,0,5,32,true,0.9
SYN001987,ADO,2027-02-28,2027-02-28,RECOMMEND_APPROVE,"",1,0,0,1,true,0.23
SYN005583,TOIL,2027-02-28,2027-03-01,RECOMMEND_APPROVE,"",1,0,0,1,true,0.21
SYN002339,ADO,2027-03-01,2027-03-28,NEEDS_APPROVAL,REQ-004|ELG-001|BAL-003,8,4,0,4,true,1.27
SYN007642,ANNUAL,2027-03-01,2027-03-15,NEEDS_APPROVAL,ELG-001,4,0,0,4,true,0.66
SYN000742,ANNUAL,2027-03-01,2027-03-21,DECLINED,ELG-001|BAL-001,15,1,0,14,true,1.39
SYN007854,ANNUAL,2027-03-01,2027-03-07,RECOMMEND_APPROVE,"",3,0,0,3,true,0.47
SYN009015,ANNUAL,2027-03-01,2027-03-12,NEEDS_APPROVAL,ELG-001|COV-001,8,0,4,4,true,0.41
SYN006537,PARENTAL,2027-03-01,2027-09-12,DECLINED,COV-001,140,0,56,84,true,2.93
SYN007046,ANNUAL,2027-03-01,2027-03-14,RECOMMEND_APPROVE,"",2,0,0,2,true,0.33
SYN001741,ANNUAL,2027-03-01,2027-03-07,RECOMMEND_APPROVE,"",4,3,0,1,true,1.52
SYN000027,ANNUAL,2027-03-01,2027-03-14,RECOMMEND_APPROVE,"",8,2,0,6,true,4.86
SYN000407,ANNUAL,2027-03-01,2027-03-05,RECOMMEND_APPROVE,"",5,1,0,4,true,0.45
SYN007278,ANNUAL,2027-03-01,2027-03-01,NEEDS_APPROVAL,ELG-001|COV-001,1,0,1,0,true,0.25
SYN003593,TOIL,2027-03-01,2027-03-01,NEEDS_APPROVAL,ELG-001,1,0,0,1,true,0.3
SYN007281,ANNUAL,2027-03-01,2027-03-14,NEEDS_APPROVAL,ELG-001,10,6,0,4,true,2.6
SYN007872,ANNUAL,2027-03-01,2027-03-21,NEEDS_APPROVAL,ELG-001,3,0,0,3,true,0.47
SYN005011,ANNUAL,2027-03-01,2027-03-21,RECOMMEND_APPROVE,"",15,12,0,3,true,9.92
SYN000230,ANNUAL,2027-03-01,2027-03-14,RECOMMEND_APPROVE,"",10,2,0,8,true,3.33
SYN001342,ANNUAL,2027-03-01,2027-03-07,RECOMMEND_APPROVE,"",5,0,0,5,true,0.4
SYN006597,ANNUAL,2027-03-01,2027-03-08,RECOMMEND_APPROVE,"",4,4,0,0,true,2.31
SYN003930,TOIL,2027-03-01,2027-03-07,DECLINED,ELG-001|BAL-001,4,1,0,3,true,1.55
SYN007086,ANNUAL,2027-03-01,2027-03-21,DECLINED,ELG-001|COV-001,12,0,9,3,true,1.01
SYN003450,ANNUAL,2027-03-01,2027-03-02,NEEDS_APPROVAL,ELG-001|COV-001,2,0,2,0,true,0.34
SYN000801,TOIL,2027-03-01,2027-03-14,DECLINED,ELG-001|BAL-001,6,0,0,6,true,1.25
SYN007197,ANNUAL,2027-03-01,2027-03-07,RECOMMEND_APPROVE,"",4,1,0,3,true,0.42
SYN008734,ADO,2027-03-01,2027-03-07,DECLINED,REQ-004|ELG-001|BAL-001,4,2,0,2,true,1.16
SYN000570,LONG_SERVICE,2027-03-01,2027-03-07,DECLINED,ELG-001|BAL-001,5,1,0,4,true,0.82
SYN003458,ANNUAL,2027-03-01,2027-03-07,RECOMMEND_APPROVE,"",5,1,0,4,true,0.53
SYN002557,LONG_SERVICE,2027-03-01,2027-03-28,DECLINED,BAL-001,16,0,0,16,true,0.81
SYN002610,ANNUAL,2027-03-01,2027-03-26,NEEDS_APPROVAL,ELG-001,20,0,0,20,true,0.92
SYN005350,ANNUAL,2027-03-01,2027-05-09,DECLINED,BAL-001,30,12,0,18,true,25.18
SYN004353,ANNUAL,2027-03-01,2027-03-14,RECOMMEND_APPROVE,"",10,7,0,3,true,4.81
SYN004908,PROF_DEV,2027-03-01,2027-03-03,RECOMMEND_APPROVE,"",3,0,0,3,true,0.33
SYN002772,ANNUAL,2027-03-01,2027-03-02,RECOMMEND_APPROVE,"",2,0,0,2,true,0.47
SYN001196,TOIL,2027-03-01,2027-03-14,NEEDS_APPROVAL,ELG-001,6,0,0,6,true,0.35
SYN002448,LONG_SERVICE,2027-03-01,2027-03-06,DECLINED,BAL-001|COV-001,4,0,1,3,true,0.44
SYN007313,ANNUAL,2027-03-01,2027-03-14,NEEDS_APPROVAL,BAL-003,8,8,0,0,true,10.34
SYN007051,LONG_SERVICE,2027-03-01,2027-03-07,DECLINED,ELG-003|BAL-001,4,4,0,0,true,6.03
SYN005586,TOIL,2027-03-01,2027-03-02,NEEDS_APPROVAL,COV-001,2,0,1,1,true,0.36
SYN006266,LONG_SERVICE,2027-03-01,2027-03-04,DECLINED,ELG-003|BAL-001|COV-001,4,0,1,3,true,0.89
SYN000232,ANNUAL,2027-03-01,2027-03-21,RECOMMEND_APPROVE,"",18,15,0,3,true,7.54
SYN005607,ANNUAL,2027-03-01,2027-03-14,RECOMMEND_APPROVE,"",8,2,0,6,true,6.64
SYN001470,ANNUAL,2027-03-01,2027-03-02,NEEDS_APPROVAL,ELG-001,2,0,0,2,true,0.29
SYN005299,ANNUAL,2027-03-01,2027-03-04,RECOMMEND_APPROVE,"",4,0,0,4,true,0.25
SYN001739,ANNUAL,2027-03-01,2027-03-07,RECOMMEND_APPROVE,"",6,3,0,3,true,0.79
SYN000573,TOIL,2027-03-01,2027-04-04,DECLINED,ELG-001|BAL-001,20,0,0,20,true,1.4
SYN003103,ANNUAL,2027-03-01,2027-03-07,RECOMMEND_APPROVE,"",2,0,0,2,true,0.61
SYN008417,LONG_SERVICE,2027-03-01,2027-03-14,DECLINED,ELG-003|BAL-001,8,0,0,8,true,0.41
SYN004209,ANNUAL,2027-03-01,2027-04-04,RECOMMEND_APPROVE,"",20,0,0,20,true,1.01
SYN002538,ANNUAL,2027-03-01,2027-03-07,RECOMMEND_APPROVE,"",5,3,0,2,true,1.59
SYN003500,TOIL,2027-03-01,2027-03-14,DECLINED,BAL-001,10,2,0,8,true,1.13
SYN008513,ADO,2027-03-01,2027-03-14,DECLINED,REQ-004|ELG-001|BAL-001,8,0,0,8,true,0.63
SYN005583,ANNUAL,2027-03-02,2027-03-08,RECOMMEND_APPROVE,"",6,0,0,6,true,0.48
SYN003115,ANNUAL,2027-03-02,2027-03-15,NEEDS_APPROVAL,COV-001,10,4,4,2,true,0.88
SYN007292,ANNUAL,2027-03-02,2027-03-07,RECOMMEND_APPROVE,"",4,3,0,1,true,2.06
SYN000834,TOIL,2027-03-02,2027-03-02,NEEDS_APPROVAL,ELG-001,1,0,0,1,true,0.23
SYN001038,ANNUAL,2027-03-03,2027-03-23,RECOMMEND_APPROVE,"",12,0,0,12,true,0.51
SYN005586,ADO,2027-03-03,2027-03-03,DECLINED,BAL-001,1,0,0,1,true,0.3
SYN008213,PROF_DEV,2027-03-03,2027-03-03,RECOMMEND_APPROVE,"",1,0,0,1,true,0.2
SYN005787,ANNUAL,2027-03-03,2027-03-03,RECOMMEND_APPROVE,"",1,1,0,0,true,0.7
SYN003345,PROF_DEV,2027-03-04,2027-03-07,NEEDS_APPROVAL,BAL-003,2,0,0,2,true,0.25
SYN009311,ANNUAL,2027-03-04,2027-03-09,NEEDS_APPROVAL,ELG-001,4,0,0,4,true,0.51
SYN004908,PROF_DEV,2027-03-04,2027-03-04,RECOMMEND_APPROVE,"",1,0,0,1,true,0.22
SYN007383,LONG_SERVICE,2027-03-04,2027-03-04,DECLINED,ELG-003|BAL-001,1,0,0,1,true,0.28
SYN000601,ANNUAL,2027-03-04,2027-03-11,NEEDS_APPROVAL,ELG-001,6,2,0,4,true,0.79
SYN004217,TOIL,2027-03-04,2027-03-04,RECOMMEND_APPROVE,"",1,0,0,1,true,0.3
SYN002861,ANNUAL,2027-03-04,2027-04-01,DECLINED,BAL-001,25,18,0,7,true,3.32
SYN003307,ANNUAL,2027-03-04,2027-03-15,DECLINED,BAL-001|COV-001,9,0,2,7,true,0.6
SYN005787,ADO,2027-03-04,2027-03-16,NEEDS_APPROVAL,REQ-004|BAL-003,9,9,0,0,true,4.61
SYN006831,ANNUAL,2027-03-04,2027-03-09,NEEDS_APPROVAL,COV-001,4,0,2,2,true,0.49
SYN000596,TOIL,2027-03-05,2027-03-05,RECOMMEND_APPROVE,"",1,0,0,1,true,0.34
SYN003261,TOIL,2027-03-05,2027-03-05,RECOMMEND_APPROVE,"",1,0,0,1,true,0.26
SYN006208,TOIL,2027-03-05,2027-03-06,NEEDS_APPROVAL,ELG-001,1,0,0,1,true,0.34
SYN004357,LONG_SERVICE,2027-03-05,2027-03-05,DECLINED,BAL-001|COV-001,1,0,1,0,true,0.27
SYN009278,TOIL,2027-03-05,2027-03-05,NEEDS_APPROVAL,ELG-001,0,0,0,0,false,0.13
SYN004112,LONG_SERVICE,2027-03-05,2027-03-05,DECLINED,ELG-001|BAL-001|COV-001,1,0,1,0,true,0.23
SYN007168,ANNUAL,2027-03-06,2027-03-06,RECOMMEND_APPROVE,"",1,0,0,1,true,1.37
SYN009018,TOIL,2027-03-06,2027-03-06,NEEDS_APPROVAL,ELG-001,0,0,0,0,false,0.16
SYN003903,LONG_SERVICE,2027-03-06,2027-03-06,DECLINED,BAL-001|COV-001,1,0,1,0,true,0.27
SYN005880,ANNUAL,2027-03-07,2027-03-07,NEEDS_APPROVAL,ELG-001,1,1,0,0,true,0.68
SYN001723,ANNUAL,2027-03-08,2027-03-14,RECOMMEND_APPROVE,"",5,0,0,5,true,0.35
SYN002152,ANNUAL,2027-03-08,2027-03-09,NEEDS_APPROVAL,COV-001,2,0,2,0,true,0.24
SYN001407,ANNUAL,2027-03-08,2027-03-21,NEEDS_APPROVAL,ELG-001,4,0,0,4,true,0.31
SYN006400,ANNUAL,2027-03-08,2027-03-21,RECOMMEND_APPROVE,"",8,2,0,6,true,0.7
SYN004846,ANNUAL,2027-03-08,2027-03-22,NEEDS_APPROVAL,ELG-001,8,1,0,7,true,0.95
SYN007051,LONG_SERVICE,2027-03-08,2027-03-21,DECLINED,ELG-003|BAL-001,8,8,0,0,true,11.46
SYN001256,ANNUAL,2027-03-08,2027-03-21,NEEDS_APPROVAL,ELG-001,8,0,0,8,true,1.33
SYN009452,ANNUAL,2027-03-08,2027-03-21,NEEDS_APPROVAL,ELG-001,6,2,0,4,true,2.39
SYN002763,ANNUAL,2027-03-08,2027-03-21,RECOMMEND_APPROVE,"",10,4,0,6,true,2.93
SYN005183,UNPAID,2027-03-08,2027-08-22,RECOMMEND_APPROVE,"",72,0,0,72,true,2.86
SYN008659,ANNUAL,2027-03-08,2027-03-21,RECOMMEND_APPROVE,"",10,0,0,10,true,0.7
SYN005983,UNPAID,2027-03-08,2027-09-05,NEEDS_APPROVAL,ELG-001,104,0,0,104,true,2.12
SYN008213,ANNUAL,2027-03-08,2027-03-08,RECOMMEND_APPROVE,"",1,0,0,1,true,0.21
SYN006208,ANNUAL,2027-03-08,2027-03-10,NEEDS_APPROVAL,ELG-001|COV-001,1,0,1,0,true,0.38
SYN000053,LONG_SERVICE,2027-03-08,2027-03-14,DECLINED,BAL-001|COV-001,5,0,1,4,true,0.34
SYN001920,ANNUAL,2027-03-08,2027-03-08,NEEDS_APPROVAL,ELG-001,1,0,0,1,true,0.22
SYN003847,ANNUAL,2027-03-08,2027-03-14,RECOMMEND_APPROVE,"",5,3,0,2,true,1.9
SYN006586,ANNUAL,2027-03-08,2027-03-28,DECLINED,BAL-001,18,5,0,13,true,4.0
SYN000251,ANNUAL,2027-03-08,2027-03-21,RECOMMEND_APPROVE,"",10,4,0,6,true,8.11
SYN002117,ANNUAL,2027-03-08,2027-05-07,DECLINED,BAL-001,45,12,0,33,true,21.34
SYN002234,ANNUAL,2027-03-08,2027-03-14,RECOMMEND_APPROVE,"",5,1,0,4,true,3.59
SYN006306,ANNUAL,2027-03-08,2027-03-28,NEEDS_APPROVAL,ELG-001,0,0,0,0,false,0.21
SYN006788,ANNUAL,2027-03-08,2027-03-21,RECOMMEND_APPROVE,"",4,0,0,4,true,0.8
SYN004542,ANNUAL,2027-03-08,2027-03-28,NEEDS_APPROVAL,ELG-001,6,1,0,5,true,1.03
SYN008198,ADO,2027-03-08,2027-03-12,DECLINED,REQ-004|BAL-001,3,0,0,3,true,0.38
SYN006977,ANNUAL,2027-03-08,2027-03-14,NEEDS_APPROVAL,ELG-001,5,0,0,5,true,0.78
SYN007935,TOIL,2027-03-08,2027-03-14,NEEDS_APPROVAL,ELG-001,4,1,0,3,true,0.92
SYN004214,ANNUAL,2027-03-08,2027-04-04,DECLINED,BAL-001,20,8,0,12,true,2.44
SYN001067,ANNUAL,2027-03-08,2027-03-14,RECOMMEND_APPROVE,"",1,0,0,1,true,0.28
SYN008528,ANNUAL,2027-03-08,2027-04-04,RECOMMEND_APPROVE,"",12,4,0,8,true,3.13
SYN001488,ANNUAL,2027-03-08,2027-03-11,NEEDS_APPROVAL,ELG-001,4,1,0,3,true,0.5
SYN006052,ANNUAL,2027-03-08,2027-03-23,NEEDS_APPROVAL,BAL-003,6,0,0,6,true,0.36
SYN008833,ADO,2027-03-08,2027-03-28,NEEDS_APPROVAL,REQ-004|ELG-001|BAL-003,15,6,0,9,true,4.39
SYN000565,TOIL,2027-03-08,2027-04-11,DECLINED,ELG-001|BAL-001,15,0,0,15,true,1.8
SYN000570,TOIL,2027-03-08,2027-03-08,NEEDS_APPROVAL,ELG-001,1,0,0,1,true,0.33
SYN001739,ANNUAL,2027-03-08,2027-03-28,RECOMMEND_APPROVE,"",18,9,0,9,true,1.74
SYN000378,ANNUAL,2027-03-08,2027-03-21,RECOMMEND_APPROVE,"",10,2,0,8,true,1.4
SYN002095,LONG_SERVICE,2027-03-08,2027-03-09,RECOMMEND_APPROVE,"",2,0,0,2,true,0.34
SYN005046,ANNUAL,2027-03-08,2027-03-14,NEEDS_APPROVAL,COV-001,4,0,1,3,true,0.36
SYN009088,TOIL,2027-03-08,2027-03-08,DECLINED,ELG-001|BAL-001,1,0,0,1,true,0.28
SYN002538,TOIL,2027-03-08,2027-03-28,DECLINED,BAL-001,15,5,0,10,true,4.76
SYN006266,LONG_SERVICE,2027-03-09,2027-03-11,DECLINED,ELG-003|BAL-001,3,0,0,3,true,0.37
SYN003450,ANNUAL,2027-03-09,2027-03-19,NEEDS_APPROVAL,ELG-001|COV-001,9,2,7,0,true,0.68
SYN006517,ANNUAL,2027-03-09,2027-03-09,NEEDS_APPROVAL,COV-001,1,0,1,0,true,0.26
SYN003516,ADO,2027-03-09,2027-03-09,RECOMMEND_APPROVE,"",1,0,0,1,true,0.21
SYN005635,ANNUAL,2027-03-09,2027-03-10,RECOMMEND_APPROVE,"",2,0,0,2,true,0.23
SYN007650,ANNUAL,2027-03-09,2027-03-21,RECOMMEND_APPROVE,"",6,2,0,4,true,0.47
SYN008213,LONG_SERVICE,2027-03-10,2027-03-10,DECLINED,ELG-003|BAL-001,1,0,0,1,true,0.24
SYN008210,TOIL,2027-03-10,2027-04-22,DECLINED,BAL-001,26,26,0,0,true,11.68
SYN006804,ANNUAL,2027-03-10,2027-03-11,RECOMMEND_APPROVE,"",2,1,0,1,true,0.75
SYN002095,LONG_SERVICE,2027-03-11,2027-03-11,RECOMMEND_APPROVE,"",1,1,0,0,true,0.56
SYN003757,ADO,2027-03-11,2027-03-19,DECLINED,REQ-004|ELG-001|BAL-001,5,5,0,0,true,1.07
SYN002038,ANNUAL,2027-03-11,2027-03-11,RECOMMEND_APPROVE,"",1,0,0,1,true,0.18
SYN001770,TOIL,2027-03-11,2027-03-14,NEEDS_APPROVAL,COV-001,2,0,1,1,true,0.28
SYN001029,ANNUAL,2027-03-11,2027-03-23,RECOMMEND_APPROVE,"",9,0,0,9,true,0.62
SYN003397,ANNUAL,2027-03-11,2027-03-21,RECOMMEND_APPROVE,"",7,1,0,6,true,0.43
SYN007383,ANNUAL,2027-03-12,2027-03-13,RECOMMEND_APPROVE,"",2,0,0,2,true,0.3
SYN003656,LONG_SERVICE,2027-03-12,2027-04-02,DECLINED,BAL-001|COV-001,16,0,6,10,true,0.75
SYN008657,PROF_DEV,2027-03-12,2027-03-15,NEEDS_APPROVAL,ELG-001,2,0,0,2,true,0.24
SYN004536,ANNUAL,2027-03-12,2027-03-25,RECOMMEND_APPROVE,"",10,4,0,6,true,2.23
SYN000009,ANNUAL,2027-03-12,2027-03-12,RECOMMEND_APPROVE,"",1,0,0,1,true,0.24
SYN006506,ADO,2027-03-12,2027-03-14,DECLINED,REQ-004|BAL-001,3,0,0,3,true,0.77
SYN009531,ANNUAL,2027-03-13,2027-03-21,NEEDS_APPROVAL,ELG-001,4,2,0,2,true,1.19
SYN008705,ANNUAL,2027-03-13,2027-03-18,NEEDS_APPROVAL,ELG-001,4,0,0,4,true,0.79
SYN005880,ANNUAL,2027-03-13,2027-03-14,NEEDS_APPROVAL,ELG-001,2,1,0,1,true,0.77
SYN006589,ANNUAL,2027-03-13,2027-04-13,RECOMMEND_APPROVE,"",14,0,0,14,true,0.92
SYN004673,LONG_SERVICE,2027-03-14,2027-03-14,DECLINED,ELG-003|BAL-001,1,0,0,1,true,0.27
SYN002085,ANNUAL,2027-03-15,2027-04-04,RECOMMEND_APPROVE,"",12,6,0,6,true,4.36
SYN001734,ANNUAL,2027-03-15,2027-03-28,RECOMMEND_APPROVE,"",4,0,0,4,true,0.38
SYN000171,ANNUAL,2027-03-15,2027-03-17,RECOMMEND_APPROVE,"",2,1,0,1,true,0.57
SYN003500,LONG_SERVICE,2027-03-15,2027-03-18,NEEDS_APPROVAL,BAL-003,4,0,0,4,true,0.46
SYN006868,LONG_SERVICE,2027-03-15,2027-04-25,DECLINED,ELG-001|ELG-003|BAL-001,30,24,0,6,true,3.69
SYN003805,LONG_SERVICE,2027-03-15,2027-03-28,DECLINED,BAL-001,6,6,0,0,true,11.3
SYN008836,ANNUAL,2027-03-15,2027-04-02,NEEDS_APPROVAL,ELG-001,13,0,0,13,true,0.96
SYN007313,ANNUAL,2027-03-15,2027-03-22,NEEDS_APPROVAL,BAL-003,4,4,0,0,true,5.1
SYN008778,ANNUAL,2027-03-15,2027-03-28,NEEDS_APPROVAL,ELG-001,8,6,0,2,true,10.93
SYN004697,UNPAID,2027-03-15,2027-08-29,RECOMMEND_APPROVE,"",120,80,0,40,true,18.57
SYN000833,ANNUAL,2027-03-15,2027-04-12,NEEDS_APPROVAL,ELG-001,17,17,0,0,true,7.37
SYN004270,LONG_SERVICE,2027-03-15,2027-03-18,NEEDS_APPROVAL,ELG-001|COV-001,4,0,1,3,true,0.58
SYN005892,LONG_SERVICE,2027-03-15,2027-03-28,DECLINED,ELG-003|BAL-001|COV-002,10,4,0,6,true,1.9
SYN004217,TOIL,2027-03-15,2027-03-21,RECOMMEND_APPROVE,"",5,2,0,3,true,0.86
SYN008081,ANNUAL,2027-03-15,2027-04-08,NEEDS_APPROVAL,ELG-001,16,8,0,8,true,1.61
SYN003516,ADO,2027-03-15,2027-03-15,RECOMMEND_APPROVE,"",1,0,0,1,true,0.27
SYN008994,ANNUAL,2027-03-15,2027-04-05,NEEDS_APPROVAL,ELG-001,16,0,0,16,true,1.37
SYN005337,UNPAID,2027-03-15,2027-05-14,RECOMMEND_APPROVE,"",27,2,0,25,true,1.44
SYN005418,TOIL,2027-03-15,2027-03-15,RECOMMEND_APPROVE,"",1,1,0,0,true,1.0
SYN004215,ANNUAL,2027-03-15,2027-03-28,NEEDS_APPROVAL,ELG-001,0,0,0,0,false,0.19
SYN005490,UNPAID,2027-03-15,2027-08-15,NEEDS_APPROVAL,COV-003,110,29,0,81,true,11.44
SYN001530,ANNUAL,2027-03-15,2027-03-18,NEEDS_APPROVAL,ELG-001|COV-001,4,0,4,0,true,0.4
SYN006377,UNPAID,2027-03-15,2027-08-29,DECLINED,COV-001,48,4,24,20,true,3.65
SYN002997,ANNUAL,2027-03-15,2027-04-04,RECOMMEND_APPROVE,"",12,3,0,9,true,3.71
SYN009360,ANNUAL,2027-03-15,2027-04-07,DECLINED,ELG-001|COV-001,12,0,12,0,true,0.91
SYN007992,ANNUAL,2027-03-15,2027-03-21,RECOMMEND_APPROVE,"",5,1,0,4,true,0.52
SYN004518,PROF_DEV,2027-03-15,2027-03-18,NEEDS_APPROVAL,ELG-001|COV-001,3,0,1,2,true,0.27
SYN000230,ANNUAL,2027-03-15,2027-03-21,RECOMMEND_APPROVE,"",5,1,0,4,true,1.76
SYN000053,LONG_SERVICE,2027-03-15,2027-03-28,DECLINED,ELG-001|BAL-001|COV-001,10,0,2,8,true,0.52
SYN002234,TOIL,2027-03-15,2027-03-21,RECOMMEND_APPROVE,"",5,1,0,4,true,3.65
SYN007788,LONG_SERVICE,2027-03-15,2027-04-04,DECLINED,ELG-003|BAL-001,15,0,0,15,true,0.85
SYN000009,ANNUAL,2027-03-15,2027-03-15,RECOMMEND_APPROVE,"",1,0,0,1,true,0.27
SYN005407,LONG_SERVICE,2027-03-15,2027-06-13,DECLINED,ELG-003|BAL-003,52,3,0,49,true,17.1
SYN006701,ANNUAL,2027-03-15,2027-04-04,NEEDS_APPROVAL,COV-002,15,2,0,13,true,1.71
SYN007058,ANNUAL,2027-03-15,2027-03-28,RECOMMEND_APPROVE,"",6,4,0,2,true,6.93
SYN008612,ANNUAL,2027-03-15,2027-03-21,NEEDS_APPROVAL,ELG-001,2,0,0,2,true,0.33
SYN006506,ANNUAL,2027-03-15,2027-04-18,DECLINED,BAL-001,25,0,0,25,true,2.49
SYN009339,ANNUAL,2027-03-15,2027-04-11,DECLINED,ELG-001|BAL-001,24,0,0,24,true,0.93
SYN003593,ANNUAL,2027-03-15,2027-03-28,NEEDS_APPROVAL,ELG-001,4,2,0,2,true,5.79
SYN005762,ANNUAL,2027-03-15,2027-04-04,DECLINED,ELG-001|BAL-001,9,9,0,0,true,13.9
SYN000596,ANNUAL,2027-03-15,2027-03-28,DECLINED,BAL-001,14,4,0,10,true,3.44
SYN003927,ANNUAL,2027-03-15,2027-03-15,RECOMMEND_APPROVE,"",1,0,0,1,true,0.35
SYN008513,UNPAID,2027-03-15,2027-10-03,NEEDS_APPROVAL,ELG-001,116,0,0,116,true,5.0
SYN004827,ANNUAL,2027-03-15,2027-03-21,RECOMMEND_APPROVE,"",6,2,0,4,true,1.65
SYN006637,LONG_SERVICE,2027-03-16,2027-03-16,DECLINED,ELG-003|BAL-001,1,0,0,1,true,0.24
SYN004206,LONG_SERVICE,2027-03-16,2027-03-26,DECLINED,BAL-001,9,0,0,9,true,0.4
SYN004192,ANNUAL,2027-03-16,2027-03-18,NEEDS_APPROVAL,ELG-001,2,0,0,2,true,0.28
SYN006794,ANNUAL,2027-03-16,2027-03-23,NEEDS_APPROVAL,ELG-001,6,3,0,3,true,1.6
SYN005418,ANNUAL,2027-03-16,2027-03-21,RECOMMEND_APPROVE,"",3,2,0,1,true,2.3
SYN002038,ANNUAL,2027-03-16,2027-03-16,RECOMMEND_APPROVE,"",1,0,0,1,true,0.2
SYN000834,TOIL,2027-03-16,2027-03-16,NEEDS_APPROVAL,ELG-001,1,0,0,1,true,0.5
SYN002129,PROF_DEV,2027-03-16,2027-03-18,RECOMMEND_APPROVE,"",2,0,0,2,true,0.27
SYN005794,ANNUAL,2027-03-16,2027-03-16,RECOMMEND_APPROVE,"",1,0,0,1,true,0.26
SYN000009,ANNUAL,2027-03-16,2027-04-11,RECOMMEND_APPROVE,"",19,4,0,15,true,1.69
SYN004702,ANNUAL,2027-03-17,2027-05-07,DECLINED,BAL-001,30,0,0,30,true,3.91
SYN003494,LONG_SERVICE,2027-03-17,2027-03-18,DECLINED,BAL-001,1,0,0,1,true,0.3
SYN000183,ANNUAL,2027-03-17,2027-03-18,RECOMMEND_APPROVE,"",2,0,0,2,true,0.22
SYN007241,ANNUAL,2027-03-17,2027-03-18,NEEDS_APPROVAL,ELG-001|COV-001,2,0,1,1,true,0.25
SYN005787,ANNUAL,2027-03-17,2027-03-21,RECOMMEND_APPROVE,"",3,3,0,0,true,1.63
SYN007331,ANNUAL,2027-03-17,2027-04-02,DECLINED,BAL-001,9,2,0,7,true,1.41
SYN007383,LONG_SERVICE,2027-03-18,2027-03-18,DECLINED,ELG-003|BAL-001,1,0,0,1,true,0.31
SYN007551,LONG_SERVICE,2027-03-18,2027-03-19,DECLINED,ELG-003|BAL-001,2,0,0,2,true,0.3
SYN001617,ADO,2027-03-18,2027-03-22,NEEDS_APPROVAL,REQ-004|COV-001,3,0,1,2,true,0.3
SYN001133,ANNUAL,2027-03-18,2027-03-22,NEEDS_APPROVAL,ELG-001,3,0,0,3,true,0.46
SYN000282,ANNUAL,2027-03-18,2027-03-23,RECOMMEND_APPROVE,"",4,0,0,4,true,0.53
SYN004940,TOIL,2027-03-18,2027-03-21,DECLINED,BAL-001,3,2,0,1,true,2.86
SYN004027,ANNUAL,2027-03-18,2027-04-08,RECOMMEND_APPROVE,"",13,0,0,13,true,0.88
SYN005657,ANNUAL,2027-03-18,2027-03-18,RECOMMEND_APPROVE,"",1,0,0,1,true,0.28
SYN003106,ANNUAL,2027-03-18,2027-04-03,RECOMMEND_APPROVE,"",5,5,0,0,true,1.29
SYN001117,TOIL,2027-03-18,2027-03-21,RECOMMEND_APPROVE,"",1,1,0,0,true,0.46
SYN002817,TOIL,2027-03-19,2027-03-21,RECOMMEND_APPROVE,"",3,0,0,3,true,0.58
SYN004270,TOIL,2027-03-19,2027-03-19,NEEDS_APPROVAL,ELG-001|BAL-003,1,0,0,1,true,0.22
SYN007241,TOIL,2027-03-19,2027-03-22,NEEDS_APPROVAL,ELG-001|BAL-003|COV-001,2,0,1,1,true,0.24
SYN003494,TOIL,2027-03-19,2027-03-19,NEEDS_APPROVAL,COV-001,1,0,1,0,true,0.23
SYN004357,LONG_SERVICE,2027-03-19,2027-03-19,DECLINED,BAL-001|COV-001,1,0,1,0,true,0.28
SYN006141,TOIL,2027-03-19,2027-03-22,DECLINED,BAL-001,1,0,0,1,true,0.34
SYN006428,ANNUAL,2027-03-19,2027-03-19,RECOMMEND_APPROVE,"",1,1,0,0,true,0.53
SYN004112,LONG_SERVICE,2027-03-19,2027-03-19,DECLINED,ELG-001|BAL-001|COV-001,1,0,1,0,true,0.23
SYN004192,TOIL,2027-03-19,2027-03-19,DECLINED,ELG-001|ELG-002|BAL-003,0,0,0,0,false,0.19
SYN008077,ANNUAL,2027-03-19,2027-03-22,NEEDS_APPROVAL,ELG-001,2,1,0,1,true,0.87
SYN000945,ANNUAL,2027-03-20,2027-04-15,RECOMMEND_APPROVE,"",15,4,0,11,true,1.85
SYN005880,ANNUAL,2027-03-21,2027-03-21,NEEDS_APPROVAL,ELG-001,1,1,0,0,true,0.61
SYN004354,ANNUAL,2027-03-21,2027-04-25,DECLINED,COV-001,26,0,5,21,true,2.13
SYN007080,TOIL,2027-03-22,2027-03-22,RECOMMEND_APPROVE,"",1,0,0,1,true,0.19
SYN004382,ANNUAL,2027-03-22,2027-05-02,DECLINED,COV-001,12,0,12,0,true,0.92
SYN004270,TOIL,2027-03-22,2027-03-22,NEEDS_APPROVAL,ELG-001|BAL-003,1,0,0,1,true,0.2
SYN001222,ANNUAL,2027-03-22,2027-04-10,DECLINED,COV-001,12,3,3,6,true,0.89
SYN000806,LONG_SERVICE,2027-03-22,2027-04-18,DECLINED,ELG-003|BAL-001,12,7,0,5,true,1.81
SYN001896,ANNUAL,2027-03-22,2027-03-28,NEEDS_APPROVAL,ELG-001|COV-001,5,0,2,3,true,0.34
SYN002904,ANNUAL,2027-03-22,2027-03-28,NEEDS_APPROVAL,COV-001,5,0,4,1,true,0.53
SYN000551,ANNUAL,2027-03-22,2027-03-25,RECOMMEND_APPROVE,"",2,0,0,2,true,0.29
SYN005418,ANNUAL,2027-03-22,2027-04-04,RECOMMEND_APPROVE,"",8,6,0,2,true,5.67
SYN007153,ANNUAL,2027-03-22,2027-04-04,NEEDS_APPROVAL,ELG-001,10,0,0,10,true,0.6
SYN007981,ANNUAL,2027-03-22,2027-04-04,NEEDS_APPROVAL,ELG-001|COV-001,6,2,4,0,true,0.64
SYN007622,ANNUAL,2027-03-22,2027-04-01,NEEDS_APPROVAL,ELG-001,6,0,0,6,true,0.65
SYN009452,TOIL,2027-03-22,2027-04-04,DECLINED,ELG-001|BAL-001,6,2,0,4,true,2.29
SYN006080,ANNUAL,2027-03-22,2027-04-04,NEEDS_APPROVAL,ELG-001|COV-001,10,0,2,8,true,1.07
SYN009531,ANNUAL,2027-03-22,2027-03-28,NEEDS_APPROVAL,ELG-001,4,3,0,1,true,1.14
SYN009417,ANNUAL,2027-03-22,2027-04-04,NEEDS_APPROVAL,ELG-001,10,0,0,10,true,1.19
SYN003669,ANNUAL,2027-03-22,2027-04-11,NEEDS_APPROVAL,ELG-001,6,0,0,6,true,0.4
SYN002239,ANNUAL,2027-03-22,2027-04-18,NEEDS_APPROVAL,ELG-001,16,8,0,8,true,6.03
SYN006400,LONG_SERVICE,2027-03-22,2027-03-28,DECLINED,ELG-003|BAL-001,4,1,0,3,true,0.6
SYN000380,TOIL,2027-03-22,2027-03-22,NEEDS_APPROVAL,ELG-001,1,1,0,0,true,0.34
SYN006221,ANNUAL,2027-03-22,2027-03-28,NEEDS_APPROVAL,ELG-001,5,0,0,5,true,0.32
SYN004907,ANNUAL,2027-03-22,2027-04-11,DECLINED,ELG-001|COV-001,15,9,3,3,true,3.21
SYN006428,ANNUAL,2027-03-22,2027-03-28,RECOMMEND_APPROVE,"",3,2,0,1,true,0.83
SYN007551,TOIL,2027-03-22,2027-03-22,RECOMMEND_APPROVE,"",1,0,0,1,true,0.25
SYN008603,ANNUAL,2027-03-22,2027-04-01,RECOMMEND_APPROVE,"",9,4,0,5,true,0.73
SYN009119,ADO,2027-03-22,2027-04-07,DECLINED,REQ-004|ELG-001|ELG-002,11,0,0,11,true,0.93
SYN008318,ANNUAL,2027-03-22,2027-04-04,NEEDS_APPROVAL,ELG-001,6,0,0,6,true,0.62
SYN002817,LONG_SERVICE,2027-03-22,2027-04-04,DECLINED,BAL-001,8,0,0,8,true,1.26
SYN000379,LONG_SERVICE,2027-03-22,2027-04-04,DECLINED,ELG-003|BAL-001,2,0,0,2,true,0.56
SYN001580,ANNUAL,2027-03-22,2027-04-05,RECOMMEND_APPROVE,"",8,2,0,6,true,0.95
SYN002224,TOIL,2027-03-22,2027-04-04,DECLINED,ELG-001|BAL-001|COV-001,10,0,2,8,true,0.73
SYN004217,TOIL,2027-03-22,2027-04-04,RECOMMEND_APPROVE,"",10,6,0,4,true,1.72
SYN005117,ANNUAL,2027-03-22,2027-04-04,NEEDS_APPROVAL,ELG-001,6,0,0,6,true,0.48
SYN001907,TOIL,2027-03-22,2027-03-22,DECLINED,BAL-001,1,0,0,1,true,0.22
SYN004940,ANNUAL,2027-03-22,2027-04-18,DECLINED,BAL-001,20,17,0,3,true,18.96
SYN007677,ANNUAL,2027-03-22,2027-03-28,NEEDS_APPROVAL,ELG-001,5,1,0,4,true,1.81
SYN003494,TOIL,2027-03-22,2027-03-22,NEEDS_APPROVAL,COV-001,1,0,1,0,true,0.3
SYN008789,ANNUAL,2027-03-22,2027-04-04,NEEDS_APPROVAL,ELG-001,6,0,0,6,true,0.68
SYN007664,ANNUAL,2027-03-22,2027-04-04,RECOMMEND_APPROVE,"",8,4,0,4,true,3.26
SYN002650,ANNUAL,2027-03-22,2027-04-04,NEEDS_APPROVAL,COV-001,6,2,4,0,true,1.23
SYN007737,ANNUAL,2027-03-22,2027-04-30,DECLINED,BAL-001,30,0,0,30,true,1.94
SYN004441,ANNUAL,2027-03-22,2027-04-18,DECLINED,BAL-001|COV-001|COV-003,20,12,4,4,true,2.73
SYN003842,ANNUAL,2027-03-22,2027-04-11,DECLINED,COV-001,15,2,2,11,true,2.44
SYN002696,ANNUAL,2027-03-22,2027-03-28,RECOMMEND_APPROVE,"",3,0,0,3,true,0.32
SYN003605,ANNUAL,2027-03-22,2027-03-29,NEEDS_APPROVAL,BAL-003,6,0,0,6,true,0.76
SYN002199,UNPAID,2027-03-22,2027-08-15,RECOMMEND_APPROVE,"",105,63,0,42,true,14.49
SYN007206,ANNUAL,2027-03-22,2027-04-04,NEEDS_APPROVAL,ELG-001,12,5,0,7,true,10.47
SYN003500,UNPAID,2027-03-22,2027-04-25,RECOMMEND_APPROVE,"",25,5,0,20,true,2.25
SYN004192,TOIL,2027-03-22,2027-03-22,DECLINED,ELG-001|ELG-002|BAL-003,0,0,0,0,false,0.17
SYN005764,LONG_SERVICE,2027-03-22,2027-04-18,DECLINED,ELG-003|BAL-001,16,0,0,16,true,0.72
SYN001763,ANNUAL,2027-03-22,2027-04-18,RECOMMEND_APPROVE,"",12,0,0,12,true,0.41
SYN006761,ANNUAL,2027-03-22,2027-04-26,DECLINED,ELG-001|BAL-001,15,0,0,15,true,1.39
SYN001117,ANNUAL,2027-03-22,2027-04-11,RECOMMEND_APPROVE,"",12,6,0,6,true,2.79
SYN001057,ANNUAL,2027-03-22,2027-04-04,RECOMMEND_APPROVE,"",10,8,0,2,true,3.64
SYN007051,ANNUAL,2027-03-22,2027-04-11,RECOMMEND_APPROVE,"",12,12,0,0,true,15.3
SYN008746,ANNUAL,2027-03-22,2027-04-04,NEEDS_APPROVAL,ELG-001,6,0,0,6,true,1.0
SYN000823,PROF_DEV,2027-03-23,2027-03-26,NEEDS_APPROVAL,ELG-001|COV-001,3,0,2,1,true,0.34
SYN004874,ANNUAL,2027-03-23,2027-03-30,RECOMMEND_APPROVE,"",6,0,0,6,true,0.76
SYN007241,ANNUAL,2027-03-23,2027-03-23,NEEDS_APPROVAL,ELG-001|COV-001,1,0,1,0,true,0.23
SYN001146,ANNUAL,2027-03-23,2027-04-12,DECLINED,BAL-001,15,7,0,8,true,2.97
SYN001907,ANNUAL,2027-03-23,2027-03-28,RECOMMEND_APPROVE,"",4,1,0,3,true,0.48
SYN007080,LONG_SERVICE,2027-03-23,2027-04-09,RECOMMEND_APPROVE,"",14,3,0,11,true,0.84
SYN004270,LONG_SERVICE,2027-03-23,2027-04-09,DECLINED,ELG-001|BAL-001|COV-001,14,0,3,11,true,0.75
SYN000380,LONG_SERVICE,2027-03-23,2027-04-04,DECLINED,ELG-001|ELG-003|BAL-001,3,1,0,2,true,0.5
SYN004192,ANNUAL,2027-03-23,2027-03-25,NEEDS_APPROVAL,ELG-001,2,0,0,2,true,0.28
SYN006141,LONG_SERVICE,2027-03-23,2027-04-05,DECLINED,ELG-003|BAL-001,6,4,0,2,true,1.5
SYN001593,ANNUAL,2027-03-23,2027-04-02,NEEDS_APPROVAL,COV-001,8,0,4,4,true,0.42
SYN000613,ANNUAL,2027-03-23,2027-03-28,NEEDS_APPROVAL,ELG-001,4,3,0,1,true,1.27
SYN000231,ANNUAL,2027-03-23,2027-04-01,RECOMMEND_APPROVE,"",4,2,0,2,true,0.48
SYN009418,ANNUAL,2027-03-23,2027-03-28,NEEDS_APPROVAL,ELG-001,3,1,0,2,true,0.85
SYN008709,ANNUAL,2027-03-23,2027-04-04,RECOMMEND_APPROVE,"",9,9,0,0,true,8.17
SYN000574,ANNUAL,2027-03-23,2027-03-24,NEEDS_APPROVAL,ELG-001,2,0,0,2,true,0.38
SYN003494,LONG_SERVICE,2027-03-23,2027-03-24,DECLINED,BAL-001,1,0,0,1,true,0.28
SYN007551,LONG_SERVICE,2027-03-23,2027-03-30,DECLINED,ELG-003|BAL-001,6,0,0,6,true,0.5
SYN006804,ANNUAL,2027-03-24,2027-03-25,RECOMMEND_APPROVE,"",2,0,0,2,true,0.33
SYN003516,ADO,2027-03-24,2027-03-24,RECOMMEND_APPROVE,"",1,0,0,1,true,0.25
SYN008548,ANNUAL,2027-03-24,2027-03-25,NEEDS_APPROVAL,ELG-001,2,2,0,0,true,0.38
SYN008031,ADO,2027-03-25,2027-04-04,NEEDS_APPROVAL,REQ-004|BAL-003,3,0,0,3,true,0.32
SYN009465,LONG_SERVICE,2027-03-25,2027-04-05,DECLINED,ELG-003|BAL-001,8,4,0,4,true,1.86
SYN006469,ANNUAL,2027-03-25,2027-03-25,RECOMMEND_APPROVE,"",1,0,0,1,true,0.19
SYN008130,ADO,2027-03-25,2027-04-04,DECLINED,REQ-004|BAL-001,7,0,0,7,true,0.79
SYN008592,ANNUAL,2027-03-25,2027-03-26,RECOMMEND_APPROVE,"",2,0,0,2,true,0.32
SYN007932,LONG_SERVICE,2027-03-25,2027-03-26,DECLINED,ELG-003|BAL-001|COV-001,2,0,2,0,true,0.37
SYN002465,ANNUAL,2027-03-25,2027-04-09,DECLINED,ELG-001|COV-001,9,0,2,7,true,0.48
SYN007306,ANNUAL,2027-03-25,2027-03-25,RECOMMEND_APPROVE,"",1,0,0,1,true,0.21
SYN005763,LONG_SERVICE,2027-03-25,2027-04-08,RECOMMEND_APPROVE,"",9,0,0,9,true,0.38
SYN001991,ANNUAL,2027-03-26,2027-04-01,RECOMMEND_APPROVE,"",4,0,0,4,true,0.37
SYN002351,PROF_DEV,2027-03-26,2027-04-16,DECLINED,ELG-001|BAL-001,7,6,0,1,true,2.3
SYN000722,ANNUAL,2027-03-26,2027-04-02,NEEDS_APPROVAL,ELG-001|COV-001,6,0,2,4,true,0.42
SYN000551,ANNUAL,2027-03-26,2027-04-19,RECOMMEND_APPROVE,"",10,0,0,10,true,0.39
SYN003261,ANNUAL,2027-03-27,2027-04-03,NEEDS_APPROVAL,COV-001,3,0,2,1,true,0.48
SYN000670,ANNUAL,2027-03-27,2027-04-04,NEEDS_APPROVAL,ELG-001,7,0,0,7,true,0.48
SYN005880,ANNUAL,2027-03-27,2027-03-28,NEEDS_APPROVAL,ELG-001,2,1,0,1,true,0.76
SYN003548,LONG_SERVICE,2027-03-29,2027-04-11,DECLINED,BAL-001,8,6,0,2,true,2.6
SYN007012,ANNUAL,2027-03-29,2027-04-19,DECLINED,BAL-001,12,0,0,12,true,1.19
SYN001858,ANNUAL,2027-03-29,2027-04-11,RECOMMEND_APPROVE,"",4,0,0,4,true,0.37
SYN006226,ANNUAL,2027-03-29,2027-04-01,RECOMMEND_APPROVE,"",4,3,0,1,true,2.14
SYN000749,ANNUAL,2027-03-29,2027-04-26,NEEDS_APPROVAL,ELG-001,16,4,0,12,true,0.99
SYN005109,ANNUAL,2027-03-29,2027-04-11,NEEDS_APPROVAL,ELG-001|COV-001,6,2,3,1,true,1.19
SYN002272,LONG_SERVICE,2027-03-29,2027-05-16,DECLINED,BAL-001,28,8,0,20,true,18.26
SYN004673,ADO,2027-03-29,2027-03-29,RECOMMEND_APPROVE,"",1,1,0,0,true,0.86
SYN003621,ANNUAL,2027-03-29,2027-04-04,RECOMMEND_APPROVE,"",3,1,0,2,true,2.4
SYN006428,ANNUAL,2027-03-29,2027-04-04,RECOMMEND_APPROVE,"",3,2,0,1,true,0.84
SYN009234,ANNUAL,2027-03-29,2027-04-09,NEEDS_APPROVAL,ELG-001,10,0,0,10,true,0.41
SYN007260,ANNUAL,2027-03-29,2027-04-10,RECOMMEND_APPROVE,"",7,0,0,7,true,0.86
SYN007559,TOIL,2027-03-29,2027-03-29,DECLINED,ELG-001|ELG-002|BAL-003,1,0,0,1,true,0.22
SYN004237,ANNUAL,2027-03-29,2027-04-02,RECOMMEND_APPROVE,"",5,0,0,5,true,0.34
SYN001485,LONG_SERVICE,2027-03-29,2027-04-25,NEEDS_APPROVAL,ELG-001,12,0,0,12,true,0.44
SYN009486,ANNUAL,2027-03-29,2027-04-18,DECLINED,ELG-002|BAL-001|COV-003,21,9,0,12,true,1.24
SYN002490,LONG_SERVICE,2027-03-29,2027-04-11,NEEDS_APPROVAL,ELG-001,8,4,0,4,true,5.17
SYN007315,LONG_SERVICE,2027-03-29,2027-04-08,DECLINED,ELG-001|ELG-003|BAL-001,9,2,0,7,true,0.67
SYN007986,UNPAID,2027-03-29,2027-06-13,RECOMMEND_APPROVE,"",55,11,0,44,true,2.71
SYN008833,TOIL,2027-03-29,2027-04-24,NEEDS_APPROVAL,ELG-001,20,8,0,12,true,5.54
SYN002573,ANNUAL,2027-03-29,2027-04-04,NEEDS_APPROVAL,ELG-001,4,1,0,3,true,0.63
SYN002538,ADO,2027-03-29,2027-04-04,DECLINED,REQ-004|BAL-001,5,0,0,5,true,0.51
SYN006555,ANNUAL,2027-03-29,2027-04-11,NEEDS_APPROVAL,COV-001,8,0,2,6,true,0.75
SYN000481,ANNUAL,2027-03-29,2027-04-18,DECLINED,ELG-001|COV-001,6,0,3,3,true,0.81
SYN004224,ANNUAL,2027-03-29,2027-04-04,NEEDS_APPROVAL,ELG-001,3,0,0,3,true,0.28
SYN007120,ANNUAL,2027-03-29,2027-04-11,DECLINED,ELG-001|BAL-001|COV-001,10,0,5,5,true,1.14
SYN005204,ANNUAL,2027-03-29,2027-04-11,NEEDS_APPROVAL,ELG-001|COV-001,10,0,4,6,true,0.71
SYN001026,ANNUAL,2027-03-29,2027-04-11,NEEDS_APPROVAL,ELG-001,4,2,0,2,true,0.82
SYN001907,ANNUAL,2027-03-29,2027-04-11,RECOMMEND_APPROVE,"",10,4,0,6,true,0.97
SYN003914,ANNUAL,2027-03-29,2027-04-18,DECLINED,BAL-001,9,0,0,9,true,0.42
SYN006977,ANNUAL,2027-03-29,2027-04-04,NEEDS_APPROVAL,ELG-001,5,2,0,3,true,1.26
SYN000134,ANNUAL,2027-03-29,2027-04-23,NEEDS_APPROVAL,COV-002,20,19,0,1,true,2.09
SYN006743,ANNUAL,2027-03-29,2027-04-11,RECOMMEND_APPROVE,"",6,2,0,4,true,0.9
SYN001520,TOIL,2027-03-29,2027-04-18,NEEDS_APPROVAL,ELG-001,15,0,0,15,true,1.38
SYN008592,ANNUAL,2027-03-29,2027-03-30,RECOMMEND_APPROVE,"",2,2,0,0,true,1.6
SYN001518,ANNUAL,2027-03-29,2027-03-29,NEEDS_APPROVAL,ELG-001,1,1,0,0,true,0.37
SYN001770,ANNUAL,2027-03-29,2027-04-11,NEEDS_APPROVAL,COV-001,10,0,6,4,true,0.63
SYN002904,PARENTAL,2027-03-29,2027-04-11,NEEDS_APPROVAL,COV-001,10,0,8,2,true,0.41
SYN004503,LONG_SERVICE,2027-03-29,2027-03-30,DECLINED,ELG-003|BAL-001,1,1,0,0,true,0.7
SYN005226,ADO,2027-03-29,2027-03-30,RECOMMEND_APPROVE,"",2,1,0,1,true,0.66
SYN003941,ANNUAL,2027-03-29,2027-05-07,DECLINED,BAL-001|COV-001,40,6,12,22,true,3.68
SYN000596,ANNUAL,2027-03-29,2027-04-11,DECLINED,BAL-001,14,4,0,10,true,3.23
SYN001526,LONG_SERVICE,2027-03-29,2027-04-11,DECLINED,ELG-001|ELG-003|BAL-001,10,2,0,8,true,1.32
SYN001153,ANNUAL,2027-03-29,2027-04-23,NEEDS_APPROVAL,ELG-001,14,6,0,8,true,5.89
SYN001368,ANNUAL,2027-03-29,2027-04-25,NEEDS_APPROVAL,ELG-001,20,16,0,4,true,2.61
SYN003139,ANNUAL,2027-03-29,2027-04-11,RECOMMEND_APPROVE,"",4,3,0,1,true,0.98
SYN006400,TOIL,2027-03-29,2027-03-29,RECOMMEND_APPROVE,"",1,0,0,1,true,0.15
SYN002957,TOIL,2027-03-29,2027-03-29,RECOMMEND_APPROVE,"",1,0,0,1,true,0.11
SYN001432,ANNUAL,2027-03-29,2027-04-18,NEEDS_APPROVAL,ELG-001,9,0,0,9,true,0.33
SYN006052,UNPAID,2027-03-29,2027-08-31,RECOMMEND_APPROVE,"",46,0,0,46,true,0.96
SYN008227,ANNUAL,2027-03-29,2027-04-11,RECOMMEND_APPROVE,"",8,4,0,4,true,2.82
SYN005335,ANNUAL,2027-03-29,2027-04-25,RECOMMEND_APPROVE,"",12,0,0,12,true,0.69
SYN005156,ANNUAL,2027-03-29,2027-04-03,RECOMMEND_APPROVE,"",3,0,0,3,true,0.2
SYN009035,TOIL,2027-03-30,2027-04-02,DECLINED,ELG-001|BAL-001,4,3,0,1,true,0.37
SYN003605,UNPAID,2027-03-30,2027-04-18,DECLINED,COV-001,14,1,1,12,true,0.79
SYN008548,ANNUAL,2027-03-30,2027-03-30,NEEDS_APPROVAL,ELG-001|COV-001,1,0,1,0,true,0.24
SYN007559,ANNUAL,2027-03-30,2027-04-16,NEEDS_APPROVAL,ELG-001,11,9,0,2,true,0.79
SYN002922,ANNUAL,2027-03-30,2027-04-02,RECOMMEND_APPROVE,"",4,0,0,4,true,0.19
SYN006086,ANNUAL,2027-03-30,2027-04-25,DECLINED,COV-001,23,0,7,16,true,0.93
SYN003931,ANNUAL,2027-03-30,2027-04-22,NEEDS_APPROVAL,ELG-001|COV-003,12,12,0,0,true,0.68
SYN007932,LONG_SERVICE,2027-03-30,2027-04-30,DECLINED,ELG-003|BAL-001|COV-001,24,4,20,0,true,0.93
SYN002957,ANNUAL,2027-03-30,2027-03-31,RECOMMEND_APPROVE,"",2,0,0,2,true,0.19
SYN000834,TOIL,2027-03-30,2027-03-30,NEEDS_APPROVAL,ELG-001,1,0,0,1,true,0.23
SYN003354,ANNUAL,2027-03-30,2027-04-04,RECOMMEND_APPROVE,"",4,2,0,2,true,0.34
SYN006400,LONG_SERVICE,2027-03-30,2027-05-09,DECLINED,ELG-003|BAL-001,23,6,0,17,true,1.01
SYN006666,ANNUAL,2027-03-30,2027-04-07,RECOMMEND_APPROVE,"",6,0,0,6,true,0.21
SYN002175,ANNUAL,2027-03-30,2027-04-02,NEEDS_APPROVAL,COV-001,4,1,1,2,true,0.36
SYN002836,ANNUAL,2027-03-31,2027-04-14,DECLINED,COV-001,12,0,2,10,true,0.27
SYN007551,LONG_SERVICE,2027-03-31,2027-04-11,DECLINED,ELG-003|BAL-001,8,0,0,8,true,0.35
SYN006255,ANNUAL,2027-03-31,2027-04-02,RECOMMEND_APPROVE,"",3,2,0,1,true,0.73
SYN001462,ANNUAL,2027-03-31,2027-04-11,NEEDS_APPROVAL,ELG-001,7,0,0,7,true,0.2
SYN004673,LONG_SERVICE,2027-03-31,2027-03-31,DECLINED,ELG-003,0,0,0,0,false,0.07
SYN004676,ANNUAL,2027-04-01,2027-04-11,NEEDS_APPROVAL,ELG-001,7,0,0,7,true,0.17
SYN006221,PROF_DEV,2027-04-01,2027-04-12,DECLINED,ELG-001|BAL-001,8,0,0,8,true,0.19
SYN009338,ANNUAL,2027-04-01,2027-04-01,RECOMMEND_APPROVE,"",1,0,0,1,true,0.15
SYN007383,LONG_SERVICE,2027-04-01,2027-04-01,DECLINED,ELG-003|BAL-001,1,0,0,1,true,0.15
SYN006573,UNPAID,2027-04-02,2027-09-17,RECOMMEND_APPROVE,"",121,0,0,121,true,2.16
SYN003187,TOIL,2027-04-02,2027-04-03,NEEDS_APPROVAL,COV-001,1,0,1,0,true,0.16
SYN004357,LONG_SERVICE,2027-04-02,2027-04-02,DECLINED,BAL-001|COV-001,1,0,1,0,true,0.15
SYN004112,LONG_SERVICE,2027-04-02,2027-04-02,DECLINED,ELG-001|BAL-001|COV-001,1,0,1,0,true,0.12
SYN008435,ADO,2027-04-02,2027-04-02,NEEDS_APPROVAL,COV-001,1,0,1,0,true,0.1
SYN009531,PROF_DEV,2027-04-02,2027-04-06,NEEDS_APPROVAL,ELG-001,3,2,0,1,true,0.51
SYN009018,ADO,2027-04-03,2027-04-03,NEEDS_APPROVAL,ELG-001,0,0,0,0,false,0.08
SYN001701,ANNUAL,2027-04-03,2027-04-18,RECOMMEND_APPROVE,"",6,2,0,4,true,0.45
SYN007168,LONG_SERVICE,2027-04-03,2027-04-03,DECLINED,ELG-003|BAL-001,1,0,0,1,true,0.22
SYN009272,ANNUAL,2027-04-03,2027-04-25,NEEDS_APPROVAL,ELG-001,12,5,0,7,true,0.67
SYN001239,ANNUAL,2027-04-04,2027-05-02,NEEDS_APPROVAL,ELG-001,16,0,0,16,true,0.45
SYN003187,TOIL,2027-04-04,2027-04-05,NEEDS_APPROVAL,COV-001,1,0,1,0,true,0.12
SYN005512,ANNUAL,2027-04-05,2027-04-11,NEEDS_APPROVAL,COV-001,3,1,1,1,true,0.21
SYN005068,ANNUAL,2027-04-05,2027-04-18,NEEDS_APPROVAL,ELG-001,10,2,0,8,true,1.79
SYN008832,ANNUAL,2027-04-05,2027-04-23,NEEDS_APPROVAL,ELG-001,15,3,0,12,true,1.35
SYN002438,ANNUAL,2027-04-05,2027-05-16,DECLINED,BAL-001,18,0,0,18,true,0.92
SYN001006,LONG_SERVICE,2027-04-05,2027-04-16,NEEDS_APPROVAL,ELG-001,8,2,0,6,true,0.59
SYN008452,ANNUAL,2027-04-05,2027-04-25,DECLINED,BAL-001,18,0,0,18,true,0.34
SYN007383,ANNUAL,2027-04-05,2027-04-11,NEEDS_APPROVAL,COV-001,4,0,1,3,true,0.22
SYN000504,ANNUAL,2027-04-05,2027-04-11,RECOMMEND_APPROVE,"",5,0,0,5,true,0.17
SYN008648,ANNUAL,2027-04-05,2027-04-18,NEEDS_APPROVAL,COV-001,12,2,2,8,true,0.56
SYN001404,ANNUAL,2027-04-05,2027-04-11,NEEDS_APPROVAL,ELG-001|BAL-003,5,0,0,5,true,0.25
SYN004673,ADO,2027-04-05,2027-04-05,DECLINED,BAL-001,1,1,0,0,true,0.46
SYN003151,ANNUAL,2027-04-05,2027-04-15,RECOMMEND_APPROVE,"",9,0,0,9,true,0.19
SYN000379,ANNUAL,2027-04-05,2027-04-11,RECOMMEND_APPROVE,"",1,0,0,1,true,0.26
SYN001790,TOIL,2027-04-05,2027-04-11,RECOMMEND_APPROVE,"",3,1,0,2,true,0.35
SYN004482,ANNUAL,2027-04-05,2027-04-15,NEEDS_APPROVAL,COV-001,9,0,7,2,true,0.4
SYN004064,LONG_SERVICE,2027-04-05,2027-04-18,DECLINED,BAL-001,10,0,0,10,true,0.31
SYN004215,ANNUAL,2027-04-05,2027-04-18,NEEDS_APPROVAL,ELG-001,0,0,0,0,false,0.09
SYN003354,TOIL,2027-04-05,2027-04-05,NEEDS_APPROVAL,BAL-003|COV-001,1,0,1,0,true,0.11
SYN009118,ANNUAL,2027-04-05,2027-04-11,DECLINED,ELG-001|BAL-001,3,1,0,2,true,1.84
SYN008709,LONG_SERVICE,2027-04-05,2027-07-04,DECLINED,ELG-003|BAL-001,65,59,0,6,true,24.72
SYN008435,ANNUAL,2027-04-05,2027-05-02,DECLINED,ELG-001|ELG-002|COV-001,20,0,4,16,true,0.39
SYN003289,ANNUAL,2027-04-05,2027-04-18,NEEDS_APPROVAL,ELG-001,10,2,0,8,true,0.86
SYN009263,ANNUAL,2027-04-05,2027-05-02,RECOMMEND_APPROVE,"",20,9,0,11,true,3.08
SYN002095,LONG_SERVICE,2027-04-05,2027-04-06,RECOMMEND_APPROVE,"",2,0,0,2,true,0.25
SYN009088,TOIL,2027-04-05,2027-04-05,DECLINED,ELG-001|BAL-001,1,0,0,1,true,0.17
SYN000960,LONG_SERVICE,2027-04-05,2027-04-25,NEEDS_APPROVAL,ELG-001,9,0,0,9,true,0.22
SYN007992,ANNUAL,2027-04-05,2027-04-18,RECOMMEND_APPROVE,"",10,3,0,7,true,0.66
SYN007366,ANNUAL,2027-04-05,2027-04-18,RECOMMEND_APPROVE,"",8,0,0,8,true,0.36
SYN001593,ANNUAL,2027-04-05,2027-04-09,NEEDS_APPROVAL,COV-001,4,0,2,2,true,0.18
SYN003217,ANNUAL,2027-04-05,2027-05-02,RECOMMEND_APPROVE,"",16,0,0,16,true,0.88
SYN004684,ANNUAL,2027-04-05,2027-04-11,NEEDS_APPROVAL,ELG-001,3,2,0,1,true,0.38
SYN007788,LONG_SERVICE,2027-04-05,2027-04-18,DECLINED,ELG-003|BAL-001,10,0,0,10,true,0.33
SYN005418,ANNUAL,2027-04-05,2027-04-11,RECOMMEND_APPROVE,"",4,4,0,0,true,1.22
SYN007657,ANNUAL,2027-04-05,2027-04-25,RECOMMEND_APPROVE,"",15,9,0,6,true,1.23
SYN003906,ANNUAL,2027-04-05,2027-04-18,NEEDS_APPROVAL,COV-001,4,0,1,3,true,0.38
SYN004244,UNPAID,2027-04-05,2027-09-19,DECLINED,COV-001,120,0,24,96,true,1.44
SYN003915,ANNUAL,2027-04-05,2027-04-08,NEEDS_APPROVAL,COV-001,4,2,1,1,true,0.46
SYN007287,ANNUAL,2027-04-05,2027-04-25,DECLINED,ELG-001|COV-001,15,12,3,0,true,1.48
SYN008831,LONG_SERVICE,2027-04-05,2027-07-02,DECLINED,ELG-001|ELG-003|BAL-001|COV-001,65,0,13,52,true,1.81
SYN006356,ANNUAL,2027-04-06,2027-04-10,DECLINED,ELG-001|ELG-002,5,3,0,2,true,0.85
SYN003201,LONG_SERVICE,2027-04-06,2027-04-09,DECLINED,BAL-001,4,1,0,3,true,0.2
SYN002152,ANNUAL,2027-04-06,2027-04-06,NEEDS_APPROVAL,COV-001,1,0,1,0,true,0.1
SYN001325,ANNUAL,2027-04-06,2027-04-22,DECLINED,ELG-001|COV-001,7,0,7,0,true,0.22
SYN004673,ADO,2027-04-06,2027-04-06,DECLINED,BAL-001,1,1,0,0,true,0.35
SYN003354,ANNUAL,2027-04-06,2027-04-09,RECOMMEND_APPROVE,"",4,2,0,2,true,0.23
SYN000183,ANNUAL,2027-04-07,2027-04-08,RECOMMEND_APPROVE,"",2,0,0,2,true,0.11
SYN003111,ANNUAL,2027-04-07,2027-05-03,NEEDS_APPROVAL,ELG-001,16,0,0,16,true,0.25
SYN001980,ANNUAL,2027-04-07,2027-04-10,NEEDS_APPROVAL,ELG-001,4,2,0,2,true,0.41
SYN007686,PROF_DEV,2027-04-08,2027-04-14,RECOMMEND_APPROVE,"",4,2,0,2,true,0.36
SYN003969,ANNUAL,2027-04-08,2027-04-09,RECOMMEND_APPROVE,"",2,0,0,2,true,0.33
SYN004705,ANNUAL,2027-04-08,2027-04-16,RECOMMEND_APPROVE,"",7,0,0,7,true,0.28
SYN002084,LONG_SERVICE,2027-04-09,2027-04-30,DECLINED,BAL-001,15,0,0,15,true,0.3
SYN001385,ANNUAL,2027-04-09,2027-05-09,DECLINED,BAL-001|COV-001,21,0,17,4,true,0.49
SYN003129,ANNUAL,2027-04-09,2027-04-09,NEEDS_APPROVAL,ELG-001|COV-002,1,1,0,0,true,0.18
SYN001466,ANNUAL,2027-04-10,2027-05-16,NEEDS_APPROVAL,ELG-001,26,0,0,26,true,0.48
SYN008743,ANNUAL,2027-04-10,2027-04-26,DECLINED,ELG-001|BAL-001,11,5,0,6,true,2.64
SYN009563,ANNUAL,2027-04-10,2027-04-28,RECOMMEND_APPROVE,"",13,0,0,13,true,0.86
SYN009018,ADO,2027-04-10,2027-04-10,NEEDS_APPROVAL,ELG-001,0,0,0,0,false,0.1
SYN000839,ANNUAL,2027-04-11,2027-04-11,NEEDS_APPROVAL,ELG-001,1,0,0,1,true,0.13
SYN007521,TOIL,2027-04-11,2027-04-11,RECOMMEND_APPROVE,"",1,1,0,0,true,0.22
SYN003907,ANNUAL,2027-04-12,2027-04-23,NEEDS_APPROVAL,ELG-001,6,0,0,6,true,0.31
SYN008213,PROF_DEV,2027-04-12,2027-04-12,RECOMMEND_APPROVE,"",1,0,0,1,true,0.46
SYN000009,ANNUAL,2027-04-12,2027-04-12,RECOMMEND_APPROVE,"",1,0,0,1,true,0.15
SYN001475,LONG_SERVICE,2027-04-12,2027-07-21,DECLINED,ELG-001|ELG-003|BAL-001|COV-001,58,0,58,0,true,0.86
SYN004254,ANNUAL,2027-04-12,2027-04-23,NEEDS_APPROVAL,COV-001,4,2,2,0,true,0.48
SYN006167,ANNUAL,2027-04-12,2027-04-25,NEEDS_APPROVAL,COV-001,4,0,2,2,true,0.19
SYN006980,ANNUAL,2027-04-12,2027-04-25,NEEDS_APPROVAL,ELG-001,8,4,0,4,true,0.43
SYN004225,ANNUAL,2027-04-12,2027-04-18,NEEDS_APPROVAL,ELG-001|COV-001,4,0,1,3,true,0.16
SYN001258,ANNUAL,2027-04-12,2027-04-18,RECOMMEND_APPROVE,"",5,0,0,5,true,0.15
SYN005495,ANNUAL,2027-04-12,2027-04-18,RECOMMEND_APPROVE,"",2,0,0,2,true,0.16
SYN000565,ADO,2027-04-12,2027-05-23,DECLINED,REQ-004|ELG-001|BAL-001,18,0,0,18,true,1.16
SYN002564,ANNUAL,2027-04-12,2027-05-09,DECLINED,BAL-001,28,8,0,20,true,2.74
SYN002500,ANNUAL,2027-04-12,2027-05-09,DECLINED,ELG-001|COV-001,16,0,11,5,true,0.95
SYN008861,TOIL,2027-04-12,2027-05-02,DECLINED,ELG-001|ELG-002|COV-001,12,3,3,6,true,0.85
SYN002904,ANNUAL,2027-04-12,2027-04-25,NEEDS_APPROVAL,COV-001,10,0,8,2,true,0.22
SYN004676,TOIL,2027-04-12,2027-04-12,NEEDS_APPROVAL,ELG-001|BAL-003,1,0,0,1,true,0.11
SYN003927,ANNUAL,2027-04-12,2027-04-12,RECOMMEND_APPROVE,"",1,0,0,1,true,0.12
SYN007997,LONG_SERVICE,2027-04-12,2027-05-02,DECLINED,ELG-003|BAL-001,6,0,0,6,true,0.57
SYN003142,ANNUAL,2027-04-12,2027-10-24,DECLINED,REQ-004|BAL-001|COV-001,140,0,40,100,true,3.06
SYN003969,ANNUAL,2027-04-12,2027-04-18,RECOMMEND_APPROVE,"",5,1,0,4,true,0.76
SYN000128,ANNUAL,2027-04-12,2027-04-18,RECOMMEND_APPROVE,"",0,0,0,0,false,0.07
SYN002123,TOIL,2027-04-12,2027-04-25,RECOMMEND_APPROVE,"",10,8,0,2,true,1.79
SYN005767,ANNUAL,2027-04-12,2027-05-09,NEEDS_APPROVAL,ELG-001,16,8,0,8,true,1.12
SYN002790,LONG_SERVICE,2027-04-12,2027-04-25,RECOMMEND_APPROVE,"",2,2,0,0,true,0.76
SYN008397,ANNUAL,2027-04-12,2027-04-18,RECOMMEND_APPROVE,"",3,2,0,1,true,1.27
SYN004082,ANNUAL,2027-04-12,2027-04-25,DECLINED,BAL-001|COV-001,8,6,2,0,true,0.81
SYN007292,ANNUAL,2027-04-12,2027-04-18,RECOMMEND_APPROVE,"",5,3,0,2,true,1.14
SYN002927,ANNUAL,2027-04-12,2027-04-18,RECOMMEND_APPROVE,"",3,1,0,2,true,0.76
SYN009118,TOIL,2027-04-12,2027-04-12,NEEDS_APPROVAL,ELG-001,1,1,0,0,true,1.33
SYN009033,ANNUAL,2027-04-12,2027-04-18,NEEDS_APPROVAL,ELG-001|BAL-003,4,1,0,3,true,0.72
SYN005469,ANNUAL,2027-04-12,2027-05-09,DECLINED,ELG-001|BAL-001,16,4,0,12,true,1.58
SYN001159,ANNUAL,2027-04-12,2027-04-18,NEEDS_APPROVAL,ELG-001,6,1,0,5,true,0.53
SYN005564,ANNUAL,2027-04-12,2027-05-02,RECOMMEND_APPROVE,"",12,0,0,12,true,0.62
SYN000374,ANNUAL,2027-04-12,2027-11-21,DECLINED,REQ-004|ELG-001|BAL-001,128,0,0,128,true,5.72
SYN007022,LONG_SERVICE,2027-04-12,2027-04-18,DECLINED,ELG-003|BAL-001,5,1,0,4,true,0.77
SYN009131,LONG_SERVICE,2027-04-12,2027-05-02,DECLINED,ELG-003|BAL-001,15,5,0,10,true,0.75
SYN002101,ANNUAL,2027-04-12,2027-04-23,NEEDS_APPROVAL,ELG-001|COV-001,10,0,2,8,true,0.25
SYN008227,LONG_SERVICE,2027-04-12,2027-04-25,DECLINED,ELG-003|BAL-001,8,4,0,4,true,2.9
SYN007330,ANNUAL,2027-04-12,2027-05-23,DECLINED,ELG-001|BAL-001,6,0,0,6,true,0.42
SYN007319,ANNUAL,2027-04-12,2027-05-14,DECLINED,BAL-001,23,5,0,18,true,1.51
SYN006129,ANNUAL,2027-04-12,2027-04-25,RECOMMEND_APPROVE,"",6,6,0,0,true,0.75
SYN003129,TOIL,2027-04-12,2027-04-12,NEEDS_APPROVAL,ELG-001|BAL-003|COV-002,1,1,0,0,true,0.18
SYN004813,ANNUAL,2027-04-12,2027-05-20,RECOMMEND_APPROVE,"",16,6,0,10,true,1.06
SYN006414,ANNUAL,2027-04-12,2027-04-18,NEEDS_APPROVAL,ELG-001,4,1,0,3,true,0.63
SYN005010,ANNUAL,2027-04-12,2027-04-18,RECOMMEND_APPROVE,"",4,4,0,0,true,2.31
SYN001462,ANNUAL,2027-04-13,2027-04-16,NEEDS_APPROVAL,ELG-001,3,0,0,3,true,0.14
SYN008530,PROF_DEV,2027-04-13,2027-04-16,NEEDS_APPROVAL,ELG-001|COV-001,4,2,2,0,true,0.3
SYN002502,ANNUAL,2027-04-13,2027-04-15,RECOMMEND_APPROVE,"",3,0,0,3,true,0.22
SYN007315,LONG_SERVICE,2027-04-13,2027-04-16,DECLINED,ELG-001|ELG-003|BAL-001,4,1,0,3,true,0.23
SYN005442,LONG_SERVICE,2027-04-13,2027-04-23,DECLINED,ELG-003|BAL-001|COV-001,5,0,1,4,true,0.18
SYN003129,ANNUAL,2027-04-13,2027-05-07,NEEDS_APPROVAL,ELG-001|COV-002,19,17,0,2,true,1.33
SYN009118,LONG_SERVICE,2027-04-13,2027-04-18,DECLINED,ELG-001|ELG-003|BAL-001,2,0,0,2,true,0.46
SYN004676,ANNUAL,2027-04-13,2027-04-28,NEEDS_APPROVAL,ELG-001,12,0,0,12,true,0.54
SYN000834,TOIL,2027-04-13,2027-04-13,NEEDS_APPROVAL,ELG-001,1,0,0,1,true,0.25
SYN000227,ANNUAL,2027-04-13,2027-04-19,NEEDS_APPROVAL,ELG-001,5,5,0,0,true,4.58
SYN008213,PROF_DEV,2027-04-14,2027-04-14,RECOMMEND_APPROVE,"",1,0,0,1,true,0.21
SYN000858,UNPAID,2027-04-14,2027-09-14,DECLINED,ELG-001|COV-001,66,0,44,22,true,2.36
SYN004553,UNPAID,2027-04-14,2027-10-10,NEEDS_APPROVAL,ELG-001,76,23,0,53,true,38.69
SYN002823,ANNUAL,2027-04-14,2027-04-15,RECOMMEND_APPROVE,"",2,0,0,2,true,0.57
SYN006285,ANNUAL,2027-04-14,2027-05-09,RECOMMEND_APPROVE,"",3,0,0,3,true,0.58
SYN004503,ANNUAL,2027-04-14,2027-05-10,RECOMMEND_APPROVE,"",11,8,0,3,true,4.78
SYN001827,ANNUAL,2027-04-14,2027-04-16,NEEDS_APPROVAL,COV-001,3,0,2,1,true,0.7
SYN001656,ANNUAL,2027-04-14,2027-04-21,NEEDS_APPROVAL,ELG-001,4,1,0,3,true,1.1
SYN003456,PROF_DEV,2027-04-15,2027-04-20,RECOMMEND_APPROVE,"",3,1,0,2,true,1.2
SYN007383,LONG_SERVICE,2027-04-15,2027-04-15,DECLINED,ELG-003|BAL-001,1,0,0,1,true,0.33
SYN008592,ANNUAL,2027-04-15,2027-04-15,RECOMMEND_APPROVE,"",1,0,0,1,true,0.26
SYN004502,LONG_SERVICE,2027-04-15,2027-04-27,DECLINED,ELG-003|BAL-001,8,0,0,8,true,0.36
SYN004357,LONG_SERVICE,2027-04-16,2027-04-16,DECLINED,BAL-001|COV-001,1,0,1,0,true,0.28
SYN002823,TOIL,2027-04-16,2027-04-16,RECOMMEND_APPROVE,"",1,0,0,1,true,0.22
SYN004482,TOIL,2027-04-16,2027-04-16,NEEDS_APPROVAL,BAL-003|COV-001,1,0,1,0,true,0.27
SYN003552,ANNUAL,2027-04-16,2027-04-16,NEEDS_APPROVAL,ELG-001,0,0,0,0,false,0.13
SYN000689,TOIL,2027-04-16,2027-04-18,NEEDS_APPROVAL,ELG-001,1,0,0,1,true,0.3
SYN004112,LONG_SERVICE,2027-04-16,2027-04-16,DECLINED,ELG-001|BAL-001|COV-001,1,0,1,0,true,0.23
SYN002666,TOIL,2027-04-17,2027-04-17,NEEDS_APPROVAL,ELG-001,0,0,0,0,false,0.13
SYN007022,ANNUAL,2027-04-19,2027-04-25,RECOMMEND_APPROVE,"",5,0,0,5,true,0.47
SYN000856,LONG_SERVICE,2027-04-19,2027-05-14,DECLINED,ELG-001|ELG-003|BAL-001|COV-001,20,0,8,12,true,0.85
SYN000705,TOIL,2027-04-19,2027-06-06,DECLINED,ELG-001|BAL-001,28,7,0,21,true,2.19
SYN006729,LONG_SERVICE,2027-04-19,2027-05-02,DECLINED,ELG-003|BAL-001,4,0,0,4,true,0.63
SYN002823,TOIL,2027-04-19,2027-04-19,RECOMMEND_APPROVE,"",1,0,0,1,true,0.19
SYN009353,ANNUAL,2027-04-19,2027-04-30,NEEDS_APPROVAL,ELG-001,12,8,0,4,true,5.12
SYN001520,UNPAID,2027-04-19,2027-10-17,NEEDS_APPROVAL,ELG-001,130,0,0,130,true,9.64
SYN000546,UNPAID,2027-04-19,2027-11-21,RECOMMEND_APPROVE,"",155,0,0,155,true,8.54
SYN006812,ANNUAL,2027-04-19,2027-05-09,RECOMMEND_APPROVE,"",12,8,0,4,true,1.83
SYN001307,ANNUAL,2027-04-19,2027-04-23,NEEDS_APPROVAL,COV-001,5,0,3,2,true,0.33
SYN005010,LONG_SERVICE,2027-04-19,2027-05-02,RECOMMEND_APPROVE,"",8,6,0,2,true,7.16
SYN006414,ANNUAL,2027-04-19,2027-04-23,NEEDS_APPROVAL,ELG-001,4,1,0,3,true,1.16
SYN001258,LONG_SERVICE,2027-04-19,2027-04-25,DECLINED,ELG-003|BAL-001,5,0,0,5,true,0.37
SYN008397,ANNUAL,2027-04-19,2027-04-25,RECOMMEND_APPROVE,"",3,2,0,1,true,2.91
SYN000085,ANNUAL,2027-04-19,2027-04-25,RECOMMEND_APPROVE,"",4,2,0,2,true,0.76
SYN001724,LONG_SERVICE,2027-04-19,2027-08-29,DECLINED,BAL-001,76,0,0,76,true,7.22
SYN006817,TOIL,2027-04-19,2027-05-02,DECLINED,BAL-001,6,2,0,4,true,2.07
SYN000392,PROF_DEV,2027-04-19,2027-04-19,NEEDS_APPROVAL,ELG-001,1,0,0,1,true,0.27
SYN005894,ANNUAL,2027-04-19,2027-05-02,RECOMMEND_APPROVE,"",8,0,0,8,true,0.47
SYN003742,ANNUAL,2027-04-19,2027-05-02,NEEDS_APPROVAL,COV-001,8,0,4,4,true,0.38
SYN003881,ANNUAL,2027-04-19,2027-05-02,DECLINED,BAL-001,6,0,0,6,true,0.47
SYN000944,ANNUAL,2027-04-19,2027-05-09,RECOMMEND_APPROVE,"",0,0,0,0,false,0.17
SYN003375,LONG_SERVICE,2027-04-19,2027-05-23,DECLINED,BAL-001|COV-001,20,0,5,15,true,0.81
SYN004446,LONG_SERVICE,2027-04-19,2027-04-25,DECLINED,ELG-003|BAL-001,4,2,0,2,true,0.9
SYN002927,ANNUAL,2027-04-19,2027-05-02,RECOMMEND_APPROVE,"",6,2,0,4,true,3.13
SYN008158,UNPAID,2027-04-19,2027-07-25,NEEDS_APPROVAL,ELG-001,70,6,0,64,true,8.1
SYN002855,UNPAID,2027-04-19,2027-06-24,RECOMMEND_APPROVE,"",30,4,0,26,true,1.54
SYN003145,LONG_SERVICE,2027-04-19,2027-05-02,DECLINED,ELG-001|BAL-001,10,10,0,0,true,2.45
SYN001196,TOIL,2027-04-19,2027-05-09,DECLINED,ELG-001|BAL-001,9,0,0,9,true,1.33
SYN008089,ANNUAL,2027-04-19,2027-04-25,NEEDS_APPROVAL,ELG-001,4,0,0,4,true,0.51
SYN003999,LONG_SERVICE,2027-04-19,2027-05-02,DECLINED,BAL-001|COV-001,4,0,2,2,true,0.53
SYN000802,ANNUAL,2027-04-19,2027-04-23,NEEDS_APPROVAL,ELG-001,5,4,0,1,true,0.82
SYN003235,ANNUAL,2027-04-19,2027-04-30,NEEDS_APPROVAL,ELG-001,9,4,0,5,true,2.52
SYN003516,ADO,2027-04-19,2027-04-19,RECOMMEND_APPROVE,"",1,0,0,1,true,0.31
SYN007868,LONG_SERVICE,2027-04-19,2027-05-02,DECLINED,ELG-003|BAL-001,10,10,0,0,true,2.41
SYN000717,ANNUAL,2027-04-19,2027-05-03,NEEDS_APPROVAL,ELG-001,4,2,0,2,true,0.96
SYN008592,ANNUAL,2027-04-19,2027-04-25,RECOMMEND_APPROVE,"",5,3,0,2,true,2.68
SYN003541,ANNUAL,2027-04-19,2027-05-02,RECOMMEND_APPROVE,"",10,0,0,10,true,0.46
SYN008429,PROF_DEV,2027-04-19,2027-04-25,NEEDS_APPROVAL,ELG-001,5,1,0,4,true,0.57
SYN002806,LONG_SERVICE,2027-04-19,2027-05-16,DECLINED,ELG-001|BAL-001,12,0,0,12,true,0.88
SYN001262,ANNUAL,2027-04-19,2027-04-25,RECOMMEND_APPROVE,"",5,2,0,3,true,1.12
SYN002823,ANNUAL,2027-04-20,2027-05-02,RECOMMEND_APPROVE,"",9,0,0,9,true,0.67
SYN002026,ANNUAL,2027-04-20,2027-05-12,NEEDS_APPROVAL,ELG-001,14,0,0,14,true,1.25
SYN002512,LONG_SERVICE,2027-04-20,2027-05-03,DECLINED,BAL-001|COV-001,10,0,2,8,true,0.69
SYN007257,ANNUAL,2027-04-20,2027-04-22,NEEDS_APPROVAL,COV-001,3,0,1,2,true,0.35
SYN003864,LONG_SERVICE,2027-04-20,2027-05-14,DECLINED,BAL-001|COV-001,19,8,7,4,true,1.91
SYN001848,TOIL,2027-04-20,2027-04-24,DECLINED,ELG-001|BAL-001,4,1,0,3,true,0.54
SYN009535,ANNUAL,2027-04-21,2027-04-28,RECOMMEND_APPROVE,"",4,1,0,3,true,0.63
SYN008358,ANNUAL,2027-04-21,2027-04-23,NEEDS_APPROVAL,ELG-001,2,1,0,1,true,4.38
SYN004666,ADO,2027-04-21,2027-04-25,DECLINED,REQ-004|BAL-001|COV-001,3,0,1,2,true,0.74
SYN005308,ANNUAL,2027-04-21,2027-05-11,RECOMMEND_APPROVE,"",15,0,0,15,true,0.4
SYN002038,ANNUAL,2027-04-22,2027-04-23,RECOMMEND_APPROVE,"",2,0,0,2,true,0.19
SYN006640,ANNUAL,2027-04-22,2027-05-14,RECOMMEND_APPROVE,"",17,9,0,8,true,2.55
SYN005794,ANNUAL,2027-04-23,2027-05-07,RECOMMEND_APPROVE,"",4,2,0,2,true,1.75
SYN001254,LONG_SERVICE,2027-04-23,2027-04-23,DECLINED,ELG-003,0,0,0,0,false,0.14
SYN001741,ADO,2027-04-23,2027-04-25,DECLINED,REQ-004|BAL-001,1,0,0,1,true,0.31
SYN006174,ADO,2027-04-23,2027-04-25,DECLINED,REQ-004|ELG-001|BAL-001,3,1,0,2,true,3.26
SYN007257,TOIL,2027-04-23,2027-04-23,DECLINED,BAL-001,1,0,0,1,true,0.44
SYN002351,ANNUAL,2027-04-23,2027-05-07,NEEDS_APPROVAL,ELG-001,5,4,0,1,true,2.46
SYN008210,ANNUAL,2027-04-23,2027-04-23,RECOMMEND_APPROVE,"",1,1,0,0,true,1.04
SYN001325,ANNUAL,2027-04-23,2027-05-12,DECLINED,ELG-001|COV-001,8,0,8,0,true,0.53
SYN000392,PROF_DEV,2027-04-23,2027-04-23,NEEDS_APPROVAL,ELG-001,1,0,0,1,true,0.27
SYN005184,PROF_DEV,2027-04-23,2027-04-28,NEEDS_APPROVAL,COV-001,1,0,1,0,true,0.29
SYN008548,ANNUAL,2027-04-23,2027-04-23,NEEDS_APPROVAL,ELG-001,1,1,0,0,true,0.31
SYN005285,ANNUAL,2027-04-24,2027-04-29,RECOMMEND_APPROVE,"",2,0,0,2,true,0.61
SYN001254,LONG_SERVICE,2027-04-24,2027-04-24,DECLINED,ELG-003,0,0,0,0,false,0.14
SYN007257,TOIL,2027-04-25,2027-04-26,RECOMMEND_APPROVE,"",1,0,0,1,true,0.26
SYN004666,ANNUAL,2027-04-26,2027-05-16,DECLINED,COV-001,15,3,3,9,true,2.02
SYN007022,LONG_SERVICE,2027-04-26,2027-05-02,DECLINED,ELG-003|BAL-001,5,0,0,5,true,0.58
SYN008210,UNPAID,2027-04-26,2027-09-19,RECOMMEND_APPROVE,"",84,30,0,54,true,13.68
SYN007304,ANNUAL,2027-04-26,2027-05-23,DECLINED,COV-001,12,8,4,0,true,1.31
SYN002790,LONG_SERVICE,2027-04-26,2027-05-02,RECOMMEND_APPROVE,"",1,1,0,0,true,1.22
SYN007520,LONG_SERVICE,2027-04-26,2027-05-02,DECLINED,ELG-003|BAL-001,4,0,0,4,true,0.47
SYN008358,ANNUAL,2027-04-26,2027-04-27,NEEDS_APPROVAL,ELG-001,1,0,0,1,true,0.72
SYN004543,UNPAID,2027-04-26,2027-10-08,RECOMMEND_APPROVE,"",48,0,0,48,true,0.95
SYN000085,LONG_SERVICE,2027-04-26,2027-05-23,DECLINED,ELG-003|BAL-001,16,7,0,9,true,1.97
SYN000960,TOIL,2027-04-26,2027-04-26,DECLINED,ELG-001|ELG-002|BAL-003,1,0,0,1,true,0.23
SYN002904,PARENTAL,2027-04-26,2027-05-16,DECLINED,COV-001,15,0,12,3,true,0.51
SYN005197,LONG_SERVICE,2027-04-26,2027-05-02,DECLINED,ELG-001|ELG-003|BAL-001,2,1,0,1,true,0.39
SYN005335,TOIL,2027-04-26,2027-05-02,RECOMMEND_APPROVE,"",3,0,0,3,true,0.53
SYN003954,ANNUAL,2027-04-26,2027-06-20,DECLINED,BAL-001,40,14,0,26,true,5.51
SYN006276,ANNUAL,2027-04-26,2027-05-14,RECOMMEND_APPROVE,"",12,6,0,6,true,1.79
SYN004507,ANNUAL,2027-04-26,2027-05-16,RECOMMEND_APPROVE,"",9,0,0,9,true,0.46
SYN008795,TOIL,2027-04-26,2027-05-30,DECLINED,ELG-001|BAL-001,25,10,0,15,true,6.35
SYN007437,UNPAID,2027-04-26,2028-02-21,NEEDS_APPROVAL,ELG-001,86,0,0,86,true,4.22
SYN001401,TOIL,2027-04-26,2027-04-26,NEEDS_APPROVAL,ELG-001|BAL-003,0,0,0,0,false,0.18
SYN008892,ANNUAL,2027-04-26,2027-04-28,NEEDS_APPROVAL,ELG-001,2,2,0,0,true,1.54
SYN005720,ANNUAL,2027-04-26,2027-05-06,NEEDS_APPROVAL,COV-001,8,0,6,2,true,0.41
SYN004354,TOIL,2027-04-26,2027-04-29,DECLINED,BAL-001|COV-001,4,0,1,3,true,0.63
SYN004760,ANNUAL,2027-04-26,2027-06-05,DECLINED,ELG-001|ELG-002|BAL-001|COV-001,30,0,5,25,true,1.0
SYN006931,TOIL,2027-04-26,2027-05-16,DECLINED,BAL-001|COV-001,12,0,3,9,true,1.75
SYN008756,UNPAID,2027-04-26,2027-07-03,NEEDS_APPROVAL,ELG-001,50,0,0,50,true,2.57
SYN007521,LONG_SERVICE,2027-04-26,2027-05-02,DECLINED,ELG-003|BAL-001,4,2,0,2,true,0.95
SYN003945,LONG_SERVICE,2027-04-26,2027-05-23,RECOMMEND_APPROVE,"",0,0,0,0,false,0.2
SYN008430,LONG_SERVICE,2027-04-26,2027-07-23,DECLINED,ELG-001|ELG-003|BAL-001,26,0,0,26,true,1.0
SYN000392,PROF_DEV,2027-04-26,2027-04-26,NEEDS_APPROVAL,ELG-001,1,0,0,1,true,0.4
SYN008648,ANNUAL,2027-04-26,2027-05-09,NEEDS_APPROVAL,COV-001,12,2,2,8,true,0.99
SYN006086,TOIL,2027-04-26,2027-04-26,NEEDS_APPROVAL,BAL-003,1,0,0,1,true,0.21
SYN008548,TOIL,2027-04-26,2027-04-26,NEEDS_APPROVAL,ELG-001,1,1,0,0,true,0.28
SYN009119,ANNUAL,2027-04-26,2027-05-02,NEEDS_APPROVAL,ELG-001,5,0,0,5,true,0.6
SYN000960,LONG_SERVICE,2027-04-27,2027-06-03,NEEDS_APPROVAL,ELG-001,17,0,0,17,true,0.45
SYN002038,ANNUAL,2027-04-27,2027-04-27,RECOMMEND_APPROVE,"",1,0,0,1,true,0.17
SYN007257,ANNUAL,2027-04-27,2027-05-04,NEEDS_APPROVAL,COV-001,6,0,1,5,true,0.6
SYN009272,ANNUAL,2027-04-27,2027-05-03,NEEDS_APPROVAL,ELG-001,4,2,0,2,true,0.88
SYN001401,ANNUAL,2027-04-27,2027-05-04,NEEDS_APPROVAL,ELG-001,3,0,0,3,true,0.32
SYN008548,LONG_SERVICE,2027-04-27,2027-05-31,DECLINED,ELG-001|ELG-003|BAL-001|COV-001,25,20,5,0,true,2.16
SYN006086,ANNUAL,2027-04-27,2027-05-07,NEEDS_APPROVAL,COV-001,10,0,2,8,true,0.5
SYN007905,ADO,2027-04-28,2027-04-30,NEEDS_APPROVAL,REQ-004|ELG-001,3,0,0,3,true,0.73
SYN000392,ANNUAL,2027-04-28,2027-04-28,NEEDS_APPROVAL,ELG-001|COV-001,1,0,1,0,true,0.31
SYN003552,ANNUAL,2027-04-28,2027-04-30,NEEDS_APPROVAL,ELG-001,2,0,0,2,true,0.3
SYN000307,ANNUAL,2027-04-28,2027-05-20,RECOMMEND_APPROVE,"",13,0,0,13,true,1.66
SYN001518,ANNUAL,2027-04-29,2027-05-02,NEEDS_APPROVAL,ELG-001|COV-001,2,1,1,0,true,0.47
SYN006414,PROF_DEV,2027-04-29,2027-05-05,NEEDS_APPROVAL,ELG-001,4,2,0,2,true,1.8
SYN005417,ANNUAL,2027-04-29,2027-05-13,RECOMMEND_APPROVE,"",13,2,0,11,true,1.64
SYN006140,UNPAID,2027-04-29,2027-10-07,RECOMMEND_APPROVE,"",93,19,0,74,true,30.18
SYN000321,ANNUAL,2027-04-29,2027-05-09,NEEDS_APPROVAL,COV-001,7,0,3,4,true,0.52
SYN000826,LONG_SERVICE,2027-04-29,2027-11-05,DECLINED,REQ-004|ELG-001|BAL-001,28,0,0,28,true,1.1
SYN007383,LONG_SERVICE,2027-04-29,2027-04-29,DECLINED,ELG-003|BAL-001,1,0,0,1,true,0.34
SYN004357,LONG_SERVICE,2027-04-30,2027-04-30,DECLINED,BAL-001|COV-001,1,0,1,0,true,0.27
SYN003261,TOIL,2027-04-30,2027-04-30,RECOMMEND_APPROVE,"",1,0,0,1,true,0.3
SYN004112,LONG_SERVICE,2027-04-30,2027-04-30,DECLINED,ELG-001|BAL-001|COV-001,1,0,1,0,true,0.24
SYN009143,ANNUAL,2027-04-30,2027-05-14,RECOMMEND_APPROVE,"",3,3,0,0,true,0.61
SYN000366,ANNUAL,2027-05-01,2027-05-16,DECLINED,COV-001,8,0,8,0,true,1.02
SYN000451,ANNUAL,2027-05-03,2027-05-23,RECOMMEND_APPROVE,"",12,12,0,0,true,11.57
SYN007940,ANNUAL,2027-05-03,2027-05-09,RECOMMEND_APPROVE,"",5,4,0,1,true,6.5
SYN002712,ANNUAL,2027-05-03,2027-05-09,NEEDS_APPROVAL,ELG-001,3,1,0,2,true,0.73
SYN006851,ANNUAL,2027-05-03,2027-06-13,RECOMMEND_APPROVE,"",12,1,0,11,true,3.6
SYN001557,LONG_SERVICE,2027-05-03,2027-05-23,DECLINED,ELG-003|BAL-001,9,0,0,9,true,0.72
SYN009416,ANNUAL,2027-05-03,2027-05-17,DECLINED,COV-001,11,0,6,5,true,0.66
SYN002602,LONG_SERVICE,2027-05-03,2027-07-25,RECOMMEND_APPROVE,"",36,0,0,36,true,1.51
SYN005846,TOIL,2027-05-03,2027-05-16,NEEDS_APPROVAL,ELG-001|COV-001,8,6,1,1,true,1.52
SYN009554,LONG_SERVICE,2027-05-03,2027-05-16,NEEDS_APPROVAL,COV-001,4,0,4,0,true,0.79
SYN001310,ANNUAL,2027-05-03,2027-09-19,DECLINED,REQ-004|BAL-001,60,20,0,40,true,10.58
SYN002095,LONG_SERVICE,2027-05-03,2027-05-04,RECOMMEND_APPROVE,"",2,1,0,1,true,1.12
SYN001518,TOIL,2027-05-03,2027-05-03,NEEDS_APPROVAL,ELG-001|BAL-003,1,1,0,0,true,0.39
SYN003777,ANNUAL,2027-05-03,2027-05-24,RECOMMEND_APPROVE,"",9,0,0,9,true,1.54
SYN000640,PROF_DEV,2027-05-03,2027-05-09,DECLINED,ELG-001|BAL-001,5,1,0,4,true,0.59
SYN002867,ANNUAL,2027-05-03,2027-05-23,RECOMMEND_APPROVE,"",12,0,0,12,true,1.21
SYN009092,ANNUAL,2027-05-03,2027-05-23,DECLINED,ELG-001|COV-001,15,0,9,6,true,0.59
SYN002379,ANNUAL,2027-05-03,2027-05-10,NEEDS_APPROVAL,COV-001,5,0,1,4,true,0.51
SYN007648,TOIL,2027-05-03,2027-05-14,DECLINED,ELG-001|BAL-001|COV-001,9,1,2,6,true,0.61
SYN003261,ANNUAL,2027-05-03,2027-05-10,RECOMMEND_APPROVE,"",3,0,0,3,true,0.39
SYN000724,LONG_SERVICE,2027-05-03,2027-05-30,DECLINED,ELG-003|BAL-001,12,8,0,4,true,4.3
SYN006234,ANNUAL,2027-05-03,2027-05-16,RECOMMEND_APPROVE,"",10,4,0,6,true,3.34
SYN007043,ANNUAL,2027-05-03,2027-05-30,DECLINED,BAL-001,20,14,0,6,true,16.85
SYN002277,ANNUAL,2027-05-03,2027-05-16,NEEDS_APPROVAL,COV-001,8,2,4,2,true,0.73
SYN005336,ANNUAL,2027-05-03,2027-05-09,RECOMMEND_APPROVE,"",4,3,0,1,true,5.85
SYN000903,ANNUAL,2027-05-03,2027-05-28,DECLINED,ELG-001|COV-001,20,0,20,0,true,0.84
SYN000182,TOIL,2027-05-03,2027-05-09,RECOMMEND_APPROVE,"",5,2,0,3,true,4.9
SYN006445,ANNUAL,2027-05-03,2027-05-16,NEEDS_APPROVAL,COV-003,10,9,0,1,true,2.04
SYN000392,ANNUAL,2027-05-03,2027-05-03,NEEDS_APPROVAL,ELG-001,1,0,0,1,true,0.31
SYN007022,ANNUAL,2027-05-03,2027-05-16,RECOMMEND_APPROVE,"",10,0,0,10,true,0.7
SYN003644,ANNUAL,2027-05-03,2027-05-09,RECOMMEND_APPROVE,"",5,1,0,4,true,0.49
SYN008435,ADO,2027-05-03,2027-05-03,NEEDS_APPROVAL,ELG-001,1,0,0,1,true,0.21
SYN003964,UNPAID,2027-05-03,2027-10-31,NEEDS_APPROVAL,ELG-001,104,18,0,86,true,16.17
SYN003167,ANNUAL,2027-05-03,2027-05-11,RECOMMEND_APPROVE,"",5,4,0,1,true,2.98
SYN003911,ANNUAL,2027-05-03,2027-05-09,NEEDS_APPROVAL,COV-001,5,0,1,4,true,0.22
SYN003394,UNPAID,2027-05-04,2027-05-07,RECOMMEND_APPROVE,"",3,1,0,2,true,0.29
SYN008147,ANNUAL,2027-05-04,2027-06-01,NEEDS_APPROVAL,ELG-001,21,0,0,21,true,1.12
SYN005635,ANNUAL,2027-05-04,2027-05-28,NEEDS_APPROVAL,ELG-001,19,11,0,8,true,1.82
SYN002512,ANNUAL,2027-05-04,2027-05-07,NEEDS_APPROVAL,COV-001,4,0,1,3,true,0.16
SYN004839,ANNUAL,2027-05-04,2027-06-29,DECLINED,BAL-003|COV-001,33,0,8,25,true,1.76
SYN005197,LONG_SERVICE,2027-05-04,2027-05-09,DECLINED,ELG-001|ELG-003|BAL-001,1,0,0,1,true,0.19
SYN002082,ANNUAL,2027-05-04,2027-05-13,NEEDS_APPROVAL,COV-001,6,0,2,4,true,0.23
SYN006804,PROF_DEV,2027-05-05,2027-05-16,RECOMMEND_APPROVE,"",4,0,0,4,true,0.25
SYN009332,ANNUAL,2027-05-08,2027-05-16,NEEDS_APPROVAL,ELG-001|COV-001,4,0,2,2,true,0.25
SYN001952,ANNUAL,2027-05-09,2027-05-18,RECOMMEND_APPROVE,"",2,2,0,0,true,1.61
SYN000640,ANNUAL,2027-05-10,2027-05-16,NEEDS_APPROVAL,ELG-001,5,1,0,4,true,0.32
SYN003743,ANNUAL,2027-05-10,2027-05-23,RECOMMEND_APPROVE,"",8,2,0,6,true,0.31
SYN002366,ANNUAL,2027-05-10,2027-05-21,RECOMMEND_APPROVE,"",10,0,0,10,true,0.45
SYN008404,ANNUAL,2027-05-10,2027-05-23,RECOMMEND_APPROVE,"",2,0,0,2,true,0.31
SYN008917,LONG_SERVICE,2027-05-10,2027-06-06,DECLINED,ELG-001|BAL-001,16,12,0,4,true,9.47
SYN001654,ANNUAL,2027-05-10,2027-05-16,DECLINED,BAL-001,6,0,0,6,true,0.31
SYN001481,ANNUAL,2027-05-10,2027-05-16,NEEDS_APPROVAL,ELG-001,5,3,0,2,true,1.25
SYN002347,UNPAID,2027-05-10,2027-10-24,RECOMMEND_APPROVE,"",96,0,0,96,true,1.41
SYN006728,ANNUAL,2027-05-10,2027-05-23,RECOMMEND_APPROVE,"",10,2,0,8,true,0.55
SYN001775,ANNUAL,2027-05-10,2027-05-16,RECOMMEND_APPROVE,"",3,0,0,3,true,0.17
SYN006400,ANNUAL,2027-05-10,2027-05-30,RECOMMEND_APPROVE,"",12,3,0,9,true,0.52
SYN005807,UNPAID,2027-05-10,2027-10-25,NEEDS_APPROVAL,ELG-001,121,0,0,121,true,6.18
SYN007500,ANNUAL,2027-05-10,2027-05-28,RECOMMEND_APPROVE,"",15,0,0,15,true,0.24
SYN007075,ANNUAL,2027-05-10,2027-05-16,RECOMMEND_APPROVE,"",6,2,0,4,true,2.12
SYN007734,ANNUAL,2027-05-10,2027-05-23,NEEDS_APPROVAL,ELG-001,4,0,0,4,true,0.29
SYN001741,ANNUAL,2027-05-10,2027-05-23,RECOMMEND_APPROVE,"",8,6,0,2,true,1.26
SYN001755,ANNUAL,2027-05-10,2027-05-16,RECOMMEND_APPROVE,"",3,1,0,2,true,0.9
SYN001479,ANNUAL,2027-05-10,2027-05-30,NEEDS_APPROVAL,ELG-001|COV-002,12,6,0,6,true,1.14
SYN000853,ANNUAL,2027-05-10,2027-05-23,RECOMMEND_APPROVE,"",10,2,0,8,true,0.61
SYN007160,ANNUAL,2027-05-10,2027-05-16,RECOMMEND_APPROVE,"",4,1,0,3,true,0.33
SYN007525,ANNUAL,2027-05-10,2027-08-15,DECLINED,REQ-004|BAL-003|COV-001,70,0,70,0,true,1.72
SYN007086,ANNUAL,2027-05-10,2027-05-23,NEEDS_APPROVAL,ELG-001|COV-001,8,0,6,2,true,0.41
SYN004491,ANNUAL,2027-05-10,2027-06-06,DECLINED,ELG-001|BAL-001,12,7,0,5,true,3.13
SYN005171,ANNUAL,2027-05-10,2027-05-23,NEEDS_APPROVAL,ELG-001,8,0,0,8,true,0.57
SYN005419,LONG_SERVICE,2027-05-10,2027-05-11,RECOMMEND_APPROVE,"",2,0,0,2,true,0.12
SYN005350,UNPAID,2027-05-10,2027-07-04,RECOMMEND_APPROVE,"",24,11,0,13,true,9.67
SYN003927,ANNUAL,2027-05-10,2027-05-10,RECOMMEND_APPROVE,"",1,0,0,1,true,0.15
SYN003264,LONG_SERVICE,2027-05-10,2027-05-23,NEEDS_APPROVAL,COV-001,4,0,2,2,true,0.34
SYN002858,ADO,2027-05-10,2027-05-16,DECLINED,REQ-004|BAL-001,5,2,0,3,true,1.1
SYN003493,ANNUAL,2027-05-10,2027-06-04,DECLINED,COV-001,16,0,4,12,true,0.37
SYN006337,ANNUAL,2027-05-10,2027-06-20,DECLINED,BAL-001,24,6,0,18,true,5.19
SYN007940,TOIL,2027-05-10,2027-05-10,RECOMMEND_APPROVE,"",1,1,0,0,true,0.9
SYN005283,TOIL,2027-05-10,2027-05-16,DECLINED,BAL-001,3,0,0,3,true,0.34
SYN006300,ANNUAL,2027-05-10,2027-05-23,DECLINED,ELG-001|ELG-002|COV-001,10,0,2,8,true,0.56
SYN009357,ANNUAL,2027-05-10,2027-05-17,NEEDS_APPROVAL,COV-001,5,1,2,2,true,0.22
SYN001435,ANNUAL,2027-05-10,2027-06-13,NEEDS_APPROVAL,ELG-001|COV-002,15,10,0,5,true,2.4
SYN003418,ANNUAL,2027-05-10,2027-05-16,RECOMMEND_APPROVE,"",5,0,0,5,true,0.64
SYN002214,UNPAID,2027-05-11,2027-10-12,NEEDS_APPROVAL,ELG-001,89,0,0,89,true,3.18
SYN004707,ANNUAL,2027-05-11,2027-05-12,RECOMMEND_APPROVE,"",2,0,0,2,true,0.16
SYN003243,ANNUAL,2027-05-11,2027-06-04,RECOMMEND_APPROVE,"",15,6,0,9,true,1.52
SYN000227,ANNUAL,2027-05-11,2027-05-11,NEEDS_APPROVAL,ELG-001,1,1,0,0,true,0.79
SYN006556,UNPAID,2027-05-11,2027-08-22,NEEDS_APPROVAL,ELG-001,59,1,0,58,true,4.09
SYN002882,ADO,2027-05-11,2027-05-18,NEEDS_APPROVAL,REQ-004,3,0,0,3,true,0.19
SYN000183,ANNUAL,2027-05-12,2027-05-13,NEEDS_APPROVAL,ELG-001,2,0,0,2,true,0.14
SYN000634,PROF_DEV,2027-05-12,2027-05-16,NEEDS_APPROVAL,ELG-001,3,0,0,3,true,0.21
SYN002047,PROF_DEV,2027-05-12,2027-05-18,RECOMMEND_APPROVE,"",5,0,0,5,true,0.18
SYN003552,ANNUAL,2027-05-12,2027-05-14,NEEDS_APPROVAL,ELG-001,2,0,0,2,true,0.15
SYN007383,LONG_SERVICE,2027-05-13,2027-05-13,DECLINED,ELG-003|BAL-001,1,0,0,1,true,0.16
SYN004112,LONG_SERVICE,2027-05-14,2027-05-14,DECLINED,ELG-001|BAL-001|COV-001,1,0,1,0,true,0.12
SYN004357,LONG_SERVICE,2027-05-14,2027-05-14,DECLINED,BAL-001|COV-001,1,0,1,0,true,0.15
SYN003516,ANNUAL,2027-05-14,2027-05-15,NEEDS_APPROVAL,COV-001,1,0,1,0,true,0.13
SYN005417,ANNUAL,2027-05-14,2027-05-18,RECOMMEND_APPROVE,"",4,1,0,3,true,0.39
SYN000210,ANNUAL,2027-05-16,2027-05-23,RECOMMEND_APPROVE,"",4,4,0,0,true,3.38
SYN006931,ANNUAL,2027-05-17,2027-07-04,DECLINED,ELG-001|BAL-001|COV-001,28,0,9,19,true,1.79
SYN007648,ANNUAL,2027-05-17,2027-06-04,DECLINED,ELG-001|COV-001,14,2,3,9,true,0.43
SYN000640,PROF_DEV,2027-05-17,2027-05-23,DECLINED,ELG-001|BAL-001,5,1,0,4,true,0.3
SYN009332,ANNUAL,2027-05-17,2027-05-23,NEEDS_APPROVAL,ELG-001|COV-001,4,0,2,2,true,0.27
SYN006226,ANNUAL,2027-05-17,2027-05-23,RECOMMEND_APPROVE,"",5,3,0,2,true,1.07
SYN004987,LONG_SERVICE,2027-05-17,2027-05-30,DECLINED,ELG-001|ELG-003|BAL-001,8,2,0,6,true,0.29
SYN002579,UNPAID,2027-05-17,2027-10-31,NEEDS_APPROVAL,ELG-001,72,27,0,45,true,19.45
SYN005317,ANNUAL,2027-05-17,2027-05-30,RECOMMEND_APPROVE,"",10,0,0,10,true,0.65
SYN001775,ANNUAL,2027-05-17,2027-05-23,RECOMMEND_APPROVE,"",3,0,0,3,true,0.37
SYN007058,ANNUAL,2027-05-17,2027-05-23,RECOMMEND_APPROVE,"",3,1,0,2,true,2.58
SYN005233,ANNUAL,2027-05-17,2027-06-07,NEEDS_APPROVAL,ELG-001,9,3,0,6,true,6.13
SYN001481,ADO,2027-05-17,2027-05-23,NEEDS_APPROVAL,REQ-004|ELG-001,5,3,0,2,true,2.51
SYN004435,UNPAID,2027-05-17,2027-09-05,RECOMMEND_APPROVE,"",80,48,0,32,true,7.03
SYN005419,PROF_DEV,2027-05-17,2027-05-24,RECOMMEND_APPROVE,"",3,0,0,3,true,0.32
SYN000634,PROF_DEV,2027-05-17,2027-05-17,NEEDS_APPROVAL,ELG-001,0,0,0,0,false,0.14
SYN006383,ANNUAL,2027-05-17,2027-06-27,DECLINED,ELG-001|BAL-001,18,3,0,15,true,3.92
SYN002153,UNPAID,2027-05-17,2027-10-17,DECLINED,COV-001,66,0,22,44,true,3.6
SYN003334,UNPAID,2027-05-17,2027-10-31,RECOMMEND_APPROVE,"",120,7,0,113,true,10.22
SYN006008,ANNUAL,2027-05-17,2027-05-31,RECOMMEND_APPROVE,"",11,4,0,7,true,6.38
SYN007291,ANNUAL,2027-05-18,2027-05-19,NEEDS_APPROVAL,ELG-001,2,0,0,2,true,0.27
SYN008689,LONG_SERVICE,2027-05-18,2027-06-23,DECLINED,ELG-001|ELG-003|BAL-001,27,0,0,27,true,1.35
SYN007862,PROF_DEV,2027-05-20,2027-05-26,RECOMMEND_APPROVE,"",3,1,0,2,true,1.2
SYN002882,TOIL,2027-05-20,2027-05-25,RECOMMEND_APPROVE,"",2,0,0,2,true,0.25
SYN002490,PROF_DEV,2027-05-22,2027-05-26,NEEDS_APPROVAL,ELG-001|BAL-003,2,2,0,0,true,4.36
SYN003323,ANNUAL,2027-05-23,2027-06-05,RECOMMEND_APPROVE,"",6,0,0,6,true,2.28
SYN002759,ANNUAL,2027-05-24,2027-06-06,NEEDS_APPROVAL,ELG-001|COV-001,6,0,2,4,true,0.62
SYN003611,ANNUAL,2027-05-24,2027-05-30,NEEDS_APPROVAL,BAL-003|COV-001,5,0,1,4,true,0.32
SYN002904,PARENTAL,2027-05-24,2027-06-27,DECLINED,COV-001,25,0,20,5,true,0.76
SYN000085,ANNUAL,2027-05-24,2027-05-30,RECOMMEND_APPROVE,"",4,1,0,3,true,0.59
SYN009294,UNPAID,2027-05-24,2027-06-06,NEEDS_APPROVAL,ELG-001,10,0,0,10,true,0.91
SYN008551,ANNUAL,2027-05-24,2027-06-06,NEEDS_APPROVAL,ELG-001,10,0,0,10,true,0.75
SYN005731,ANNUAL,2027-05-24,2027-07-18,DECLINED,BAL-001,40,8,0,32,true,14.04
SYN003593,ANNUAL,2027-05-24,2027-07-04,NEEDS_APPROVAL,ELG-001,12,8,0,4,true,19.13
SYN000806,LONG_SERVICE,2027-05-24,2027-06-20,DECLINED,ELG-003|BAL-001,12,4,0,8,true,1.15
SYN000161,ANNUAL,2027-05-24,2027-06-27,DECLINED,ELG-001|BAL-001|COV-001,20,0,10,10,true,0.7
SYN009455,ANNUAL,2027-05-24,2027-06-13,NEEDS_APPROVAL,ELG-001,12,3,0,9,true,5.72
SYN000565,PARENTAL,2027-05-24,2027-08-29,NEEDS_APPROVAL,ELG-001,42,0,0,42,true,4.26
SYN000009,ANNUAL,2027-05-24,2027-05-24,RECOMMEND_APPROVE,"",1,0,0,1,true,0.3
SYN000232,TOIL,2027-05-24,2027-05-24,RECOMMEND_APPROVE,"",1,0,0,1,true,0.29
SYN008429,TOIL,2027-05-24,2027-05-30,NEEDS_APPROVAL,ELG-001,5,2,0,3,true,0.54
SYN001775,TOIL,2027-05-24,2027-05-24,RECOMMEND_APPROVE,"",1,0,0,1,true,0.24
SYN008603,LONG_SERVICE,2027-05-24,2027-06-11,DECLINED,ELG-003|BAL-001,15,6,0,9,true,1.1
SYN008573,UNPAID,2027-05-24,2027-07-04,RECOMMEND_APPROVE,"",30,0,0,30,true,0.83
SYN001279,ANNUAL,2027-05-24,2027-06-07,RECOMMEND_APPROVE,"",9,2,0,7,true,1.28
SYN000640,TOIL,2027-05-24,2027-05-30,DECLINED,ELG-001|BAL-001,5,1,0,4,true,0.53
SYN004784,PROF_DEV,2027-05-24,2027-05-28,NEEDS_APPROVAL,COV-001,5,0,2,3,true,0.33
SYN006409,ANNUAL,2027-05-24,2027-05-25,NEEDS_APPROVAL,ELG-001|COV-001,2,0,1,1,true,0.25
SYN003516,ADO,2027-05-24,2027-05-24,RECOMMEND_APPROVE,"",1,0,0,1,true,0.22
SYN000232,ANNUAL,2027-05-25,2027-05-30,RECOMMEND_APPROVE,"",5,3,0,2,true,1.67
SYN006589,ADO,2027-05-25,2027-06-24,NEEDS_APPROVAL,REQ-004|BAL-003,13,0,0,13,true,0.88
SYN004206,ANNUAL,2027-05-25,2027-05-28,RECOMMEND_APPROVE,"",4,0,0,4,true,0.24
SYN001775,ANNUAL,2027-05-25,2027-05-25,RECOMMEND_APPROVE,"",1,0,0,1,true,0.19
SYN006637,ADO,2027-05-25,2027-05-26,DECLINED,BAL-001,2,0,0,2,true,0.21
SYN003743,ANNUAL,2027-05-25,2027-05-30,RECOMMEND_APPROVE,"",3,2,0,1,true,0.39
SYN003030,ANNUAL,2027-05-26,2027-06-18,DECLINED,COV-001,18,0,6,12,true,0.64
SYN004237,LONG_SERVICE,2027-05-27,2027-06-11,DECLINED,BAL-001,14,2,0,12,true,0.73
SYN000684,PROF_DEV,2027-05-27,2027-06-01,DECLINED,ELG-001|BAL-001,3,0,0,3,true,0.35
SYN009332,PROF_DEV,2027-05-27,2027-06-02,NEEDS_APPROVAL,ELG-001|COV-001,4,0,2,2,true,0.55
SYN007383,LONG_SERVICE,2027-05-27,2027-05-27,DECLINED,ELG-003|BAL-001,1,0,0,1,true,0.35
SYN003261,TOIL,2027-05-28,2027-05-28,RECOMMEND_APPROVE,"",1,0,0,1,true,0.28
SYN004112,LONG_SERVICE,2027-05-28,2027-05-28,DECLINED,ELG-001|BAL-001|COV-001,1,0,1,0,true,0.88
SYN009531,ANNUAL,2027-05-28,2027-05-30,NEEDS_APPROVAL,ELG-001,1,1,0,0,true,0.7
SYN000648,ANNUAL,2027-05-29,2027-06-06,NEEDS_APPROVAL,ELG-001|COV-001,5,0,1,4,true,0.36
SYN004490,TOIL,2027-05-29,2027-05-30,RECOMMEND_APPROVE,"",2,1,0,1,true,1.34
SYN007412,ANNUAL,2027-05-30,2027-06-27,DECLINED,ELG-001|BAL-001,21,4,0,17,true,10.21
SYN002474,UNPAID,2027-05-31,2027-12-26,DECLINED,ELG-001|COV-001,180,0,25,155,true,5.87
SYN004567,ANNUAL,2027-05-31,2027-06-27,RECOMMEND_APPROVE,"",20,12,0,8,true,15.55
SYN008429,PROF_DEV,2027-05-31,2027-06-06,NEEDS_APPROVAL,ELG-001,5,1,0,4,true,0.54
SYN003509,TOIL,2027-05-31,2027-06-27,DECLINED,BAL-001|COV-001,20,0,4,16,true,0.98
SYN001078,ANNUAL,2027-05-31,2027-06-27,NEEDS_APPROVAL,ELG-001,8,0,0,8,true,0.39
SYN001761,TOIL,2027-05-31,2027-06-13,NEEDS_APPROVAL,BAL-003,6,0,0,6,true,0.83
SYN001361,ANNUAL,2027-05-31,2027-06-16,RECOMMEND_APPROVE,"",6,0,0,6,true,0.52
SYN009554,ANNUAL,2027-05-31,2027-06-27,RECOMMEND_APPROVE,"",8,0,0,8,true,0.84
SYN005317,ADO,2027-05-31,2027-06-06,DECLINED,REQ-004|ELG-002|BAL-001,5,0,0,5,true,0.44
SYN004490,ANNUAL,2027-05-31,2027-06-27,RECOMMEND_APPROVE,"",24,8,0,16,true,6.73
SYN003611,TOIL,2027-05-31,2027-05-31,NEEDS_APPROVAL,BAL-003,1,0,0,1,true,0.19
SYN009531,ANNUAL,2027-05-31,2027-06-13,NEEDS_APPROVAL,ELG-001,8,4,0,4,true,2.01
SYN005417,TOIL,2027-05-31,2027-06-04,RECOMMEND_APPROVE,"",4,0,0,4,true,0.71
SYN003846,UNPAID,2027-05-31,2027-11-07,DECLINED,ELG-001|COV-001,69,0,23,46,true,3.77
SYN002645,ANNUAL,2027-05-31,2027-06-27,RECOMMEND_APPROVE,"",8,0,0,8,true,0.78
SYN004267,ANNUAL,2027-05-31,2027-06-13,RECOMMEND_APPROVE,"",6,2,0,4,true,1.56
SYN000736,UNPAID,2027-05-31,2027-11-29,NEEDS_APPROVAL,ELG-001,131,0,0,131,true,4.12
SYN000085,ANNUAL,2027-05-31,2027-06-06,RECOMMEND_APPROVE,"",4,1,0,3,true,0.58
SYN009136,ANNUAL,2027-05-31,2027-06-13,DECLINED,ELG-001|ELG-002|COV-001,6,0,4,2,true,0.76
SYN008548,ANNUAL,2027-06-01,2027-06-06,NEEDS_APPROVAL,ELG-001|COV-001,4,3,1,0,true,0.52
SYN003611,ANNUAL,2027-06-01,2027-06-20,DECLINED,BAL-003|COV-001,14,0,3,11,true,0.55
SYN004987,LONG_SERVICE,2027-06-01,2027-06-13,DECLINED,ELG-001|ELG-003|BAL-001,7,1,0,6,true,0.49
SYN003394,ANNUAL,2027-06-01,2027-06-03,RECOMMEND_APPROVE,"",3,2,0,1,true,0.65
SYN008903,LONG_SERVICE,2027-06-01,2027-06-14,DECLINED,ELG-001|ELG-003|BAL-001,8,2,0,6,true,2.42
SYN000684,ANNUAL,2027-06-02,2027-06-07,NEEDS_APPROVAL,ELG-001,2,0,0,2,true,0.34
SYN008147,ANNUAL,2027-06-02,2027-06-16,NEEDS_APPROVAL,ELG-001,11,0,0,11,true,1.27
SYN001281,ANNUAL,2027-06-02,2027-06-13,NEEDS_APPROVAL,COV-001,8,0,2,6,true,0.4
SYN000183,ANNUAL,2027-06-02,2027-06-03,NEEDS_APPROVAL,ELG-001,2,0,0,2,true,0.26
SYN008389,LONG_SERVICE,2027-06-04,2027-06-04,DECLINED,ELG-003|BAL-001,1,0,0,1,true,0.27
SYN000962,LONG_SERVICE,2027-06-07,2027-06-11,DECLINED,ELG-001|ELG-003|BAL-001,4,0,0,4,true,0.42
SYN007171,UNPAID,2027-06-07,2027-11-21,NEEDS_APPROVAL,ELG-001,120,22,0,98,true,28.67
SYN007664,TOIL,2027-06-07,2027-06-13,DECLINED,ELG-001|BAL-001,4,2,0,2,true,2.06
SYN006522,LONG_SERVICE,2027-06-07,2028-06-11,DECLINED,REQ-004|ELG-001|ELG-003|BAL-001,212,0,0,212,true,8.05
SYN001891,LONG_SERVICE,2027-06-07,2027-06-20,DECLINED,BAL-001,8,2,0,6,true,2.19
SYN008657,PROF_DEV,2027-06-07,2027-06-14,NEEDS_APPROVAL,ELG-001,5,0,0,5,true,0.38
SYN006395,ANNUAL,2027-06-07,2027-06-20,RECOMMEND_APPROVE,"",10,2,0,8,true,2.67
SYN006221,ANNUAL,2027-06-07,2027-06-20,NEEDS_APPROVAL,ELG-001,10,0,0,10,true,0.43
SYN008548,TOIL,2027-06-07,2027-06-07,NEEDS_APPROVAL,ELG-001,1,1,0,0,true,0.28
SYN007012,ANNUAL,2027-06-07,2027-06-20,DECLINED,BAL-001,8,0,0,8,true,0.84
SYN002957,ANNUAL,2027-06-07,2027-06-13,RECOMMEND_APPROVE,"",3,0,0,3,true,0.4
SYN007223,ANNUAL,2027-06-07,2027-06-13,NEEDS_APPROVAL,ELG-001,5,0,0,5,true,0.4
SYN002107,ANNUAL,2027-06-07,2027-06-27,RECOMMEND_APPROVE,"",12,6,0,6,true,7.14
SYN005121,ANNUAL,2027-06-07,2027-07-04,DECLINED,BAL-001,24,0,0,24,true,2.45
SYN003927,ANNUAL,2027-06-07,2027-06-07,RECOMMEND_APPROVE,"",1,0,0,1,true,0.23
SYN003951,ANNUAL,2027-06-07,2027-06-20,NEEDS_APPROVAL,COV-001,8,0,2,6,true,0.4
SYN005317,TOIL,2027-06-07,2027-06-20,DECLINED,BAL-001,10,0,0,10,true,0.57
SYN005892,ANNUAL,2027-06-07,2027-06-20,RECOMMEND_APPROVE,"",10,4,0,6,true,2.07
SYN002339,ADO,2027-06-07,2027-07-04,NEEDS_APPROVAL,REQ-004|ELG-001|BAL-003,8,4,0,4,true,1.05
SYN005966,LONG_SERVICE,2027-06-07,2027-06-27,RECOMMEND_APPROVE,"",9,6,0,3,true,7.7
SYN006646,TOIL,2027-06-07,2027-07-04,DECLINED,ELG-001|BAL-001|COV-001,12,0,4,8,true,1.32
SYN000166,ANNUAL,2027-06-07,2027-07-04,RECOMMEND_APPROVE,"",20,0,0,20,true,1.01
SYN009487,LONG_SERVICE,2027-06-08,2027-08-07,DECLINED,ELG-001|BAL-001,36,0,0,36,true,1.75
SYN002175,ANNUAL,2027-06-08,2027-06-11,NEEDS_APPROVAL,COV-001,4,1,1,2,true,0.37
SYN000231,ANNUAL,2027-06-08,2027-06-24,RECOMMEND_APPROVE,"",6,3,0,3,true,0.47
SYN008548,ANNUAL,2027-06-08,2027-06-13,NEEDS_APPROVAL,ELG-001|COV-001,4,3,1,0,true,0.5
SYN008733,PROF_DEV,2027-06-09,2027-06-11,NEEDS_APPROVAL,ELG-001,2,1,0,1,true,0.37
SYN003167,ANNUAL,2027-06-09,2027-06-11,RECOMMEND_APPROVE,"",3,2,0,1,true,1.33
SYN007383,LONG_SERVICE,2027-06-10,2027-06-10,DECLINED,ELG-003|BAL-001,1,0,0,1,true,0.27
SYN004112,LONG_SERVICE,2027-06-11,2027-06-11,DECLINED,ELG-001|BAL-001|COV-001,1,0,1,0,true,0.23
SYN004876,ANNUAL,2027-06-12,2027-07-14,RECOMMEND_APPROVE,"",15,0,0,15,true,0.49
SYN007981,ANNUAL,2027-06-12,2027-06-27,DECLINED,ELG-001|COV-001,6,2,4,0,true,0.58
SYN002189,ANNUAL,2027-06-14,2027-07-09,RECOMMEND_APPROVE,"",18,0,0,18,true,0.83
SYN002815,LONG_SERVICE,2027-06-14,2027-07-25,RECOMMEND_APPROVE,"",24,6,0,18,true,1.78
SYN003348,ANNUAL,2027-06-14,2027-06-20,RECOMMEND_APPROVE,"",4,1,0,3,true,0.85
SYN002957,ANNUAL,2027-06-14,2027-06-27,RECOMMEND_APPROVE,"",6,0,0,6,true,0.53
SYN006753,ANNUAL,2027-06-14,2027-06-16,NEEDS_APPROVAL,ELG-001,0,0,0,0,false,0.17
SYN002557,PROF_DEV,2027-06-14,2027-08-20,DECLINED,BAL-001,40,0,0,40,true,1.54
SYN007223,TOIL,2027-06-14,2027-06-27,DECLINED,ELG-001|BAL-001,10,0,0,10,true,0.55
SYN009548,TOIL,2027-06-14,2027-06-20,DECLINED,ELG-001|BAL-001,4,2,0,2,true,0.73
SYN007571,LONG_SERVICE,2027-06-14,2027-06-27,DECLINED,ELG-001|ELG-003|BAL-001|COV-001,10,0,6,4,true,0.49
SYN004075,ANNUAL,2027-06-14,2027-06-20,NEEDS_APPROVAL,ELG-001,5,4,0,1,true,1.97
SYN009490,ANNUAL,2027-06-14,2027-06-29,DECLINED,BAL-001,14,0,0,14,true,1.44
SYN000497,ANNUAL,2027-06-14,2027-07-18,DECLINED,BAL-001,25,10,0,15,true,3.78
SYN005003,ANNUAL,2027-06-14,2027-06-27,RECOMMEND_APPROVE,"",6,0,0,6,true,1.02
SYN000962,LONG_SERVICE,2027-06-14,2027-06-18,DECLINED,ELG-001|ELG-003|BAL-001,4,0,0,4,true,0.41
SYN002421,ANNUAL,2027-06-14,2027-07-18,DECLINED,COV-001,25,0,10,15,true,1.86
SYN004892,ANNUAL,2027-06-14,2027-06-27,NEEDS_APPROVAL,ELG-001,10,2,0,8,true,2.05
SYN002571,LONG_SERVICE,2027-06-14,2027-07-11,DECLINED,BAL-001|COV-001,12,0,4,8,true,1.26
SYN007746,TOIL,2027-06-14,2027-06-29,DECLINED,BAL-001,2,0,0,2,true,0.27
SYN005226,ADO,2027-06-14,2027-06-22,DECLINED,REQ-004|BAL-001,4,2,0,2,true,1.17
SYN000346,ANNUAL,2027-06-14,2027-06-20,RECOMMEND_APPROVE,"",5,1,0,4,true,0.68
SYN004267,ANNUAL,2027-06-14,2027-06-14,RECOMMEND_APPROVE,"",0,0,0,0,false,0.11
SYN008548,LONG_SERVICE,2027-06-14,2027-06-20,DECLINED,ELG-001|ELG-003|BAL-001|COV-001,5,4,1,0,true,0.6
SYN009418,ANNUAL,2027-06-14,2027-07-18,DECLINED,ELG-001|BAL-001,20,14,0,6,true,6.51
SYN002224,ANNUAL,2027-06-14,2027-07-11,DECLINED,ELG-001|BAL-001|COV-001,20,0,4,16,true,0.83
SYN006851,TOIL,2027-06-14,2027-06-27,DECLINED,BAL-001,4,0,0,4,true,0.78
SYN001057,TOIL,2027-06-14,2027-06-20,RECOMMEND_APPROVE,"",5,4,0,1,true,2.01
SYN007677,ANNUAL,2027-06-14,2027-06-20,NEEDS_APPROVAL,ELG-001,5,1,0,4,true,1.49
SYN009531,ANNUAL,2027-06-14,2027-06-14,NEEDS_APPROVAL,ELG-001,1,0,0,1,true,0.29
SYN000840,LONG_SERVICE,2027-06-14,2027-07-25,DECLINED,ELG-001|ELG-003|BAL-001,18,8,0,10,true,1.72
SYN004067,ANNUAL,2027-06-14,2027-07-11,RECOMMEND_APPROVE,"",16,0,0,16,true,0.89
SYN008389,LONG_SERVICE,2027-06-14,2027-06-14,DECLINED,ELG-003|BAL-001,1,0,0,1,true,0.3
SYN004750,LONG_SERVICE,2027-06-14,2027-09-12,DECLINED,ELG-003|BAL-001,78,29,0,49,true,22.38
SYN000257,ANNUAL,2027-06-14,2027-07-11,DECLINED,COV-001|COV-003,24,9,4,11,true,3.24
SYN001790,ANNUAL,2027-06-14,2027-06-27,RECOMMEND_APPROVE,"",6,2,0,4,true,1.0
SYN008351,LONG_SERVICE,2027-06-14,2027-07-11,DECLINED,ELG-001|ELG-003|BAL-001,20,0,0,20,true,1.93
SYN004987,ANNUAL,2027-06-14,2027-06-27,NEEDS_APPROVAL,ELG-001,8,2,0,6,true,0.5
SYN008823,ANNUAL,2027-06-14,2027-07-11,NEEDS_APPROVAL,ELG-001,12,0,0,12,true,1.56
SYN003577,TOIL,2027-06-14,2027-06-20,RECOMMEND_APPROVE,"",3,0,0,3,true,0.38
SYN007279,LONG_SERVICE,2027-06-14,2027-07-12,DECLINED,ELG-003|BAL-001,8,0,0,8,true,0.61
SYN001745,ANNUAL,2027-06-15,2027-06-27,NEEDS_APPROVAL,ELG-001,9,0,0,9,true,1.01
SYN006804,ANNUAL,2027-06-16,2027-06-17,RECOMMEND_APPROVE,"",2,0,0,2,true,0.29
SYN003076,ADO,2027-06-17,2027-06-24,NEEDS_APPROVAL,REQ-004|BAL-003,3,0,0,3,true,0.37
SYN004262,ANNUAL,2027-06-18,2027-07-18,DECLINED,ELG-001|COV-001,22,0,5,17,true,0.86
SYN004464,ANNUAL,2027-06-19,2027-06-27,NEEDS_APPROVAL,ELG-001,1,0,0,1,true,0.27
SYN001526,ANNUAL,2027-06-21,2027-06-27,NEEDS_APPROVAL,ELG-001,5,1,0,4,true,0.7
SYN004119,UNPAID,2027-06-21,2027-09-08,RECOMMEND_APPROVE,"",36,12,0,24,true,3.08
SYN000853,ANNUAL,2027-06-21,2027-06-27,RECOMMEND_APPROVE,"",5,1,0,4,true,0.64
SYN007997,ANNUAL,2027-06-21,2027-06-27,RECOMMEND_APPROVE,"",2,0,0,2,true,0.43
SYN005815,ANNUAL,2027-06-21,2027-07-02,DECLINED,ELG-001|BAL-001,10,2,0,8,true,0.76
SYN006977,ANNUAL,2027-06-21,2027-06-27,NEEDS_APPROVAL,ELG-001,5,0,0,5,true,0.71
SYN003541,ANNUAL,2027-06-21,2027-06-27,RECOMMEND_APPROVE,"",5,0,0,5,true,0.27
SYN004064,LONG_SERVICE,2027-06-21,2027-07-04,DECLINED,BAL-001,10,0,0,10,true,0.54
SYN000705,ANNUAL,2027-06-21,2027-07-04,NEEDS_APPROVAL,ELG-001,8,2,0,6,true,0.74
SYN007832,ANNUAL,2027-06-21,2027-07-07,RECOMMEND_APPROVE,"",9,0,0,9,true,0.37
SYN007346,LONG_SERVICE,2027-06-21,2027-07-02,DECLINED,ELG-003|BAL-001,8,2,0,6,true,0.55
SYN005534,ANNUAL,2027-06-21,2027-07-04,RECOMMEND_APPROVE,"",8,0,0,8,true,0.69
SYN001355,ANNUAL,2027-06-21,2027-07-04,NEEDS_APPROVAL,ELG-001,8,0,0,8,true,0.33
SYN001407,ANNUAL,2027-06-21,2027-07-04,NEEDS_APPROVAL,ELG-001,4,2,0,2,true,0.47
SYN007349,ANNUAL,2027-06-21,2027-07-16,DECLINED,BAL-001,20,4,0,16,true,2.01
SYN002573,ANNUAL,2027-06-21,2027-06-27,NEEDS_APPROVAL,ELG-001,4,1,0,3,true,0.6
SYN003094,ANNUAL,2027-06-21,2027-07-04,RECOMMEND_APPROVE,"",10,4,0,6,true,3.0
SYN000188,ANNUAL,2027-06-21,2027-07-04,RECOMMEND_APPROVE,"",6,2,0,4,true,0.98
SYN001631,ANNUAL,2027-06-21,2027-07-18,RECOMMEND_APPROVE,"",16,0,0,16,true,1.13
SYN003666,ANNUAL,2027-06-21,2027-08-01,DECLINED,BAL-001|COV-001,18,6,6,6,true,1.14
SYN003348,ANNUAL,2027-06-21,2027-07-04,RECOMMEND_APPROVE,"",8,2,0,6,true,1.17
SYN005911,ANNUAL,2027-06-21,2027-06-27,NEEDS_APPROVAL,ELG-001,4,1,0,3,true,0.34
SYN008662,ANNUAL,2027-06-21,2027-07-04,NEEDS_APPROVAL,ELG-001|COV-001,10,0,8,2,true,0.49
SYN007518,ANNUAL,2027-06-21,2027-07-04,NEEDS_APPROVAL,ELG-001|COV-001,8,2,2,4,true,0.83
SYN001891,ANNUAL,2027-06-21,2027-06-27,RECOMMEND_APPROVE,"",4,2,0,2,true,1.42
SYN001669,ANNUAL,2027-06-21,2027-07-11,NEEDS_APPROVAL,ELG-001,6,1,0,5,true,0.73
SYN002997,ANNUAL,2027-06-21,2027-07-11,RECOMMEND_APPROVE,"",12,6,0,6,true,4.85
SYN004619,ANNUAL,2027-06-22,2027-07-09,NEEDS_APPROVAL,ELG-001,5,2,0,3,true,0.56
SYN006146,ANNUAL,2027-06-22,2027-06-27,RECOMMEND_APPROVE,"",3,0,0,3,true,0.57
SYN004707,ANNUAL,2027-06-22,2027-06-23,RECOMMEND_APPROVE,"",2,0,0,2,true,0.28
SYN004673,LONG_SERVICE,2027-06-23,2027-06-23,DECLINED,ELG-003,0,0,0,0,false,0.15
SYN006184,PROF_DEV,2027-06-23,2027-06-29,NEEDS_APPROVAL,COV-001,4,0,1,3,true,0.4
SYN007383,LONG_SERVICE,2027-06-24,2027-06-24,DECLINED,ELG-003|BAL-001,1,0,0,1,true,0.29
SYN005258,LONG_SERVICE,2027-06-24,2027-06-25,DECLINED,ELG-003|BAL-001,2,1,0,1,true,1.3
SYN005184,ANNUAL,2027-06-25,2027-07-11,DECLINED,COV-001,2,0,2,0,true,0.36
SYN004112,LONG_SERVICE,2027-06-25,2027-06-25,DECLINED,ELG-001|BAL-001|COV-001,1,0,1,0,true,0.23
SYN003261,TOIL,2027-06-25,2027-06-25,RECOMMEND_APPROVE,"",1,0,0,1,true,0.22
SYN007157,ANNUAL,2027-06-26,2027-09-21,DECLINED,REQ-004|ELG-001|BAL-001,49,0,0,49,true,1.76
SYN009057,ANNUAL,2027-06-28,2027-07-11,NEEDS_APPROVAL,ELG-001,12,8,0,4,true,3.7
SYN005651,TOIL,2027-06-28,2027-06-28,DECLINED,BAL-001,1,0,0,1,true,0.29
SYN006198,ANNUAL,2027-06-28,2027-07-18,NEEDS_APPROVAL,ELG-001,9,3,0,6,true,1.62
SYN002490,ANNUAL,2027-06-28,2027-07-18,NEEDS_APPROVAL,ELG-001,12,6,0,6,true,8.19
SYN001920,ANNUAL,2027-06-28,2027-07-06,NEEDS_APPROVAL,ELG-001,7,0,0,7,true,0.38
SYN001470,ANNUAL,2027-06-28,2027-06-30,NEEDS_APPROVAL,ELG-001,3,1,0,2,true,0.37
SYN002957,ANNUAL,2027-06-28,2027-07-04,RECOMMEND_APPROVE,"",3,0,0,3,true,0.4
SYN003750,ANNUAL,2027-06-28,2027-07-04,RECOMMEND_APPROVE,"",4,0,0,4,true,0.23
SYN003509,ANNUAL,2027-06-28,2027-07-18,DECLINED,BAL-001|COV-001,15,0,3,12,true,1.57
SYN003151,ANNUAL,2027-06-28,2027-07-08,RECOMMEND_APPROVE,"",9,0,0,9,true,0.31
SYN000787,ANNUAL,2027-06-28,2027-07-18,NEEDS_APPROVAL,ELG-001,12,4,0,8,true,1.57
SYN005911,ANNUAL,2027-06-28,2027-06-28,NEEDS_APPROVAL,ELG-001,1,1,0,0,true,0.26
SYN004567,TOIL,2027-06-28,2027-07-25,DECLINED,BAL-001,20,9,0,11,true,12.38
SYN007801,ANNUAL,2027-06-28,2027-07-05,NEEDS_APPROVAL,ELG-001|BAL-003,4,1,0,3,true,4.12
SYN007993,ANNUAL,2027-06-28,2027-08-01,NEEDS_APPROVAL,ELG-001,25,0,0,25,true,0.5
SYN005803,ANNUAL,2027-06-28,2027-07-04,NEEDS_APPROVAL,COV-001,4,0,1,3,true,0.3
SYN001526,ANNUAL,2027-06-28,2027-07-04,NEEDS_APPROVAL,ELG-001,5,1,0,4,true,0.74
SYN007223,ANNUAL,2027-06-28,2027-07-11,NEEDS_APPROVAL,ELG-001,10,0,0,10,true,0.53
SYN004892,LONG_SERVICE,2027-06-28,2027-07-12,DECLINED,ELG-001|ELG-003|BAL-001,11,2,0,9,true,1.94
SYN004490,TOIL,2027-06-28,2027-06-29,RECOMMEND_APPROVE,"",2,1,0,1,true,0.9
SYN004524,ANNUAL,2027-06-28,2027-07-25,RECOMMEND_APPROVE,"",12,2,0,10,true,2.6
SYN008840,ANNUAL,2027-06-29,2027-07-13,NEEDS_APPROVAL,ELG-001,11,5,0,6,true,1.43
SYN007571,LONG_SERVICE,2027-06-29,2027-07-02,DECLINED,ELG-001|ELG-003|BAL-001|COV-001,4,0,3,1,true,0.5
SYN003167,PROF_DEV,2027-06-29,2027-07-04,RECOMMEND_APPROVE,"",4,3,0,1,true,2.59
SYN005651,ANNUAL,2027-06-29,2027-07-04,RECOMMEND_APPROVE,"",3,3,0,0,true,0.67
SYN005000,ANNUAL,2027-06-30,2027-07-15,RECOMMEND_APPROVE,"",10,0,0,10,true,0.73
SYN000183,ANNUAL,2027-06-30,2027-07-01,NEEDS_APPROVAL,ELG-001,2,0,0,2,true,0.25
SYN005258,ANNUAL,2027-07-01,2027-07-02,RECOMMEND_APPROVE,"",2,1,0,1,true,1.51
SYN001470,ANNUAL,2027-07-01,2027-07-04,NEEDS_APPROVAL,ELG-001,1,1,0,0,true,0.31
SYN005302,ANNUAL,2027-07-01,2027-07-11,RECOMMEND_APPROVE,"",0,0,0,0,false,0.13
SYN003516,ADO,2027-07-02,2027-07-02,RECOMMEND_APPROVE,"",1,0,0,1,true,0.24
SYN008389,LONG_SERVICE,2027-07-02,2027-07-02,DECLINED,ELG-003|BAL-001,1,0,0,1,true,0.26
SYN003172,ANNUAL,2027-07-03,2027-07-25,RECOMMEND_APPROVE,"",15,0,0,15,true,0.51
SYN001126,LONG_SERVICE,2027-07-04,2027-09-26,DECLINED,ELG-001|ELG-003|BAL-001,12,0,0,12,true,0.83
SYN003323,ANNUAL,2027-07-04,2027-07-31,DECLINED,BAL-001,12,0,0,12,true,1.23
SYN006441,ANNUAL,2027-07-05,2027-07-18,RECOMMEND_APPROVE,"",10,4,0,6,true,1.32
SYN007094,ANNUAL,2027-07-05,2027-07-18,NEEDS_APPROVAL,ELG-001,6,2,0,4,true,1.08
SYN008089,ANNUAL,2027-07-05,2027-07-11,NEEDS_APPROVAL,ELG-001,4,0,0,4,true,0.47
SYN001470,ANNUAL,2027-07-05,2027-07-08,NEEDS_APPROVAL,ELG-001,4,2,0,2,true,0.42
SYN003264,LONG_SERVICE,2027-07-05,2027-07-25,DECLINED,COV-001,6,0,3,3,true,0.81
SYN005478,ANNUAL,2027-07-05,2027-07-16,RECOMMEND_APPROVE,"",4,0,0,4,true,0.37
SYN005651,ANNUAL,2027-07-05,2027-07-14,RECOMMEND_APPROVE,"",7,2,0,5,true,0.71
SYN001781,ANNUAL,2027-07-05,2027-08-15,NEEDS_APPROVAL,ELG-001,18,2,0,16,true,3.32
SYN002904,UNPAID,2027-07-05,2027-10-17,DECLINED,COV-001,75,0,60,15,true,2.03
SYN002136,ANNUAL,2027-07-05,2027-08-15,NEEDS_APPROVAL,ELG-001,24,12,0,12,true,7.42
SYN000726,TOIL,2027-07-05,2027-07-18,NEEDS_APPROVAL,ELG-001,2,0,0,2,true,0.61
SYN004143,ANNUAL,2027-07-05,2027-07-18,RECOMMEND_APPROVE,"",2,2,0,0,true,1.87
SYN003823,ANNUAL,2027-07-05,2027-08-08,NEEDS_APPROVAL,ELG-001,15,5,0,10,true,2.28
SYN007800,LONG_SERVICE,2027-07-05,2027-07-18,DECLINED,ELG-001|ELG-003|BAL-001,4,4,0,0,true,1.91
SYN000348,ANNUAL,2027-07-05,2027-07-18,RECOMMEND_APPROVE,"",6,0,0,6,true,0.94
SYN005197,LONG_SERVICE,2027-07-05,2027-08-01,DECLINED,ELG-001|ELG-003|BAL-001,8,4,0,4,true,0.68
SYN006741,UNPAID,2027-07-05,2027-12-12,RECOMMEND_APPROVE,"",115,53,0,62,true,33.53
SYN001940,ANNUAL,2027-07-05,2027-07-18,RECOMMEND_APPROVE,"",6,6,0,0,true,8.83
SYN000613,ANNUAL,2027-07-05,2027-07-11,NEEDS_APPROVAL,ELG-001,5,2,0,3,true,1.13
SYN003348,ANNUAL,2027-07-05,2027-07-11,RECOMMEND_APPROVE,"",4,1,0,3,true,0.79
SYN002957,TOIL,2027-07-05,2027-07-05,RECOMMEND_APPROVE,"",1,0,0,1,true,0.26
SYN004891,LONG_SERVICE,2027-07-06,2027-10-06,DECLINED,ELG-003|BAL-001|COV-001,41,14,27,0,true,2.97
SYN002502,ANNUAL,2027-07-06,2027-07-08,RECOMMEND_APPROVE,"",3,0,0,3,true,0.42
SYN002957,ANNUAL,2027-07-06,2027-07-11,RECOMMEND_APPROVE,"",2,0,0,2,true,0.32
SYN006146,ANNUAL,2027-07-07,2027-07-07,RECOMMEND_APPROVE,"",1,0,0,1,true,0.32
SYN001827,ANNUAL,2027-07-07,2027-07-09,RECOMMEND_APPROVE,"",3,0,0,3,true,0.4
SYN007383,LONG_SERVICE,2027-07-08,2027-07-08,DECLINED,ELG-003|BAL-001,1,0,0,1,true,0.47
SYN000730,ANNUAL,2027-07-08,2027-07-09,NEEDS_APPROVAL,ELG-001,2,2,0,0,true,0.81
SYN001470,ANNUAL,2027-07-09,2027-07-11,NEEDS_APPROVAL,ELG-001,0,0,0,0,false,0.14
SYN004112,LONG_SERVICE,2027-07-09,2027-07-09,DECLINED,ELG-001|BAL-001|COV-001,1,0,1,0,true,0.24
SYN007328,ANNUAL,2027-07-10,2027-07-25,NEEDS_APPROVAL,ELG-001,4,0,0,4,true,0.4
SYN001920,LONG_SERVICE,2027-07-11,2027-07-24,DECLINED,ELG-001|BAL-001,10,0,0,10,true,0.43
SYN004310,ANNUAL,2027-07-12,2027-07-23,NEEDS_APPROVAL,COV-001,8,1,1,6,true,0.45
SYN006838,ANNUAL,2027-07-12,2027-07-25,NEEDS_APPROVAL,ELG-001|COV-001,8,0,2,6,true,0.38
SYN005819,LONG_SERVICE,2027-07-12,2027-08-15,DECLINED,ELG-001|ELG-003|BAL-003,20,0,0,20,true,1.33
SYN007602,ANNUAL,2027-07-12,2027-08-01,NEEDS_APPROVAL,ELG-001,15,3,0,12,true,2.66
SYN004482,ANNUAL,2027-07-12,2027-08-03,DECLINED,COV-001,17,0,10,7,true,1.15
SYN003235,ANNUAL,2027-07-12,2027-07-25,NEEDS_APPROVAL,ELG-001,10,5,0,5,true,2.44
SYN003999,LONG_SERVICE,2027-07-12,2027-07-25,DECLINED,BAL-001|COV-001,4,0,2,2,true,0.49
SYN003897,ANNUAL,2027-07-12,2027-07-30,DECLINED,COV-001,6,0,3,3,true,0.33
SYN006737,ANNUAL,2027-07-12,2027-07-25,NEEDS_APPROVAL,ELG-001,4,0,0,4,true,0.33
SYN004490,ANNUAL,2027-07-12,2027-07-18,RECOMMEND_APPROVE,"",6,2,0,4,true,1.77
SYN001470,ANNUAL,2027-07-12,2027-07-14,NEEDS_APPROVAL,ELG-001,3,1,0,2,true,0.46
SYN005495,ANNUAL,2027-07-12,2027-07-18,RECOMMEND_APPROVE,"",2,0,0,2,true,0.34
SYN006729,LONG_SERVICE,2027-07-12,2027-07-25,DECLINED,ELG-003|BAL-001,4,0,0,4,true,0.58
SYN002957,ANNUAL,2027-07-12,2027-07-18,RECOMMEND_APPROVE,"",3,0,0,3,true,0.33
SYN007521,ANNUAL,2027-07-12,2027-08-08,RECOMMEND_APPROVE,"",16,8,0,8,true,2.13
SYN007734,ANNUAL,2027-07-12,2027-07-14,NEEDS_APPROVAL,ELG-001,0,0,0,0,false,0.14
SYN002588,ANNUAL,2027-07-12,2027-07-25,RECOMMEND_APPROVE,"",10,0,0,10,true,0.48
SYN002379,ANNUAL,2027-07-12,2027-07-26,DECLINED,COV-001,9,0,2,7,true,0.54
SYN003042,ANNUAL,2027-07-12,2027-09-05,DECLINED,ELG-001|BAL-001,40,0,0,40,true,3.28
SYN008389,LONG_SERVICE,2027-07-12,2027-07-12,DECLINED,ELG-003|BAL-001,1,0,0,1,true,0.28
SYN009151,ANNUAL,2027-07-12,2027-08-08,NEEDS_APPROVAL,ELG-001,8,0,0,8,true,0.98
SYN005851,ANNUAL,2027-07-12,2027-07-25,RECOMMEND_APPROVE,"",10,0,0,10,true,0.55
SYN007520,ANNUAL,2027-07-12,2027-07-18,RECOMMEND_APPROVE,"",4,0,0,4,true,0.3
SYN000928,ANNUAL,2027-07-12,2027-07-25,NEEDS_APPROVAL,ELG-001,8,0,0,8,true,0.79
SYN000730,ANNUAL,2027-07-14,2027-07-16,NEEDS_APPROVAL,ELG-001,3,2,0,1,true,0.76
SYN001470,ANNUAL,2027-07-15,2027-07-18,NEEDS_APPROVAL,ELG-001,1,1,0,0,true,0.27
SYN009143,ANNUAL,2027-07-16,2027-08-10,DECLINED,COV-001,4,2,2,0,true,0.53
SYN005794,ANNUAL,2027-07-16,2027-08-02,RECOMMEND_APPROVE,"",4,0,0,4,true,0.4
SYN001215,ADO,2027-07-17,2027-07-18,NEEDS_APPROVAL,ELG-001,2,2,0,0,true,0.95
SYN002666,TOIL,2027-07-18,2027-07-18,NEEDS_APPROVAL,ELG-001,0,0,0,0,false,0.13
SYN007520,LONG_SERVICE,2027-07-19,2027-07-25,DECLINED,ELG-003|BAL-001,4,0,0,4,true,0.32
SYN001470,ANNUAL,2027-07-19,2027-07-22,NEEDS_APPROVAL,ELG-001,4,2,0,2,true,0.49
SYN002168,ANNUAL,2027-07-19,2027-08-08,RECOMMEND_APPROVE,"",9,3,0,6,true,1.02
SYN002086,ANNUAL,2027-07-19,2027-08-22,NEEDS_APPROVAL,ELG-001,20,0,0,20,true,0.51
SYN007905,ADO,2027-07-19,2027-08-01,DECLINED,REQ-004|ELG-001|BAL-001,14,2,0,12,true,3.12
SYN000380,LONG_SERVICE,2027-07-19,2027-08-01,DECLINED,ELG-001|ELG-003|BAL-001,4,2,0,2,true,0.57
SYN003721,LONG_SERVICE,2027-07-19,2027-08-08,DECLINED,BAL-001|COV-001,12,1,1,10,true,0.5
SYN002666,ANNUAL,2027-07-19,2027-08-01,NEEDS_APPROVAL,ELG-001,10,4,0,6,true,2.28
SYN001536,ANNUAL,2027-07-19,2027-08-01,RECOMMEND_APPROVE,"",2,0,0,2,true,0.43
SYN009119,ADO,2027-07-19,2027-07-25,DECLINED,REQ-004|ELG-001|ELG-002,5,0,0,5,true,0.53
SYN002456,UNPAID,2027-07-19,2027-10-31,RECOMMEND_APPROVE,"",105,45,0,60,true,95.69
SYN002784,ANNUAL,2027-07-19,2027-07-30,NEEDS_APPROVAL,COV-001,10,0,4,6,true,0.92
SYN000326,ANNUAL,2027-07-19,2027-08-15,RECOMMEND_APPROVE,"",8,0,0,8,true,1.3
SYN000806,LONG_SERVICE,2027-07-19,2027-08-15,DECLINED,ELG-003|BAL-001,12,4,0,8,true,1.11
SYN003131,ANNUAL,2027-07-19,2027-08-08,RECOMMEND_APPROVE,"",6,2,0,4,true,1.56
SYN004262,ANNUAL,2027-07-19,2027-08-01,NEEDS_APPROVAL,ELG-001|COV-001,10,0,2,8,true,0.48
SYN001215,ANNUAL,2027-07-19,2027-08-02,NEEDS_APPROVAL,ELG-001,7,4,0,3,true,2.06
SYN002673,ANNUAL,2027-07-21,2027-08-01,RECOMMEND_APPROVE,"",8,0,0,8,true,0.77
SYN001771,UNPAID,2027-07-21,2027-07-21,NEEDS_APPROVAL,ELG-001,0,0,0,0,false,0.11
SYN007383,LONG_SERVICE,2027-07-22,2027-07-22,DECLINED,ELG-003|BAL-001,1,0,0,1,true,0.32
SYN000730,ANNUAL,2027-07-22,2027-07-23,NEEDS_APPROVAL,ELG-001,2,0,0,2,true,0.36
SYN004112,LONG_SERVICE,2027-07-23,2027-07-23,DECLINED,ELG-001|BAL-001|COV-001,1,0,1,0,true,0.24
SYN001470,ANNUAL,2027-07-23,2027-07-25,NEEDS_APPROVAL,ELG-001,0,0,0,0,false,0.13
SYN003261,TOIL,2027-07-23,2027-07-23,RECOMMEND_APPROVE,"",1,0,0,1,true,0.22
SYN005787,ANNUAL,2027-07-24,2027-08-01,RECOMMEND_APPROVE,"",5,3,0,2,true,1.81
SYN001034,ADO,2027-07-24,2027-08-10,NEEDS_APPROVAL,REQ-004|BAL-003,12,0,0,12,true,0.75
SYN001920,ANNUAL,2027-07-25,2027-08-04,NEEDS_APPROVAL,ELG-001,8,0,0,8,true,0.36
SYN000483,ANNUAL,2027-07-26,2027-08-01,NEEDS_APPROVAL,ELG-001,5,1,0,4,true,2.08
SYN001863,ANNUAL,2027-07-26,2027-08-08,RECOMMEND_APPROVE,"",6,0,0,6,true,1.0
SYN008124,ANNUAL,2027-07-26,2027-08-08,NEEDS_APPROVAL,ELG-001,4,0,0,4,true,0.32
SYN000794,ANNUAL,2027-07-26,2027-07-30,NEEDS_APPROVAL,ELG-001|COV-001,5,0,4,1,true,0.31
SYN004567,UNPAID,2027-07-26,2027-11-14,RECOMMEND_APPROVE,"",80,25,0,55,true,34.13
SYN007858,ANNUAL,2027-07-26,2027-08-20,DECLINED,COV-001,20,0,8,12,true,1.07
SYN000529,ANNUAL,2027-07-26,2027-08-22,RECOMMEND_APPROVE,"",16,0,0,16,true,2.32
SYN007854,ANNUAL,2027-07-26,2027-08-08,RECOMMEND_APPROVE,"",6,0,0,6,true,0.68
SYN006174,ANNUAL,2027-07-26,2027-08-29,DECLINED,ELG-001|ELG-002|BAL-001,25,5,0,20,true,10.67
SYN005651,ANNUAL,2027-07-26,2027-08-01,RECOMMEND_APPROVE,"",4,1,0,3,true,0.74
SYN007571,LONG_SERVICE,2027-07-26,2027-08-06,DECLINED,ELG-001|ELG-003|BAL-001|COV-001,10,0,6,4,true,0.73
SYN000485,ANNUAL,2027-07-26,2027-08-22,RECOMMEND_APPROVE,"",20,0,0,20,true,1.82
SYN001470,ANNUAL,2027-07-26,2027-07-28,NEEDS_APPROVAL,ELG-001,3,1,0,2,true,0.44
SYN001470,ANNUAL,2027-07-29,2027-08-01,NEEDS_APPROVAL,ELG-001,1,1,0,0,true,0.28
SYN008389,LONG_SERVICE,2027-07-30,2027-07-30,DECLINED,ELG-003|BAL-001,1,0,0,1,true,0.32
SYN000665,ANNUAL,2027-07-31,2027-08-16,NEEDS_APPROVAL,ELG-001,11,0,0,11,true,0.34
SYN003167,ANNUAL,2027-07-31,2027-08-15,RECOMMEND_APPROVE,"",8,6,0,2,true,3.9
SYN007233,ANNUAL,2027-08-01,2027-08-22,RECOMMEND_APPROVE,"",12,0,0,12,true,0.85
SYN007940,ADO,2027-08-02,2027-08-08,NEEDS_APPROVAL,REQ-004,5,2,0,3,true,2.86
SYN003023,ANNUAL,2027-08-02,2027-08-15,RECOMMEND_APPROVE,"",10,0,0,10,true,0.67
SYN005651,ANNUAL,2027-08-02,2027-08-10,RECOMMEND_APPROVE,"",6,2,0,4,true,0.61
SYN002525,LONG_SERVICE,2027-08-02,2027-08-22,DECLINED,BAL-001,6,0,0,6,true,1.58
SYN001470,ANNUAL,2027-08-02,2027-08-05,NEEDS_APPROVAL,ELG-001,4,2,0,2,true,0.44
SYN000483,ANNUAL,2027-08-02,2027-09-05,NEEDS_APPROVAL,ELG-001,25,5,0,20,true,9.15
SYN008592,ANNUAL,2027-08-02,2027-08-08,RECOMMEND_APPROVE,"",5,3,0,2,true,2.19
SYN003301,ANNUAL,2027-08-02,2027-09-05,RECOMMEND_APPROVE,"",5,0,0,5,true,0.42
SYN001848,ANNUAL,2027-08-02,2027-08-15,NEEDS_APPROVAL,ELG-001,10,2,0,8,true,0.74
SYN007383,LONG_SERVICE,2027-08-05,2027-08-05,DECLINED,ELG-003|BAL-001,1,0,0,1,true,0.35
SYN001470,ANNUAL,2027-08-06,2027-08-08,NEEDS_APPROVAL,ELG-001,0,0,0,0,false,0.14
SYN004112,LONG_SERVICE,2027-08-06,2027-08-06,DECLINED,ELG-001|BAL-001|COV-001,1,0,1,0,true,0.25
SYN004206,ANNUAL,2027-08-08,2027-08-20,RECOMMEND_APPROVE,"",10,0,0,10,true,0.37
SYN008351,ANNUAL,2027-08-09,2027-08-30,NEEDS_APPROVAL,ELG-001,16,0,0,16,true,1.58
SYN001775,ANNUAL,2027-08-09,2027-08-16,RECOMMEND_APPROVE,"",4,0,0,4,true,0.39
SYN002490,LONG_SERVICE,2027-08-09,2027-08-29,NEEDS_APPROVAL,ELG-001,12,6,0,6,true,7.43
SYN008389,LONG_SERVICE,2027-08-09,2027-08-09,DECLINED,ELG-003|BAL-001,1,0,0,1,true,0.31
SYN008592,ANNUAL,2027-08-09,2027-09-19,DECLINED,BAL-001,30,18,0,12,true,12.18
SYN001419,ANNUAL,2027-08-09,2027-08-15,NEEDS_APPROVAL,ELG-001|COV-001,3,1,1,1,true,0.41
SYN001470,ANNUAL,2027-08-09,2027-08-11,NEEDS_APPROVAL,ELG-001,3,1,0,2,true,0.44
SYN000221,ANNUAL,2027-08-09,2027-08-15,RECOMMEND_APPROVE,"",0,0,0,0,false,0.13
SYN007521,TOIL,2027-08-09,2027-08-09,RECOMMEND_APPROVE,"",1,1,0,0,true,0.48
SYN007266,ANNUAL,2027-08-09,2027-09-03,RECOMMEND_APPROVE,"",16,0,0,16,true,0.55
SYN001771,PROF_DEV,2027-08-10,2027-08-13,NEEDS_APPROVAL,ELG-001,2,0,0,2,true,0.3
SYN008657,PROF_DEV,2027-08-10,2027-08-16,NEEDS_APPROVAL,ELG-001,4,0,0,4,true,0.32
SYN001470,ANNUAL,2027-08-12,2027-08-13,NEEDS_APPROVAL,ELG-001,1,1,0,0,true,0.27
SYN004876,LONG_SERVICE,2027-08-14,2027-09-09,DECLINED,ELG-003|BAL-001,12,0,0,12,true,0.5
SYN000978,TOIL,2027-08-16,2027-09-03,DECLINED,ELG-001|BAL-001,12,6,0,6,true,1.0
SYN002199,ANNUAL,2027-08-16,2027-09-05,RECOMMEND_APPROVE,"",15,9,0,6,true,2.34
SYN005819,TOIL,2027-08-16,2027-08-29,NEEDS_APPROVAL,ELG-001,8,0,0,8,true,0.64
SYN002696,ANNUAL,2027-08-16,2027-09-19,RECOMMEND_APPROVE,"",15,0,0,15,true,0.58
SYN001466,ADO,2027-08-16,2027-09-05,NEEDS_APPROVAL,REQ-004|ELG-001|BAL-003,15,0,0,15,true,0.61
SYN005490,ANNUAL,2027-08-16,2027-08-29,RECOMMEND_APPROVE,"",10,0,0,10,true,0.93
SYN001419,PROF_DEV,2027-08-16,2027-08-27,NEEDS_APPROVAL,ELG-001|COV-001,6,2,2,2,true,0.47
SYN006876,LONG_SERVICE,2027-08-16,2027-09-24,DECLINED,ELG-003|BAL-001,30,6,0,24,true,1.07
SYN008860,ANNUAL,2027-08-16,2027-09-19,DECLINED,ELG-001|BAL-001,30,0,0,30,true,2.23
SYN003137,ANNUAL,2027-08-16,2027-09-03,NEEDS_APPROVAL,ELG-001,15,6,0,9,true,1.78
SYN007800,ANNUAL,2027-08-16,2027-09-19,DECLINED,ELG-001|BAL-001,10,10,0,0,true,3.18
SYN003516,ADO,2027-08-17,2027-08-17,RECOMMEND_APPROVE,"",1,0,0,1,true,0.28
SYN007525,ADO,2027-08-18,2027-08-29,NEEDS_APPROVAL,REQ-004|BAL-003|COV-001,8,0,8,0,true,0.54
SYN008213,PROF_DEV,2027-08-18,2027-08-23,RECOMMEND_APPROVE,"",2,0,0,2,true,0.24
SYN004293,TOIL,2027-08-18,2027-08-29,RECOMMEND_APPROVE,"",10,0,0,10,true,0.39
SYN001708,ANNUAL,2027-08-19,2027-08-29,NEEDS_APPROVAL,COV-001,5,0,3,2,true,0.3
SYN007383,LONG_SERVICE,2027-08-19,2027-08-19,DECLINED,ELG-003|BAL-001,1,0,0,1,true,0.32
SYN003261,TOIL,2027-08-20,2027-08-20,RECOMMEND_APPROVE,"",1,0,0,1,true,0.25
SYN004112,LONG_SERVICE,2027-08-20,2027-08-20,DECLINED,ELG-001|BAL-001|COV-001,1,0,1,0,true,0.24
SYN000988,LONG_SERVICE,2027-08-20,2027-08-20,DECLINED,ELG-003|BAL-001,1,0,0,1,true,0.24
SYN004429,ANNUAL,2027-08-23,2027-09-27,RECOMMEND_APPROVE,"",16,0,0,16,true,0.86
SYN008292,ANNUAL,2027-08-23,2027-09-19,DECLINED,COV-001,12,0,4,8,true,1.29
SYN003405,ANNUAL,2027-08-23,2027-09-19,RECOMMEND_APPROVE,"",12,0,0,12,true,1.04
SYN001518,ANNUAL,2027-08-23,2027-09-12,DECLINED,ELG-001|COV-001,15,9,6,0,true,1.66
SYN005655,PROF_DEV,2027-08-24,2027-08-30,DECLINED,BAL-001,4,3,0,1,true,2.52
SYN009143,ANNUAL,2027-08-25,2027-08-31,RECOMMEND_APPROVE,"",1,1,0,0,true,0.31
SYN006377,LONG_SERVICE,2027-08-30,2028-02-27,DECLINED,ELG-003|BAL-001|COV-001,52,14,26,12,true,4.58
SYN005819,UNPAID,2027-08-30,2027-09-26,NEEDS_APPROVAL,ELG-001,16,0,0,16,true,1.21
SYN000565,UNPAID,2027-08-30,2028-02-13,NEEDS_APPROVAL,ELG-001,72,0,0,72,true,7.09
SYN009531,TOIL,2027-08-30,2027-08-30,NEEDS_APPROVAL,ELG-001|BAL-003,1,0,0,1,true,1.75
SYN001664,LONG_SERVICE,2027-08-30,2027-10-10,DECLINED,ELG-001|BAL-001|COV-001,36,0,6,30,true,1.88
SYN005519,ANNUAL,2027-08-30,2027-09-12,RECOMMEND_APPROVE,"",8,2,0,6,true,4.36
SYN001708,ANNUAL,2027-08-30,2027-09-03,NEEDS_APPROVAL,COV-001,4,0,3,1,true,0.28
SYN006221,TOIL,2027-08-30,2027-08-30,NEEDS_APPROVAL,ELG-001,1,0,0,1,true,0.21
SYN009531,ANNUAL,2027-08-31,2027-09-05,NEEDS_APPROVAL,ELG-001,3,1,0,2,true,0.78
SYN006221,ANNUAL,2027-08-31,2027-09-05,NEEDS_APPROVAL,ELG-001,4,0,0,4,true,0.26
SYN007996,ANNUAL,2027-09-01,2027-09-01,NEEDS_APPROVAL,ELG-001,1,0,0,1,true,0.22
SYN007383,LONG_SERVICE,2027-09-02,2027-09-02,DECLINED,ELG-003|BAL-001,1,0,0,1,true,0.3
SYN009416,ANNUAL,2027-09-02,2027-09-13,NEEDS_APPROVAL,ELG-001|COV-001,8,0,4,4,true,0.56
SYN004813,ANNUAL,2027-09-03,2027-10-03,RECOMMEND_APPROVE,"",14,4,0,10,true,1.65
SYN000988,LONG_SERVICE,2027-09-03,2027-09-03,DECLINED,ELG-003|BAL-001,1,0,0,1,true,0.28
SYN000227,ANNUAL,2027-09-03,2027-09-06,NEEDS_APPROVAL,ELG-001,2,0,0,2,true,0.79
SYN004112,LONG_SERVICE,2027-09-03,2027-09-03,DECLINED,ELG-001|BAL-001|COV-001,1,0,1,0,true,0.26
SYN005706,ANNUAL,2027-09-06,2027-09-17,NEEDS_APPROVAL,ELG-001|COV-001,10,0,4,6,true,0.5
SYN004707,ANNUAL,2027-09-06,2027-09-07,RECOMMEND_APPROVE,"",2,0,0,2,true,0.26
SYN005851,ANNUAL,2027-09-06,2027-10-17,DECLINED,BAL-001,30,0,0,30,true,1.39
SYN008795,ANNUAL,2027-09-06,2027-09-26,NEEDS_APPROVAL,ELG-001,15,6,0,9,true,4.5
SYN004603,ANNUAL,2027-09-06,2027-09-22,NEEDS_APPROVAL,ELG-001,6,0,0,6,true,1.27
SYN001462,ANNUAL,2027-09-06,2027-09-06,NEEDS_APPROVAL,ELG-001,1,0,0,1,true,0.22
SYN005009,ANNUAL,2027-09-06,2027-09-26,DECLINED,COV-001,15,0,15,0,true,1.46
SYN009531,ANNUAL,2027-09-06,2027-09-12,NEEDS_APPROVAL,ELG-001,4,1,0,3,true,0.83
SYN007819,ANNUAL,2027-09-06,2027-10-10,RECOMMEND_APPROVE,"",20,5,0,15,true,2.15
SYN007677,ANNUAL,2027-09-06,2027-09-12,NEEDS_APPROVAL,ELG-001,5,1,0,4,true,1.73
SYN002224,ADO,2027-09-06,2027-09-12,NEEDS_APPROVAL,REQ-004|ELG-001|COV-001,5,0,1,4,true,0.41
SYN006184,PROF_DEV,2027-09-07,2027-09-10,NEEDS_APPROVAL,COV-001,4,0,1,3,true,0.37
SYN003456,PROF_DEV,2027-09-07,2027-09-10,RECOMMEND_APPROVE,"",2,1,0,1,true,0.99
SYN001462,PROF_DEV,2027-09-08,2027-09-10,NEEDS_APPROVAL,ELG-001,3,0,0,3,true,0.23
SYN004446,ANNUAL,2027-09-08,2027-10-03,RECOMMEND_APPROVE,"",14,6,0,8,true,1.92
SYN002817,ANNUAL,2027-09-10,2027-09-17,RECOMMEND_APPROVE,"",5,0,0,5,true,0.84
SYN009486,ANNUAL,2027-09-10,2027-09-16,DECLINED,ELG-001|ELG-002|COV-003,7,3,0,4,true,0.56
SYN007486,LONG_SERVICE,2027-09-13,2027-09-26,DECLINED,ELG-003|BAL-001,8,4,0,4,true,1.83
SYN006461,ANNUAL,2027-09-13,2027-09-19,NEEDS_APPROVAL,ELG-001|COV-001,5,0,1,4,true,0.32
SYN000369,ANNUAL,2027-09-13,2027-10-08,DECLINED,COV-001,20,0,4,16,true,1.8
SYN006262,LONG_SERVICE,2027-09-13,2027-09-26,RECOMMEND_APPROVE,"",8,4,0,4,true,7.46
SYN006237,LONG_SERVICE,2027-09-13,2027-10-03,NEEDS_APPROVAL,ELG-001,3,0,0,3,true,0.81
SYN002224,TOIL,2027-09-13,2027-09-26,DECLINED,ELG-001|BAL-001|COV-001,10,0,2,8,true,0.53
SYN007981,ANNUAL,2027-09-13,2027-09-19,NEEDS_APPROVAL,ELG-001|COV-001,3,1,2,0,true,0.41
SYN000009,ANNUAL,2027-09-13,2027-09-13,RECOMMEND_APPROVE,"",1,0,0,1,true,0.25
SYN002706,ANNUAL,2027-09-13,2027-09-26,NEEDS_APPROVAL,ELG-001,10,0,0,10,true,0.73
SYN003139,ANNUAL,2027-09-13,2027-09-26,RECOMMEND_APPROVE,"",4,2,0,2,true,1.3
SYN002573,ANNUAL,2027-09-13,2027-09-19,NEEDS_APPROVAL,ELG-001,4,1,0,3,true,0.61
SYN001408,ANNUAL,2027-09-13,2027-09-19,NEEDS_APPROVAL,ELG-001|COV-001,4,0,2,2,true,0.31
SYN006537,UNPAID,2027-09-13,2028-02-13,DECLINED,COV-001,110,0,44,66,true,2.35
SYN003916,ANNUAL,2027-09-13,2027-09-17,NEEDS_APPROVAL,ELG-001,3,1,0,2,true,0.45
SYN004673,ADO,2027-09-14,2027-09-15,DECLINED,BAL-001,1,1,0,0,true,0.66
SYN005184,PROF_DEV,2027-09-14,2027-09-20,NEEDS_APPROVAL,COV-001,1,0,1,0,true,0.3
SYN001848,TOIL,2027-09-15,2027-09-22,DECLINED,ELG-001|BAL-001,6,1,0,5,true,0.52
SYN008218,ANNUAL,2027-09-16,2027-10-05,NEEDS_APPROVAL,ELG-001|COV-003,14,8,0,6,true,1.61
SYN000988,LONG_SERVICE,2027-09-17,2027-09-17,DECLINED,ELG-003|BAL-001,1,0,0,1,true,0.28
SYN004112,LONG_SERVICE,2027-09-17,2027-09-17,DECLINED,ELG-001|BAL-001|COV-001,1,0,1,0,true,0.23
SYN006370,ANNUAL,2027-09-20,2027-10-08,DECLINED,COV-001,12,9,3,0,true,1.71
SYN007086,ANNUAL,2027-09-20,2027-10-17,DECLINED,ELG-001|COV-001,16,0,4,12,true,1.03
SYN004673,TOIL,2027-09-20,2027-09-21,RECOMMEND_APPROVE,"",2,2,0,0,true,1.12
SYN001310,TOIL,2027-09-20,2027-10-31,DECLINED,BAL-001,18,6,0,12,true,3.32
SYN006461,ANNUAL,2027-09-20,2027-10-03,NEEDS_APPROVAL,ELG-001|COV-001,10,0,2,8,true,0.49
SYN005803,ANNUAL,2027-09-20,2027-09-29,NEEDS_APPROVAL,COV-001,7,0,1,6,true,0.38
SYN003750,ANNUAL,2027-09-20,2027-10-10,RECOMMEND_APPROVE,"",12,0,0,12,true,0.39
SYN001408,LONG_SERVICE,2027-09-20,2027-09-26,DECLINED,ELG-001|ELG-003|BAL-001|COV-001,4,0,2,2,true,0.36
SYN000257,TOIL,2027-09-20,2027-09-26,NEEDS_APPROVAL,COV-001|COV-003,6,1,1,4,true,0.63
SYN004244,LONG_SERVICE,2027-09-20,2028-01-07,DECLINED,BAL-001|COV-001,80,0,16,64,true,2.0
SYN002541,ANNUAL,2027-09-20,2027-10-10,RECOMMEND_APPROVE,"",18,3,0,15,true,4.22
SYN008261,LONG_SERVICE,2027-09-20,2027-09-26,NEEDS_APPROVAL,ELG-001,2,0,0,2,true,0.5
SYN008860,UNPAID,2027-09-20,2027-10-17,NEEDS_APPROVAL,ELG-001,24,0,0,24,true,1.55
SYN003046,LONG_SERVICE,2027-09-21,2027-09-24,DECLINED,BAL-001|COV-001,4,0,4,0,true,0.47
SYN000684,PROF_DEV,2027-09-21,2027-09-26,DECLINED,ELG-001|BAL-001,3,0,0,3,true,0.45
SYN008795,LONG_SERVICE,2027-09-27,2027-10-10,DECLINED,ELG-001|ELG-003|BAL-001,10,4,0,6,true,2.59
SYN001408,ANNUAL,2027-09-27,2027-10-03,NEEDS_APPROVAL,ELG-001|COV-001,4,0,2,2,true,0.35
SYN005317,LONG_SERVICE,2027-09-27,2027-12-12,DECLINED,ELG-001|ELG-003|BAL-001,55,0,0,55,true,2.18
SYN006414,TOIL,2027-09-27,2027-09-27,NEEDS_APPROVAL,ELG-001,1,0,0,1,true,0.28
SYN008799,ANNUAL,2027-09-27,2027-10-02,NEEDS_APPROVAL,ELG-001,4,2,0,2,true,0.59
SYN008261,LONG_SERVICE,2027-09-27,2027-10-10,NEEDS_APPROVAL,ELG-001,4,0,0,4,true,0.43
SYN003541,ANNUAL,2027-09-27,2027-10-17,RECOMMEND_APPROVE,"",15,0,0,15,true,0.48
SYN003046,LONG_SERVICE,2027-09-27,2027-10-08,DECLINED,BAL-001|COV-001,10,0,10,0,true,1.08
SYN008089,ANNUAL,2027-09-27,2027-10-10,NEEDS_APPROVAL,ELG-001,8,0,0,8,true,0.74
SYN006414,ANNUAL,2027-09-28,2027-10-03,NEEDS_APPROVAL,ELG-001,3,1,0,2,true,1.13
SYN002175,ANNUAL,2027-09-28,2027-10-01,NEEDS_APPROVAL,COV-001,4,1,1,2,true,0.37
SYN000618,ANNUAL,2027-09-28,2027-10-07,NEEDS_APPROVAL,ELG-001,7,0,0,7,true,0.52
SYN006804,ANNUAL,2027-09-30,2027-10-10,RECOMMEND_APPROVE,"",3,0,0,3,true,0.41
SYN003739,ANNUAL,2027-10-01,2027-10-04,NEEDS_APPROVAL,COV-001,1,0,1,0,true,0.22
SYN004112,LONG_SERVICE,2027-10-01,2027-10-01,DECLINED,ELG-001|BAL-001|COV-001,1,0,1,0,true,0.23
SYN001987,TOIL,2027-10-02,2027-10-03,RECOMMEND_APPROVE,"",1,0,0,1,true,0.24
SYN006414,ANNUAL,2027-10-04,2027-10-08,NEEDS_APPROVAL,ELG-001,4,1,0,3,true,1.21
SYN006461,ANNUAL,2027-10-04,2027-10-10,NEEDS_APPROVAL,ELG-001|COV-001,5,0,1,4,true,0.35
SYN004707,ANNUAL,2027-10-04,2027-10-18,RECOMMEND_APPROVE,"",7,0,0,7,true,0.49
SYN004255,LONG_SERVICE,2027-10-04,2027-11-14,DECLINED,BAL-001|COV-001,30,0,6,24,true,1.01
SYN001479,ANNUAL,2027-10-04,2027-10-24,NEEDS_APPROVAL,ELG-001,12,3,0,9,true,2.09
SYN001408,LONG_SERVICE,2027-10-04,2027-10-10,DECLINED,ELG-001|ELG-003|BAL-001|COV-001,4,0,2,2,true,0.37
SYN009165,TOIL,2027-10-04,2027-10-04,NEEDS_APPROVAL,ELG-001,0,0,0,0,false,0.14
SYN007734,ANNUAL,2027-10-04,2027-10-17,NEEDS_APPROVAL,ELG-001,4,0,0,4,true,0.45
SYN001987,ANNUAL,2027-10-04,2027-10-10,RECOMMEND_APPROVE,"",4,3,0,1,true,1.57
SYN009165,ANNUAL,2027-10-05,2027-10-24,NEEDS_APPROVAL,ELG-001,12,0,0,12,true,0.76
SYN008733,PROF_DEV,2027-10-05,2027-10-09,NEEDS_APPROVAL,ELG-001,2,2,0,0,true,0.45
SYN008218,PROF_DEV,2027-10-06,2027-10-09,NEEDS_APPROVAL,ELG-001|COV-001,3,2,1,0,true,0.48
SYN004891,ANNUAL,2027-10-07,2028-01-04,DECLINED,REQ-004|COV-001,38,13,25,0,true,4.96
SYN008218,ANNUAL,2027-10-10,2027-10-10,NEEDS_APPROVAL,ELG-001,0,0,0,0,false,0.15
SYN003042,TOIL,2027-10-11,2027-10-31,DECLINED,ELG-001|BAL-001,15,0,0,15,true,1.52
SYN008733,ANNUAL,2027-10-11,2027-10-24,NEEDS_APPROVAL,ELG-001,4,2,0,2,true,0.56
SYN003167,ANNUAL,2027-10-11,2027-10-15,RECOMMEND_APPROVE,"",4,3,0,1,true,2.01
SYN009119,ANNUAL,2027-10-11,2027-10-17,NEEDS_APPROVAL,ELG-001,5,0,0,5,true,0.75
SYN008261,LONG_SERVICE,2027-10-11,2027-10-17,NEEDS_APPROVAL,ELG-001,2,0,0,2,true,0.33
SYN008218,TOIL,2027-10-11,2027-10-11,NEEDS_APPROVAL,ELG-001,1,0,0,1,true,0.23
SYN007905,ADO,2027-10-11,2027-10-24,DECLINED,REQ-004|ELG-001|BAL-001,14,2,0,12,true,3.83
SYN008795,TOIL,2027-10-11,2027-10-31,DECLINED,ELG-001|BAL-001,15,6,0,9,true,3.76
SYN001192,TOIL,2027-10-11,2027-10-11,NEEDS_APPROVAL,ELG-001|BAL-003,1,1,0,0,true,0.57
SYN003235,ANNUAL,2027-10-11,2027-10-17,NEEDS_APPROVAL,ELG-001,5,0,0,5,true,0.57
SYN003911,ANNUAL,2027-10-12,2027-10-15,RECOMMEND_APPROVE,"",4,0,0,4,true,0.25
SYN008218,ANNUAL,2027-10-12,2027-10-12,NEEDS_APPROVAL,ELG-001,1,1,0,0,true,0.3
SYN001763,TOIL,2027-10-13,2027-10-15,RECOMMEND_APPROVE,"",3,0,0,3,true,0.22
SYN000988,LONG_SERVICE,2027-10-15,2027-10-15,DECLINED,ELG-003|BAL-001,1,0,0,1,true,0.24
SYN009143,ANNUAL,2027-10-15,2027-10-15,RECOMMEND_APPROVE,"",1,1,0,0,true,0.26
SYN004112,LONG_SERVICE,2027-10-15,2027-10-15,DECLINED,ELG-001|BAL-001|COV-001,1,0,1,0,true,0.23
SYN003911,ANNUAL,2027-10-18,2027-10-24,NEEDS_APPROVAL,COV-001,5,0,1,4,true,0.3
SYN000806,TOIL,2027-10-18,2027-11-28,RECOMMEND_APPROVE,"",18,6,0,12,true,1.41
SYN001763,LONG_SERVICE,2027-10-18,2027-10-24,DECLINED,BAL-001,3,0,0,3,true,0.24
SYN002448,ANNUAL,2027-10-18,2027-11-15,DECLINED,COV-001,21,0,4,17,true,0.99
SYN002557,ANNUAL,2027-10-18,2027-10-24,RECOMMEND_APPROVE,"",4,0,0,4,true,0.38
SYN007940,TOIL,2027-10-18,2027-10-24,DECLINED,BAL-001,5,2,0,3,true,3.75
SYN006040,ANNUAL,2027-10-18,2027-10-24,RECOMMEND_APPROVE,"",4,0,0,4,true,0.42
SYN003167,PROF_DEV,2027-10-19,2027-10-22,RECOMMEND_APPROVE,"",4,3,0,1,true,2.5
SYN007862,TOIL,2027-10-19,2027-11-01,RECOMMEND_APPROVE,"",6,2,0,4,true,1.84
SYN009143,ANNUAL,2027-10-19,2027-11-02,RECOMMEND_APPROVE,"",2,2,0,0,true,0.41
SYN007366,LONG_SERVICE,2027-10-25,2027-11-14,RECOMMEND_APPROVE,"",12,0,0,12,true,0.73
SYN002904,UNPAID,2027-10-25,2027-12-12,DECLINED,COV-001,35,0,28,7,true,0.94
SYN002957,TOIL,2027-10-25,2027-10-25,RECOMMEND_APPROVE,"",1,0,0,1,true,0.28
SYN001775,TOIL,2027-10-25,2027-10-25,RECOMMEND_APPROVE,"",1,0,0,1,true,0.2
SYN001254,LONG_SERVICE,2027-10-25,2027-10-25,DECLINED,ELG-003,0,0,0,0,false,0.13
SYN001775,ANNUAL,2027-10-26,2027-10-31,NEEDS_APPROVAL,COV-001,2,0,1,1,true,0.27
SYN001254,LONG_SERVICE,2027-10-26,2027-10-26,DECLINED,ELG-003|BAL-001,1,0,0,1,true,0.27
SYN003167,ANNUAL,2027-10-26,2027-11-01,RECOMMEND_APPROVE,"",4,3,0,1,true,1.85
SYN002957,ANNUAL,2027-10-26,2027-10-27,RECOMMEND_APPROVE,"",2,0,0,2,true,0.27
SYN006184,ANNUAL,2027-10-27,2027-11-05,NEEDS_APPROVAL,COV-001,7,0,4,3,true,0.52
SYN004112,LONG_SERVICE,2027-10-29,2027-10-29,DECLINED,ELG-001|BAL-001|COV-001,1,0,1,0,true,0.23
SYN000988,LONG_SERVICE,2027-10-29,2027-10-29,DECLINED,ELG-003|BAL-001,1,0,0,1,true,0.24
SYN009013,ANNUAL,2027-11-01,2027-11-27,DECLINED,BAL-001,11,0,0,11,true,1.79
SYN008795,ADO,2027-11-01,2027-11-21,DECLINED,REQ-004|ELG-001|BAL-001,15,6,0,9,true,3.65
SYN007940,ADO,2027-11-01,2027-11-01,RECOMMEND_APPROVE,"",1,0,0,1,true,0.3
SYN002525,LONG_SERVICE,2027-11-01,2027-11-15,DECLINED,BAL-001,4,0,0,4,true,0.36
SYN009490,ANNUAL,2027-11-01,2027-11-21,DECLINED,ELG-001|BAL-001,18,0,0,18,true,1.9
SYN001775,ANNUAL,2027-11-01,2027-11-08,NEEDS_APPROVAL,COV-001,4,0,1,3,true,0.38
SYN002490,LONG_SERVICE,2027-11-08,2027-12-19,NEEDS_APPROVAL,ELG-001,24,12,0,12,true,13.49
SYN002588,ANNUAL,2027-11-08,2027-11-21,RECOMMEND_APPROVE,"",10,0,0,10,true,0.48
SYN004112,LONG_SERVICE,2027-11-12,2027-11-12,DECLINED,ELG-001|BAL-001|COV-001,1,0,1,0,true,0.26
SYN002673,ANNUAL,2027-11-15,2027-11-28,RECOMMEND_APPROVE,"",10,0,0,10,true,0.86
SYN006010,ANNUAL,2027-11-15,2027-11-19,RECOMMEND_APPROVE,"",2,0,0,2,true,0.55
SYN004206,ANNUAL,2027-11-15,2027-11-26,RECOMMEND_APPROVE,"",10,0,0,10,true,0.35
SYN004015,ANNUAL,2027-11-15,2027-12-26,DECLINED,ELG-001|BAL-001,30,12,0,18,true,13.48
SYN008861,ANNUAL,2027-11-15,2028-01-02,DECLINED,ELG-001|COV-001,28,7,7,14,true,3.31
SYN001763,LONG_SERVICE,2027-11-15,2027-12-05,DECLINED,BAL-001,9,0,0,9,true,0.37
SYN003516,TOIL,2027-11-19,2027-11-19,RECOMMEND_APPROVE,"",1,0,0,1,true,0.25
SYN005655,ANNUAL,2027-11-20,2027-11-28,RECOMMEND_APPROVE,"",4,3,0,1,true,2.0
SYN008795,TOIL,2027-11-22,2027-11-25,NEEDS_APPROVAL,ELG-001,4,2,0,2,true,1.28
SYN006221,ANNUAL,2027-11-22,2027-11-26,NEEDS_APPROVAL,ELG-001,5,0,0,5,true,0.29
SYN006400,ANNUAL,2027-11-22,2027-11-28,RECOMMEND_APPROVE,"",4,1,0,3,true,0.48
SYN006010,ANNUAL,2027-11-22,2027-11-26,RECOMMEND_APPROVE,"",2,0,0,2,true,0.48
SYN001580,ANNUAL,2027-11-22,2027-11-28,RECOMMEND_APPROVE,"",4,1,0,3,true,0.63
SYN003167,PROF_DEV,2027-11-23,2027-11-28,RECOMMEND_APPROVE,"",4,3,0,1,true,1.94
SYN008795,ADO,2027-11-26,2027-11-28,NEEDS_APPROVAL,REQ-004|ELG-001,1,0,0,1,true,0.25
SYN004112,LONG_SERVICE,2027-11-26,2027-11-26,DECLINED,ELG-001|BAL-001|COV-001,1,0,1,0,true,0.23
SYN007796,ANNUAL,2027-11-26,2027-12-25,DECLINED,COV-001,10,0,10,0,true,0.77
SYN006221,TOIL,2027-11-27,2027-11-30,NEEDS_APPROVAL,ELG-001,2,0,0,2,true,0.22
SYN005283,TOIL,2027-11-29,2027-12-05,DECLINED,BAL-001,3,0,0,3,true,0.65
SYN005009,ANNUAL,2027-11-29,2027-12-26,DECLINED,COV-001,20,0,4,16,true,1.18
SYN002610,ANNUAL,2027-11-29,2027-12-10,NEEDS_APPROVAL,ELG-001,10,0,0,10,true,0.53
SYN006010,ANNUAL,2027-11-29,2027-12-03,RECOMMEND_APPROVE,"",2,0,0,2,true,0.48
SYN003394,TOIL,2027-11-30,2027-11-30,RECOMMEND_APPROVE,"",1,0,0,1,true,0.22
SYN005655,TOIL,2027-11-30,2027-11-30,RECOMMEND_APPROVE,"",1,0,0,1,true,0.18
SYN005655,ANNUAL,2027-12-01,2027-12-05,RECOMMEND_APPROVE,"",3,3,0,0,true,1.9
SYN002008,ANNUAL,2027-12-01,2027-12-26,DECLINED,COV-001,14,0,9,5,true,0.97
SYN006221,ANNUAL,2027-12-01,2027-12-03,NEEDS_APPROVAL,ELG-001,3,0,0,3,true,0.24
SYN003106,TOIL,2027-12-03,2027-12-03,NEEDS_APPROVAL,BAL-003,0,0,0,0,false,0.1
SYN006221,TOIL,2027-12-04,2027-12-06,NEEDS_APPROVAL,ELG-001,1,0,0,1,true,0.19
SYN007766,TOIL,2027-12-06,2027-12-07,NEEDS_APPROVAL,BAL-003,2,0,0,2,true,0.27
SYN006010,ANNUAL,2027-12-06,2027-12-10,RECOMMEND_APPROVE,"",2,0,0,2,true,0.45
SYN009098,ANNUAL,2027-12-06,2028-01-14,DECLINED,ELG-001|BAL-001|COV-001,30,0,6,24,true,1.71
SYN003864,LONG_SERVICE,2027-12-06,2027-12-17,DECLINED,BAL-001|COV-001,10,4,4,2,true,0.9
SYN005655,ANNUAL,2027-12-07,2027-12-12,RECOMMEND_APPROVE,"",4,3,0,1,true,1.89
SYN006221,ANNUAL,2027-12-07,2027-12-12,NEEDS_APPROVAL,ELG-001,4,0,0,4,true,0.26
SYN001745,ANNUAL,2027-12-08,2027-12-31,NEEDS_APPROVAL,ELG-001,18,0,0,18,true,1.75
SYN003516,TOIL,2027-12-08,2027-12-08,RECOMMEND_APPROVE,"",1,0,0,1,true,0.2
SYN003151,ANNUAL,2027-12-09,2027-12-16,RECOMMEND_APPROVE,"",6,0,0,6,true,0.25
SYN006637,ANNUAL,2027-12-10,2027-12-21,NEEDS_APPROVAL,COV-001,8,0,2,6,true,0.38
SYN004112,LONG_SERVICE,2027-12-10,2027-12-10,DECLINED,ELG-001|BAL-001|COV-001,1,0,1,0,true,0.23
SYN008951,ANNUAL,2027-12-13,2028-01-09,DECLINED,ELG-001|BAL-001,20,0,0,20,true,1.51
SYN002973,ANNUAL,2027-12-13,2028-01-09,RECOMMEND_APPROVE,"",16,4,0,12,true,5.99
SYN006741,ADO,2027-12-13,2027-12-19,NEEDS_APPROVAL,REQ-004,5,2,0,3,true,1.48
SYN001669,ANNUAL,2027-12-13,2027-12-26,NEEDS_APPROVAL,ELG-001,4,1,0,3,true,0.66
SYN005317,LONG_SERVICE,2027-12-13,2027-12-19,DECLINED,ELG-001|ELG-003|BAL-001,5,0,0,5,true,0.43
SYN002610,LONG_SERVICE,2027-12-13,2027-12-24,DECLINED,ELG-001|BAL-001,10,0,0,10,true,0.45
SYN006010,ANNUAL,2027-12-13,2027-12-17,RECOMMEND_APPROVE,"",2,0,0,2,true,0.47
SYN006221,LONG_SERVICE,2027-12-13,2027-12-19,DECLINED,ELG-001|ELG-003|BAL-001,5,0,0,5,true,0.37
SYN004075,ANNUAL,2027-12-13,2028-01-16,NEEDS_APPROVAL,ELG-001,25,0,0,25,true,1.83
SYN007766,TOIL,2027-12-13,2027-12-13,NEEDS_APPROVAL,BAL-003,1,0,0,1,true,0.21
SYN003739,ANNUAL,2027-12-14,2027-12-24,NEEDS_APPROVAL,COV-001,8,0,6,2,true,0.78
SYN007043,ANNUAL,2027-12-20,2028-01-09,RECOMMEND_APPROVE,"",15,9,0,6,true,9.08
SYN009366,ANNUAL,2027-12-20,2028-01-09,DECLINED,COV-001,15,0,3,12,true,0.47
SYN007097,TOIL,2027-12-20,2027-12-21,RECOMMEND_APPROVE,"",0,0,0,0,false,0.12
SYN003285,ANNUAL,2027-12-20,2027-12-24,NEEDS_APPROVAL,COV-001,1,0,1,0,true,0.25
SYN007615,LONG_SERVICE,2027-12-20,2028-01-16,DECLINED,ELG-001|ELG-003|BAL-001,12,0,0,12,true,0.68
SYN002573,ANNUAL,2027-12-20,2027-12-26,NEEDS_APPROVAL,ELG-001,4,1,0,3,true,0.59
SYN004711,ANNUAL,2027-12-20,2028-01-30,RECOMMEND_APPROVE,"",24,12,0,12,true,5.48
SYN006741,ANNUAL,2027-12-20,2028-02-06,DECLINED,BAL-001,35,14,0,21,true,9.38
SYN005478,ANNUAL,2027-12-20,2027-12-26,RECOMMEND_APPROVE,"",2,0,0,2,true,2.48
SYN006010,ANNUAL,2027-12-20,2027-12-24,RECOMMEND_APPROVE,"",2,0,0,2,true,0.66
SYN003151,ANNUAL,2027-12-22,2027-12-25,RECOMMEND_APPROVE,"",3,0,0,3,true,0.25
SYN006414,ANNUAL,2027-12-22,2027-12-24,NEEDS_APPROVAL,ELG-001,2,1,0,1,true,1.23
SYN000684,ANNUAL,2027-12-23,2027-12-26,NEEDS_APPROVAL,ELG-001,2,0,0,2,true,0.36
SYN004112,LONG_SERVICE,2027-12-24,2027-12-24,DECLINED,ELG-001|BAL-001|COV-001,1,0,1,0,true,0.25
SYN003739,TOIL,2027-12-25,2027-12-28,NEEDS_APPROVAL,BAL-003|COV-001,1,0,1,0,true,0.24
SYN005478,TOIL,2027-12-27,2027-12-28,NEEDS_APPROVAL,BAL-003,1,0,0,1,true,0.2
SYN003285,ANNUAL,2027-12-27,2027-12-31,NEEDS_APPROVAL,COV-001,1,0,1,0,true,0.27
SYN006010,ANNUAL,2027-12-27,2027-12-31,RECOMMEND_APPROVE,"",2,0,0,2,true,1.6
SYN003516,ANNUAL,2027-12-27,2027-12-27,RECOMMEND_APPROVE,"",1,0,0,1,true,0.23
SYN000684,TOIL,2027-12-27,2027-12-28,NEEDS_APPROVAL,ELG-001,1,0,0,1,true,0.25
SYN002008,TOIL,2027-12-27,2027-12-28,DECLINED,ELG-002|COV-001,2,0,1,1,true,0.3
SYN006414,TOIL,2027-12-27,2027-12-28,NEEDS_APPROVAL,ELG-001,2,0,0,2,true,0.3
SYN003151,TOIL,2027-12-27,2027-12-27,NEEDS_APPROVAL,BAL-003,1,0,0,1,true,0.21
SYN002610,TOIL,2027-12-27,2027-12-28,NEEDS_APPROVAL,ELG-001|BAL-003,2,0,0,2,true,0.34
SYN003151,ANNUAL,2027-12-28,2028-01-18,RECOMMEND_APPROVE,"",16,0,0,16,true,1.01
SYN002175,ANNUAL,2027-12-29,2027-12-31,RECOMMEND_APPROVE,"",3,1,0,2,true,0.36
SYN006414,ANNUAL,2027-12-29,2028-01-02,NEEDS_APPROVAL,ELG-001,2,1,0,1,true,0.99
SYN000684,ANNUAL,2027-12-29,2028-01-02,NEEDS_APPROVAL,ELG-001,2,0,0,2,true,0.28
SYN002008,ANNUAL,2027-12-29,2028-01-02,NEEDS_APPROVAL,COV-001,2,0,1,1,true,0.28
SYN005478,ANNUAL,2027-12-29,2028-01-02,RECOMMEND_APPROVE,"",1,0,0,1,true,0.21
SYN003739,ANNUAL,2027-12-29,2027-12-29,RECOMMEND_APPROVE,"",1,0,0,1,true,0.19
SYN002610,LONG_SERVICE,2027-12-29,2028-01-02,DECLINED,ELG-001|BAL-001,3,0,0,3,true,0.31
SYN003235,ANNUAL,2027-12-30,2028-01-02,NEEDS_APPROVAL,ELG-001,3,0,0,3,true,0.48
SYN007955,ANNUAL,2027-12-31,2028-01-07,RECOMMEND_APPROVE,"",2,1,0,1,true,0.42
SYN008396,ANNUAL,2028-01-01,2028-01-09,NEEDS_APPROVAL,ELG-001|COV-001,3,1,1,1,true,0.45
SYN001437,ANNUAL,2028-01-01,2028-01-09,NEEDS_APPROVAL,ELG-001,2,1,0,1,true,0.46
SYN001745,TOIL,2028-01-03,2028-01-04,NEEDS_APPROVAL,ELG-001|BAL-003,2,0,0,2,true,0.46
SYN002610,TOIL,2028-01-03,2028-01-03,NEEDS_APPROVAL,ELG-001|BAL-003,1,0,0,1,true,0.21
SYN000684,TOIL,2028-01-03,2028-01-03,NEEDS_APPROVAL,ELG-001,0,0,0,0,false,0.12
SYN007319,ANNUAL,2028-01-03,2028-02-08,DECLINED,BAL-001,25,5,0,20,true,3.01
SYN006414,TOIL,2028-01-03,2028-01-03,NEEDS_APPROVAL,ELG-001,1,0,0,1,true,0.29
SYN006414,ANNUAL,2028-01-04,2028-01-21,NEEDS_APPROVAL,ELG-001,11,3,0,8,true,2.52
SYN002900,ANNUAL,2028-01-04,2028-01-19,DECLINED,COV-001,12,0,3,9,true,0.63
SYN000684,ANNUAL,2028-01-04,2028-01-21,NEEDS_APPROVAL,ELG-001|COV-002,9,5,0,4,true,1.42
SYN002610,LONG_SERVICE,2028-01-04,2028-01-21,DECLINED,ELG-001|BAL-001,14,0,0,14,true,0.54
SYN005478,ANNUAL,2028-01-04,2028-01-09,RECOMMEND_APPROVE,"",1,1,0,0,true,0.45
SYN001745,ANNUAL,2028-01-05,2028-01-09,NEEDS_APPROVAL,ELG-001,3,0,0,3,true,0.49
SYN004112,LONG_SERVICE,2028-01-07,2028-01-07,DECLINED,ELG-001|BAL-001|COV-001,1,0,1,0,true,0.26
SYN005794,ANNUAL,2028-01-07,2028-01-14,RECOMMEND_APPROVE,"",2,0,0,2,true,0.31
SYN005651,ANNUAL,2028-01-10,2028-01-16,RECOMMEND_APPROVE,"",4,1,0,3,true,0.55
SYN005478,ANNUAL,2028-01-10,2028-01-21,RECOMMEND_APPROVE,"",4,4,0,0,true,1.04
SYN008396,TOIL,2028-01-10,2028-01-11,DECLINED,ELG-001|ELG-002|BAL-003|COV-001,2,0,1,1,true,0.32
SYN000257,TOIL,2028-01-10,2028-01-23,DECLINED,BAL-001|COV-001|COV-003,12,2,2,8,true,0.87
SYN001470,ANNUAL,2028-01-10,2028-01-12,NEEDS_APPROVAL,ELG-001,3,1,0,2,true,0.37
SYN003285,ANNUAL,2028-01-10,2028-01-16,NEEDS_APPROVAL,COV-001,1,0,1,0,true,0.23
SYN007955,TOIL,2028-01-10,2028-01-11,NEEDS_APPROVAL,BAL-003,1,1,0,0,true,0.37
SYN008428,ANNUAL,2028-01-10,2028-01-16,NEEDS_APPROVAL,ELG-001|COV-001,3,0,1,2,true,0.48
SYN006726,ANNUAL,2028-01-10,2028-01-14,RECOMMEND_APPROVE,"",2,1,0,1,true,0.88
SYN001437,TOIL,2028-01-10,2028-01-11,NEEDS_APPROVAL,ELG-001,0,0,0,0,false,0.13
SYN007955,ANNUAL,2028-01-12,2028-01-14,RECOMMEND_APPROVE,"",1,1,0,0,true,0.34
SYN001470,ANNUAL,2028-01-13,2028-01-14,NEEDS_APPROVAL,ELG-001,1,1,0,0,true,0.25
SYN000730,PROF_DEV,2028-01-14,2028-01-21,NEEDS_APPROVAL,ELG-001|COV-002,4,3,0,1,true,0.91
SYN007337,ANNUAL,2028-01-14,2028-01-14,NEEDS_APPROVAL,ELG-001,1,1,0,0,true,0.78
SYN007955,ANNUAL,2028-01-16,2028-02-08,RECOMMEND_APPROVE,"",7,2,0,5,true,0.83
SYN006726,TOIL,2028-01-17,2028-01-17,NEEDS_APPROVAL,BAL-003,0,0,0,0,false,0.13
SYN009119,ANNUAL,2028-01-17,2028-01-30,NEEDS_APPROVAL,ELG-001,10,0,0,10,true,0.83
SYN005651,TOIL,2028-01-17,2028-01-18,DECLINED,BAL-001,2,1,0,1,true,0.39
SYN007862,ANNUAL,2028-01-17,2028-01-24,RECOMMEND_APPROVE,"",4,1,0,3,true,0.98
SYN000859,ANNUAL,2028-01-17,2028-02-08,NEEDS_APPROVAL,COV-002,7,2,0,5,true,0.77
SYN008428,ANNUAL,2028-01-17,2028-01-30,NEEDS_APPROVAL,ELG-001|COV-001,6,0,2,4,true,1.01
SYN003285,ANNUAL,2028-01-17,2028-01-23,NEEDS_APPROVAL,COV-001,1,0,1,0,true,0.24
SYN001437,TOIL,2028-01-17,2028-01-17,NEEDS_APPROVAL,ELG-001,0,0,0,0,false,0.12
SYN006726,ANNUAL,2028-01-18,2028-01-19,RECOMMEND_APPROVE,"",0,0,0,0,false,0.15
SYN001437,ANNUAL,2028-01-18,2028-01-23,NEEDS_APPROVAL,ELG-001|COV-002,2,1,0,1,true,0.4
SYN008097,ANNUAL,2028-01-18,2028-02-11,DECLINED,COV-001,19,7,4,8,true,1.99
SYN005651,ANNUAL,2028-01-19,2028-01-23,RECOMMEND_APPROVE,"",2,0,0,2,true,0.32
SYN003151,TOIL,2028-01-19,2028-01-19,NEEDS_APPROVAL,BAL-003,1,0,0,1,true,0.17
SYN003690,ANNUAL,2028-01-20,2028-01-21,NEEDS_APPROVAL,ELG-001,1,1,0,0,true,0.3
SYN003151,ANNUAL,2028-01-20,2028-01-24,RECOMMEND_APPROVE,"",3,0,0,3,true,0.2
SYN007337,ANNUAL,2028-01-21,2028-01-21,NEEDS_APPROVAL,ELG-001,1,1,0,0,true,0.82
SYN005651,TOIL,2028-01-24,2028-01-24,DECLINED,BAL-001,1,0,0,1,true,0.24
SYN008199,ANNUAL,2028-01-24,2028-01-28,NEEDS_APPROVAL,ELG-001|COV-001,2,0,1,1,true,0.32
SYN003690,ANNUAL,2028-01-25,2028-01-28,NEEDS_APPROVAL,ELG-001,2,2,0,0,true,0.41
SYN007862,ANNUAL,2028-01-25,2028-01-30,RECOMMEND_APPROVE,"",2,1,0,1,true,0.9
SYN005651,ANNUAL,2028-01-25,2028-01-30,RECOMMEND_APPROVE,"",3,1,0,2,true,0.42
SYN001775,ANNUAL,2028-01-26,2028-01-28,RECOMMEND_APPROVE,"",1,0,0,1,true,0.21
SYN007337,ANNUAL,2028-01-28,2028-01-28,NEEDS_APPROVAL,ELG-001,1,1,0,0,true,0.84
SYN001775,TOIL,2028-01-31,2028-01-31,RECOMMEND_APPROVE,"",1,0,0,1,true,0.18
SYN008428,ANNUAL,2028-01-31,2028-02-13,NEEDS_APPROVAL,ELG-001|COV-001,6,0,2,4,true,0.61
SYN005651,ANNUAL,2028-01-31,2028-02-13,RECOMMEND_APPROVE,"",8,2,0,6,true,0.76
SYN002836,ANNUAL,2028-01-31,2028-02-13,NEEDS_APPROVAL,COV-001,12,0,2,10,true,0.48
SYN003690,ANNUAL,2028-02-01,2028-02-10,NEEDS_APPROVAL,ELG-001,4,4,0,0,true,0.64
SYN007337,ANNUAL,2028-02-04,2028-02-04,NEEDS_APPROVAL,ELG-001,1,1,0,0,true,0.87
SYN000859,TOIL,2028-02-09,2028-02-09,RECOMMEND_APPROVE,"",0,0,0,0,false,0.1
SYN000859,ANNUAL,2028-02-10,2028-02-13,RECOMMEND_APPROVE,"",1,0,0,1,true,0.19
SYN007955,ANNUAL,2028-02-10,2028-02-12,RECOMMEND_APPROVE,"",1,0,0,1,true,0.19
SYN007337,ANNUAL,2028-02-11,2028-02-11,NEEDS_APPROVAL,ELG-001,1,1,0,0,true,0.83
SYN008428,ANNUAL,2028-02-14,2028-02-23,NEEDS_APPROVAL,ELG-001|COV-001,4,0,1,3,true,0.46
SYN001775,TOIL,2028-02-23,2028-02-23,RECOMMEND_APPROVE,"",0,0,0,0,false,0.1
SYN001775,ANNUAL,2028-02-24,2028-02-25,RECOMMEND_APPROVE,"",1,0,0,1,true,0.18
SYN003823,LONG_SERVICE,2028-03-20,2028-06-18,NEEDS_APPROVAL,ELG-001,39,13,0,26,true,5.89
SYN003405,LONG_SERVICE,2028-03-27,2028-04-02,RECOMMEND_APPROVE,"",3,0,0,3,true,0.51
SYN005655,PROF_DEV,2028-04-03,2028-04-23,DECLINED,BAL-001,12,9,0,3,true,5.32
SYN003046,LONG_SERVICE,2028-04-03,2028-04-06,DECLINED,BAL-001|COV-001,4,0,4,0,true,0.34
SYN003046,LONG_SERVICE,2028-04-11,2028-04-14,DECLINED,BAL-001|COV-001,4,0,4,0,true,0.3
SYN003046,LONG_SERVICE,2028-04-17,2028-04-17,DECLINED,BAL-001|COV-001,1,0,1,0,true,0.2
SYN003046,LONG_SERVICE,2028-04-19,2028-04-21,DECLINED,BAL-001|COV-001,3,0,3,0,true,0.26
SYN003456,PROF_DEV,2028-04-20,2028-04-24,RECOMMEND_APPROVE,"",3,1,0,2,true,0.98
SYN005213,PROF_DEV,2028-05-08,2028-05-11,RECOMMEND_APPROVE,"",4,0,0,4,true,0.39
SYN002095,PROF_DEV,2028-05-22,2028-05-25,RECOMMEND_APPROVE,"",3,0,0,3,true,0.32
SYN009332,PROF_DEV,2028-06-01,2028-06-07,NEEDS_APPROVAL,ELG-001|COV-001,4,0,1,3,true,0.43
SYN006804,PROF_DEV,2028-06-10,2028-07-10,RECOMMEND_APPROVE,"",8,0,0,8,true,0.61
SYN000257,ANNUAL,2028-06-12,2028-07-09,DECLINED,COV-001|COV-003,24,4,4,16,true,1.39
SYN009234,LONG_SERVICE,2028-06-17,2029-02-16,DECLINED,REQ-004|ELG-001|ELG-003|BAL-001,175,0,0,175,true,3.81
SYN006428,LONG_SERVICE,2028-06-19,2028-07-09,DECLINED,ELG-003|BAL-001,9,4,0,5,true,1.92
SYN005478,ANNUAL,2028-07-03,2028-07-14,RECOMMEND_APPROVE,"",4,1,0,3,true,0.58
SYN000730,ANNUAL,2028-07-21,2028-08-11,NEEDS_APPROVAL,ELG-001,10,0,0,10,true,0.67
SYN009452,LONG_SERVICE,2028-07-31,2028-10-29,DECLINED,ELG-001|ELG-003|BAL-001,39,13,0,26,true,10.85
SYN003405,LONG_SERVICE,2028-08-21,2028-09-17,RECOMMEND_APPROVE,"",12,0,0,12,true,1.02
SYN005655,ANNUAL,2028-09-04,2028-09-17,RECOMMEND_APPROVE,"",8,6,0,2,true,3.67
SYN000257,TOIL,2028-09-18,2028-09-24,NEEDS_APPROVAL,COV-001|COV-003,6,1,1,4,true,0.52
SYN003046,ANNUAL,2028-09-19,2028-09-22,NEEDS_APPROVAL,COV-001,4,0,4,0,true,0.29
SYN003046,ANNUAL,2028-09-26,2028-09-29,NEEDS_APPROVAL,COV-001,4,0,4,0,true,0.26
SYN003323,TOIL,2028-10-01,2028-10-21,DECLINED,BAL-001,9,0,0,9,true,0.97
SYN003046,ANNUAL,2028-10-02,2028-10-06,NEEDS_APPROVAL,COV-001,5,0,5,0,true,0.9
SYN008674,ANNUAL,2028-12-02,2028-12-02,NEEDS_APPROVAL,ELG-001,0,0,0,0,false,0.15
SYN005478,ANNUAL,2028-12-18,2028-12-24,RECOMMEND_APPROVE,"",2,0,0,2,true,0.28
SYN003404,ANNUAL,2028-12-21,2029-01-17,RECOMMEND_APPROVE,"",20,4,0,16,true,1.38
SYN005478,TOIL,2028-12-25,2028-12-26,NEEDS_APPROVAL,BAL-003,1,0,0,1,true,0.39
SYN005478,ANNUAL,2028-12-27,2028-12-31,RECOMMEND_APPROVE,"",1,0,0,1,true,0.21
SYN008396,ANNUAL,2029-01-01,2029-01-07,NEEDS_APPROVAL,ELG-001,3,1,0,2,true,0.41
SYN005478,ANNUAL,2029-01-02,2029-01-12,RECOMMEND_APPROVE,"",3,0,0,3,true,0.31
SYN008396,TOIL,2029-01-08,2029-01-09,DECLINED,ELG-001|ELG-002|BAL-003,2,1,0,1,true,1.37
SYN003404,ADO,2029-01-18,2029-02-01,DECLINED,REQ-004|BAL-001,11,3,0,8,true,1.05
SYN005478,ANNUAL,2029-07-02,2029-07-13,RECOMMEND_APPROVE,"",4,0,0,4,true,0.38
SYN007427,ANNUAL,2029-09-28,2029-10-04,NEEDS_APPROVAL,ELG-001,5,0,0,5,true,0.3
SYN005478,ANNUAL,2029-12-20,2029-12-24,RECOMMEND_APPROVE,"",2,0,0,2,true,0.25
SYN005478,TOIL,2029-12-25,2029-12-26,NEEDS_APPROVAL,BAL-003,0,0,0,0,false,0.1
SYN005478,ANNUAL,2029-12-27,2029-12-31,RECOMMEND_APPROVE,"",2,0,0,2,true,0.24
SYN005478,TOIL,2030-01-01,2030-01-01,NEEDS_APPROVAL,BAL-003,0,0,0,0,false,0.09
SYN005478,ANNUAL,2030-01-02,2030-01-10,RECOMMEND_APPROVE,"",3,0,0,3,true,0.29
SYN005478,ANNUAL,2030-07-08,2030-07-19,RECOMMEND_APPROVE,"",4,0,0,4,true,0.36
