employee_id,leave_type,start,end,expected,source,outcome,breached,pass
SYN001193,PROF_DEV,2026-09-20,2026-09-27,NOT_DECLINED_ON_COVERAGE,booked leave in HR system,NEEDS_APPROVAL,NOT-004,true
SYN003212,ADO,2026-09-20,2026-09-22,NOT_DECLINED_ON_COVERAGE,booked leave in HR system,NEEDS_APPROVAL,REQ-004,true
SYN000726,TOIL,2026-09-20,2026-09-20,NOT_DECLINED_ON_COVERAGE,booked leave in HR system,RECOMMEND_APPROVE,"",true
SYN005679,ADO,2026-09-20,2026-09-22,NOT_DECLINED_ON_COVERAGE,booked leave in HR system,DECLINED,REQ-004|BAL-001,true
SYN009509,ANNUAL,2026-09-20,2026-09-20,NOT_DECLINED_ON_COVERAGE,booked leave in HR system,NEEDS_APPROVAL,NOT-001,true
SYN009419,ANNUAL,2026-09-20,2026-09-20,NOT_DECLINED_ON_COVERAGE,booked leave in HR system,NEEDS_APPROVAL,ELG-001|NOT-001|COV-001,true
SYN000987,ANNUAL,2026-09-20,2026-10-28,NOT_DECLINED_ON_COVERAGE,booked leave in HR system,NEEDS_APPROVAL,NOT-001,true
SYN006045,ANNUAL,2026-09-20,2026-09-27,NOT_DECLINED_ON_COVERAGE,booked leave in HR system,DECLINED,BAL-001|NOT-001,true
SYN001308,LONG_SERVICE,2026-09-20,2026-10-18,NOT_DECLINED_ON_COVERAGE,booked leave in HR system,DECLINED,ELG-003|BAL-001|NOT-002,true
SYN007063,PROF_DEV,2026-09-21,2026-09-27,NOT_DECLINED_ON_COVERAGE,booked leave in HR system,DECLINED,BAL-001|NOT-004,true
SYN005408,ANNUAL,2026-09-21,2026-10-18,NOT_DECLINED_ON_COVERAGE,booked leave in HR system,DECLINED,BAL-001|NOT-001,true
SYN000707,PROF_DEV,2026-09-21,2026-09-23,NOT_DECLINED_ON_COVERAGE,booked leave in HR system,NEEDS_APPROVAL,NOT-004,true
SYN001867,TOIL,2026-09-21,2026-09-21,NOT_DECLINED_ON_COVERAGE,booked leave in HR system,RECOMMEND_APPROVE,"",true
SYN004643,LONG_SERVICE,2026-09-21,2026-09-27,NOT_DECLINED_ON_COVERAGE,booked leave in HR system,DECLINED,ELG-003|BAL-001|NOT-002,true
SYN007715,ANNUAL,2026-09-21,2026-09-27,NOT_DECLINED_ON_COVERAGE,booked leave in HR system,NEEDS_APPROVAL,NOT-001|COV-002,true
SYN002778,ANNUAL,2026-09-21,2026-10-02,NOT_DECLINED_ON_COVERAGE,booked leave in HR system,NEEDS_APPROVAL,NOT-001,true
SYN001597,ANNUAL,2026-09-21,2026-09-21,NOT_DECLINED_ON_COVERAGE,booked leave in HR system,NEEDS_APPROVAL,NOT-001,true
SYN005692,PROF_DEV,2026-09-21,2026-09-21,NOT_DECLINED_ON_COVERAGE,booked leave in HR system,NEEDS_APPROVAL,NOT-004,true
SYN005289,TOIL,2026-09-21,2026-09-21,NOT_DECLINED_ON_COVERAGE,booked leave in HR system,RECOMMEND_APPROVE,"",true
SYN003651,LONG_SERVICE,2026-09-21,2026-09-26,NOT_DECLINED_ON_COVERAGE,booked leave in HR system,DECLINED,BAL-001|NOT-002,true
SYN000999,TOIL,2026-09-21,2027-01-03,NOT_DECLINED_ON_COVERAGE,booked leave in HR system,DECLINED,BAL-001,true
SYN001379,ANNUAL,2026-09-21,2026-10-11,NOT_DECLINED_ON_COVERAGE,booked leave in HR system,NEEDS_APPROVAL,NOT-001,true
SYN000603,ANNUAL,2026-09-21,2026-10-04,NOT_DECLINED_ON_COVERAGE,booked leave in HR system,DECLINED,BAL-001|NOT-001,true
SYN001656,ANNUAL,2026-09-21,2026-09-27,NOT_DECLINED_ON_COVERAGE,booked leave in HR system,DECLINED,BAL-001|NOT-001,true
SYN001134,LONG_SERVICE,2026-09-21,2026-12-20,NOT_DECLINED_ON_COVERAGE,booked leave in HR system,DECLINED,ELG-003|BAL-001|NOT-002,true
SYN007218,ANNUAL,2026-09-21,2026-09-27,NOT_DECLINED_ON_COVERAGE,booked leave in HR system,NEEDS_APPROVAL,NOT-001,true
SYN005608,ANNUAL,2026-09-21,2026-09-21,NOT_DECLINED_ON_COVERAGE,booked leave in HR system,NEEDS_APPROVAL,NOT-001,true
SYN006156,LONG_SERVICE,2026-09-21,2027-01-03,NOT_DECLINED_ON_COVERAGE,booked leave in HR system,DECLINED,BAL-001|NOT-002|COV-001,false
SYN002934,ANNUAL,2026-09-21,2026-09-25,NOT_DECLINED_ON_COVERAGE,booked leave in HR system,NEEDS_APPROVAL,NOT-001,true
SYN000134,ANNUAL,2026-09-21,2026-09-22,NOT_DECLINED_ON_COVERAGE,booked leave in HR system,NEEDS_APPROVAL,NOT-001,true
SYN005793,ANNUAL,2026-09-21,2026-09-22,NOT_DECLINED_ON_COVERAGE,booked leave in HR system,DECLINED,BAL-001|NOT-001,true
SYN007431,ANNUAL,2026-09-21,2026-09-21,NOT_DECLINED_ON_COVERAGE,booked leave in HR system,NEEDS_APPROVAL,NOT-001|COV-002,true
SYN004711,ANNUAL,2026-09-21,2026-09-26,NOT_DECLINED_ON_COVERAGE,booked leave in HR system,NEEDS_APPROVAL,NOT-001,true
SYN002978,ANNUAL,2026-09-21,2026-10-18,NOT_DECLINED_ON_COVERAGE,booked leave in HR system,DECLINED,BAL-001|NOT-001|COV-001,false
SYN001980,ANNUAL,2026-09-21,2026-09-25,NOT_DECLINED_ON_COVERAGE,booked leave in HR system,NEEDS_APPROVAL,NOT-001,true
SYN005602,TOIL,2026-09-21,2026-10-04,NOT_DECLINED_ON_COVERAGE,booked leave in HR system,DECLINED,BAL-001,true
SYN005245,ANNUAL,2026-09-21,2026-09-25,NOT_DECLINED_ON_COVERAGE,booked leave in HR system,NEEDS_APPROVAL,NOT-001,true
SYN003763,ANNUAL,2026-09-21,2026-10-04,NOT_DECLINED_ON_COVERAGE,booked leave in HR system,NEEDS_APPROVAL,NOT-001,true
SYN006107,ANNUAL,2026-09-21,2026-09-30,NOT_DECLINED_ON_COVERAGE,booked leave in HR system,NEEDS_APPROVAL,NOT-001,true
SYN005841,ANNUAL,2026-09-21,2026-10-18,NOT_DECLINED_ON_COVERAGE,booked leave in HR system,NEEDS_APPROVAL,NOT-001,true
SYN003934,PROF_DEV,2026-09-21,2026-09-21,NOT_DECLINED_ON_COVERAGE,booked leave in HR system,NEEDS_APPROVAL,NOT-004|COV-002,true
SYN000553,LONG_SERVICE,2026-09-21,2026-12-24,NOT_DECLINED_ON_COVERAGE,booked leave in HR system,DECLINED,BAL-001|NOT-002,true
SYN000726,ANNUAL,2026-09-21,2026-10-14,NOT_DECLINED_ON_COVERAGE,booked leave in HR system,DECLINED,BAL-001|NOT-001,true
SYN001114,ANNUAL,2026-09-21,2026-09-29,NOT_DECLINED_ON_COVERAGE,booked leave in HR system,NEEDS_APPROVAL,NOT-001,true
SYN001764,ANNUAL,2026-09-21,2026-09-25,NOT_DECLINED_ON_COVERAGE,booked leave in HR system,DECLINED,BAL-001|NOT-001,true
SYN004198,ANNUAL,2026-09-21,2026-10-04,NOT_DECLINED_ON_COVERAGE,booked leave in HR system,DECLINED,BAL-001|NOT-001,true
SYN004012,PROF_DEV,2026-09-21,2026-09-25,NOT_DECLINED_ON_COVERAGE,booked leave in HR system,NEEDS_APPROVAL,NOT-004,true
SYN001014,ANNUAL,2026-09-21,2026-09-25,NOT_DECLINED_ON_COVERAGE,booked leave in HR system,NEEDS_APPROVAL,NOT-001,true
SYN006354,ANNUAL,2026-09-21,2026-09-24,NOT_DECLINED_ON_COVERAGE,booked leave in HR system,NEEDS_APPROVAL,NOT-001,true
SYN004799,ANNUAL,2026-09-21,2026-09-27,NOT_DECLINED_ON_COVERAGE,booked leave in HR system,NEEDS_APPROVAL,NOT-001|COV-002,true
SYN009100,ANNUAL,2026-09-21,2026-09-21,NOT_DECLINED_ON_COVERAGE,booked leave in HR system,DECLINED,ELG-002|NOT-001,true
SYN005606,LONG_SERVICE,2026-09-21,2026-10-04,NOT_DECLINED_ON_COVERAGE,booked leave in HR system,DECLINED,ELG-003|BAL-001|NOT-002,true
SYN007290,ADO,2026-09-21,2026-10-04,NOT_DECLINED_ON_COVERAGE,booked leave in HR system,NEEDS_APPROVAL,REQ-004,true
SYN005372,TOIL,2026-09-21,2026-09-21,NOT_DECLINED_ON_COVERAGE,booked leave in HR system,NEEDS_APPROVAL,BAL-003,true
SYN000929,ANNUAL,2026-09-21,2026-10-28,NOT_DECLINED_ON_COVERAGE,booked leave in HR system,DECLINED,BAL-001|NOT-001,true
SYN007260,ANNUAL,2026-09-21,2026-09-27,NOT_DECLINED_ON_COVERAGE,booked leave in HR system,NEEDS_APPROVAL,NOT-001,true
SYN003669,ANNUAL,2026-09-21,2026-09-27,NOT_DECLINED_ON_COVERAGE,booked leave in HR system,NEEDS_APPROVAL,NOT-001|COV-002,true
SYN000977,ANNUAL,2026-09-21,2026-12-13,NOT_DECLINED_ON_COVERAGE,booked leave in HR system,DECLINED,BAL-001|NOT-001,true
SYN004638,TOIL,2026-09-21,2026-09-21,NOT_DECLINED_ON_COVERAGE,booked leave in HR system,NEEDS_APPROVAL,BAL-003,true
SYN006685,TOIL,2026-09-21,2026-09-21,NOT_DECLINED_ON_COVERAGE,booked leave in HR system,NEEDS_APPROVAL,BAL-003,true
SYN005109,ANNUAL,2026-09-21,2026-09-27,NOT_DECLINED_ON_COVERAGE,booked leave in HR system,NEEDS_APPROVAL,NOT-001,true
SYN007498,ANNUAL,2026-09-21,2026-10-24,NOT_DECLINED_ON_COVERAGE,booked leave in HR system,DECLINED,BAL-001|NOT-001,true
SYN002725,ANNUAL,2026-09-21,2026-10-18,NOT_DECLINED_ON_COVERAGE,booked leave in HR system,DECLINED,BAL-001|NOT-001,true
SYN005953,ANNUAL,2026-09-21,2026-09-25,NOT_DECLINED_ON_COVERAGE,booked leave in HR system,NEEDS_APPROVAL,NOT-001,true
SYN000895,ANNUAL,2026-09-21,2026-09-27,NOT_DECLINED_ON_COVERAGE,booked leave in HR system,NEEDS_APPROVAL,NOT-001,true
SYN007197,ANNUAL,2026-09-21,2026-09-23,NOT_DECLINED_ON_COVERAGE,booked leave in HR system,NEEDS_APPROVAL,NOT-001,true
SYN004378,ANNUAL,2026-09-21,2026-09-25,NOT_DECLINED_ON_COVERAGE,booked leave in HR system,NEEDS_APPROVAL,NOT-001,true
SYN006262,LONG_SERVICE,2026-09-21,2026-09-27,NOT_DECLINED_ON_COVERAGE,booked leave in HR system,NEEDS_APPROVAL,NOT-002,true
SYN008208,ANNUAL,2026-09-21,2026-09-21,NOT_DECLINED_ON_COVERAGE,booked leave in HR system,DECLINED,ELG-001|ELG-002|NOT-001,true
SYN001238,LONG_SERVICE,2026-09-21,2026-09-23,NOT_DECLINED_ON_COVERAGE,booked leave in HR system,DECLINED,BAL-001|NOT-002,true
SYN002350,ANNUAL,2026-09-21,2026-09-27,NOT_DECLINED_ON_COVERAGE,booked leave in HR system,NEEDS_APPROVAL,NOT-001,true
SYN003277,LONG_SERVICE,2026-09-21,2026-12-03,NOT_DECLINED_ON_COVERAGE,booked leave in HR system,DECLINED,BAL-001|NOT-002|COV-001,false
SYN006040,TOIL,2026-09-21,2026-09-25,NOT_DECLINED_ON_COVERAGE,booked leave in HR system,DECLINED,BAL-001,true
SYN008761,ANNUAL,2026-09-21,2026-10-25,NOT_DECLINED_ON_COVERAGE,booked leave in HR system,DECLINED,BAL-001|NOT-001|COV-001,false
SYN008097,LONG_SERVICE,2026-09-21,2026-10-25,NOT_DECLINED_ON_COVERAGE,booked leave in HR system,DECLINED,ELG-003|BAL-001|NOT-002,true
SYN006562,TOIL,2026-09-21,2026-09-21,NOT_DECLINED_ON_COVERAGE,booked leave in HR system,RECOMMEND_APPROVE,"",true
SYN009193,ANNUAL,2026-09-21,2026-09-27,NOT_DECLINED_ON_COVERAGE,booked leave in HR system,NEEDS_APPROVAL,NOT-001,true
SYN002059,ANNUAL,2026-09-21,2026-10-02,NOT_DECLINED_ON_COVERAGE,booked leave in HR system,NEEDS_APPROVAL,NOT-001,true
SYN006331,ANNUAL,2026-09-21,2026-10-17,NOT_DECLINED_ON_COVERAGE,booked leave in HR system,DECLINED,BAL-001|NOT-001,true
SYN000445,ANNUAL,2026-09-21,2026-10-04,NOT_DECLINED_ON_COVERAGE,booked leave in HR system,NEEDS_APPROVAL,NOT-001,true
SYN004993,TOIL,2026-09-21,2026-09-21,NOT_DECLINED_ON_COVERAGE,booked leave in HR system,RECOMMEND_APPROVE,"",true
SYN003408,PROF_DEV,2026-09-21,2026-09-21,NOT_DECLINED_ON_COVERAGE,booked leave in HR system,NEEDS_APPROVAL,NOT-004,true
SYN004886,LONG_SERVICE,2026-09-21,2026-10-04,NOT_DECLINED_ON_COVERAGE,booked leave in HR system,NEEDS_APPROVAL,NOT-002,true
SYN006762,ANNUAL,2026-09-21,2026-09-29,NOT_DECLINED_ON_COVERAGE,booked leave in HR system,DECLINED,BAL-001|NOT-001,true
SYN008300,TOIL,2026-09-21,2026-09-21,NOT_DECLINED_ON_COVERAGE,booked leave in HR system,NEEDS_APPROVAL,BAL-003,true
SYN008592,ANNUAL,2026-09-21,2026-09-27,NOT_DECLINED_ON_COVERAGE,booked leave in HR system,NEEDS_APPROVAL,NOT-001,true
SYN006520,LONG_SERVICE,2026-09-21,2026-12-05,NOT_DECLINED_ON_COVERAGE,booked leave in HR system,NEEDS_APPROVAL,NOT-002,true
SYN006072,ANNUAL,2026-09-21,2026-09-27,NOT_DECLINED_ON_COVERAGE,booked leave in HR system,DECLINED,BAL-001|NOT-001,true
SYN004670,ANNUAL,2026-09-21,2026-10-03,NOT_DECLINED_ON_COVERAGE,booked leave in HR system,NEEDS_APPROVAL,ELG-001|NOT-001,true
SYN001022,ANNUAL,2026-09-21,2026-10-04,NOT_DECLINED_ON_COVERAGE,booked leave in HR system,NEEDS_APPROVAL,NOT-001,true
SYN009487,TOIL,2026-09-21,2026-10-04,NOT_DECLINED_ON_COVERAGE,booked leave in HR system,DECLINED,BAL-001,true
SYN004489,ANNUAL,2026-09-21,2026-10-11,NOT_DECLINED_ON_COVERAGE,booked leave in HR system,NEEDS_APPROVAL,NOT-001,true
SYN008755,ANNUAL,2026-09-21,2026-10-04,NOT_DECLINED_ON_COVERAGE,booked leave in HR system,NEEDS_APPROVAL,NOT-001|COV-001,true
SYN004033,ANNUAL,2026-09-21,2026-10-11,NOT_DECLINED_ON_COVERAGE,booked leave in HR system,DECLINED,BAL-001|NOT-001,true
SYN008511,ANNUAL,2026-09-21,2026-10-11,NOT_DECLINED_ON_COVERAGE,booked leave in HR system,DECLINED,BAL-001|NOT-001,true
SYN008569,TOIL,2026-09-21,2026-10-04,NOT_DECLINED_ON_COVERAGE,booked leave in HR system,RECOMMEND_APPROVE,"",true
SYN001060,PROF_DEV,2026-09-21,2026-09-23,NOT_DECLINED_ON_COVERAGE,booked leave in HR system,DECLINED,BAL-001|NOT-004|COV-001|COV-003,false
SYN000824,TOIL,2026-09-21,2026-09-27,NOT_DECLINED_ON_COVERAGE,booked leave in HR system,RECOMMEND_APPROVE,"",true
SYN003287,ANNUAL,2026-09-21,2026-10-11,NOT_DECLINED_ON_COVERAGE,booked leave in HR system,DECLINED,BAL-001|NOT-001|COV-002,false
SYN005720,ANNUAL,2026-09-21,2026-09-21,NOT_DECLINED_ON_COVERAGE,booked leave in HR system,NEEDS_APPROVAL,NOT-001,true
SYN001161,ANNUAL,2026-09-21,2026-09-24,NOT_DECLINED_ON_COVERAGE,booked leave in HR system,NEEDS_APPROVAL,NOT-001,true
SYN008737,ANNUAL,2026-09-21,2026-09-21,NOT_DECLINED_ON_COVERAGE,booked leave in HR system,NEEDS_APPROVAL,NOT-001,true
SYN002185,ANNUAL,2026-09-21,2026-10-04,NOT_DECLINED_ON_COVERAGE,booked leave in HR system,NEEDS_APPROVAL,NOT-001,true
SYN001434,ANNUAL,2026-09-21,2026-09-23,NOT_DECLINED_ON_COVERAGE,booked leave in HR system,NEEDS_APPROVAL,NOT-001,true
SYN007325,ANNUAL,2026-09-21,2026-09-25,NOT_DECLINED_ON_COVERAGE,booked leave in HR system,NEEDS_APPROVAL,BAL-003|NOT-001,true
SYN008312,ANNUAL,2026-09-21,2026-09-25,NOT_DECLINED_ON_COVERAGE,booked leave in HR system,NEEDS_APPROVAL,NOT-001,true
SYN001911,TOIL,2026-09-21,2026-09-21,NOT_DECLINED_ON_COVERAGE,booked leave in HR system,RECOMMEND_APPROVE,"",true
SYN005334,ANNUAL,2026-09-21,2026-10-11,NOT_DECLINED_ON_COVERAGE,booked leave in HR system,NEEDS_APPROVAL,NOT-001|COV-002,true
SYN008984,ANNUAL,2026-09-21,2026-10-04,NOT_DECLINED_ON_COVERAGE,booked leave in HR system,NEEDS_APPROVAL,ELG-001|NOT-001,true
SYN008882,ANNUAL,2026-09-21,2026-09-27,NOT_DECLINED_ON_COVERAGE,booked leave in HR system,NEEDS_APPROVAL,ELG-001|NOT-001,true
SYN003043,ANNUAL,2026-09-21,2026-10-02,NOT_DECLINED_ON_COVERAGE,booked leave in HR system,NEEDS_APPROVAL,NOT-001,true
SYN001504,ANNUAL,2026-09-21,2026-10-18,NOT_DECLINED_ON_COVERAGE,booked leave in HR system,NEEDS_APPROVAL,NOT-001,true
SYN000116,ADO,2026-09-21,2026-09-29,NOT_DECLINED_ON_COVERAGE,booked leave in HR system,NEEDS_APPROVAL,REQ-004|BAL-003,true
SYN004803,LONG_SERVICE,2026-09-21,2026-11-01,NOT_DECLINED_ON_COVERAGE,booked leave in HR system,DECLINED,ELG-001|ELG-003|BAL-001|NOT-002,true
SYN000437,ANNUAL,2026-09-21,2026-10-04,NOT_DECLINED_ON_COVERAGE,booked leave in HR system,DECLINED,BAL-001|NOT-001,true
SYN007462,ANNUAL,2026-09-21,2026-09-22,NOT_DECLINED_ON_COVERAGE,booked leave in HR system,NEEDS_APPROVAL,NOT-001|COV-002,true
SYN004522,ANNUAL,2026-09-21,2026-09-24,NOT_DECLINED_ON_COVERAGE,booked leave in HR system,NEEDS_APPROVAL,NOT-001,true
SYN002976,TOIL,2026-09-21,2026-09-21,NOT_DECLINED_ON_COVERAGE,booked leave in HR system,NEEDS_APPROVAL,BAL-003,true
SYN003804,LONG_SERVICE,2026-09-21,2026-10-25,NOT_DECLINED_ON_COVERAGE,booked leave in HR system,DECLINED,BAL-001|NOT-002,true
SYN001940,ANNUAL,2026-09-21,2026-09-27,NOT_DECLINED_ON_COVERAGE,booked leave in HR system,NEEDS_APPROVAL,NOT-001,true
SYN001931,ANNUAL,2026-09-21,2026-10-11,NOT_DECLINED_ON_COVERAGE,booked leave in HR system,DECLINED,BAL-001|NOT-001,true
SYN002012,TOIL,2026-09-21,2026-09-21,NOT_DECLINED_ON_COVERAGE,booked leave in HR system,RECOMMEND_APPROVE,"",true
SYN000064,ANNUAL,2026-09-21,2026-09-21,NOT_DECLINED_ON_COVERAGE,booked leave in HR system,NEEDS_APPROVAL,NOT-001,true
SYN004712,TOIL,2026-09-21,2026-09-21,NOT_DECLINED_ON_COVERAGE,booked leave in HR system,NEEDS_APPROVAL,BAL-003,true
SYN004058,ANNUAL,2026-09-21,2026-10-04,NOT_DECLINED_ON_COVERAGE,booked leave in HR system,NEEDS_APPROVAL,NOT-001,true
SYN008506,PROF_DEV,2026-09-21,2026-09-22,NOT_DECLINED_ON_COVERAGE,booked leave in HR system,NEEDS_APPROVAL,NOT-004,true
SYN007349,ADO,2026-09-21,2026-09-21,NOT_DECLINED_ON_COVERAGE,booked leave in HR system,DECLINED,BAL-001|COV-002,false
SYN004017,ANNUAL,2026-09-21,2026-10-11,NOT_DECLINED_ON_COVERAGE,booked leave in HR system,NEEDS_APPROVAL,NOT-001,true
SYN003346,LONG_SERVICE,2026-09-21,2026-09-21,NOT_DECLINED_ON_COVERAGE,booked leave in HR system,DECLINED,BAL-001|NOT-002,true
SYN002701,PROF_DEV,2026-09-21,2026-09-24,NOT_DECLINED_ON_COVERAGE,booked leave in HR system,DECLINED,BAL-001|NOT-004,true
SYN006840,ANNUAL,2026-09-21,2026-09-23,NOT_DECLINED_ON_COVERAGE,booked leave in HR system,NEEDS_APPROVAL,NOT-001,true
SYN005448,LONG_SERVICE,2026-09-21,2026-10-18,NOT_DECLINED_ON_COVERAGE,booked leave in HR system,DECLINED,BAL-001|NOT-002,true
SYN000675,ADO,2026-09-21,2026-10-11,NOT_DECLINED_ON_COVERAGE,booked leave in HR system,DECLINED,REQ-004|ELG-002|BAL-001,true
SYN003452,TOIL,2026-09-21,2026-09-21,NOT_DECLINED_ON_COVERAGE,booked leave in HR system,NEEDS_APPROVAL,BAL-003,true
SYN008939,ANNUAL,2026-09-21,2026-10-09,NOT_DECLINED_ON_COVERAGE,booked leave in HR system,DECLINED,ELG-001|BAL-001|NOT-001|COV-002,false
SYN003010,TOIL,2026-09-21,2026-09-24,NOT_DECLINED_ON_COVERAGE,booked leave in HR system,NEEDS_APPROVAL,COV-002,true
SYN000747,LONG_SERVICE,2026-09-21,2026-09-27,NOT_DECLINED_ON_COVERAGE,booked leave in HR system,DECLINED,ELG-003|BAL-001|NOT-002,true
SYN004804,TOIL,2026-09-21,2026-09-21,NOT_DECLINED_ON_COVERAGE,booked leave in HR system,NEEDS_APPROVAL,BAL-003,true
SYN007034,ANNUAL,2026-09-21,2026-09-25,NOT_DECLINED_ON_COVERAGE,booked leave in HR system,NEEDS_APPROVAL,NOT-001,true
SYN007842,ANNUAL,2026-09-21,2026-09-21,NOT_DECLINED_ON_COVERAGE,booked leave in HR system,NEEDS_APPROVAL,NOT-001,true
SYN005941,ANNUAL,2026-09-21,2026-09-27,NOT_DECLINED_ON_COVERAGE,booked leave in HR system,NEEDS_APPROVAL,NOT-001,true
SYN001875,LONG_SERVICE,2026-09-21,2026-11-08,NOT_DECLINED_ON_COVERAGE,booked leave in HR system,NEEDS_APPROVAL,ELG-001|NOT-002,true
SYN009155,LONG_SERVICE,2026-09-21,2026-09-21,NOT_DECLINED_ON_COVERAGE,booked leave in HR system,NEEDS_APPROVAL,NOT-002,true
SYN005896,ANNUAL,2026-09-21,2026-09-27,NOT_DECLINED_ON_COVERAGE,booked leave in HR system,NEEDS_APPROVAL,NOT-001,true
SYN004023,ANNUAL,2026-09-21,2026-09-27,NOT_DECLINED_ON_COVERAGE,booked leave in HR system,NEEDS_APPROVAL,NOT-001,true
SYN007602,ANNUAL,2026-09-21,2026-11-15,NOT_DECLINED_ON_COVERAGE,booked leave in HR system,DECLINED,BAL-001|NOT-001,true
SYN005016,ANNUAL,2026-09-21,2026-10-09,NOT_DECLINED_ON_COVERAGE,booked leave in HR system,NEEDS_APPROVAL,NOT-001,true
SYN005534,TOIL,2026-09-21,2026-09-27,NOT_DECLINED_ON_COVERAGE,booked leave in HR system,DECLINED,BAL-001,true
SYN003127,ANNUAL,2026-09-21,2026-10-05,NOT_DECLINED_ON_COVERAGE,booked leave in HR system,NEEDS_APPROVAL,NOT-001|COV-002,true
SYN004690,ANNUAL,2026-09-21,2026-10-18,NOT_DECLINED_ON_COVERAGE,booked leave in HR system,DECLINED,BAL-001|NOT-001,true
SYN001589,TOIL,2026-09-21,2026-09-27,NOT_DECLINED_ON_COVERAGE,booked leave in HR system,RECOMMEND_APPROVE,"",true
SYN002726,ADO,2026-09-21,2026-09-23,NOT_DECLINED_ON_COVERAGE,booked leave in HR system,NEEDS_APPROVAL,REQ-004,true
SYN004617,ANNUAL,2026-09-21,2026-10-18,NOT_DECLINED_ON_COVERAGE,booked leave in HR system,DECLINED,BAL-001|NOT-001|COV-001,false
SYN009296,ANNUAL,2026-09-21,2026-10-11,NOT_DECLINED_ON_COVERAGE,booked leave in HR system,DECLINED,BAL-001|NOT-001|COV-002,false
SYN007932,ANNUAL,2026-09-21,2026-10-02,NOT_DECLINED_ON_COVERAGE,booked leave in HR system,NEEDS_APPROVAL,NOT-001,true
SYN004811,ANNUAL,2026-09-21,2026-09-21,NOT_DECLINED_ON_COVERAGE,booked leave in HR system,NEEDS_APPROVAL,NOT-001,true
SYN001843,TOIL,2026-09-21,2026-10-04,NOT_DECLINED_ON_COVERAGE,booked leave in HR system,RECOMMEND_APPROVE,"",true
SYN005418,ANNUAL,2026-09-21,2026-09-27,NOT_DECLINED_ON_COVERAGE,booked leave in HR system,NEEDS_APPROVAL,NOT-001,true
SYN008581,ANNUAL,2026-09-21,2026-09-27,NOT_DECLINED_ON_COVERAGE,booked leave in HR system,NEEDS_APPROVAL,ELG-001|NOT-001,true
SYN000392,ANNUAL,2026-09-21,2026-09-21,NOT_DECLINED_ON_COVERAGE,booked leave in HR system,NEEDS_APPROVAL,NOT-001,true
SYN001948,ANNUAL,2026-09-21,2026-09-27,NOT_DECLINED_ON_COVERAGE,booked leave in HR system,NEEDS_APPROVAL,NOT-001,true
SYN006016,ANNUAL,2026-09-21,2026-11-12,NOT_DECLINED_ON_COVERAGE,booked leave in HR system,DECLINED,BAL-001|NOT-001,true
SYN005331,PROF_DEV,2026-09-21,2026-09-21,NOT_DECLINED_ON_COVERAGE,booked leave in HR system,NEEDS_APPROVAL,BAL-003|NOT-004,true
SYN003904,ANNUAL,2026-09-21,2026-10-04,NOT_DECLINED_ON_COVERAGE,booked leave in HR system,NEEDS_APPROVAL,NOT-001,true
SYN000926,ANNUAL,2026-09-21,2026-10-18,NOT_DECLINED_ON_COVERAGE,booked leave in HR system,DECLINED,BAL-001|NOT-001,true
SYN005604,TOIL,2026-09-21,2026-10-18,NOT_DECLINED_ON_COVERAGE,booked leave in HR system,DECLINED,BAL-001,true
SYN003151,TOIL,2026-09-21,2026-09-21,NOT_DECLINED_ON_COVERAGE,booked leave in HR system,NEEDS_APPROVAL,BAL-003,true
SYN001319,TOIL,2026-09-21,2026-10-04,NOT_DECLINED_ON_COVERAGE,booked leave in HR system,DECLINED,BAL-001,true
SYN006125,ANNUAL,2026-09-21,2026-09-27,NOT_DECLINED_ON_COVERAGE,booked leave in HR system,NEEDS_APPROVAL,NOT-001|COV-002,true
SYN005419,PROF_DEV,2026-09-21,2026-09-22,NOT_DECLINED_ON_COVERAGE,booked leave in HR system,NEEDS_APPROVAL,NOT-004,true
SYN007459,ANNUAL,2026-09-21,2026-09-21,NOT_DECLINED_ON_COVERAGE,booked leave in HR system,NEEDS_APPROVAL,NOT-001,true
SYN000442,ANNUAL,2026-09-21,2026-09-25,NOT_DECLINED_ON_COVERAGE,booked leave in HR system,NEEDS_APPROVAL,NOT-001,true
SYN005426,ANNUAL,2026-09-21,2026-09-25,NOT_DECLINED_ON_COVERAGE,booked leave in HR system,NEEDS_APPROVAL,NOT-001,true
SYN006268,LONG_SERVICE,2026-09-21,2026-09-22,NOT_DECLINED_ON_COVERAGE,booked leave in HR system,DECLINED,ELG-003|BAL-001|NOT-002,true
SYN006279,ANNUAL,2026-09-21,2026-10-11,NOT_DECLINED_ON_COVERAGE,booked leave in HR system,DECLINED,BAL-001|NOT-001,true
SYN005757,ANNUAL,2026-09-21,2026-10-14,NOT_DECLINED_ON_COVERAGE,booked leave in HR system,DECLINED,BAL-001|NOT-001,true
SYN007289,TOIL,2026-09-21,2026-10-04,NOT_DECLINED_ON_COVERAGE,booked leave in HR system,NEEDS_APPROVAL,COV-002,true
SYN008121,LONG_SERVICE,2026-09-21,2026-10-20,NOT_DECLINED_ON_COVERAGE,booked leave in HR system,DECLINED,ELG-003|BAL-001|NOT-002,true
SYN006259,PROF_DEV,2026-09-21,2026-09-25,NOT_DECLINED_ON_COVERAGE,booked leave in HR system,NEEDS_APPROVAL,ELG-001|NOT-004,true
SYN005320,ANNUAL,2026-09-21,2026-10-18,NOT_DECLINED_ON_COVERAGE,booked leave in HR system,NEEDS_APPROVAL,NOT-001,true
SYN008795,ADO,2026-09-21,2026-09-27,NOT_DECLINED_ON_COVERAGE,booked leave in HR system,DECLINED,REQ-004|BAL-001,true
SYN008053,ANNUAL,2026-09-21,2026-10-04,NOT_DECLINED_ON_COVERAGE,booked leave in HR system,NEEDS_APPROVAL,BAL-003|NOT-001,true
SYN005204,ANNUAL,2026-09-21,2026-10-04,NOT_DECLINED_ON_COVERAGE,booked leave in HR system,NEEDS_APPROVAL,NOT-001,true
SYN002748,ANNUAL,2026-09-21,2026-09-27,NOT_DECLINED_ON_COVERAGE,booked leave in HR system,DECLINED,BAL-001|NOT-001,true
SYN006843,ANNUAL,2026-09-21,2026-09-22,NOT_DECLINED_ON_COVERAGE,booked leave in HR system,NEEDS_APPROVAL,NOT-001,true
SYN007241,TOIL,2026-09-21,2026-09-21,NOT_DECLINED_ON_COVERAGE,booked leave in HR system,NEEDS_APPROVAL,BAL-003,true
SYN007402,ANNUAL,2026-09-21,2026-09-27,NOT_DECLINED_ON_COVERAGE,booked leave in HR system,NEEDS_APPROVAL,NOT-001|COV-001,true
SYN004262,ANNUAL,2026-09-21,2026-09-27,NOT_DECLINED_ON_COVERAGE,booked leave in HR system,NEEDS_APPROVAL,NOT-001|COV-001,true
SYN005168,ANNUAL,2026-09-21,2026-10-02,NOT_DECLINED_ON_COVERAGE,booked leave in HR system,NEEDS_APPROVAL,NOT-001,true
SYN000787,PROF_DEV,2026-09-21,2026-09-26,NOT_DECLINED_ON_COVERAGE,booked leave in HR system,NEEDS_APPROVAL,NOT-004,true
SYN004188,ANNUAL,2026-09-21,2026-10-11,NOT_DECLINED_ON_COVERAGE,booked leave in HR system,DECLINED,BAL-001|NOT-001,true
SYN001724,ANNUAL,2026-09-21,2027-04-18,NOT_DECLINED_ON_COVERAGE,booked leave in HR system,DECLINED,REQ-004|BAL-001|NOT-001,true
SYN002814,ANNUAL,2026-09-21,2026-09-27,NOT_DECLINED_ON_COVERAGE,booked leave in HR system,NEEDS_APPROVAL,NOT-001,true
SYN000188,LONG_SERVICE,2026-09-21,2026-10-04,NOT_DECLINED_ON_COVERAGE,booked leave in HR system,DECLINED,ELG-003|BAL-001|NOT-002|COV-002,false
SYN005231,ANNUAL,2026-09-21,2026-09-21,NOT_DECLINED_ON_COVERAGE,booked leave in HR system,NEEDS_APPROVAL,NOT-001,true
SYN001338,ANNUAL,2026-09-21,2026-10-11,NOT_DECLINED_ON_COVERAGE,booked leave in HR system,NEEDS_APPROVAL,NOT-001,true
SYN003116,ANNUAL,2026-09-21,2026-09-27,NOT_DECLINED_ON_COVERAGE,booked leave in HR system,NEEDS_APPROVAL,NOT-001,true
SYN007729,ANNUAL,2026-09-21,2026-09-21,NOT_DECLINED_ON_COVERAGE,booked leave in HR system,NEEDS_APPROVAL,NOT-001,true
SYN002947,ANNUAL,2026-09-21,2026-10-06,NOT_DECLINED_ON_COVERAGE,booked leave in HR system,NEEDS_APPROVAL,NOT-001,true
SYN003420,TOIL,2026-09-21,2026-09-21,NOT_DECLINED_ON_COVERAGE,booked leave in HR system,NEEDS_APPROVAL,BAL-003,true
SYN001435,ANNUAL,2026-09-21,2026-09-27,NOT_DECLINED_ON_COVERAGE,booked leave in HR system,NEEDS_APPROVAL,NOT-001|COV-002,true
SYN005046,ANNUAL,2026-09-21,2026-09-27,NOT_DECLINED_ON_COVERAGE,booked leave in HR system,NEEDS_APPROVAL,NOT-001,true
SYN004215,ANNUAL,2026-09-21,2026-09-27,NOT_DECLINED_ON_COVERAGE,booked leave in HR system,NEEDS_APPROVAL,NOT-001,true
SYN002686,ANNUAL,2026-09-21,2026-09-27,NOT_DECLINED_ON_COVERAGE,booked leave in HR system,NEEDS_APPROVAL,NOT-001,true
SYN005730,ANNUAL,2026-09-21,2026-09-24,NOT_DECLINED_ON_COVERAGE,booked leave in HR system,NEEDS_APPROVAL,NOT-001,true
SYN004829,PROF_DEV,2026-09-21,2026-09-22,NOT_DECLINED_ON_COVERAGE,booked leave in HR system,NEEDS_APPROVAL,NOT-004|COV-002,true
SYN009018,ANNUAL,2026-09-21,2026-10-04,NOT_DECLINED_ON_COVERAGE,booked leave in HR system,NEEDS_APPROVAL,NOT-001,true
SYN003353,ADO,2026-09-21,2026-09-23,NOT_DECLINED_ON_COVERAGE,booked leave in HR system,NEEDS_APPROVAL,REQ-004|COV-002,true
SYN008234,ANNUAL,2026-09-21,2026-09-22,NOT_DECLINED_ON_COVERAGE,booked leave in HR system,NEEDS_APPROVAL,NOT-001,true
SYN007030,ANNUAL,2026-09-21,2026-09-21,NOT_DECLINED_ON_COVERAGE,booked leave in HR system,NEEDS_APPROVAL,NOT-001,true
SYN000624,ANNUAL,2026-09-21,2026-09-21,NOT_DECLINED_ON_COVERAGE,booked leave in HR system,NEEDS_APPROVAL,NOT-001,true
SYN004870,LONG_SERVICE,2026-09-21,2026-09-21,NOT_DECLINED_ON_COVERAGE,booked leave in HR system,DECLINED,ELG-003|BAL-001|NOT-002,true
SYN002576,ANNUAL,2026-09-21,2026-09-21,NOT_DECLINED_ON_COVERAGE,booked leave in HR system,NEEDS_APPROVAL,NOT-001,true
SYN002288,TOIL,2026-09-21,2026-10-09,NOT_DECLINED_ON_COVERAGE,booked leave in HR system,DECLINED,BAL-001,true
SYN004673,TOIL,2026-09-21,2026-09-22,NOT_DECLINED_ON_COVERAGE,booked leave in HR system,RECOMMEND_APPROVE,"",true
SYN008011,TOIL,2026-09-21,2026-09-21,NOT_DECLINED_ON_COVERAGE,booked leave in HR system,RECOMMEND_APPROVE,"",true
SYN009545,TOIL,2026-09-21,2026-09-21,NOT_DECLINED_ON_COVERAGE,booked leave in HR system,DECLINED,ELG-002|BAL-003,true
SYN001854,ANNUAL,2026-09-21,2026-10-09,NOT_DECLINED_ON_COVERAGE,booked leave in HR system,NEEDS_APPROVAL,NOT-001,true
SYN001065,ANNUAL,2026-09-21,2026-09-21,NOT_DECLINED_ON_COVERAGE,booked leave in HR system,NEEDS_APPROVAL,NOT-001,true
SYN008616,ANNUAL,2026-09-21,2026-09-27,NOT_DECLINED_ON_COVERAGE,booked leave in HR system,NEEDS_APPROVAL,NOT-001|COV-002,true
SYN000327,ANNUAL,2026-09-21,2026-09-25,NOT_DECLINED_ON_COVERAGE,booked leave in HR system,NEEDS_APPROVAL,NOT-001,true
SYN002745,LONG_SERVICE,2026-09-21,2026-11-22,NOT_DECLINED_ON_COVERAGE,booked leave in HR system,DECLINED,BAL-001|NOT-002|COV-001,false
SYN004940,ANNUAL,2026-09-21,2026-10-04,NOT_DECLINED_ON_COVERAGE,booked leave in HR system,DECLINED,BAL-001|NOT-001|COV-002,false
SYN005894,LONG_SERVICE,2026-09-21,2026-10-04,NOT_DECLINED_ON_COVERAGE,booked leave in HR system,DECLINED,ELG-003|BAL-001|NOT-002,true
SYN008328,TOIL,2026-09-21,2026-09-21,NOT_DECLINED_ON_COVERAGE,booked leave in HR system,NEEDS_APPROVAL,BAL-003,true
SYN000838,ANNUAL,2026-09-21,2026-10-04,NOT_DECLINED_ON_COVERAGE,booked leave in HR system,NEEDS_APPROVAL,NOT-001,true
SYN008816,ANNUAL,2026-09-21,2026-10-18,NOT_DECLINED_ON_COVERAGE,booked leave in HR system,DECLINED,NOT-001|COV-001,false
SYN005409,TOIL,2026-09-21,2026-10-07,NOT_DECLINED_ON_COVERAGE,booked leave in HR system,DECLINED,BAL-001,true
SYN004402,ANNUAL,2026-09-21,2026-09-22,NOT_DECLINED_ON_COVERAGE,booked leave in HR system,NEEDS_APPROVAL,NOT-001,true
SYN001032,ANNUAL,2026-09-21,2026-09-27,NOT_DECLINED_ON_COVERAGE,booked leave in HR system,NEEDS_APPROVAL,NOT-001|COV-002,true
SYN004212,ANNUAL,2026-09-21,2026-09-21,NOT_DECLINED_ON_COVERAGE,booked leave in HR system,NEEDS_APPROVAL,NOT-001,true
SYN005984,ANNUAL,2026-09-21,2026-10-04,NOT_DECLINED_ON_COVERAGE,booked leave in HR system,NEEDS_APPROVAL,NOT-001|COV-002,true
SYN001965,ANNUAL,2026-09-21,2026-10-11,NOT_DECLINED_ON_COVERAGE,booked leave in HR system,DECLINED,BAL-001|NOT-001|COV-002,false
SYN004253,ANNUAL,2026-09-21,2026-10-07,NOT_DECLINED_ON_COVERAGE,booked leave in HR system,NEEDS_APPROVAL,NOT-001,true
SYN003086,ANNUAL,2026-09-21,2026-09-27,NOT_DECLINED_ON_COVERAGE,booked leave in HR system,DECLINED,BAL-001|NOT-001,true
SYN001908,ANNUAL,2026-09-21,2026-10-18,NOT_DECLINED_ON_COVERAGE,booked leave in HR system,NEEDS_APPROVAL,NOT-001,true
SYN003228,LONG_SERVICE,2026-09-21,2026-10-11,NOT_DECLINED_ON_COVERAGE,booked leave in HR system,NEEDS_APPROVAL,BAL-003|NOT-002,true
SYN007569,ANNUAL,2026-09-21,2026-09-22,NOT_DECLINED_ON_COVERAGE,booked leave in HR system,NEEDS_APPROVAL,NOT-001,true
SYN001029,ANNUAL,2026-09-21,2026-09-28,NOT_DECLINED_ON_COVERAGE,booked leave in HR system,NEEDS_APPROVAL,NOT-001|COV-002,true
SYN005416,TOIL,2026-09-21,2026-09-21,NOT_DECLINED_ON_COVERAGE,booked leave in HR system,NEEDS_APPROVAL,BAL-003,true
SYN007304,TOIL,2026-09-21,2026-10-18,NOT_DECLINED_ON_COVERAGE,booked leave in HR system,DECLINED,BAL-001,true
SYN002139,ANNUAL,2026-09-22,2026-09-30,NOT_DECLINED_ON_COVERAGE,booked leave in HR system,NEEDS_APPROVAL,NOT-001,true
SYN004706,ANNUAL,2026-09-22,2026-10-05,NOT_DECLINED_ON_COVERAGE,booked leave in HR system,NEEDS_APPROVAL,NOT-001,true
SYN008524,PROF_DEV,2026-09-22,2026-09-22,NOT_DECLINED_ON_COVERAGE,booked leave in HR system,NEEDS_APPROVAL,NOT-004,true
SYN008011,ANNUAL,2026-09-22,2026-09-24,NOT_DECLINED_ON_COVERAGE,booked leave in HR system,NEEDS_APPROVAL,NOT-001,true
SYN002012,ANNUAL,2026-09-22,2026-09-25,NOT_DECLINED_ON_COVERAGE,booked leave in HR system,NEEDS_APPROVAL,NOT-001,true
SYN002776,ANNUAL,2026-09-22,2026-09-22,NOT_DECLINED_ON_COVERAGE,booked leave in HR system,NEEDS_APPROVAL,NOT-001,true
SYN003452,ANNUAL,2026-09-22,2026-09-24,NOT_DECLINED_ON_COVERAGE,booked leave in HR system,NEEDS_APPROVAL,NOT-001,true
SYN006685,ANNUAL,2026-09-22,2026-10-02,NOT_DECLINED_ON_COVERAGE,booked leave in HR system,NEEDS_APPROVAL,NOT-001,true
SYN009255,ANNUAL,2026-09-22,2026-09-28,NOT_DECLINED_ON_COVERAGE,booked leave in HR system,NEEDS_APPROVAL,NOT-001,true
SYN001086,ANNUAL,2026-09-22,2026-09-30,NOT_DECLINED_ON_COVERAGE,booked leave in HR system,NEEDS_APPROVAL,NOT-001,true
SYN002181,PROF_DEV,2026-09-22,2026-09-27,NOT_DECLINED_ON_COVERAGE,booked leave in HR system,NEEDS_APPROVAL,NOT-004,true
SYN004712,ANNUAL,2026-09-22,2026-10-04,NOT_DECLINED_ON_COVERAGE,booked leave in HR system,NEEDS_APPROVAL,BAL-003|NOT-001,true
SYN008863,ANNUAL,2026-09-22,2026-09-23,NOT_DECLINED_ON_COVERAGE,booked leave in HR system,NEEDS_APPROVAL,NOT-001,true
SYN006562,LONG_SERVICE,2026-09-22,2026-10-04,NOT_DECLINED_ON_COVERAGE,booked leave in HR system,DECLINED,ELG-003|BAL-001|NOT-002,true
SYN005151,LONG_SERVICE,2026-09-22,2026-10-18,NOT_DECLINED_ON_COVERAGE,booked leave in HR system,DECLINED,ELG-003|BAL-001|NOT-002,true
SYN000125,PROF_DEV,2026-09-22,2026-09-25,NOT_DECLINED_ON_COVERAGE,booked leave in HR system,NEEDS_APPROVAL,NOT-004,true
SYN007157,ANNUAL,2026-09-22,2026-10-01,NOT_DECLINED_ON_COVERAGE,booked leave in HR system,DECLINED,BAL-001|NOT-001,true
SYN006098,ANNUAL,2026-09-22,2026-10-02,NOT_DECLINED_ON_COVERAGE,booked leave in HR system,NEEDS_APPROVAL,NOT-001,true
SYN000247,ANNUAL,2026-09-22,2026-09-22,NOT_DECLINED_ON_COVERAGE,booked leave in HR system,NEEDS_APPROVAL,NOT-001,true
SYN004117,ANNUAL,2026-09-22,2026-09-22,NOT_DECLINED_ON_COVERAGE,booked leave in HR system,NEEDS_APPROVAL,NOT-001,true
SYN004265,ANNUAL,2026-09-22,2026-09-23,NOT_DECLINED_ON_COVERAGE,booked leave in HR system,NEEDS_APPROVAL,NOT-001,true
SYN008300,PROF_DEV,2026-09-22,2026-09-24,NOT_DECLINED_ON_COVERAGE,booked leave in HR system,DECLINED,BAL-001|NOT-004,true
SYN004509,PROF_DEV,2026-09-22,2026-10-07,NOT_DECLINED_ON_COVERAGE,booked leave in HR system,NEEDS_APPROVAL,NOT-004,true
SYN007532,PROF_DEV,2026-09-22,2026-09-27,NOT_DECLINED_ON_COVERAGE,booked leave in HR system,NEEDS_APPROVAL,NOT-004,true
SYN009326,PROF_DEV,2026-09-22,2026-09-22,NOT_DECLINED_ON_COVERAGE,booked leave in HR system,NEEDS_APPROVAL,BAL-003|NOT-004,true
SYN003151,ANNUAL,2026-09-22,2026-10-01,NOT_DECLINED_ON_COVERAGE,booked leave in HR system,NEEDS_APPROVAL,NOT-001,true
SYN005774,PROF_DEV,2026-09-22,2026-09-22,NOT_DECLINED_ON_COVERAGE,booked leave in HR system,NEEDS_APPROVAL,NOT-004,true
SYN001677,ANNUAL,2026-09-22,2026-09-25,NOT_DECLINED_ON_COVERAGE,booked leave in HR system,NEEDS_APPROVAL,NOT-001,true
SYN003225,ANNUAL,2026-09-22,2026-09-22,NOT_DECLINED_ON_COVERAGE,booked leave in HR system,NEEDS_APPROVAL,NOT-001,true
SYN005264,LONG_SERVICE,2026-09-22,2026-10-02,NOT_DECLINED_ON_COVERAGE,booked leave in HR system,DECLINED,ELG-003|BAL-001|NOT-002,true
SYN008328,ANNUAL,2026-09-22,2026-09-28,NOT_DECLINED_ON_COVERAGE,booked leave in HR system,NEEDS_APPROVAL,NOT-001,true
SYN003214,TOIL,2026-09-22,2026-09-23,NOT_DECLINED_ON_COVERAGE,booked leave in HR system,RECOMMEND_APPROVE,"",true
SYN004804,ANNUAL,2026-09-22,2026-09-23,NOT_DECLINED_ON_COVERAGE,booked leave in HR system,NEEDS_APPROVAL,NOT-001,true
SYN002679,ANNUAL,2026-09-22,2026-09-26,NOT_DECLINED_ON_COVERAGE,booked leave in HR system,NEEDS_APPROVAL,NOT-001|COV-002,true
SYN008365,ANNUAL,2026-09-22,2026-09-22,NOT_DECLINED_ON_COVERAGE,booked leave in HR system,NEEDS_APPROVAL,NOT-001,true
SYN005372,ANNUAL,2026-09-22,2026-09-27,NOT_DECLINED_ON_COVERAGE,booked leave in HR system,NEEDS_APPROVAL,NOT-001,true
SYN006078,ANNUAL,2026-09-22,2026-10-14,NOT_DECLINED_ON_COVERAGE,booked leave in HR system,NEEDS_APPROVAL,NOT-001,true
SYN003266,ANNUAL,2026-09-22,2026-10-09,NOT_DECLINED_ON_COVERAGE,booked leave in HR system,NEEDS_APPROVAL,NOT-001,true
SYN000834,ADO,2026-09-22,2026-09-22,NOT_DECLINED_ON_COVERAGE,booked leave in HR system,RECOMMEND_APPROVE,"",true
SYN002976,PROF_DEV,2026-09-22,2026-09-23,NOT_DECLINED_ON_COVERAGE,booked leave in HR system,NEEDS_APPROVAL,NOT-004,true
SYN006559,ANNUAL,2026-09-22,2026-09-25,NOT_DECLINED_ON_COVERAGE,booked leave in HR system,NEEDS_APPROVAL,NOT-001,true
SYN008295,ANNUAL,2026-09-22,2026-09-25,NOT_DECLINED_ON_COVERAGE,booked leave in HR system,NEEDS_APPROVAL,NOT-001,true
SYN001152,ANNUAL,2026-09-22,2026-09-22,NOT_DECLINED_ON_COVERAGE,booked leave in HR system,NEEDS_APPROVAL,NOT-001,true
SYN006000,ANNUAL,2026-09-22,2026-09-23,NOT_DECLINED_ON_COVERAGE,booked leave in HR system,DECLINED,BAL-001|NOT-001,true
SYN008266,ANNUAL,2026-09-22,2026-09-25,NOT_DECLINED_ON_COVERAGE,booked leave in HR system,DECLINED,ELG-002|NOT-001,true
SYN003329,ANNUAL,2026-09-22,2026-09-22,NOT_DECLINED_ON_COVERAGE,booked leave in HR system,NEEDS_APPROVAL,ELG-001|NOT-001,true
SYN002192,ANNUAL,2026-09-22,2026-09-23,NOT_DECLINED_ON_COVERAGE,booked leave in HR system,NEEDS_APPROVAL,NOT-001,true
SYN006627,ANNUAL,2026-09-22,2026-09-27,NOT_DECLINED_ON_COVERAGE,booked leave in HR system,NEEDS_APPROVAL,NOT-001,true
SYN006707,ANNUAL,2026-09-22,2026-09-27,NOT_DECLINED_ON_COVERAGE,booked leave in HR system,NEEDS_APPROVAL,NOT-001,true
SYN001867,LONG_SERVICE,2026-09-22,2026-09-27,NOT_DECLINED_ON_COVERAGE,booked leave in HR system,DECLINED,BAL-001|NOT-002,true
SYN005416,ANNUAL,2026-09-22,2026-09-25,NOT_DECLINED_ON_COVERAGE,booked leave in HR system,NEEDS_APPROVAL,NOT-001,true
SYN009545,LONG_SERVICE,2026-09-22,2026-09-24,NOT_DECLINED_ON_COVERAGE,booked leave in HR system,DECLINED,ELG-003|BAL-001|NOT-002,true
SYN008372,ADO,2026-09-22,2026-09-23,NOT_DECLINED_ON_COVERAGE,booked leave in HR system,DECLINED,BAL-001|COV-002,false
SYN007203,ANNUAL,2026-09-22,2026-10-11,NOT_DECLINED_ON_COVERAGE,booked leave in HR system,DECLINED,ELG-001|BAL-001|NOT-001,true
SYN007097,ANNUAL,2026-09-22,2026-10-04,NOT_DECLINED_ON_COVERAGE,booked leave in HR system,NEEDS_APPROVAL,NOT-001|COV-002,true
SYN003981,ANNUAL,2026-09-22,2026-09-25,NOT_DECLINED_ON_COVERAGE,booked leave in HR system,NEEDS_APPROVAL,NOT-001,true
SYN005975,TOIL,2026-09-22,2026-09-24,NOT_DECLINED_ON_COVERAGE,booked leave in HR system,NEEDS_APPROVAL,COV-002,true
SYN001911,ANNUAL,2026-09-22,2026-09-27,NOT_DECLINED_ON_COVERAGE,booked leave in HR system,DECLINED,BAL-001|NOT-001,true
SYN000779,ANNUAL,2026-09-22,2026-10-02,NOT_DECLINED_ON_COVERAGE,booked leave in HR system,NEEDS_APPROVAL,NOT-001,true
SYN007241,ANNUAL,2026-09-22,2026-09-25,NOT_DECLINED_ON_COVERAGE,booked leave in HR system,NEEDS_APPROVAL,NOT-001,true
SYN005289,ANNUAL,2026-09-22,2026-10-04,NOT_DECLINED_ON_COVERAGE,booked leave in HR system,NEEDS_APPROVAL,NOT-001,true
SYN001302,ANNUAL,2026-09-22,2026-10-11,NOT_DECLINED_ON_COVERAGE,booked leave in HR system,NEEDS_APPROVAL,NOT-001,true
SYN004638,ANNUAL,2026-09-22,2026-09-27,NOT_DECLINED_ON_COVERAGE,booked leave in HR system,NEEDS_APPROVAL,NOT-001,true
SYN003420,ANNUAL,2026-09-22,2026-09-30,NOT_DECLINED_ON_COVERAGE,booked leave in HR system,NEEDS_APPROVAL,NOT-001,true
SYN004397,TOIL,2026-09-23,2026-09-24,NOT_DECLINED_ON_COVERAGE,booked leave in HR system,NEEDS_APPROVAL,ELG-001,true
SYN003668,PROF_DEV,2026-09-23,2026-09-23,NOT_DECLINED_ON_COVERAGE,booked leave in HR system,NEEDS_APPROVAL,ELG-001|NOT-004,true
SYN004149,ANNUAL,2026-09-23,2026-10-01,NOT_DECLINED_ON_COVERAGE,booked leave in HR system,NEEDS_APPROVAL,NOT-001,true
SYN003329,ANNUAL,2026-09-23,2026-10-09,NOT_DECLINED_ON_COVERAGE,booked leave in HR system,DECLINED,ELG-001|BAL-001|NOT-001,true
SYN008287,PROF_DEV,2026-09-23,2026-09-25,NOT_DECLINED_ON_COVERAGE,booked leave in HR system,NEEDS_APPROVAL,NOT-004,true
SYN006803,ANNUAL,2026-09-23,2026-10-02,NOT_DECLINED_ON_COVERAGE,booked leave in HR system,NEEDS_APPROVAL,NOT-001,true
SYN007600,TOIL,2026-09-23,2026-09-24,NOT_DECLINED_ON_COVERAGE,booked leave in HR system,DECLINED,BAL-001,true
SYN004519,ANNUAL,2026-09-23,2026-09-30,NOT_DECLINED_ON_COVERAGE,booked leave in HR system,NEEDS_APPROVAL,NOT-001,true
SYN002473,ADO,2026-09-23,2026-09-23,NOT_DECLINED_ON_COVERAGE,booked leave in HR system,NEEDS_APPROVAL,BAL-003,true
SYN001251,PROF_DEV,2026-09-23,2026-10-14,NOT_DECLINED_ON_COVERAGE,booked leave in HR system,DECLINED,BAL-001|NOT-004,true
SYN003633,ANNUAL,2026-09-23,2026-09-23,NOT_DECLINED_ON_COVERAGE,booked leave in HR system,NEEDS_APPROVAL,NOT-001,true
SYN008908,TOIL,2026-09-23,2026-09-25,NOT_DECLINED_ON_COVERAGE,booked leave in HR system,RECOMMEND_APPROVE,"",true
SYN008320,PROF_DEV,2026-09-23,2026-09-27,NOT_DECLINED_ON_COVERAGE,booked leave in HR system,DECLINED,ELG-001|BAL-001|NOT-004,true
SYN001529,ANNUAL,2026-09-23,2026-09-23,NOT_DECLINED_ON_COVERAGE,booked leave in HR system,NEEDS_APPROVAL,NOT-001,true
SYN001323,ANNUAL,2026-09-23,2026-09-23,NOT_DECLINED_ON_COVERAGE,booked leave in HR system,NEEDS_APPROVAL,NOT-001,true
SYN006284,PROF_DEV,2026-09-23,2026-09-23,NOT_DECLINED_ON_COVERAGE,booked leave in HR system,NEEDS_APPROVAL,BAL-003|NOT-004,true
SYN000861,ANNUAL,2026-09-23,2026-09-23,NOT_DECLINED_ON_COVERAGE,booked leave in HR system,NEEDS_APPROVAL,NOT-001,true
SYN005106,ANNUAL,2026-09-23,2026-09-23,NOT_DECLINED_ON_COVERAGE,booked leave in HR system,NEEDS_APPROVAL,NOT-001,true
SYN005530,ANNUAL,2026-09-23,2026-09-23,NOT_DECLINED_ON_COVERAGE,booked leave in HR system,NEEDS_APPROVAL,NOT-001,true
SYN000025,ANNUAL,2026-09-23,2026-09-24,NOT_DECLINED_ON_COVERAGE,booked leave in HR system,NEEDS_APPROVAL,NOT-001,true
SYN002986,ANNUAL,2026-09-23,2026-10-02,NOT_DECLINED_ON_COVERAGE,booked leave in HR system,NEEDS_APPROVAL,NOT-001,true
SYN000227,ANNUAL,2026-09-23,2026-10-12,NOT_DECLINED_ON_COVERAGE,booked leave in HR system,NEEDS_APPROVAL,NOT-001,true
SYN002197,ADO,2026-09-23,2026-09-23,NOT_DECLINED_ON_COVERAGE,booked leave in HR system,NEEDS_APPROVAL,BAL-003,true
SYN007907,ANNUAL,2026-09-23,2026-09-23,NOT_DECLINED_ON_COVERAGE,booked leave in HR system,NEEDS_APPROVAL,NOT-001,true
SYN008439,ANNUAL,2026-09-23,2026-09-25,NOT_DECLINED_ON_COVERAGE,booked leave in HR system,NEEDS_APPROVAL,NOT-001,true
SYN001831,ANNUAL,2026-09-23,2026-09-27,NOT_DECLINED_ON_COVERAGE,booked leave in HR system,NEEDS_APPROVAL,NOT-001|COV-002,true
SYN009506,PROF_DEV,2026-09-23,2026-09-23,NOT_DECLINED_ON_COVERAGE,booked leave in HR system,DECLINED,ELG-002|BAL-003|NOT-004,true
SYN009197,ANNUAL,2026-09-24,2026-09-24,NOT_DECLINED_ON_COVERAGE,booked leave in HR system,NEEDS_APPROVAL,NOT-001,true
SYN002295,TOIL,2026-09-24,2026-09-24,NOT_DECLINED_ON_COVERAGE,booked leave in HR system,DECLINED,BAL-001,true
SYN006113,PROF_DEV,2026-09-24,2026-09-24,NOT_DECLINED_ON_COVERAGE,booked leave in HR system,NEEDS_APPROVAL,BAL-003|NOT-004,true
SYN000839,ANNUAL,2026-09-24,2026-09-24,NOT_DECLINED_ON_COVERAGE,booked leave in HR system,NEEDS_APPROVAL,NOT-001,true
SYN007907,PROF_DEV,2026-09-24,2026-09-25,NOT_DECLINED_ON_COVERAGE,booked leave in HR system,NEEDS_APPROVAL,NOT-004,true
SYN000637,ADO,2026-09-24,2026-10-09,NOT_DECLINED_ON_COVERAGE,booked leave in HR system,NEEDS_APPROVAL,REQ-004,true
SYN003699,TOIL,2026-09-24,2026-09-25,NOT_DECLINED_ON_COVERAGE,booked leave in HR system,RECOMMEND_APPROVE,"",true
SYN006648,ANNUAL,2026-09-24,2026-09-24,NOT_DECLINED_ON_COVERAGE,booked leave in HR system,NEEDS_APPROVAL,NOT-001,true
SYN008174,LONG_SERVICE,2026-09-24,2026-09-25,NOT_DECLINED_ON_COVERAGE,booked leave in HR system,DECLINED,ELG-003|BAL-001|NOT-002,true
SYN002022,ANNUAL,2026-09-24,2026-09-27,NOT_DECLINED_ON_COVERAGE,booked leave in HR system,NEEDS_APPROVAL,NOT-001,true
SYN008780,ANNUAL,2026-09-24,2026-10-02,NOT_DECLINED_ON_COVERAGE,booked leave in HR system,NEEDS_APPROVAL,NOT-001,true
SYN008232,ANNUAL,2026-09-24,2026-09-24,NOT_DECLINED_ON_COVERAGE,booked leave in HR system,NEEDS_APPROVAL,ELG-001|NOT-001,true
SYN008168,ANNUAL,2026-09-24,2026-09-27,NOT_DECLINED_ON_COVERAGE,booked leave in HR system,NEEDS_APPROVAL,NOT-001,true
SYN002232,ANNUAL,2026-09-24,2026-10-02,NOT_DECLINED_ON_COVERAGE,booked leave in HR system,NEEDS_APPROVAL,NOT-001,true
SYN001167,ANNUAL,2026-09-24,2026-10-05,NOT_DECLINED_ON_COVERAGE,booked leave in HR system,NEEDS_APPROVAL,NOT-001,true
SYN008870,ANNUAL,2026-09-24,2026-09-28,NOT_DECLINED_ON_COVERAGE,booked leave in HR system,NEEDS_APPROVAL,NOT-001|COV-001,true
SYN002726,ANNUAL,2026-09-24,2026-09-24,NOT_DECLINED_ON_COVERAGE,booked leave in HR system,NEEDS_APPROVAL,NOT-001,true
SYN004128,ANNUAL,2026-09-24,2026-10-01,NOT_DECLINED_ON_COVERAGE,booked leave in HR system,NEEDS_APPROVAL,NOT-001,true
SYN003161,ADO,2026-09-24,2026-09-25,NOT_DECLINED_ON_COVERAGE,booked leave in HR system,RECOMMEND_APPROVE,"",true
SYN002629,ANNUAL,2026-09-24,2026-10-02,NOT_DECLINED_ON_COVERAGE,booked leave in HR system,DECLINED,BAL-001|NOT-001,true
SYN004190,TOIL,2026-09-24,2026-09-24,NOT_DECLINED_ON_COVERAGE,booked leave in HR system,RECOMMEND_APPROVE,"",true
SYN001060,ANNUAL,2026-09-24,2026-10-02,NOT_DECLINED_ON_COVERAGE,booked leave in HR system,NEEDS_APPROVAL,NOT-001|COV-001|COV-003,true
SYN004587,ANNUAL,2026-09-24,2026-09-25,NOT_DECLINED_ON_COVERAGE,booked leave in HR system,NEEDS_APPROVAL,NOT-001,true
SYN008329,ANNUAL,2026-09-24,2026-10-08,NOT_DECLINED_ON_COVERAGE,booked leave in HR system,NEEDS_APPROVAL,NOT-001|COV-002,true
SYN000874,ANNUAL,2026-09-24,2026-09-29,NOT_DECLINED_ON_COVERAGE,booked leave in HR system,NEEDS_APPROVAL,NOT-001,true
SYN008003,ANNUAL,2026-09-24,2026-09-27,NOT_DECLINED_ON_COVERAGE,booked leave in HR system,NEEDS_APPROVAL,NOT-001,true
SYN002597,PROF_DEV,2026-09-24,2026-09-27,NOT_DECLINED_ON_COVERAGE,booked leave in HR system,DECLINED,BAL-001|NOT-004,true
SYN001405,ANNUAL,2026-09-24,2026-09-29,NOT_DECLINED_ON_COVERAGE,booked leave in HR system,NEEDS_APPROVAL,NOT-001,true
SYN003972,ADO,2026-09-24,2026-09-25,NOT_DECLINED_ON_COVERAGE,booked leave in HR system,NEEDS_APPROVAL,BAL-003,true
SYN007044,ANNUAL,2026-09-24,2026-10-11,NOT_DECLINED_ON_COVERAGE,booked leave in HR system,NEEDS_APPROVAL,NOT-001,true
SYN008307,ANNUAL,2026-09-24,2026-09-24,NOT_DECLINED_ON_COVERAGE,booked leave in HR system,NEEDS_APPROVAL,NOT-001,true
SYN004731,ANNUAL,2026-09-24,2026-09-25,NOT_DECLINED_ON_COVERAGE,booked leave in HR system,DECLINED,ELG-002|BAL-001|NOT-001,true
SYN007306,ANNUAL,2026-09-24,2026-09-24,NOT_DECLINED_ON_COVERAGE,booked leave in HR system,NEEDS_APPROVAL,NOT-001,true
SYN003828,ANNUAL,2026-09-24,2026-09-28,NOT_DECLINED_ON_COVERAGE,booked leave in HR system,DECLINED,BAL-001|NOT-001,true
SYN007772,ANNUAL,2026-09-24,2026-10-04,NOT_DECLINED_ON_COVERAGE,booked leave in HR system,NEEDS_APPROVAL,NOT-001,true
SYN004938,ANNUAL,2026-09-24,2026-09-25,NOT_DECLINED_ON_COVERAGE,booked leave in HR system,NEEDS_APPROVAL,NOT-001,true
SYN003811,PROF_DEV,2026-09-24,2026-09-24,NOT_DECLINED_ON_COVERAGE,booked leave in HR system,NEEDS_APPROVAL,BAL-003|NOT-004|COV-002,true
SYN001859,ADO,2026-09-24,2026-09-25,NOT_DECLINED_ON_COVERAGE,booked leave in HR system,DECLINED,BAL-001,true
SYN003134,ANNUAL,2026-09-24,2026-10-02,NOT_DECLINED_ON_COVERAGE,booked leave in HR system,NEEDS_APPROVAL,NOT-001,true
SYN001905,ANNUAL,2026-09-24,2026-09-24,NOT_DECLINED_ON_COVERAGE,booked leave in HR system,NEEDS_APPROVAL,NOT-001,true
SYN009190,ANNUAL,2026-09-24,2026-10-05,NOT_DECLINED_ON_COVERAGE,booked leave in HR system,NEEDS_APPROVAL,ELG-001|NOT-001,true
SYN009155,ANNUAL,2026-09-24,2026-09-24,NOT_DECLINED_ON_COVERAGE,booked leave in HR system,NEEDS_APPROVAL,NOT-001,true
SYN008234,ANNUAL,2026-09-24,2026-09-24,NOT_DECLINED_ON_COVERAGE,booked leave in HR system,NEEDS_APPROVAL,NOT-001,true
SYN003775,ADO,2026-09-24,2026-09-24,NOT_DECLINED_ON_COVERAGE,booked leave in HR system,NEEDS_APPROVAL,COV-002,true
SYN003143,ANNUAL,2026-09-24,2026-10-01,NOT_DECLINED_ON_COVERAGE,booked leave in HR system,NEEDS_APPROVAL,NOT-001|COV-002,true
SYN000960,PROF_DEV,2026-09-24,2026-09-27,NOT_DECLINED_ON_COVERAGE,booked leave in HR system,NEEDS_APPROVAL,NOT-004,true
SYN008959,ANNUAL,2026-09-24,2026-09-24,NOT_DECLINED_ON_COVERAGE,booked leave in HR system,NEEDS_APPROVAL,NOT-001,true
SYN001458,TOIL,2026-09-25,2026-09-25,NOT_DECLINED_ON_COVERAGE,booked leave in HR system,RECOMMEND_APPROVE,"",true
SYN000596,TOIL,2026-09-25,2026-09-25,NOT_DECLINED_ON_COVERAGE,booked leave in HR system,RECOMMEND_APPROVE,"",true
SYN003002,ANNUAL,2026-09-25,2026-09-28,NOT_DECLINED_ON_COVERAGE,booked leave in HR system,NEEDS_APPROVAL,NOT-001,true
SYN004016,PROF_DEV,2026-09-25,2026-10-04,NOT_DECLINED_ON_COVERAGE,booked leave in HR system,NEEDS_APPROVAL,NOT-004,true
SYN008502,PROF_DEV,2026-09-25,2026-09-25,NOT_DECLINED_ON_COVERAGE,booked leave in HR system,NEEDS_APPROVAL,NOT-004,true
SYN003660,ANNUAL,2026-09-25,2026-10-02,NOT_DECLINED_ON_COVERAGE,booked leave in HR system,NEEDS_APPROVAL,NOT-001,true
SYN002464,ANNUAL,2026-09-25,2026-09-27,NOT_DECLINED_ON_COVERAGE,booked leave in HR system,NEEDS_APPROVAL,NOT-001|COV-001,true
SYN009391,ANNUAL,2026-09-25,2026-10-02,NOT_DECLINED_ON_COVERAGE,booked leave in HR system,DECLINED,BAL-001|NOT-001|COV-002,false
SYN004970,ANNUAL,2026-09-25,2026-09-25,NOT_DECLINED_ON_COVERAGE,booked leave in HR system,NEEDS_APPROVAL,NOT-001,true
SYN009110,ANNUAL,2026-09-25,2026-10-04,NOT_DECLINED_ON_COVERAGE,booked leave in HR system,NEEDS_APPROVAL,NOT-001,true
SYN004032,ANNUAL,2026-09-25,2026-09-28,NOT_DECLINED_ON_COVERAGE,booked leave in HR system,NEEDS_APPROVAL,NOT-001,true
SYN000145,TOIL,2026-09-25,2026-09-30,NOT_DECLINED_ON_COVERAGE,booked leave in HR system,DECLINED,BAL-001,true
SYN001092,ANNUAL,2026-09-25,2026-09-28,NOT_DECLINED_ON_COVERAGE,booked leave in HR system,NEEDS_APPROVAL,NOT-001,true
SYN009234,ADO,2026-09-25,2026-09-25,NOT_DECLINED_ON_COVERAGE,booked leave in HR system,DECLINED,BAL-001,true
SYN008863,ANNUAL,2026-09-25,2026-09-25,NOT_DECLINED_ON_COVERAGE,booked leave in HR system,NEEDS_APPROVAL,NOT-001,true
SYN004237,ANNUAL,2026-09-25,2026-09-25,NOT_DECLINED_ON_COVERAGE,booked leave in HR system,NEEDS_APPROVAL,NOT-001,true
SYN003593,TOIL,2026-09-25,2026-09-25,NOT_DECLINED_ON_COVERAGE,booked leave in HR system,RECOMMEND_APPROVE,"",true
SYN008657,PROF_DEV,2026-09-25,2026-09-25,NOT_DECLINED_ON_COVERAGE,booked leave in HR system,NEEDS_APPROVAL,NOT-004,true
SYN004362,PROF_DEV,2026-09-25,2026-10-08,NOT_DECLINED_ON_COVERAGE,booked leave in HR system,NEEDS_APPROVAL,NOT-004,true
SYN002057,ANNUAL,2026-09-25,2026-10-02,NOT_DECLINED_ON_COVERAGE,booked leave in HR system,NEEDS_APPROVAL,NOT-001,true
SYN001678,PROF_DEV,2026-09-25,2026-09-25,NOT_DECLINED_ON_COVERAGE,booked leave in HR system,NEEDS_APPROVAL,BAL-003|NOT-004,true
SYN003502,ANNUAL,2026-09-25,2026-10-16,NOT_DECLINED_ON_COVERAGE,booked leave in HR system,NEEDS_APPROVAL,BAL-003|NOT-001,true
SYN002874,ANNUAL,2026-09-25,2026-09-27,NOT_DECLINED_ON_COVERAGE,booked leave in HR system,NEEDS_APPROVAL,NOT-001,true
SYN003061,PROF_DEV,2026-09-25,2026-09-25,NOT_DECLINED_ON_COVERAGE,booked leave in HR system,NEEDS_APPROVAL,NOT-004,true
SYN002103,ANNUAL,2026-09-25,2026-09-25,NOT_DECLINED_ON_COVERAGE,booked leave in HR system,NEEDS_APPROVAL,NOT-001,true
SYN006515,ANNUAL,2026-09-25,2026-09-25,NOT_DECLINED_ON_COVERAGE,booked leave in HR system,NEEDS_APPROVAL,NOT-001,true
SYN001905,ANNUAL,2026-09-25,2026-09-28,NOT_DECLINED_ON_COVERAGE,booked leave in HR system,NEEDS_APPROVAL,NOT-001,true
SYN003493,ANNUAL,2026-09-25,2026-09-25,NOT_DECLINED_ON_COVERAGE,booked leave in HR system,NEEDS_APPROVAL,NOT-001,true
SYN009186,ANNUAL,2026-09-25,2026-09-28,NOT_DECLINED_ON_COVERAGE,booked leave in HR system,NEEDS_APPROVAL,NOT-001|COV-002,true
SYN000802,ANNUAL,2026-09-25,2026-09-25,NOT_DECLINED_ON_COVERAGE,booked leave in HR system,NEEDS_APPROVAL,NOT-001,true
SYN009545,LONG_SERVICE,2026-09-25,2026-10-07,NOT_DECLINED_ON_COVERAGE,booked leave in HR system,DECLINED,ELG-003|BAL-001|NOT-002|COV-001,false
SYN006534,LONG_SERVICE,2026-09-25,2026-09-25,NOT_DECLINED_ON_COVERAGE,booked leave in HR system,DECLINED,ELG-003|BAL-001|NOT-002,true
SYN005285,PROF_DEV,2026-09-25,2026-09-25,NOT_DECLINED_ON_COVERAGE,booked leave in HR system,NEEDS_APPROVAL,BAL-003|NOT-004,true
SYN004306,ANNUAL,2026-09-25,2026-09-25,NOT_DECLINED_ON_COVERAGE,booked leave in HR system,NEEDS_APPROVAL,NOT-001,true
SYN001031,ANNUAL,2026-09-25,2026-09-29,NOT_DECLINED_ON_COVERAGE,booked leave in HR system,NEEDS_APPROVAL,NOT-001,true
SYN001597,ANNUAL,2026-09-25,2026-09-27,NOT_DECLINED_ON_COVERAGE,booked leave in HR system,NEEDS_APPROVAL,NOT-001|COV-002,true
SYN000259,ADO,2026-09-25,2026-09-28,NOT_DECLINED_ON_COVERAGE,booked leave in HR system,NEEDS_APPROVAL,REQ-004|BAL-003,true
SYN008665,ANNUAL,2026-09-25,2026-10-04,NOT_DECLINED_ON_COVERAGE,booked leave in HR system,NEEDS_APPROVAL,NOT-001,true
SYN001333,ANNUAL,2026-09-25,2026-09-25,NOT_DECLINED_ON_COVERAGE,booked leave in HR system,NEEDS_APPROVAL,NOT-001,true
SYN009054,PROF_DEV,2026-09-25,2026-09-25,NOT_DECLINED_ON_COVERAGE,booked leave in HR system,NEEDS_APPROVAL,ELG-001|BAL-003|NOT-004,true
SYN006557,LONG_SERVICE,2026-09-25,2026-10-04,NOT_DECLINED_ON_COVERAGE,booked leave in HR system,NEEDS_APPROVAL,NOT-002,true
SYN002467,TOIL,2026-09-25,2026-09-30,NOT_DECLINED_ON_COVERAGE,booked leave in HR system,RECOMMEND_APPROVE,"",true
SYN000922,LONG_SERVICE,2026-09-25,2026-09-25,NOT_DECLINED_ON_COVERAGE,booked leave in HR system,DECLINED,ELG-003|BAL-001|NOT-002,true
SYN001094,PROF_DEV,2026-09-25,2026-09-25,NOT_DECLINED_ON_COVERAGE,booked leave in HR system,NEEDS_APPROVAL,BAL-003|NOT-004,true
SYN000313,ANNUAL,2026-09-25,2026-09-27,NOT_DECLINED_ON_COVERAGE,booked leave in HR system,NEEDS_APPROVAL,NOT-001,true
SYN003856,ANNUAL,2026-09-25,2026-10-04,NOT_DECLINED_ON_COVERAGE,booked leave in HR system,DECLINED,BAL-001|NOT-001,true
SYN006310,ANNUAL,2026-09-25,2026-09-27,NOT_DECLINED_ON_COVERAGE,booked leave in HR system,NEEDS_APPROVAL,NOT-001,true
SYN007349,ADO,2026-09-25,2026-09-25,NOT_DECLINED_ON_COVERAGE,booked leave in HR system,DECLINED,BAL-001|COV-002,false
SYN007934,ANNUAL,2026-09-25,2026-09-25,NOT_DECLINED_ON_COVERAGE,booked leave in HR system,NEEDS_APPROVAL,NOT-001,true
SYN006724,ANNUAL,2026-09-25,2026-10-15,NOT_DECLINED_ON_COVERAGE,booked leave in HR system,DECLINED,BAL-001|NOT-001,true
SYN002456,ANNUAL,2026-09-26,2026-09-27,NOT_DECLINED_ON_COVERAGE,booked leave in HR system,NEEDS_APPROVAL,NOT-001,true
SYN006140,TOIL,2026-09-26,2026-10-14,NOT_DECLINED_ON_COVERAGE,booked leave in HR system,DECLINED,BAL-001,true
SYN005803,ANNUAL,2026-09-26,2026-10-04,NOT_DECLINED_ON_COVERAGE,booked leave in HR system,NEEDS_APPROVAL,NOT-001,true
SYN004097,LONG_SERVICE,2026-09-26,2026-10-12,NOT_DECLINED_ON_COVERAGE,booked leave in HR system,DECLINED,NOT-002|COV-001,false
SYN003099,ANNUAL,2026-09-26,2026-09-28,NOT_DECLINED_ON_COVERAGE,booked leave in HR system,NEEDS_APPROVAL,NOT-001,true
SYN001849,ANNUAL,2026-09-26,2026-09-27,NOT_DECLINED_ON_COVERAGE,booked leave in HR system,NEEDS_APPROVAL,NOT-001,true
SYN008908,TOIL,2026-09-26,2026-09-27,NOT_DECLINED_ON_COVERAGE,booked leave in HR system,RECOMMEND_APPROVE,"",true
SYN000886,ANNUAL,2026-09-26,2026-10-09,NOT_DECLINED_ON_COVERAGE,booked leave in HR system,NEEDS_APPROVAL,NOT-001,true
SYN003921,ANNUAL,2026-09-26,2026-10-11,NOT_DECLINED_ON_COVERAGE,booked leave in HR system,NEEDS_APPROVAL,NOT-001,true
SYN001844,ANNUAL,2026-09-26,2026-10-05,NOT_DECLINED_ON_COVERAGE,booked leave in HR system,NEEDS_APPROVAL,ELG-001|NOT-001,true
SYN008562,ANNUAL,2026-09-26,2026-09-27,NOT_DECLINED_ON_COVERAGE,booked leave in HR system,NEEDS_APPROVAL,NOT-001,true
SYN000125,ANNUAL,2026-09-26,2026-10-05,NOT_DECLINED_ON_COVERAGE,booked leave in HR system,NEEDS_APPROVAL,NOT-001,true
SYN002218,ANNUAL,2026-09-26,2026-10-09,NOT_DECLINED_ON_COVERAGE,booked leave in HR system,DECLINED,BAL-001|NOT-001,true
SYN008955,ANNUAL,2026-09-26,2026-09-26,NOT_DECLINED_ON_COVERAGE,booked leave in HR system,NEEDS_APPROVAL,NOT-001,true
SYN008530,ANNUAL,2026-09-26,2026-10-11,NOT_DECLINED_ON_COVERAGE,booked leave in HR system,NEEDS_APPROVAL,NOT-001,true
SYN002405,ANNUAL,2026-09-26,2026-10-04,NOT_DECLINED_ON_COVERAGE,booked leave in HR system,NEEDS_APPROVAL,NOT-001|COV-001|COV-002,true
SYN006565,ANNUAL,2026-09-26,2026-10-18,NOT_DECLINED_ON_COVERAGE,booked leave in HR system,NEEDS_APPROVAL,NOT-001,true
SYN005363,ADO,2026-09-26,2026-09-26,NOT_DECLINED_ON_COVERAGE,booked leave in HR system,DECLINED,ELG-002|BAL-003,true
SYN007338,ANNUAL,2026-09-26,2026-09-26,NOT_DECLINED_ON_COVERAGE,booked leave in HR system,NEEDS_APPROVAL,NOT-001,true
SYN004550,ANNUAL,2026-09-26,2026-10-19,NOT_DECLINED_ON_COVERAGE,booked leave in HR system,DECLINED,BAL-001|NOT-001,true
SYN008812,LONG_SERVICE,2026-09-26,2026-09-26,NOT_DECLINED_ON_COVERAGE,booked leave in HR system,DECLINED,ELG-003|BAL-001|NOT-002,true
SYN004213,PROF_DEV,2026-09-26,2026-10-23,NOT_DECLINED_ON_COVERAGE,booked leave in HR system,DECLINED,BAL-001|NOT-004,true
SYN002510,PROF_DEV,2026-09-27,2026-10-10,NOT_DECLINED_ON_COVERAGE,booked leave in HR system,DECLINED,BAL-001|NOT-004,true
SYN007134,TOIL,2026-09-27,2026-09-27,NOT_DECLINED_ON_COVERAGE,booked leave in HR system,RECOMMEND_APPROVE,"",true
SYN005431,ANNUAL,2026-09-27,2026-10-07,NOT_DECLINED_ON_COVERAGE,booked leave in HR system,DECLINED,ELG-002|BAL-001|NOT-001,true
SYN000189,PROF_DEV,2026-09-27,2026-09-30,NOT_DECLINED_ON_COVERAGE,booked leave in HR system,NEEDS_APPROVAL,NOT-004,true
SYN008559,TOIL,2026-09-27,2026-10-04,NOT_DECLINED_ON_COVERAGE,booked leave in HR system,NEEDS_APPROVAL,COV-002,true
SYN003000,PROF_DEV,2026-09-27,2026-10-10,NOT_DECLINED_ON_COVERAGE,booked leave in HR system,DECLINED,BAL-001|NOT-004|COV-002,false
SYN000889,TOIL,2026-09-27,2026-10-01,NOT_DECLINED_ON_COVERAGE,booked leave in HR system,RECOMMEND_APPROVE,"",true
SYN008694,ANNUAL,2026-09-27,2026-09-28,NOT_DECLINED_ON_COVERAGE,booked leave in HR system,NEEDS_APPROVAL,NOT-001,true
SYN000879,ANNUAL,2026-09-27,2026-10-05,NOT_DECLINED_ON_COVERAGE,booked leave in HR system,NEEDS_APPROVAL,NOT-001|COV-001,true
SYN003726,PROF_DEV,2026-09-27,2026-09-30,NOT_DECLINED_ON_COVERAGE,booked leave in HR system,NEEDS_APPROVAL,NOT-004,true
SYN004050,ANNUAL,2026-09-27,2026-09-29,NOT_DECLINED_ON_COVERAGE,booked leave in HR system,NEEDS_APPROVAL,NOT-001,true
SYN000419,TOIL,2026-09-27,2026-09-29,NOT_DECLINED_ON_COVERAGE,booked leave in HR system,RECOMMEND_APPROVE,"",true
SYN001518,ANNUAL,2026-09-28,2026-09-28,NOT_DECLINED_ON_COVERAGE,booked leave in HR system,NEEDS_APPROVAL,NOT-001,true
SYN008711,ANNUAL,2026-09-28,2026-10-18,NOT_DECLINED_ON_COVERAGE,booked leave in HR system,DECLINED,ELG-001|ELG-002|NOT-001,true
SYN001570,ANNUAL,2026-09-28,2026-09-28,NOT_DECLINED_ON_COVERAGE,booked leave in HR system,NEEDS_APPROVAL,NOT-001,true
SYN003260,TOIL,2026-09-28,2026-10-12,NOT_DECLINED_ON_COVERAGE,booked leave in HR system,DECLINED,BAL-001,true
SYN002993,ANNUAL,2026-09-28,2026-10-11,NOT_DECLINED_ON_COVERAGE,booked leave in HR system,NEEDS_APPROVAL,NOT-001,true
SYN006846,ANNUAL,2026-09-28,2026-11-06,NOT_DECLINED_ON_COVERAGE,booked leave in HR system,NEEDS_APPROVAL,NOT-001,true
SYN007212,ANNUAL,2026-09-28,2026-10-09,NOT_DECLINED_ON_COVERAGE,booked leave in HR system,NEEDS_APPROVAL,NOT-001|COV-002,true
SYN001648,TOIL,2026-09-28,2026-10-10,NOT_DECLINED_ON_COVERAGE,booked leave in HR system,RECOMMEND_APPROVE,"",true
SYN006963,ANNUAL,2026-09-28,2026-10-04,NOT_DECLINED_ON_COVERAGE,booked leave in HR system,NEEDS_APPROVAL,NOT-001,true
SYN004611,TOIL,2026-09-28,2026-10-04,NOT_DECLINED_ON_COVERAGE,booked leave in HR system,DECLINED,BAL-001|COV-003,false
SYN006414,TOIL,2026-09-28,2026-09-28,NOT_DECLINED_ON_COVERAGE,booked leave in HR system,RECOMMEND_APPROVE,"",true
SYN004661,ANNUAL,2026-09-28,2026-10-04,NOT_DECLINED_ON_COVERAGE,booked leave in HR system,NEEDS_APPROVAL,NOT-001,true
SYN002022,ANNUAL,2026-09-28,2026-09-28,NOT_DECLINED_ON_COVERAGE,booked leave in HR system,NEEDS_APPROVAL,NOT-001,true
SYN006416,ANNUAL,2026-09-28,2026-10-04,NOT_DECLINED_ON_COVERAGE,booked leave in HR system,NEEDS_APPROVAL,NOT-001,true
SYN003278,TOIL,2026-09-28,2026-09-30,NOT_DECLINED_ON_COVERAGE,booked leave in HR system,RECOMMEND_APPROVE,"",true
SYN008863,ADO,2026-09-28,2026-09-28,NOT_DECLINED_ON_COVERAGE,booked leave in HR system,RECOMMEND_APPROVE,"",true
SYN008046,PROF_DEV,2026-09-28,2026-10-02,NOT_DECLINED_ON_COVERAGE,booked leave in HR system,DECLINED,BAL-001|NOT-004,true
SYN002903,ANNUAL,2026-09-28,2026-10-02,NOT_DECLINED_ON_COVERAGE,booked leave in HR system,NEEDS_APPROVAL,NOT-001|COV-001,true
SYN005114,ANNUAL,2026-09-28,2026-09-30,NOT_DECLINED_ON_COVERAGE,booked leave in HR system,NEEDS_APPROVAL,NOT-001,true
SYN008737,ANNUAL,2026-09-28,2026-09-30,NOT_DECLINED_ON_COVERAGE,booked leave in HR system,NEEDS_APPROVAL,NOT-001,true
SYN000463,TOIL,2026-09-28,2026-09-28,NOT_DECLINED_ON_COVERAGE,booked leave in HR system,DECLINED,ELG-002|BAL-003,true
SYN003112,ANNUAL,2026-09-28,2026-10-02,NOT_DECLINED_ON_COVERAGE,booked leave in HR system,NEEDS_APPROVAL,NOT-001,true
SYN002597,TOIL,2026-09-28,2026-09-28,NOT_DECLINED_ON_COVERAGE,booked leave in HR system,NEEDS_APPROVAL,BAL-003,true
SYN006703,ANNUAL,2026-09-28,2026-09-29,NOT_DECLINED_ON_COVERAGE,booked leave in HR system,NEEDS_APPROVAL,NOT-001,true
SYN007192,ANNUAL,2026-09-28,2026-09-29,NOT_DECLINED_ON_COVERAGE,booked leave in HR system,NEEDS_APPROVAL,ELG-001|NOT-001,true
SYN006969,ANNUAL,2026-09-28,2026-10-02,NOT_DECLINED_ON_COVERAGE,booked leave in HR system,NEEDS_APPROVAL,NOT-001,true
SYN002819,ANNUAL,2026-09-28,2026-10-04,NOT_DECLINED_ON_COVERAGE,booked leave in HR system,NEEDS_APPROVAL,NOT-001,true
SYN004579,LONG_SERVICE,2026-09-28,2026-10-12,NOT_DECLINED_ON_COVERAGE,booked leave in HR system,DECLINED,ELG-003|BAL-001|NOT-002,true
SYN003090,ANNUAL,2026-09-28,2026-10-25,NOT_DECLINED_ON_COVERAGE,booked leave in HR system,DECLINED,BAL-001|NOT-001,true
SYN004415,ANNUAL,2026-09-28,2026-12-06,NOT_DECLINED_ON_COVERAGE,booked leave in HR system,DECLINED,BAL-001|NOT-001,true
SYN000902,ANNUAL,2026-09-28,2026-10-25,NOT_DECLINED_ON_COVERAGE,booked leave in HR system,NEEDS_APPROVAL,NOT-001,true
SYN006072,TOIL,2026-09-28,2026-10-02,NOT_DECLINED_ON_COVERAGE,booked leave in HR system,RECOMMEND_APPROVE,"",true
SYN005231,ADO,2026-09-28,2026-09-28,NOT_DECLINED_ON_COVERAGE,booked leave in HR system,RECOMMEND_APPROVE,"",true
SYN008603,ANNUAL,2026-09-28,2026-09-28,NOT_DECLINED_ON_COVERAGE,booked leave in HR system,NEEDS_APPROVAL,NOT-001,true
SYN003180,TOIL,2026-09-28,2026-09-28,NOT_DECLINED_ON_COVERAGE,booked leave in HR system,RECOMMEND_APPROVE,"",true
SYN006514,ANNUAL,2026-09-28,2026-09-28,NOT_DECLINED_ON_COVERAGE,booked leave in HR system,NEEDS_APPROVAL,NOT-001,true
SYN002540,ADO,2026-09-28,2026-10-04,NOT_DECLINED_ON_COVERAGE,booked leave in HR system,DECLINED,REQ-004|ELG-002|BAL-001,true
SYN002832,ANNUAL,2026-09-28,2026-10-09,NOT_DECLINED_ON_COVERAGE,booked leave in HR system,NEEDS_APPROVAL,NOT-001|COV-001,true
SYN005712,ANNUAL,2026-09-28,2026-10-04,NOT_DECLINED_ON_COVERAGE,booked leave in HR system,NEEDS_APPROVAL,NOT-001,true
SYN006838,ANNUAL,2026-09-28,2026-09-28,NOT_DECLINED_ON_COVERAGE,booked leave in HR system,NEEDS_APPROVAL,NOT-001,true
SYN009295,ANNUAL,2026-09-28,2026-09-28,NOT_DECLINED_ON_COVERAGE,booked leave in HR system,NEEDS_APPROVAL,NOT-001,true
SYN004570,ANNUAL,2026-09-28,2026-10-11,NOT_DECLINED_ON_COVERAGE,booked leave in HR system,NEEDS_APPROVAL,NOT-001,true
SYN005046,TOIL,2026-09-28,2026-09-28,NOT_DECLINED_ON_COVERAGE,booked leave in HR system,RECOMMEND_APPROVE,"",true
SYN003836,ANNUAL,2026-09-28,2026-10-01,NOT_DECLINED_ON_COVERAGE,booked leave in HR system,NEEDS_APPROVAL,NOT-001,true
SYN000740,PROF_DEV,2026-09-28,2026-09-30,NOT_DECLINED_ON_COVERAGE,booked leave in HR system,DECLINED,BAL-001|NOT-004,true
SYN002100,ANNUAL,2026-09-28,2026-10-11,NOT_DECLINED_ON_COVERAGE,booked leave in HR system,DECLINED,BAL-001|NOT-001|COV-001,false
SYN000512,ANNUAL,2026-09-28,2026-10-04,NOT_DECLINED_ON_COVERAGE,booked leave in HR system,NEEDS_APPROVAL,NOT-001|COV-002,true
SYN001718,ANNUAL,2026-09-28,2026-10-02,NOT_DECLINED_ON_COVERAGE,booked leave in HR system,NEEDS_APPROVAL,NOT-001,true
SYN007818,ANNUAL,2026-09-28,2026-10-25,NOT_DECLINED_ON_COVERAGE,booked leave in HR system,NEEDS_APPROVAL,NOT-001,true
SYN009156,ANNUAL,2026-09-28,2026-10-11,NOT_DECLINED_ON_COVERAGE,booked leave in HR system,NEEDS_APPROVAL,NOT-001,true
SYN007072,ANNUAL,2026-09-28,2026-10-16,NOT_DECLINED_ON_COVERAGE,booked leave in HR system,NEEDS_APPROVAL,NOT-001,true
SYN006743,ANNUAL,2026-09-28,2026-10-04,NOT_DECLINED_ON_COVERAGE,booked leave in HR system,NEEDS_APPROVAL,NOT-001,true
SYN002458,ANNUAL,2026-09-28,2026-09-29,NOT_DECLINED_ON_COVERAGE,booked leave in HR system,NEEDS_APPROVAL,NOT-001,true
SYN004665,ANNUAL,2026-09-28,2026-10-25,NOT_DECLINED_ON_COVERAGE,booked leave in HR system,DECLINED,BAL-001|NOT-001,true
SYN006350,ANNUAL,2026-09-28,2026-10-11,NOT_DECLINED_ON_COVERAGE,booked leave in HR system,NEEDS_APPROVAL,NOT-001,true
SYN008830,ANNUAL,2026-09-28,2026-10-11,NOT_DECLINED_ON_COVERAGE,booked leave in HR system,DECLINED,ELG-001|BAL-001|NOT-001,true
SYN005904,ANNUAL,2026-09-28,2026-10-12,NOT_DECLINED_ON_COVERAGE,booked leave in HR system,DECLINED,NOT-001|COV-001,false
SYN005073,PROF_DEV,2026-09-28,2026-10-10,NOT_DECLINED_ON_COVERAGE,booked leave in HR system,DECLINED,BAL-001|NOT-004|COV-001|COV-003,false
SYN008089,ANNUAL,2026-09-28,2026-10-11,NOT_DECLINED_ON_COVERAGE,booked leave in HR system,DECLINED,BAL-001|NOT-001,true
SYN008575,ANNUAL,2026-09-28,2026-10-11,NOT_DECLINED_ON_COVERAGE,booked leave in HR system,NEEDS_APPROVAL,NOT-001,true
SYN000663,ANNUAL,2026-09-28,2026-10-13,NOT_DECLINED_ON_COVERAGE,booked leave in HR system,NEEDS_APPROVAL,NOT-001,true
SYN005244,ANNUAL,2026-09-28,2026-10-11,NOT_DECLINED_ON_COVERAGE,booked leave in HR system,NEEDS_APPROVAL,NOT-001|COV-002,true
SYN001436,ANNUAL,2026-09-28,2026-10-04,NOT_DECLINED_ON_COVERAGE,booked leave in HR system,NEEDS_APPROVAL,NOT-001,true
SYN004870,LONG_SERVICE,2026-09-28,2026-09-28,NOT_DECLINED_ON_COVERAGE,booked leave in HR system,DECLINED,ELG-003|NOT-002,true
SYN009098,ANNUAL,2026-09-28,2026-10-09,NOT_DECLINED_ON_COVERAGE,booked leave in HR system,DECLINED,BAL-001|NOT-001,true
SYN006371,ANNUAL,2026-09-28,2026-10-02,NOT_DECLINED_ON_COVERAGE,booked leave in HR system,DECLINED,BAL-001|NOT-001,true
SYN005835,TOIL,2026-09-28,2026-09-28,NOT_DECLINED_ON_COVERAGE,booked leave in HR system,RECOMMEND_APPROVE,"",true
SYN007019,ANNUAL,2026-09-28,2026-11-15,NOT_DECLINED_ON_COVERAGE,booked leave in HR system,DECLINED,BAL-001|NOT-001,true
SYN000181,ANNUAL,2026-09-28,2026-10-04,NOT_DECLINED_ON_COVERAGE,booked leave in HR system,NEEDS_APPROVAL,NOT-001,true
SYN009004,ANNUAL,2026-09-28,2026-10-04,NOT_DECLINED_ON_COVERAGE,booked leave in HR system,NEEDS_APPROVAL,NOT-001,true
SYN007541,ANNUAL,2026-09-28,2026-09-28,NOT_DECLINED_ON_COVERAGE,booked leave in HR system,NEEDS_APPROVAL,NOT-001|COV-002,true
SYN002686,TOIL,2026-09-28,2026-09-28,NOT_DECLINED_ON_COVERAGE,booked leave in HR system,NEEDS_APPROVAL,BAL-003,true
SYN005097,ANNUAL,2026-09-28,2026-10-11,NOT_DECLINED_ON_COVERAGE,booked leave in HR system,NEEDS_APPROVAL,NOT-001,true
SYN008100,ANNUAL,2026-09-28,2026-10-11,NOT_DECLINED_ON_COVERAGE,booked leave in HR system,NEEDS_APPROVAL,NOT-001,true
SYN004616,TOIL,2026-09-28,2026-09-28,NOT_DECLINED_ON_COVERAGE,booked leave in HR system,NEEDS_APPROVAL,BAL-003,true
SYN006930,ANNUAL,2026-09-28,2026-12-20,NOT_DECLINED_ON_COVERAGE,booked leave in HR system,DECLINED,BAL-001|NOT-001,true
SYN005213,TOIL,2026-09-28,2026-09-28,NOT_DECLINED_ON_COVERAGE,booked leave in HR system,RECOMMEND_APPROVE,"",true
SYN007082,LONG_SERVICE,2026-09-28,2026-10-04,NOT_DECLINED_ON_COVERAGE,booked leave in HR system,DECLINED,ELG-003|BAL-001|NOT-002,true
SYN002036,ANNUAL,2026-09-28,2026-10-02,NOT_DECLINED_ON_COVERAGE,booked leave in HR system,NEEDS_APPROVAL,NOT-001,true
SYN009155,LONG_SERVICE,2026-09-28,2026-09-28,NOT_DECLINED_ON_COVERAGE,booked leave in HR system,NEEDS_APPROVAL,NOT-002,true
SYN003780,ANNUAL,2026-09-28,2026-10-01,NOT_DECLINED_ON_COVERAGE,booked leave in HR system,NEEDS_APPROVAL,NOT-001,true
SYN007062,ANNUAL,2026-09-28,2026-10-04,NOT_DECLINED_ON_COVERAGE,booked leave in HR system,NEEDS_APPROVAL,NOT-001,true
SYN003508,ANNUAL,2026-09-28,2026-10-01,NOT_DECLINED_ON_COVERAGE,booked leave in HR system,NEEDS_APPROVAL,NOT-001,true
SYN006767,ANNUAL,2026-09-28,2026-10-19,NOT_DECLINED_ON_COVERAGE,booked leave in HR system,NEEDS_APPROVAL,NOT-001|COV-002,true
SYN005693,TOIL,2026-09-28,2026-10-12,NOT_DECLINED_ON_COVERAGE,booked leave in HR system,DECLINED,BAL-001,true
SYN009265,TOIL,2026-09-28,2026-10-04,NOT_DECLINED_ON_COVERAGE,booked leave in HR system,RECOMMEND_APPROVE,"",true
SYN006320,ANNUAL,2026-09-28,2026-10-01,NOT_DECLINED_ON_COVERAGE,booked leave in HR system,NEEDS_APPROVAL,NOT-001,true
SYN007480,ANNUAL,2026-09-28,2026-10-01,NOT_DECLINED_ON_COVERAGE,booked leave in HR system,NEEDS_APPROVAL,NOT-001|COV-002,true
SYN006702,ANNUAL,2026-09-28,2026-10-16,NOT_DECLINED_ON_COVERAGE,booked leave in HR system,NEEDS_APPROVAL,NOT-001,true
SYN006150,TOIL,2026-09-28,2026-11-16,NOT_DECLINED_ON_COVERAGE,booked leave in HR system,DECLINED,BAL-001,true
SYN006843,ANNUAL,2026-09-28,2026-09-29,NOT_DECLINED_ON_COVERAGE,booked leave in HR system,NEEDS_APPROVAL,NOT-001,true
SYN008098,ANNUAL,2026-09-28,2026-10-11,NOT_DECLINED_ON_COVERAGE,booked leave in HR system,DECLINED,BAL-001|NOT-001,true
SYN001168,ANNUAL,2026-09-28,2026-10-18,NOT_DECLINED_ON_COVERAGE,booked leave in HR system,NEEDS_APPROVAL,NOT-001,true
SYN006627,TOIL,2026-09-28,2026-09-28,NOT_DECLINED_ON_COVERAGE,booked leave in HR system,NEEDS_APPROVAL,BAL-003,true
SYN000313,TOIL,2026-09-28,2026-09-28,NOT_DECLINED_ON_COVERAGE,booked leave in HR system,NEEDS_APPROVAL,BAL-003,true
SYN008558,ANNUAL,2026-09-28,2026-10-04,NOT_DECLINED_ON_COVERAGE,booked leave in HR system,NEEDS_APPROVAL,NOT-001,true
SYN009482,PROF_DEV,2026-09-28,2026-09-29,NOT_DECLINED_ON_COVERAGE,booked leave in HR system,NEEDS_APPROVAL,NOT-004,true
SYN000576,ANNUAL,2026-09-28,2026-10-02,NOT_DECLINED_ON_COVERAGE,booked leave in HR system,NEEDS_APPROVAL,NOT-001,true
SYN008295,LONG_SERVICE,2026-09-28,2026-10-02,NOT_DECLINED_ON_COVERAGE,booked leave in HR system,NEEDS_APPROVAL,ELG-001|NOT-002,true
SYN005656,ANNUAL,2026-09-28,2026-10-11,NOT_DECLINED_ON_COVERAGE,booked leave in HR system,NEEDS_APPROVAL,NOT-001,true
SYN004179,ANNUAL,2026-09-28,2026-10-04,NOT_DECLINED_ON_COVERAGE,booked leave in HR system,NEEDS_APPROVAL,NOT-001,true
SYN001898,PROF_DEV,2026-09-28,2026-10-04,NOT_DECLINED_ON_COVERAGE,booked leave in HR system,NEEDS_APPROVAL,NOT-004,true
SYN005300,ANNUAL,2026-09-28,2026-10-14,NOT_DECLINED_ON_COVERAGE,booked leave in HR system,NEEDS_APPROVAL,NOT-001,true
SYN007359,ANNUAL,2026-09-28,2026-10-01,NOT_DECLINED_ON_COVERAGE,booked leave in HR system,NEEDS_APPROVAL,ELG-001|NOT-001|COV-002,true
SYN003170,ANNUAL,2026-09-28,2026-10-25,NOT_DECLINED_ON_COVERAGE,booked leave in HR system,NEEDS_APPROVAL,NOT-001,true
SYN007545,ANNUAL,2026-09-28,2026-10-11,NOT_DECLINED_ON_COVERAGE,booked leave in HR system,DECLINED,BAL-001|NOT-001,true
SYN004678,ANNUAL,2026-09-28,2026-10-12,NOT_DECLINED_ON_COVERAGE,booked leave in HR system,DECLINED,NOT-001|COV-001,false
SYN009382,ANNUAL,2026-09-28,2026-10-04,NOT_DECLINED_ON_COVERAGE,booked leave in HR system,NEEDS_APPROVAL,NOT-001,true
SYN007544,ANNUAL,2026-09-28,2026-10-11,NOT_DECLINED_ON_COVERAGE,booked leave in HR system,NEEDS_APPROVAL,NOT-001,true
SYN006773,TOIL,2026-09-28,2026-10-04,NOT_DECLINED_ON_COVERAGE,booked leave in HR system,RECOMMEND_APPROVE,"",true
SYN000539,LONG_SERVICE,2026-09-28,2026-11-13,NOT_DECLINED_ON_COVERAGE,booked leave in HR system,DECLINED,ELG-003|BAL-001|NOT-002|COV-001,false
SYN002181,TOIL,2026-09-28,2026-09-28,NOT_DECLINED_ON_COVERAGE,booked leave in HR system,RECOMMEND_APPROVE,"",true
SYN005888,ANNUAL,2026-09-28,2026-09-28,NOT_DECLINED_ON_COVERAGE,booked leave in HR system,NEEDS_APPROVAL,NOT-001,true
SYN009194,ANNUAL,2026-09-28,2026-10-03,NOT_DECLINED_ON_COVERAGE,booked leave in HR system,NEEDS_APPROVAL,NOT-001,true
SYN001412,ANNUAL,2026-09-28,2026-10-05,NOT_DECLINED_ON_COVERAGE,booked leave in HR system,NEEDS_APPROVAL,NOT-001,true
SYN009272,TOIL,2026-09-28,2026-09-28,NOT_DECLINED_ON_COVERAGE,booked leave in HR system,NEEDS_APPROVAL,BAL-003,true
SYN003957,ANNUAL,2026-09-28,2026-09-28,NOT_DECLINED_ON_COVERAGE,booked leave in HR system,NEEDS_APPROVAL,NOT-001,true
SYN003401,ANNUAL,2026-09-28,2026-10-02,NOT_DECLINED_ON_COVERAGE,booked leave in HR system,NEEDS_APPROVAL,NOT-001,true
SYN006692,TOIL,2026-09-28,2026-10-25,NOT_DECLINED_ON_COVERAGE,booked leave in HR system,DECLINED,BAL-001,true
SYN004672,LONG_SERVICE,2026-09-28,2026-09-28,NOT_DECLINED_ON_COVERAGE,booked leave in HR system,DECLINED,ELG-003|NOT-002,true
SYN006956,ANNUAL,2026-09-28,2026-10-06,NOT_DECLINED_ON_COVERAGE,booked leave in HR system,NEEDS_APPROVAL,NOT-001,true
SYN001599,TOIL,2026-09-28,2026-10-18,NOT_DECLINED_ON_COVERAGE,booked leave in HR system,NEEDS_APPROVAL,COV-002,true
SYN003319,ANNUAL,2026-09-28,2026-11-01,NOT_DECLINED_ON_COVERAGE,booked leave in HR system,DECLINED,BAL-001|NOT-001,true
SYN003404,ADO,2026-09-28,2026-10-11,NOT_DECLINED_ON_COVERAGE,booked leave in HR system,DECLINED,REQ-004|BAL-001,true
SYN005684,ANNUAL,2026-09-28,2026-10-11,NOT_DECLINED_ON_COVERAGE,booked leave in HR system,NEEDS_APPROVAL,NOT-001,true
SYN008795,PROF_DEV,2026-09-28,2026-10-04,NOT_DECLINED_ON_COVERAGE,booked leave in HR system,NEEDS_APPROVAL,BAL-003|NOT-004,true
SYN007528,ANNUAL,2026-09-28,2026-10-02,NOT_DECLINED_ON_COVERAGE,booked leave in HR system,NEEDS_APPROVAL,NOT-001,true
SYN007291,LONG_SERVICE,2026-09-28,2026-10-07,NOT_DECLINED_ON_COVERAGE,booked leave in HR system,DECLINED,ELG-001|ELG-003|BAL-001|NOT-002,true
SYN001245,PROF_DEV,2026-09-28,2026-10-02,NOT_DECLINED_ON_COVERAGE,booked leave in HR system,NEEDS_APPROVAL,NOT-004,true
SYN008310,TOIL,2026-09-28,2026-09-29,NOT_DECLINED_ON_COVERAGE,booked leave in HR system,RECOMMEND_APPROVE,"",true
SYN008862,ANNUAL,2026-09-28,2026-10-25,NOT_DECLINED_ON_COVERAGE,booked leave in HR system,DECLINED,ELG-001|BAL-001|NOT-001,true
SYN003446,ANNUAL,2026-09-28,2026-10-04,NOT_DECLINED_ON_COVERAGE,booked leave in HR system,NEEDS_APPROVAL,NOT-001,true
SYN001420,LONG_SERVICE,2026-09-28,2026-10-18,NOT_DECLINED_ON_COVERAGE,booked leave in HR system,DECLINED,BAL-001|NOT-002,true
SYN000960,TOIL,2026-09-28,2026-09-28,NOT_DECLINED_ON_COVERAGE,booked leave in HR system,DECLINED,ELG-002|BAL-003,true
SYN007002,ANNUAL,2026-09-28,2026-10-18,NOT_DECLINED_ON_COVERAGE,booked leave in HR system,NEEDS_APPROVAL,NOT-001,true
SYN001159,ANNUAL,2026-09-28,2026-10-11,NOT_DECLINED_ON_COVERAGE,booked leave in HR system,NEEDS_APPROVAL,NOT-001|COV-002,true
SYN006002,ANNUAL,2026-09-28,2026-10-16,NOT_DECLINED_ON_COVERAGE,booked leave in HR system,DECLINED,BAL-001|NOT-001,true
SYN003672,ANNUAL,2026-09-28,2026-10-04,NOT_DECLINED_ON_COVERAGE,booked leave in HR system,NEEDS_APPROVAL,NOT-001|COV-003,true
SYN002943,ANNUAL,2026-09-28,2026-10-04,NOT_DECLINED_ON_COVERAGE,booked leave in HR system,NEEDS_APPROVAL,NOT-001,true
SYN000747,LONG_SERVICE,2026-09-28,2026-10-04,NOT_DECLINED_ON_COVERAGE,booked leave in HR system,DECLINED,ELG-003|BAL-001|NOT-002,true
SYN005401,ANNUAL,2026-09-28,2026-10-04,NOT_DECLINED_ON_COVERAGE,booked leave in HR system,NEEDS_APPROVAL,NOT-001,true
SYN002874,TOIL,2026-09-28,2026-09-28,NOT_DECLINED_ON_COVERAGE,booked leave in HR system,NEEDS_APPROVAL,BAL-003,true
SYN006945,PROF_DEV,2026-09-28,2026-10-01,NOT_DECLINED_ON_COVERAGE,booked leave in HR system,NEEDS_APPROVAL,NOT-004,true
SYN001625,ANNUAL,2026-09-28,2026-10-11,NOT_DECLINED_ON_COVERAGE,booked leave in HR system,NEEDS_APPROVAL,BAL-003|NOT-001,true
SYN002964,ANNUAL,2026-09-28,2026-10-11,NOT_DECLINED_ON_COVERAGE,booked leave in HR system,NEEDS_APPROVAL,BAL-003|NOT-001,true
SYN003340,ANNUAL,2026-09-28,2026-10-11,NOT_DECLINED_ON_COVERAGE,booked leave in HR system,NEEDS_APPROVAL,NOT-001,true
SYN000895,TOIL,2026-09-28,2026-09-28,NOT_DECLINED_ON_COVERAGE,booked leave in HR system,NEEDS_APPROVAL,BAL-003,true
SYN006528,TOIL,2026-09-28,2026-09-28,NOT_DECLINED_ON_COVERAGE,booked leave in HR system,RECOMMEND_APPROVE,"",true
SYN004327,ANNUAL,2026-09-28,2026-10-19,NOT_DECLINED_ON_COVERAGE,booked leave in HR system,DECLINED,BAL-001|NOT-001,true
SYN004483,LONG_SERVICE,2026-09-28,2026-09-30,NOT_DECLINED_ON_COVERAGE,booked leave in HR system,NEEDS_APPROVAL,NOT-002,true
SYN006268,LONG_SERVICE,2026-09-28,2026-09-29,NOT_DECLINED_ON_COVERAGE,booked leave in HR system,DECLINED,ELG-003|BAL-001|NOT-002,true
SYN000982,ANNUAL,2026-09-28,2026-10-04,NOT_DECLINED_ON_COVERAGE,booked leave in HR system,NEEDS_APPROVAL,NOT-001,true
SYN004524,ANNUAL,2026-09-28,2026-10-04,NOT_DECLINED_ON_COVERAGE,booked leave in HR system,NEEDS_APPROVAL,NOT-001,true
SYN002009,ANNUAL,2026-09-28,2026-10-01,NOT_DECLINED_ON_COVERAGE,booked leave in HR system,NEEDS_APPROVAL,NOT-001,true
SYN004215,ANNUAL,2026-09-28,2026-10-25,NOT_DECLINED_ON_COVERAGE,booked leave in HR system,NEEDS_APPROVAL,NOT-001,true
SYN001785,ANNUAL,2026-09-28,2026-09-30,NOT_DECLINED_ON_COVERAGE,booked leave in HR system,NEEDS_APPROVAL,NOT-001,true
SYN008594,ANNUAL,2026-09-28,2026-10-09,NOT_DECLINED_ON_COVERAGE,booked leave in HR system,NEEDS_APPROVAL,NOT-001,true
SYN003010,TOIL,2026-09-28,2026-10-09,NOT_DECLINED_ON_COVERAGE,booked leave in HR system,RECOMMEND_APPROVE,"",true
SYN006884,TOIL,2026-09-28,2026-09-30,NOT_DECLINED_ON_COVERAGE,booked leave in HR system,RECOMMEND_APPROVE,"",true
SYN008689,ANNUAL,2026-09-28,2026-10-10,NOT_DECLINED_ON_COVERAGE,booked leave in HR system,NEEDS_APPROVAL,ELG-001|NOT-001,true
SYN006310,TOIL,2026-09-28,2026-09-28,NOT_DECLINED_ON_COVERAGE,booked leave in HR system,DECLINED,ELG-002|BAL-003,true
SYN005995,ANNUAL,2026-09-28,2026-10-11,NOT_DECLINED_ON_COVERAGE,booked leave in HR system,DECLINED,BAL-001|NOT-001,true
SYN000496,ANNUAL,2026-09-28,2026-09-28,NOT_DECLINED_ON_COVERAGE,booked leave in HR system,NEEDS_APPROVAL,NOT-001,true
SYN001193,TOIL,2026-09-28,2026-09-28,NOT_DECLINED_ON_COVERAGE,booked leave in HR system,RECOMMEND_APPROVE,"",true
SYN001980,ANNUAL,2026-09-28,2026-10-18,NOT_DECLINED_ON_COVERAGE,booked leave in HR system,NEEDS_APPROVAL,NOT-001,true
SYN001793,ANNUAL,2026-09-28,2026-10-11,NOT_DECLINED_ON_COVERAGE,booked leave in HR system,NEEDS_APPROVAL,NOT-001,true
SYN000470,ANNUAL,2026-09-28,2026-11-08,NOT_DECLINED_ON_COVERAGE,booked leave in HR system,NEEDS_APPROVAL,NOT-001,true
SYN008174,LONG_SERVICE,2026-09-28,2026-10-04,NOT_DECLINED_ON_COVERAGE,booked leave in HR system,DECLINED,ELG-003|BAL-001|NOT-002,true
SYN006658,TOIL,2026-09-28,2026-10-04,NOT_DECLINED_ON_COVERAGE,booked leave in HR system,RECOMMEND_APPROVE,"",true
SYN001466,ANNUAL,2026-09-28,2026-10-11,NOT_DECLINED_ON_COVERAGE,booked leave in HR system,NEEDS_APPROVAL,NOT-001,true
SYN008547,ANNUAL,2026-09-28,2026-10-04,NOT_DECLINED_ON_COVERAGE,booked leave in HR system,NEEDS_APPROVAL,NOT-001,true
SYN001283,ANNUAL,2026-09-28,2026-10-11,NOT_DECLINED_ON_COVERAGE,booked leave in HR system,NEEDS_APPROVAL,NOT-001,true
SYN005896,ADO,2026-09-28,2026-09-29,NOT_DECLINED_ON_COVERAGE,booked leave in HR system,RECOMMEND_APPROVE,"",true
SYN008403,ANNUAL,2026-09-28,2026-10-18,NOT_DECLINED_ON_COVERAGE,booked leave in HR system,NEEDS_APPROVAL,NOT-001,true
SYN006516,TOIL,2026-09-28,2026-09-28,NOT_DECLINED_ON_COVERAGE,booked leave in HR system,NEEDS_APPROVAL,BAL-003,true
SYN003862,ANNUAL,2026-09-28,2026-09-29,NOT_DECLINED_ON_COVERAGE,booked leave in HR system,NEEDS_APPROVAL,NOT-001,true
SYN006045,LONG_SERVICE,2026-09-28,2026-10-04,NOT_DECLINED_ON_COVERAGE,booked leave in HR system,DECLINED,ELG-003|BAL-001|NOT-002,true
SYN008937,ANNUAL,2026-09-28,2026-10-02,NOT_DECLINED_ON_COVERAGE,booked leave in HR system,DECLINED,BAL-001|NOT-001,true
SYN007166,TOIL,2026-09-28,2026-09-28,NOT_DECLINED_ON_COVERAGE,booked leave in HR system,NEEDS_APPROVAL,BAL-003,true
SYN008709,ANNUAL,2026-09-28,2026-10-05,NOT_DECLINED_ON_COVERAGE,booked leave in HR system,NEEDS_APPROVAL,NOT-001,true
SYN005932,ANNUAL,2026-09-28,2026-10-04,NOT_DECLINED_ON_COVERAGE,booked leave in HR system,DECLINED,BAL-001|NOT-001,true
SYN004978,LONG_SERVICE,2026-09-28,2026-10-18,NOT_DECLINED_ON_COVERAGE,booked leave in HR system,NEEDS_APPROVAL,NOT-002,true
SYN002438,ANNUAL,2026-09-28,2026-11-15,NOT_DECLINED_ON_COVERAGE,booked leave in HR system,DECLINED,BAL-001|NOT-001,true
SYN008908,ANNUAL,2026-09-28,2026-10-04,NOT_DECLINED_ON_COVERAGE,booked leave in HR system,NEEDS_APPROVAL,NOT-001,true
SYN005873,TOIL,2026-09-28,2026-10-18,NOT_DECLINED_ON_COVERAGE,booked leave in HR system,DECLINED,BAL-001,true
SYN009008,ANNUAL,2026-09-28,2026-10-02,NOT_DECLINED_ON_COVERAGE,booked leave in HR system,NEEDS_APPROVAL,NOT-001,true
SYN007383,ANNUAL,2026-09-28,2026-10-11,NOT_DECLINED_ON_COVERAGE,booked leave in HR system,NEEDS_APPROVAL,NOT-001,true
SYN008489,ANNUAL,2026-09-28,2026-10-04,NOT_DECLINED_ON_COVERAGE,booked leave in HR system,NEEDS_APPROVAL,NOT-001,true
SYN003651,LONG_SERVICE,2026-09-28,2026-10-02,NOT_DECLINED_ON_COVERAGE,booked leave in HR system,DECLINED,BAL-001|NOT-002|COV-001,false
SYN001435,ANNUAL,2026-09-28,2026-10-11,NOT_DECLINED_ON_COVERAGE,booked leave in HR system,NEEDS_APPROVAL,NOT-001|COV-002,true
SYN000792,ANNUAL,2026-09-28,2026-10-18,NOT_DECLINED_ON_COVERAGE,booked leave in HR system,NEEDS_APPROVAL,NOT-001,true
SYN008600,ANNUAL,2026-09-28,2026-09-29,NOT_DECLINED_ON_COVERAGE,booked leave in HR system,NEEDS_APPROVAL,NOT-001,true
SYN008966,ANNUAL,2026-09-28,2026-09-30,NOT_DECLINED_ON_COVERAGE,booked leave in HR system,NEEDS_APPROVAL,NOT-001,true
SYN006337,LONG_SERVICE,2026-09-28,2026-09-30,NOT_DECLINED_ON_COVERAGE,booked leave in HR system,NEEDS_APPROVAL,NOT-002,true
SYN000442,ANNUAL,2026-09-28,2026-10-02,NOT_DECLINED_ON_COVERAGE,booked leave in HR system,NEEDS_APPROVAL,NOT-001,true
SYN007867,ANNUAL,2026-09-28,2026-10-04,NOT_DECLINED_ON_COVERAGE,booked leave in HR system,NEEDS_APPROVAL,NOT-001,true
SYN006746,ANNUAL,2026-09-28,2026-09-30,NOT_DECLINED_ON_COVERAGE,booked leave in HR system,NEEDS_APPROVAL,NOT-001,true
SYN009118,ANNUAL,2026-09-28,2026-10-04,NOT_DECLINED_ON_COVERAGE,booked leave in HR system,DECLINED,ELG-001|BAL-001|NOT-001,true
SYN000346,ANNUAL,2026-09-28,2026-10-11,NOT_DECLINED_ON_COVERAGE,booked leave in HR system,NEEDS_APPROVAL,NOT-001,true
SYN002370,ANNUAL,2026-09-28,2026-10-04,NOT_DECLINED_ON_COVERAGE,booked leave in HR system,NEEDS_APPROVAL,NOT-001,true
SYN003171,ANNUAL,2026-09-28,2026-10-11,NOT_DECLINED_ON_COVERAGE,booked leave in HR system,NEEDS_APPROVAL,NOT-001,true
SYN004507,ANNUAL,2026-09-28,2026-10-11,NOT_DECLINED_ON_COVERAGE,booked leave in HR system,NEEDS_APPROVAL,NOT-001,true
SYN003285,TOIL,2026-09-28,2026-09-28,NOT_DECLINED_ON_COVERAGE,booked leave in HR system,RECOMMEND_APPROVE,"",true
SYN007094,ANNUAL,2026-09-28,2026-10-04,NOT_DECLINED_ON_COVERAGE,booked leave in HR system,NEEDS_APPROVAL,NOT-001,true
SYN006246,TOIL,2026-09-28,2026-09-28,NOT_DECLINED_ON_COVERAGE,booked leave in HR system,NEEDS_APPROVAL,BAL-003,true
SYN005479,ANNUAL,2026-09-28,2026-10-18,NOT_DECLINED_ON_COVERAGE,booked leave in HR system,NEEDS_APPROVAL,NOT-001,true
SYN003086,TOIL,2026-09-28,2026-09-29,NOT_DECLINED_ON_COVERAGE,booked leave in HR system,RECOMMEND_APPROVE,"",true
SYN006396,ANNUAL,2026-09-28,2026-10-04,NOT_DECLINED_ON_COVERAGE,booked leave in HR system,NEEDS_APPROVAL,NOT-001|COV-002,true
SYN001505,ANNUAL,2026-09-28,2026-10-04,NOT_DECLINED_ON_COVERAGE,booked leave in HR system,DECLINED,BAL-001|NOT-001,true
SYN007241,ANNUAL,2026-09-28,2026-10-02,NOT_DECLINED_ON_COVERAGE,booked leave in HR system,NEEDS_APPROVAL,NOT-001,true
SYN006281,ANNUAL,2026-09-28,2026-09-28,NOT_DECLINED_ON_COVERAGE,booked leave in HR system,NEEDS_APPROVAL,NOT-001,true
SYN007936,ANNUAL,2026-09-28,2026-10-01,NOT_DECLINED_ON_COVERAGE,booked leave in HR system,NEEDS_APPROVAL,NOT-001,true
SYN003013,PROF_DEV,2026-09-28,2026-10-03,NOT_DECLINED_ON_COVERAGE,booked leave in HR system,DECLINED,BAL-001|NOT-004|COV-005,false
SYN006262,LONG_SERVICE,2026-09-28,2026-10-11,NOT_DECLINED_ON_COVERAGE,booked leave in HR system,NEEDS_APPROVAL,NOT-002,true
SYN007156,PROF_DEV,2026-09-28,2026-10-02,NOT_DECLINED_ON_COVERAGE,booked leave in HR system,NEEDS_APPROVAL,NOT-004,true
SYN001783,ANNUAL,2026-09-28,2026-10-11,NOT_DECLINED_ON_COVERAGE,booked leave in HR system,DECLINED,BAL-001|NOT-001|COV-001,false
SYN005365,ANNUAL,2026-09-29,2026-10-04,NOT_DECLINED_ON_COVERAGE,booked leave in HR system,NEEDS_APPROVAL,NOT-001,true
SYN003459,ADO,2026-09-29,2026-10-02,NOT_DECLINED_ON_COVERAGE,booked leave in HR system,DECLINED,REQ-004|BAL-001,true
SYN004616,ANNUAL,2026-09-29,2026-10-11,NOT_DECLINED_ON_COVERAGE,booked leave in HR system,DECLINED,BAL-001|NOT-001,true
SYN006891,ANNUAL,2026-09-29,2026-10-11,NOT_DECLINED_ON_COVERAGE,booked leave in HR system,NEEDS_APPROVAL,NOT-001|COV-002,true
SYN005835,ANNUAL,2026-09-29,2026-10-01,NOT_DECLINED_ON_COVERAGE,booked leave in HR system,DECLINED,BAL-001|NOT-001,true
SYN003699,PROF_DEV,2026-09-29,2026-10-03,NOT_DECLINED_ON_COVERAGE,booked leave in HR system,NEEDS_APPROVAL,BAL-003|NOT-004,true
SYN005646,ANNUAL,2026-09-29,2026-10-02,NOT_DECLINED_ON_COVERAGE,booked leave in HR system,NEEDS_APPROVAL,NOT-001,true
SYN005213,ANNUAL,2026-09-29,2026-09-29,NOT_DECLINED_ON_COVERAGE,booked leave in HR system,NEEDS_APPROVAL,NOT-001,true
SYN002692,ANNUAL,2026-09-29,2026-10-09,NOT_DECLINED_ON_COVERAGE,booked leave in HR system,NEEDS_APPROVAL,NOT-001,true
SYN001032,ANNUAL,2026-09-29,2026-09-29,NOT_DECLINED_ON_COVERAGE,booked leave in HR system,NEEDS_APPROVAL,NOT-001,true
SYN001905,ANNUAL,2026-09-29,2026-10-02,NOT_DECLINED_ON_COVERAGE,booked leave in HR system,NEEDS_APPROVAL,NOT-001,true
SYN008200,ANNUAL,2026-09-29,2026-10-02,NOT_DECLINED_ON_COVERAGE,booked leave in HR system,NEEDS_APPROVAL,NOT-001,true
SYN006516,ANNUAL,2026-09-29,2026-10-11,NOT_DECLINED_ON_COVERAGE,booked leave in HR system,NEEDS_APPROVAL,NOT-001,true
SYN008270,TOIL,2026-09-29,2026-09-29,NOT_DECLINED_ON_COVERAGE,booked leave in HR system,RECOMMEND_APPROVE,"",true
SYN004850,ANNUAL,2026-09-29,2026-09-29,NOT_DECLINED_ON_COVERAGE,booked leave in HR system,NEEDS_APPROVAL,NOT-001,true
SYN003180,LONG_SERVICE,2026-09-29,2026-10-04,NOT_DECLINED_ON_COVERAGE,booked leave in HR system,DECLINED,BAL-001|NOT-002,true
SYN000463,LONG_SERVICE,2026-09-29,2026-11-15,NOT_DECLINED_ON_COVERAGE,booked leave in HR system,DECLINED,ELG-003|BAL-001|NOT-002,true
SYN008003,ANNUAL,2026-09-29,2026-10-26,NOT_DECLINED_ON_COVERAGE,booked leave in HR system,NEEDS_APPROVAL,NOT-001,true
SYN006414,ANNUAL,2026-09-29,2026-10-04,NOT_DECLINED_ON_COVERAGE,booked leave in HR system,NEEDS_APPROVAL,NOT-001,true
SYN001039,LONG_SERVICE,2026-09-29,2026-10-23,NOT_DECLINED_ON_COVERAGE,booked leave in HR system,DECLINED,ELG-003|BAL-001|NOT-002,true
SYN006738,ANNUAL,2026-09-29,2026-09-29,NOT_DECLINED_ON_COVERAGE,booked leave in HR system,NEEDS_APPROVAL,NOT-001|COV-002,true
SYN001727,ANNUAL,2026-09-29,2026-10-13,NOT_DECLINED_ON_COVERAGE,booked leave in HR system,DECLINED,BAL-001|NOT-001|COV-002,false
SYN000980,ANNUAL,2026-09-29,2026-09-29,NOT_DECLINED_ON_COVERAGE,booked leave in HR system,NEEDS_APPROVAL,NOT-001,true
SYN001816,ANNUAL,2026-09-29,2026-10-01,NOT_DECLINED_ON_COVERAGE,booked leave in HR system,NEEDS_APPROVAL,NOT-001,true
SYN008410,PROF_DEV,2026-09-29,2026-09-29,NOT_DECLINED_ON_COVERAGE,booked leave in HR system,NEEDS_APPROVAL,BAL-003|NOT-004,true
SYN007462,ANNUAL,2026-09-29,2026-09-30,NOT_DECLINED_ON_COVERAGE,booked leave in HR system,NEEDS_APPROVAL,NOT-001,true
SYN007654,ANNUAL,2026-09-29,2026-10-04,NOT_DECLINED_ON_COVERAGE,booked leave in HR system,NEEDS_APPROVAL,NOT-001,true
SYN000787,ANNUAL,2026-09-29,2026-10-11,NOT_DECLINED_ON_COVERAGE,booked leave in HR system,NEEDS_APPROVAL,NOT-001,true
SYN006498,ANNUAL,2026-09-29,2026-10-02,NOT_DECLINED_ON_COVERAGE,booked leave in HR system,NEEDS_APPROVAL,NOT-001,true
SYN009205,PROF_DEV,2026-09-29,2026-10-02,NOT_DECLINED_ON_COVERAGE,booked leave in HR system,NEEDS_APPROVAL,NOT-004,true
SYN002167,ANNUAL,2026-09-29,2026-10-02,NOT_DECLINED_ON_COVERAGE,booked leave in HR system,DECLINED,BAL-001|NOT-001,true
SYN008727,ANNUAL,2026-09-29,2026-10-01,NOT_DECLINED_ON_COVERAGE,booked leave in HR system,NEEDS_APPROVAL,NOT-001,true
SYN000895,ANNUAL,2026-09-29,2026-10-04,NOT_DECLINED_ON_COVERAGE,booked leave in HR system,NEEDS_APPROVAL,NOT-001,true
SYN006246,ANNUAL,2026-09-29,2026-10-09,NOT_DECLINED_ON_COVERAGE,booked leave in HR system,DECLINED,BAL-001|NOT-001,true
SYN001193,PROF_DEV,2026-09-29,2026-10-03,NOT_DECLINED_ON_COVERAGE,booked leave in HR system,NEEDS_APPROVAL,NOT-004,true
SYN000251,TOIL,2026-09-29,2026-09-29,NOT_DECLINED_ON_COVERAGE,booked leave in HR system,RECOMMEND_APPROVE,"",true
SYN000671,ANNUAL,2026-09-29,2026-09-29,NOT_DECLINED_ON_COVERAGE,booked leave in HR system,NEEDS_APPROVAL,BAL-003|NOT-001,true
SYN004172,ANNUAL,2026-09-29,2026-10-02,NOT_DECLINED_ON_COVERAGE,booked leave in HR system,NEEDS_APPROVAL,NOT-001,true
SYN006310,ANNUAL,2026-09-29,2026-10-01,NOT_DECLINED_ON_COVERAGE,booked leave in HR system,NEEDS_APPROVAL,NOT-001,true
SYN004368,ANNUAL,2026-09-29,2026-09-29,NOT_DECLINED_ON_COVERAGE,booked leave in HR system,NEEDS_APPROVAL,NOT-001|COV-002,true
SYN001042,ANNUAL,2026-09-29,2026-09-30,NOT_DECLINED_ON_COVERAGE,booked leave in HR system,NEEDS_APPROVAL,NOT-001,true
SYN002181,PROF_DEV,2026-09-29,2026-10-08,NOT_DECLINED_ON_COVERAGE,booked leave in HR system,NEEDS_APPROVAL,NOT-004,true
SYN002192,ANNUAL,2026-09-29,2026-09-30,NOT_DECLINED_ON_COVERAGE,booked leave in HR system,NEEDS_APPROVAL,NOT-001,true
SYN008300,LONG_SERVICE,2026-09-29,2026-10-18,NOT_DECLINED_ON_COVERAGE,booked leave in HR system,DECLINED,ELG-003|BAL-001|NOT-002,true
SYN006125,ANNUAL,2026-09-29,2026-10-11,NOT_DECLINED_ON_COVERAGE,booked leave in HR system,NEEDS_APPROVAL,NOT-001|COV-002,true
SYN005398,ANNUAL,2026-09-29,2026-10-12,NOT_DECLINED_ON_COVERAGE,booked leave in HR system,NEEDS_APPROVAL,ELG-001|NOT-001|COV-002,true
SYN003285,ANNUAL,2026-09-29,2026-10-02,NOT_DECLINED_ON_COVERAGE,booked leave in HR system,NEEDS_APPROVAL,NOT-001,true
SYN003156,ANNUAL,2026-09-29,2026-10-02,NOT_DECLINED_ON_COVERAGE,booked leave in HR system,NEEDS_APPROVAL,NOT-001,true
SYN002874,ANNUAL,2026-09-29,2026-10-11,NOT_DECLINED_ON_COVERAGE,booked leave in HR system,DECLINED,BAL-001|NOT-001,true
SYN005771,PROF_DEV,2026-09-29,2026-09-29,NOT_DECLINED_ON_COVERAGE,booked leave in HR system,NEEDS_APPROVAL,ELG-001|NOT-004,true
SYN008247,ANNUAL,2026-09-29,2026-09-29,NOT_DECLINED_ON_COVERAGE,booked leave in HR system,NEEDS_APPROVAL,NOT-001,true
SYN006627,ANNUAL,2026-09-29,2026-10-02,NOT_DECLINED_ON_COVERAGE,booked leave in HR system,NEEDS_APPROVAL,NOT-001,true
SYN001945,ANNUAL,2026-09-29,2026-09-29,NOT_DECLINED_ON_COVERAGE,booked leave in HR system,NEEDS_APPROVAL,NOT-001,true
SYN007166,ANNUAL,2026-09-29,2026-10-02,NOT_DECLINED_ON_COVERAGE,booked leave in HR system,NEEDS_APPROVAL,NOT-001,true
SYN007640,ANNUAL,2026-09-29,2026-09-29,NOT_DECLINED_ON_COVERAGE,booked leave in HR system,NEEDS_APPROVAL,NOT-001,true
SYN002686,ANNUAL,2026-09-29,2026-10-02,NOT_DECLINED_ON_COVERAGE,booked leave in HR system,NEEDS_APPROVAL,NOT-001,true
SYN006186,ANNUAL,2026-09-29,2026-10-19,NOT_DECLINED_ON_COVERAGE,booked leave in HR system,NEEDS_APPROVAL,NOT-001,true
SYN002305,ADO,2026-09-30,2026-09-30,NOT_DECLINED_ON_COVERAGE,booked leave in HR system,NEEDS_APPROVAL,BAL-003,true
SYN009038,TOIL,2026-09-30,2026-09-30,NOT_DECLINED_ON_COVERAGE,booked leave in HR system,RECOMMEND_APPROVE,"",true
SYN003061,ANNUAL,2026-09-30,2026-10-16,NOT_DECLINED_ON_COVERAGE,booked leave in HR system,NEEDS_APPROVAL,NOT-001,true
SYN007330,ANNUAL,2026-09-30,2026-09-30,NOT_DECLINED_ON_COVERAGE,booked leave in HR system,NEEDS_APPROVAL,NOT-001,true
SYN004735,PROF_DEV,2026-09-30,2026-09-30,NOT_DECLINED_ON_COVERAGE,booked leave in HR system,NEEDS_APPROVAL,NOT-004,true
SYN003719,ANNUAL,2026-09-30,2026-09-30,NOT_DECLINED_ON_COVERAGE,booked leave in HR system,NEEDS_APPROVAL,NOT-001,true
SYN005184,ANNUAL,2026-09-30,2026-09-30,NOT_DECLINED_ON_COVERAGE,booked leave in HR system,NEEDS_APPROVAL,NOT-001,true
SYN006703,PROF_DEV,2026-09-30,2026-10-02,NOT_DECLINED_ON_COVERAGE,booked leave in HR system,NEEDS_APPROVAL,NOT-004,true
SYN009314,ANNUAL,2026-09-30,2026-10-07,NOT_DECLINED_ON_COVERAGE,booked leave in HR system,NEEDS_APPROVAL,NOT-001,true
SYN009163,ANNUAL,2026-09-30,2026-10-08,NOT_DECLINED_ON_COVERAGE,booked leave in HR system,NEEDS_APPROVAL,NOT-001,true
SYN006048,LONG_SERVICE,2026-09-30,2026-10-25,NOT_DECLINED_ON_COVERAGE,booked leave in HR system,NEEDS_APPROVAL,ELG-001|NOT-002,true
SYN008903,PROF_DEV,2026-09-30,2026-10-01,NOT_DECLINED_ON_COVERAGE,booked leave in HR system,NEEDS_APPROVAL,NOT-004,true
SYN007551,ANNUAL,2026-09-30,2026-09-30,NOT_DECLINED_ON_COVERAGE,booked leave in HR system,NEEDS_APPROVAL,NOT-001,true
SYN006505,ANNUAL,2026-09-30,2026-09-30,NOT_DECLINED_ON_COVERAGE,booked leave in HR system,NEEDS_APPROVAL,ELG-001|NOT-001,true
SYN003028,ANNUAL,2026-09-30,2026-09-30,NOT_DECLINED_ON_COVERAGE,booked leave in HR system,NEEDS_APPROVAL,NOT-001,true
SYN006318,PROF_DEV,2026-09-30,2026-10-02,NOT_DECLINED_ON_COVERAGE,booked leave in HR system,DECLINED,ELG-001|BAL-001|NOT-004,true
SYN008191,TOIL,2026-09-30,2026-10-06,NOT_DECLINED_ON_COVERAGE,booked leave in HR system,RECOMMEND_APPROVE,"",true
SYN001751,ANNUAL,2026-09-30,2026-10-09,NOT_DECLINED_ON_COVERAGE,booked leave in HR system,NEEDS_APPROVAL,NOT-001,true
SYN000874,ANNUAL,2026-09-30,2026-10-11,NOT_DECLINED_ON_COVERAGE,booked leave in HR system,NEEDS_APPROVAL,NOT-001,true
SYN003294,ANNUAL,2026-09-30,2026-10-16,NOT_DECLINED_ON_COVERAGE,booked leave in HR system,DECLINED,ELG-001|BAL-001|NOT-001,true
SYN009508,LONG_SERVICE,2026-09-30,2026-09-30,NOT_DECLINED_ON_COVERAGE,booked leave in HR system,NEEDS_APPROVAL,NOT-002,true
SYN000265,ANNUAL,2026-09-30,2026-10-02,NOT_DECLINED_ON_COVERAGE,booked leave in HR system,NEEDS_APPROVAL,NOT-001|COV-002,true
SYN008247,ANNUAL,2026-09-30,2026-10-02,NOT_DECLINED_ON_COVERAGE,booked leave in HR system,NEEDS_APPROVAL,NOT-001,true
SYN000908,ANNUAL,2026-09-30,2026-09-30,NOT_DECLINED_ON_COVERAGE,booked leave in HR system,NEEDS_APPROVAL,NOT-001,true
SYN002597,PROF_DEV,2026-09-30,2026-10-08,NOT_DECLINED_ON_COVERAGE,booked leave in HR system,DECLINED,BAL-001|NOT-004,true
SYN008167,LONG_SERVICE,2026-09-30,2026-09-30,NOT_DECLINED_ON_COVERAGE,booked leave in HR system,DECLINED,ELG-003|BAL-001|NOT-002,true
SYN002518,ANNUAL,2026-09-30,2026-10-05,NOT_DECLINED_ON_COVERAGE,booked leave in HR system,NEEDS_APPROVAL,NOT-001,true
SYN000418,PROF_DEV,2026-09-30,2026-09-30,NOT_DECLINED_ON_COVERAGE,booked leave in HR system,NEEDS_APPROVAL,BAL-003|NOT-004,true
SYN007941,ANNUAL,2026-09-30,2026-10-02,NOT_DECLINED_ON_COVERAGE,booked leave in HR system,NEEDS_APPROVAL,NOT-001|COV-002,true
SYN005590,ANNUAL,2026-09-30,2026-10-05,NOT_DECLINED_ON_COVERAGE,booked leave in HR system,NEEDS_APPROVAL,NOT-001,true
SYN001323,ANNUAL,2026-09-30,2026-10-14,NOT_DECLINED_ON_COVERAGE,booked leave in HR system,NEEDS_APPROVAL,NOT-001,true
SYN002458,ANNUAL,2026-09-30,2026-10-02,NOT_DECLINED_ON_COVERAGE,booked leave in HR system,NEEDS_APPROVAL,NOT-001,true
SYN007191,ANNUAL,2026-09-30,2026-09-30,NOT_DECLINED_ON_COVERAGE,booked leave in HR system,NEEDS_APPROVAL,NOT-001,true
SYN001369,TOIL,2026-09-30,2026-10-02,NOT_DECLINED_ON_COVERAGE,booked leave in HR system,DECLINED,BAL-001,true
SYN005799,ANNUAL,2026-09-30,2026-10-09,NOT_DECLINED_ON_COVERAGE,booked leave in HR system,NEEDS_APPROVAL,NOT-001,true
SYN004633,ANNUAL,2026-09-30,2026-09-30,NOT_DECLINED_ON_COVERAGE,booked leave in HR system,NEEDS_APPROVAL,NOT-001,true
SYN001551,ANNUAL,2026-09-30,2026-09-30,NOT_DECLINED_ON_COVERAGE,booked leave in HR system,NEEDS_APPROVAL,NOT-001,true
SYN004650,ANNUAL,2026-09-30,2026-10-01,NOT_DECLINED_ON_COVERAGE,booked leave in HR system,NEEDS_APPROVAL,NOT-001,true
SYN000634,ANNUAL,2026-09-30,2026-10-04,NOT_DECLINED_ON_COVERAGE,booked leave in HR system,NEEDS_APPROVAL,NOT-001,true
SYN009350,ANNUAL,2026-09-30,2026-09-30,NOT_DECLINED_ON_COVERAGE,booked leave in HR system,NEEDS_APPROVAL,NOT-001,true
SYN000440,ANNUAL,2026-09-30,2026-10-07,NOT_DECLINED_ON_COVERAGE,booked leave in HR system,NEEDS_APPROVAL,NOT-001,true
SYN008648,PROF_DEV,2026-09-30,2026-09-30,NOT_DECLINED_ON_COVERAGE,booked leave in HR system,NEEDS_APPROVAL,BAL-003|NOT-004,true
SYN006900,TOIL,2026-09-30,2026-10-12,NOT_DECLINED_ON_COVERAGE,booked leave in HR system,DECLINED,ELG-001|BAL-001,true
SYN003659,ANNUAL,2026-09-30,2026-10-01,NOT_DECLINED_ON_COVERAGE,booked leave in HR system,NEEDS_APPROVAL,NOT-001,true
SYN009016,ANNUAL,2026-09-30,2026-10-09,NOT_DECLINED_ON_COVERAGE,booked leave in HR system,NEEDS_APPROVAL,NOT-001,true
SYN006441,TOIL,2026-10-01,2026-10-01,NOT_DECLINED_ON_COVERAGE,booked leave in HR system,RECOMMEND_APPROVE,"",true
SYN009477,LONG_SERVICE,2026-10-01,2026-10-02,NOT_DECLINED_ON_COVERAGE,booked leave in HR system,NEEDS_APPROVAL,NOT-002,true
SYN004587,ANNUAL,2026-10-01,2026-10-02,NOT_DECLINED_ON_COVERAGE,booked leave in HR system,NEEDS_APPROVAL,NOT-001,true
SYN004190,TOIL,2026-10-01,2026-10-01,NOT_DECLINED_ON_COVERAGE,booked leave in HR system,RECOMMEND_APPROVE,"",true
SYN004377,ANNUAL,2026-10-01,2026-10-02,NOT_DECLINED_ON_COVERAGE,booked leave in HR system,NEEDS_APPROVAL,NOT-001,true
SYN004061,LONG_SERVICE,2026-10-01,2026-10-09,NOT_DECLINED_ON_COVERAGE,booked leave in HR system,NEEDS_APPROVAL,NOT-002,true
SYN006281,ANNUAL,2026-10-01,2026-10-01,NOT_DECLINED_ON_COVERAGE,booked leave in HR system,NEEDS_APPROVAL,NOT-001,true
SYN000426,PROF_DEV,2026-10-01,2026-10-02,NOT_DECLINED_ON_COVERAGE,booked leave in HR system,NEEDS_APPROVAL,NOT-004,true
SYN003168,ANNUAL,2026-10-01,2026-10-09,NOT_DECLINED_ON_COVERAGE,booked leave in HR system,NEEDS_APPROVAL,NOT-001,true
SYN002752,PROF_DEV,2026-10-01,2026-10-02,NOT_DECLINED_ON_COVERAGE,booked leave in HR system,NEEDS_APPROVAL,ELG-001|NOT-004,true
SYN002682,PROF_DEV,2026-10-01,2026-10-02,NOT_DECLINED_ON_COVERAGE,booked leave in HR system,NEEDS_APPROVAL,NOT-004,true
SYN006802,ANNUAL,2026-10-01,2026-10-02,NOT_DECLINED_ON_COVERAGE,booked leave in HR system,NEEDS_APPROVAL,NOT-001|COV-002,true
SYN001771,TOIL,2026-10-01,2026-10-02,NOT_DECLINED_ON_COVERAGE,booked leave in HR system,RECOMMEND_APPROVE,"",true
SYN008487,ANNUAL,2026-10-01,2026-10-02,NOT_DECLINED_ON_COVERAGE,booked leave in HR system,NEEDS_APPROVAL,NOT-001,true
SYN002305,TOIL,2026-10-01,2026-10-01,NOT_DECLINED_ON_COVERAGE,booked leave in HR system,DECLINED,BAL-001,true
SYN006538,ANNUAL,2026-10-01,2026-10-01,NOT_DECLINED_ON_COVERAGE,booked leave in HR system,NEEDS_APPROVAL,NOT-001,true
SYN004783,PROF_DEV,2026-10-01,2026-10-09,NOT_DECLINED_ON_COVERAGE,booked leave in HR system,NEEDS_APPROVAL,NOT-004|COV-002,true
SYN007733,ANNUAL,2026-10-01,2026-10-07,NOT_DECLINED_ON_COVERAGE,booked leave in HR system,NEEDS_APPROVAL,NOT-001,true
SYN007331,ANNUAL,2026-10-01,2026-10-14,NOT_DECLINED_ON_COVERAGE,booked leave in HR system,DECLINED,BAL-001|NOT-001,true
SYN007554,ANNUAL,2026-10-01,2026-10-05,NOT_DECLINED_ON_COVERAGE,booked leave in HR system,DECLINED,BAL-001|NOT-001,true
SYN001454,PROF_DEV,2026-10-01,2026-10-01,NOT_DECLINED_ON_COVERAGE,booked leave in HR system,NEEDS_APPROVAL,BAL-003|NOT-004,true
SYN000489,ANNUAL,2026-10-01,2026-10-16,NOT_DECLINED_ON_COVERAGE,booked leave in HR system,DECLINED,BAL-001|NOT-001,true
SYN008356,ADO,2026-10-01,2026-10-04,NOT_DECLINED_ON_COVERAGE,booked leave in HR system,DECLINED,REQ-004|BAL-001,true
SYN000947,PROF_DEV,2026-10-01,2026-10-01,NOT_DECLINED_ON_COVERAGE,booked leave in HR system,NEEDS_APPROVAL,BAL-003|NOT-004|COV-002,true
SYN005213,ANNUAL,2026-10-01,2026-10-01,NOT_DECLINED_ON_COVERAGE,booked leave in HR system,NEEDS_APPROVAL,NOT-001,true
SYN008900,ANNUAL,2026-10-01,2026-10-07,NOT_DECLINED_ON_COVERAGE,booked leave in HR system,NEEDS_APPROVAL,ELG-001|NOT-001,true
SYN007830,LONG_SERVICE,2026-10-01,2026-10-08,NOT_DECLINED_ON_COVERAGE,booked leave in HR system,DECLINED,ELG-003|BAL-001|NOT-002,true
SYN007573,ANNUAL,2026-10-01,2026-10-01,NOT_DECLINED_ON_COVERAGE,booked leave in HR system,NEEDS_APPROVAL,NOT-001,true
SYN002755,ANNUAL,2026-10-01,2026-10-01,NOT_DECLINED_ON_COVERAGE,booked leave in HR system,NEEDS_APPROVAL,NOT-001,true
SYN007734,PROF_DEV,2026-10-01,2026-10-02,NOT_DECLINED_ON_COVERAGE,booked leave in HR system,NEEDS_APPROVAL,BAL-003|NOT-004,true
SYN007349,ADO,2026-10-01,2026-10-02,NOT_DECLINED_ON_COVERAGE,booked leave in HR system,DECLINED,BAL-001|COV-002,false
SYN008197,ANNUAL,2026-10-01,2026-10-05,NOT_DECLINED_ON_COVERAGE,booked leave in HR system,NEEDS_APPROVAL,NOT-001,true
SYN004723,TOIL,2026-10-01,2026-10-02,NOT_DECLINED_ON_COVERAGE,booked leave in HR system,DECLINED,BAL-001,true
SYN001264,TOIL,2026-10-01,2026-10-02,NOT_DECLINED_ON_COVERAGE,booked leave in HR system,RECOMMEND_APPROVE,"",true
SYN008111,ANNUAL,2026-10-01,2026-10-05,NOT_DECLINED_ON_COVERAGE,booked leave in HR system,NEEDS_APPROVAL,NOT-001,true
SYN007917,TOIL,2026-10-01,2026-10-03,NOT_DECLINED_ON_COVERAGE,booked leave in HR system,RECOMMEND_APPROVE,"",true
SYN005285,ANNUAL,2026-10-01,2026-10-07,NOT_DECLINED_ON_COVERAGE,booked leave in HR system,DECLINED,BAL-001|NOT-001,true
SYN000632,ANNUAL,2026-10-01,2026-10-01,NOT_DECLINED_ON_COVERAGE,booked leave in HR system,NEEDS_APPROVAL,NOT-001,true
SYN003775,ADO,2026-10-01,2026-10-01,NOT_DECLINED_ON_COVERAGE,booked leave in HR system,RECOMMEND_APPROVE,"",true
SYN000297,ANNUAL,2026-10-01,2026-10-01,NOT_DECLINED_ON_COVERAGE,booked leave in HR system,NEEDS_APPROVAL,NOT-001,true
SYN003924,ANNUAL,2026-10-01,2026-10-07,NOT_DECLINED_ON_COVERAGE,booked leave in HR system,NEEDS_APPROVAL,NOT-001,true
SYN000425,PROF_DEV,2026-10-01,2026-10-01,NOT_DECLINED_ON_COVERAGE,booked leave in HR system,NEEDS_APPROVAL,BAL-003|NOT-004,true
SYN001429,PROF_DEV,2026-10-01,2026-10-01,NOT_DECLINED_ON_COVERAGE,booked leave in HR system,NEEDS_APPROVAL,BAL-003|NOT-004,true
SYN006749,ANNUAL,2026-10-01,2026-10-08,NOT_DECLINED_ON_COVERAGE,booked leave in HR system,NEEDS_APPROVAL,NOT-001|COV-001,true
SYN004468,PROF_DEV,2026-10-01,2026-10-02,NOT_DECLINED_ON_COVERAGE,booked leave in HR system,DECLINED,BAL-001|NOT-004,true
SYN003761,PROF_DEV,2026-10-01,2026-10-01,NOT_DECLINED_ON_COVERAGE,booked leave in HR system,NEEDS_APPROVAL,NOT-004|COV-001,true
SYN002538,ADO,2026-10-01,2026-10-01,NOT_DECLINED_ON_COVERAGE,booked leave in HR system,RECOMMEND_APPROVE,"",true
SYN003508,ANNUAL,2026-10-02,2026-10-02,NOT_DECLINED_ON_COVERAGE,booked leave in HR system,NEEDS_APPROVAL,NOT-001,true
SYN002009,PROF_DEV,2026-10-02,2026-10-02,NOT_DECLINED_ON_COVERAGE,booked leave in HR system,NEEDS_APPROVAL,BAL-003|NOT-004,true
SYN000476,ANNUAL,2026-10-02,2026-10-02,NOT_DECLINED_ON_COVERAGE,booked leave in HR system,NEEDS_APPROVAL,NOT-001|COV-002,true
SYN008173,ANNUAL,2026-10-02,2026-10-02,NOT_DECLINED_ON_COVERAGE,booked leave in HR system,NEEDS_APPROVAL,NOT-001,true
SYN008024,ANNUAL,2026-10-02,2026-10-06,NOT_DECLINED_ON_COVERAGE,booked leave in HR system,NEEDS_APPROVAL,NOT-001,true
SYN008772,ANNUAL,2026-10-02,2026-10-05,NOT_DECLINED_ON_COVERAGE,booked leave in HR system,NEEDS_APPROVAL,NOT-001,true
SYN007873,ANNUAL,2026-10-02,2026-10-02,NOT_DECLINED_ON_COVERAGE,booked leave in HR system,NEEDS_APPROVAL,NOT-001,true
SYN001974,PROF_DEV,2026-10-02,2026-10-02,NOT_DECLINED_ON_COVERAGE,booked leave in HR system,NEEDS_APPROVAL,NOT-004,true
SYN006686,ANNUAL,2026-10-02,2026-10-05,NOT_DECLINED_ON_COVERAGE,booked leave in HR system,NEEDS_APPROVAL,ELG-001|NOT-001,true
SYN009114,ANNUAL,2026-10-02,2026-10-02,NOT_DECLINED_ON_COVERAGE,booked leave in HR system,NEEDS_APPROVAL,NOT-001,true
SYN008657,PROF_DEV,2026-10-02,2026-10-02,NOT_DECLINED_ON_COVERAGE,booked leave in HR system,NEEDS_APPROVAL,NOT-004,true
SYN003346,LONG_SERVICE,2026-10-02,2026-10-02,NOT_DECLINED_ON_COVERAGE,booked leave in HR system,NEEDS_APPROVAL,NOT-002,true
SYN008548,ANNUAL,2026-10-02,2026-10-02,NOT_DECLINED_ON_COVERAGE,booked leave in HR system,NEEDS_APPROVAL,NOT-001,true
SYN008560,ANNUAL,2026-10-02,2026-11-15,NOT_DECLINED_ON_COVERAGE,booked leave in HR system,NEEDS_APPROVAL,NOT-001|COV-002,true
SYN007788,ADO,2026-10-02,2026-10-02,NOT_DECLINED_ON_COVERAGE,booked leave in HR system,RECOMMEND_APPROVE,"",true
SYN000284,PROF_DEV,2026-10-02,2026-10-02,NOT_DECLINED_ON_COVERAGE,booked leave in HR system,NEEDS_APPROVAL,BAL-003|NOT-004,true
SYN005618,ANNUAL,2026-10-02,2026-10-07,NOT_DECLINED_ON_COVERAGE,booked leave in HR system,NEEDS_APPROVAL,NOT-001,true
SYN000759,ANNUAL,2026-10-02,2026-10-09,NOT_DECLINED_ON_COVERAGE,booked leave in HR system,NEEDS_APPROVAL,NOT-001,true
SYN007935,ADO,2026-10-02,2026-10-03,NOT_DECLINED_ON_COVERAGE,booked leave in HR system,RECOMMEND_APPROVE,"",true
SYN001946,ANNUAL,2026-10-02,2026-10-09,NOT_DECLINED_ON_COVERAGE,booked leave in HR system,DECLINED,BAL-001|NOT-001,true
SYN001518,ANNUAL,2026-10-02,2026-10-04,NOT_DECLINED_ON_COVERAGE,booked leave in HR system,NEEDS_APPROVAL,NOT-001,true
SYN002538,ADO,2026-10-02,2026-10-02,NOT_DECLINED_ON_COVERAGE,booked leave in HR system,RECOMMEND_APPROVE,"",true
SYN002939,ANNUAL,2026-10-02,2026-10-03,NOT_DECLINED_ON_COVERAGE,booked leave in HR system,NEEDS_APPROVAL,NOT-001,true
SYN005706,ADO,2026-10-02,2026-10-02,NOT_DECLINED_ON_COVERAGE,booked leave in HR system,NEEDS_APPROVAL,ELG-001,true
SYN002447,PROF_DEV,2026-10-02,2026-10-02,NOT_DECLINED_ON_COVERAGE,booked leave in HR system,NEEDS_APPROVAL,NOT-004,true
SYN008299,ANNUAL,2026-10-02,2026-10-02,NOT_DECLINED_ON_COVERAGE,booked leave in HR system,NEEDS_APPROVAL,NOT-001,true
SYN006589,ANNUAL,2026-10-02,2026-10-04,NOT_DECLINED_ON_COVERAGE,booked leave in HR system,NEEDS_APPROVAL,NOT-001,true
SYN000601,ANNUAL,2026-10-02,2026-10-02,NOT_DECLINED_ON_COVERAGE,booked leave in HR system,NEEDS_APPROVAL,NOT-001,true
SYN006752,ANNUAL,2026-10-02,2026-10-02,NOT_DECLINED_ON_COVERAGE,booked leave in HR system,NEEDS_APPROVAL,NOT-001,true
SYN005530,ANNUAL,2026-10-02,2026-10-02,NOT_DECLINED_ON_COVERAGE,booked leave in HR system,NEEDS_APPROVAL,NOT-001,true
SYN001062,ANNUAL,2026-10-02,2026-10-04,NOT_DECLINED_ON_COVERAGE,booked leave in HR system,NEEDS_APPROVAL,NOT-001,true
SYN005377,ADO,2026-10-02,2026-10-05,NOT_DECLINED_ON_COVERAGE,booked leave in HR system,NEEDS_APPROVAL,REQ-004,true
SYN004357,LONG_SERVICE,2026-10-02,2026-10-02,NOT_DECLINED_ON_COVERAGE,booked leave in HR system,DECLINED,BAL-001|NOT-002,true
SYN008019,ADO,2026-10-02,2026-10-09,NOT_DECLINED_ON_COVERAGE,booked leave in HR system,DECLINED,REQ-004|ELG-001|BAL-001,true
SYN002899,LONG_SERVICE,2026-10-02,2026-10-02,NOT_DECLINED_ON_COVERAGE,booked leave in HR system,DECLINED,BAL-001|NOT-002,true
SYN006439,PROF_DEV,2026-10-02,2026-10-02,NOT_DECLINED_ON_COVERAGE,booked leave in HR system,NEEDS_APPROVAL,NOT-004,true
SYN000607,ANNUAL,2026-10-02,2026-10-04,NOT_DECLINED_ON_COVERAGE,booked leave in HR system,NEEDS_APPROVAL,NOT-001,true
SYN001399,PROF_DEV,2026-10-02,2026-10-02,NOT_DECLINED_ON_COVERAGE,booked leave in HR system,NEEDS_APPROVAL,NOT-004,true
SYN007887,PROF_DEV,2026-10-02,2026-10-02,NOT_DECLINED_ON_COVERAGE,booked leave in HR system,NEEDS_APPROVAL,BAL-003|NOT-004,true
SYN006797,ANNUAL,2026-10-02,2026-10-02,NOT_DECLINED_ON_COVERAGE,booked leave in HR system,NEEDS_APPROVAL,NOT-001,true
SYN003015,ANNUAL,2026-10-02,2026-10-05,NOT_DECLINED_ON_COVERAGE,booked leave in HR system,NEEDS_APPROVAL,NOT-001,true
SYN003957,ANNUAL,2026-10-02,2026-10-04,NOT_DECLINED_ON_COVERAGE,booked leave in HR system,NEEDS_APPROVAL,NOT-001,true
SYN008433,ANNUAL,2026-10-02,2026-10-08,NOT_DECLINED_ON_COVERAGE,booked leave in HR system,NEEDS_APPROVAL,NOT-001,true
SYN002577,ADO,2026-10-02,2026-10-02,NOT_DECLINED_ON_COVERAGE,booked leave in HR system,DECLINED,BAL-001,true
SYN007480,ANNUAL,2026-10-02,2026-10-05,NOT_DECLINED_ON_COVERAGE,booked leave in HR system,NEEDS_APPROVAL,NOT-001,true
SYN009539,PROF_DEV,2026-10-02,2026-10-02,NOT_DECLINED_ON_COVERAGE,booked leave in HR system,NEEDS_APPROVAL,BAL-003|NOT-004,true
SYN000391,PROF_DEV,2026-10-02,2026-10-02,NOT_DECLINED_ON_COVERAGE,booked leave in HR system,NEEDS_APPROVAL,BAL-003|NOT-004,true
SYN001333,ANNUAL,2026-10-02,2026-10-02,NOT_DECLINED_ON_COVERAGE,booked leave in HR system,NEEDS_APPROVAL,NOT-001,true
SYN008696,ANNUAL,2026-10-02,2026-10-08,NOT_DECLINED_ON_COVERAGE,booked leave in HR system,NEEDS_APPROVAL,NOT-001,true
SYN009530,ANNUAL,2026-10-02,2026-10-02,NOT_DECLINED_ON_COVERAGE,booked leave in HR system,NEEDS_APPROVAL,NOT-001,true
SYN003455,ANNUAL,2026-10-02,2026-10-05,NOT_DECLINED_ON_COVERAGE,booked leave in HR system,NEEDS_APPROVAL,NOT-001,true
SYN000950,ANNUAL,2026-10-02,2026-10-02,NOT_DECLINED_ON_COVERAGE,booked leave in HR system,NEEDS_APPROVAL,NOT-001,true
SYN005787,ANNUAL,2026-10-02,2026-10-05,NOT_DECLINED_ON_COVERAGE,booked leave in HR system,NEEDS_APPROVAL,NOT-001,true
SYN004493,ANNUAL,2026-10-02,2026-10-05,NOT_DECLINED_ON_COVERAGE,booked leave in HR system,NEEDS_APPROVAL,NOT-001,true
SYN009357,LONG_SERVICE,2026-10-02,2026-10-16,NOT_DECLINED_ON_COVERAGE,booked leave in HR system,NEEDS_APPROVAL,NOT-002,true
SYN001936,ANNUAL,2026-10-02,2026-10-11,NOT_DECLINED_ON_COVERAGE,booked leave in HR system,NEEDS_APPROVAL,NOT-001,true
SYN009295,ANNUAL,2026-10-02,2026-10-02,NOT_DECLINED_ON_COVERAGE,booked leave in HR system,NEEDS_APPROVAL,NOT-001,true
SYN002860,ANNUAL,2026-10-02,2026-10-02,NOT_DECLINED_ON_COVERAGE,booked leave in HR system,NEEDS_APPROVAL,NOT-001,true
SYN003541,TOIL,2026-10-02,2026-10-04,NOT_DECLINED_ON_COVERAGE,booked leave in HR system,RECOMMEND_APPROVE,"",true
SYN008812,LONG_SERVICE,2026-10-03,2026-10-03,NOT_DECLINED_ON_COVERAGE,booked leave in HR system,DECLINED,ELG-003|BAL-001|NOT-002,true
SYN006346,PROF_DEV,2026-10-03,2026-10-11,NOT_DECLINED_ON_COVERAGE,booked leave in HR system,NEEDS_APPROVAL,NOT-004|COV-001|COV-002,true
SYN007622,ANNUAL,2026-10-03,2026-10-11,NOT_DECLINED_ON_COVERAGE,booked leave in HR system,RECOMMEND_APPROVE,"",true
SYN009205,ANNUAL,2026-10-03,2026-10-18,NOT_DECLINED_ON_COVERAGE,booked leave in HR system,RECOMMEND_APPROVE,"",true
SYN006980,ANNUAL,2026-10-03,2026-10-03,NOT_DECLINED_ON_COVERAGE,booked leave in HR system,RECOMMEND_APPROVE,"",true
SYN002627,ANNUAL,2026-10-03,2026-10-03,NOT_DECLINED_ON_COVERAGE,booked leave in HR system,RECOMMEND_APPROVE,"",true
SYN002873,TOIL,2026-10-03,2026-10-04,NOT_DECLINED_ON_COVERAGE,booked leave in HR system,DECLINED,BAL-001,true
SYN006868,ANNUAL,2026-10-03,2026-10-03,NOT_DECLINED_ON_COVERAGE,booked leave in HR system,RECOMMEND_APPROVE,"",true
SYN009477,ANNUAL,2026-10-03,2026-10-04,NOT_DECLINED_ON_COVERAGE,booked leave in HR system,RECOMMEND_APPROVE,"",true
SYN003982,ANNUAL,2026-10-03,2026-10-18,NOT_DECLINED_ON_COVERAGE,booked leave in HR system,RECOMMEND_APPROVE,"",true
SYN003011,ANNUAL,2026-10-03,2026-10-04,NOT_DECLINED_ON_COVERAGE,booked leave in HR system,RECOMMEND_APPROVE,"",true
SYN004641,ANNUAL,2026-10-03,2026-10-10,NOT_DECLINED_ON_COVERAGE,booked leave in HR system,RECOMMEND_APPROVE,"",true
SYN008010,ANNUAL,2026-10-03,2026-10-04,NOT_DECLINED_ON_COVERAGE,booked leave in HR system,RECOMMEND_APPROVE,"",true
SYN000406,ANNUAL,2026-10-03,2026-10-09,NOT_DECLINED_ON_COVERAGE,booked leave in HR system,RECOMMEND_APPROVE,"",true
SYN001816,ANNUAL,2026-10-03,2026-10-25,NOT_DECLINED_ON_COVERAGE,booked leave in HR system,DECLINED,COV-001,false
SYN003903,LONG_SERVICE,2026-10-03,2026-10-03,NOT_DECLINED_ON_COVERAGE,booked leave in HR system,DECLINED,BAL-001|NOT-002,true
SYN000019,ANNUAL,2026-10-03,2026-10-03,NOT_DECLINED_ON_COVERAGE,booked leave in HR system,RECOMMEND_APPROVE,"",true
SYN003540,TOIL,2026-10-03,2026-10-18,NOT_DECLINED_ON_COVERAGE,booked leave in HR system,RECOMMEND_APPROVE,"",true
SYN009063,ANNUAL,2026-10-03,2026-11-01,NOT_DECLINED_ON_COVERAGE,booked leave in HR system,DECLINED,ELG-001|BAL-001,true
SYN003187,TOIL,2026-10-03,2026-10-04,NOT_DECLINED_ON_COVERAGE,booked leave in HR system,RECOMMEND_APPROVE,"",true
SYN005813,TOIL,2026-10-04,2026-10-04,NOT_DECLINED_ON_COVERAGE,booked leave in HR system,RECOMMEND_APPROVE,"",true
SYN003624,ANNUAL,2026-10-04,2026-10-12,NOT_DECLINED_ON_COVERAGE,booked leave in HR system,NEEDS_APPROVAL,COV-001,true
SYN008945,ANNUAL,2026-10-04,2026-11-28,NOT_DECLINED_ON_COVERAGE,booked leave in HR system,DECLINED,ELG-002|BAL-003,true
SYN000913,TOIL,2026-10-04,2026-10-05,NOT_DECLINED_ON_COVERAGE,booked leave in HR system,RECOMMEND_APPROVE,"",true
SYN001930,PROF_DEV,2026-10-04,2026-10-11,NOT_DECLINED_ON_COVERAGE,booked leave in HR system,DECLINED,ELG-002|BAL-003|NOT-004,true
SYN002991,ANNUAL,2026-10-04,2026-10-11,NOT_DECLINED_ON_COVERAGE,booked leave in HR system,RECOMMEND_APPROVE,"",true
SYN005363,ADO,2026-10-04,2026-10-04,NOT_DECLINED_ON_COVERAGE,booked leave in HR system,DECLINED,ELG-002|BAL-003,true
SYN005325,ANNUAL,2026-10-04,2026-10-17,NOT_DECLINED_ON_COVERAGE,booked leave in HR system,RECOMMEND_APPROVE,"",true
SYN006844,ANNUAL,2026-10-04,2026-10-11,NOT_DECLINED_ON_COVERAGE,booked leave in HR system,NEEDS_APPROVAL,COV-001,true
SYN008886,ADO,2026-10-04,2026-10-06,NOT_DECLINED_ON_COVERAGE,booked leave in HR system,DECLINED,REQ-004|BAL-001,true
SYN002136,ANNUAL,2026-10-05,2026-10-19,NOT_DECLINED_ON_COVERAGE,booked leave in HR system,NEEDS_APPROVAL,ELG-001,true
SYN007825,TOIL,2026-10-05,2026-10-11,NOT_DECLINED_ON_COVERAGE,booked leave in HR system,RECOMMEND_APPROVE,"",true
SYN000479,ADO,2026-10-05,2026-10-07,NOT_DECLINED_ON_COVERAGE,booked leave in HR system,NEEDS_APPROVAL,REQ-004|ELG-001|COV-002,true
SYN004435,TOIL,2026-10-05,2026-10-18,NOT_DECLINED_ON_COVERAGE,booked leave in HR system,DECLINED,BAL-001,true
SYN000603,TOIL,2026-10-05,2026-10-11,NOT_DECLINED_ON_COVERAGE,booked leave in HR system,RECOMMEND_APPROVE,"",true
SYN008968,ANNUAL,2026-10-05,2026-10-07,NOT_DECLINED_ON_COVERAGE,booked leave in HR system,NEEDS_APPROVAL,ELG-001,true
SYN007058,ANNUAL,2026-10-05,2026-10-11,NOT_DECLINED_ON_COVERAGE,booked leave in HR system,RECOMMEND_APPROVE,"",true
SYN009270,LONG_SERVICE,2026-10-05,2026-10-16,NOT_DECLINED_ON_COVERAGE,booked leave in HR system,DECLINED,ELG-003|BAL-001|NOT-002,true
SYN000893,ANNUAL,2026-10-05,2026-10-25,NOT_DECLINED_ON_COVERAGE,booked leave in HR system,RECOMMEND_APPROVE,"",true
SYN001689,ANNUAL,2026-10-05,2026-10-11,NOT_DECLINED_ON_COVERAGE,booked leave in HR system,DECLINED,BAL-001,true
SYN008025,PROF_DEV,2026-10-05,2026-10-05,NOT_DECLINED_ON_COVERAGE,booked leave in HR system,NEEDS_APPROVAL,NOT-004,true
SYN006555,ANNUAL,2026-10-05,2026-10-11,NOT_DECLINED_ON_COVERAGE,booked leave in HR system,RECOMMEND_APPROVE,"",true
SYN000116,ANNUAL,2026-10-05,2026-10-06,NOT_DECLINED_ON_COVERAGE,booked leave in HR system,RECOMMEND_APPROVE,"",true
SYN000299,ANNUAL,2026-10-05,2026-10-06,NOT_DECLINED_ON_COVERAGE,booked leave in HR system,RECOMMEND_APPROVE,"",true
SYN009477,LONG_SERVICE,2026-10-05,2026-10-05,NOT_DECLINED_ON_COVERAGE,booked leave in HR system,NEEDS_APPROVAL,NOT-002,true
SYN001181,LONG_SERVICE,2026-10-05,2026-10-18,NOT_DECLINED_ON_COVERAGE,booked leave in HR system,DECLINED,BAL-001|NOT-002,true
SYN000374,ADO,2026-10-05,2027-01-17,NOT_DECLINED_ON_COVERAGE,booked leave in HR system,DECLINED,REQ-004|ELG-001|BAL-001,true
SYN002428,ANNUAL,2026-10-05,2026-11-01,NOT_DECLINED_ON_COVERAGE,booked leave in HR system,DECLINED,COV-001,false
SYN005356,ANNUAL,2026-10-05,2026-10-11,NOT_DECLINED_ON_COVERAGE,booked leave in HR system,RECOMMEND_APPROVE,"",true
SYN005509,PROF_DEV,2026-10-05,2026-10-09,NOT_DECLINED_ON_COVERAGE,booked leave in HR system,NEEDS_APPROVAL,NOT-004,true
SYN008585,ANNUAL,2026-10-05,2026-10-05,NOT_DECLINED_ON_COVERAGE,booked leave in HR system,RECOMMEND_APPROVE,"",true
SYN000870,ANNUAL,2026-10-05,2026-10-09,NOT_DECLINED_ON_COVERAGE,booked leave in HR system,RECOMMEND_APPROVE,"",true
SYN006357,LONG_SERVICE,2026-10-05,2026-10-11,NOT_DECLINED_ON_COVERAGE,booked leave in HR system,DECLINED,ELG-003|BAL-001|NOT-002,true
SYN000205,ANNUAL,2026-10-05,2026-10-12,NOT_DECLINED_ON_COVERAGE,booked leave in HR system,RECOMMEND_APPROVE,"",true
SYN000884,ANNUAL,2026-10-05,2026-10-11,NOT_DECLINED_ON_COVERAGE,booked leave in HR system,RECOMMEND_APPROVE,"",true
SYN001470,ANNUAL,2026-10-05,2026-10-05,NOT_DECLINED_ON_COVERAGE,booked leave in HR system,RECOMMEND_APPROVE,"",true
SYN005359,LONG_SERVICE,2026-10-05,2026-10-11,NOT_DECLINED_ON_COVERAGE,booked leave in HR system,NEEDS_APPROVAL,NOT-002,true
SYN002175,ADO,2026-10-05,2026-10-05,NOT_DECLINED_ON_COVERAGE,booked leave in HR system,DECLINED,BAL-001,true
SYN000058,ANNUAL,2026-10-05,2026-10-07,NOT_DECLINED_ON_COVERAGE,booked leave in HR system,DECLINED,BAL-001,true
SYN005712,TOIL,2026-10-05,2026-10-05,NOT_DECLINED_ON_COVERAGE,booked leave in HR system,RECOMMEND_APPROVE,"",true
SYN006441,ANNUAL,2026-10-05,2026-10-18,NOT_DECLINED_ON_COVERAGE,booked leave in HR system,DECLINED,BAL-001,true
SYN005767,ANNUAL,2026-10-05,2026-10-11,NOT_DECLINED_ON_COVERAGE,booked leave in HR system,RECOMMEND_APPROVE,"",true
SYN007840,ADO,2026-10-05,2026-10-06,NOT_DECLINED_ON_COVERAGE,booked leave in HR system,RECOMMEND_APPROVE,"",true
SYN008036,ANNUAL,2026-10-05,2026-11-01,NOT_DECLINED_ON_COVERAGE,booked leave in HR system,DECLINED,ELG-002|BAL-003,true
SYN002943,ANNUAL,2026-10-05,2026-10-11,NOT_DECLINED_ON_COVERAGE,booked leave in HR system,RECOMMEND_APPROVE,"",true
SYN006141,PROF_DEV,2026-10-05,2026-10-05,NOT_DECLINED_ON_COVERAGE,booked leave in HR system,NEEDS_APPROVAL,BAL-003|NOT-004,true
SYN002276,ANNUAL,2026-10-05,2026-11-09,NOT_DECLINED_ON_COVERAGE,booked leave in HR system,DECLINED,BAL-001|COV-001|COV-003,false
SYN002103,ANNUAL,2026-10-05,2026-10-06,NOT_DECLINED_ON_COVERAGE,booked leave in HR system,NEEDS_APPROVAL,ELG-001,true
SYN008610,TOIL,2026-10-05,2026-10-11,NOT_DECLINED_ON_COVERAGE,booked leave in HR system,DECLINED,BAL-001,true
SYN002052,ANNUAL,2026-10-05,2026-11-01,NOT_DECLINED_ON_COVERAGE,booked leave in HR system,DECLINED,BAL-001,true
SYN004887,PROF_DEV,2026-10-05,2026-10-09,NOT_DECLINED_ON_COVERAGE,booked leave in HR system,NEEDS_APPROVAL,NOT-004,true
SYN007708,ANNUAL,2026-10-05,2026-11-08,NOT_DECLINED_ON_COVERAGE,booked leave in HR system,DECLINED,BAL-001|COV-001|COV-003,false
SYN000347,ANNUAL,2026-10-05,2026-10-10,NOT_DECLINED_ON_COVERAGE,booked leave in HR system,DECLINED,BAL-001,true
SYN008509,TOIL,2026-10-05,2026-10-05,NOT_DECLINED_ON_COVERAGE,booked leave in HR system,DECLINED,BAL-001,true
SYN001716,ANNUAL,2026-10-05,2026-10-18,NOT_DECLINED_ON_COVERAGE,booked leave in HR system,DECLINED,BAL-001,true
SYN004719,ANNUAL,2026-10-05,2026-10-08,NOT_DECLINED_ON_COVERAGE,booked leave in HR system,RECOMMEND_APPROVE,"",true
SYN006741,ADO,2026-10-05,2026-10-11,NOT_DECLINED_ON_COVERAGE,booked leave in HR system,NEEDS_APPROVAL,REQ-004,true
SYN009533,PROF_DEV,2026-10-05,2026-10-06,NOT_DECLINED_ON_COVERAGE,booked leave in HR system,NEEDS_APPROVAL,NOT-004,true
SYN008614,ANNUAL,2026-10-05,2026-10-18,NOT_DECLINED_ON_COVERAGE,booked leave in HR system,RECOMMEND_APPROVE,"",true
SYN001496,ANNUAL,2026-10-05,2026-10-09,NOT_DECLINED_ON_COVERAGE,booked leave in HR system,RECOMMEND_APPROVE,"",true
SYN005086,ANNUAL,2026-10-05,2026-10-18,NOT_DECLINED_ON_COVERAGE,booked leave in HR system,RECOMMEND_APPROVE,"",true
SYN000285,ANNUAL,2026-10-05,2026-10-11,NOT_DECLINED_ON_COVERAGE,booked leave in HR system,RECOMMEND_APPROVE,"",true
SYN003362,ANNUAL,2026-10-05,2026-10-26,NOT_DECLINED_ON_COVERAGE,booked leave in HR system,RECOMMEND_APPROVE,"",true
SYN000861,ANNUAL,2026-10-05,2026-10-09,NOT_DECLINED_ON_COVERAGE,booked leave in HR system,NEEDS_APPROVAL,COV-001,true
SYN009387,ANNUAL,2026-10-05,2026-10-11,NOT_DECLINED_ON_COVERAGE,booked leave in HR system,RECOMMEND_APPROVE,"",true
SYN005606,LONG_SERVICE,2026-10-05,2026-10-18,NOT_DECLINED_ON_COVERAGE,booked leave in HR system,DECLINED,ELG-003|BAL-001|NOT-002,true
SYN003623,TOIL,2026-10-05,2026-10-11,NOT_DECLINED_ON_COVERAGE,booked leave in HR system,RECOMMEND_APPROVE,"",true
SYN007712,ANNUAL,2026-10-05,2026-10-07,NOT_DECLINED_ON_COVERAGE,booked leave in HR system,DECLINED,BAL-001,true
SYN003290,ANNUAL,2026-10-05,2026-10-09,NOT_DECLINED_ON_COVERAGE,booked leave in HR system,RECOMMEND_APPROVE,"",true
SYN003930,ANNUAL,2026-10-05,2026-11-01,NOT_DECLINED_ON_COVERAGE,booked leave in HR system,DECLINED,BAL-001,true
SYN001785,LONG_SERVICE,2026-10-05,2026-10-11,NOT_DECLINED_ON_COVERAGE,booked leave in HR system,DECLINED,BAL-001|NOT-002,true
SYN003352,LONG_SERVICE,2026-10-05,2026-10-25,NOT_DECLINED_ON_COVERAGE,booked leave in HR system,DECLINED,BAL-001|NOT-002,true
SYN001062,TOIL,2026-10-05,2026-10-05,NOT_DECLINED_ON_COVERAGE,booked leave in HR system,NEEDS_APPROVAL,BAL-003,true
SYN006637,LONG_SERVICE,2026-10-05,2026-10-14,NOT_DECLINED_ON_COVERAGE,booked leave in HR system,DECLINED,ELG-003|BAL-001|NOT-002|COV-003,false
SYN004421,PROF_DEV,2026-10-05,2026-10-25,NOT_DECLINED_ON_COVERAGE,booked leave in HR system,DECLINED,NOT-004|COV-001|COV-002,false
SYN001436,ANNUAL,2026-10-05,2026-10-11,NOT_DECLINED_ON_COVERAGE,booked leave in HR system,RECOMMEND_APPROVE,"",true
SYN006177,ADO,2026-10-05,2026-10-18,NOT_DECLINED_ON_COVERAGE,booked leave in HR system,DECLINED,REQ-004|BAL-001,true
SYN007359,PROF_DEV,2026-10-05,2026-10-08,NOT_DECLINED_ON_COVERAGE,booked leave in HR system,NEEDS_APPROVAL,ELG-001|NOT-004|COV-002,true
SYN001050,PROF_DEV,2026-10-05,2026-10-18,NOT_DECLINED_ON_COVERAGE,booked leave in HR system,DECLINED,BAL-001|NOT-004,true
SYN004281,TOIL,2026-10-05,2026-10-05,NOT_DECLINED_ON_COVERAGE,booked leave in HR system,RECOMMEND_APPROVE,"",true
SYN004964,ANNUAL,2026-10-05,2026-10-18,NOT_DECLINED_ON_COVERAGE,booked leave in HR system,DECLINED,BAL-001,true
SYN005218,ANNUAL,2026-10-05,2026-10-06,NOT_DECLINED_ON_COVERAGE,booked leave in HR system,RECOMMEND_APPROVE,"",true
SYN001325,ADO,2026-10-05,2026-10-09,NOT_DECLINED_ON_COVERAGE,booked leave in HR system,NEEDS_APPROVAL,REQ-004|BAL-003,true
SYN002815,TOIL,2026-10-05,2026-10-18,NOT_DECLINED_ON_COVERAGE,booked leave in HR system,RECOMMEND_APPROVE,"",true
SYN004870,TOIL,2026-10-05,2026-10-18,NOT_DECLINED_ON_COVERAGE,booked leave in HR system,RECOMMEND_APPROVE,"",true
SYN007969,ANNUAL,2026-10-05,2026-10-05,NOT_DECLINED_ON_COVERAGE,booked leave in HR system,RECOMMEND_APPROVE,"",true
SYN008648,ANNUAL,2026-10-05,2026-11-01,NOT_DECLINED_ON_COVERAGE,booked leave in HR system,DECLINED,BAL-001,true
SYN004777,ANNUAL,2026-10-05,2026-10-11,NOT_DECLINED_ON_COVERAGE,booked leave in HR system,NEEDS_APPROVAL,COV-002,true
SYN007817,ANNUAL,2026-10-05,2026-10-08,NOT_DECLINED_ON_COVERAGE,booked leave in HR system,RECOMMEND_APPROVE,"",true
SYN008310,TOIL,2026-10-05,2026-10-06,NOT_DECLINED_ON_COVERAGE,booked leave in HR system,RECOMMEND_APPROVE,"",true
SYN006416,ANNUAL,2026-10-05,2026-10-11,NOT_DECLINED_ON_COVERAGE,booked leave in HR system,NEEDS_APPROVAL,COV-002,true
SYN004140,ANNUAL,2026-10-05,2026-10-09,NOT_DECLINED_ON_COVERAGE,booked leave in HR system,RECOMMEND_APPROVE,"",true
SYN000702,ANNUAL,2026-10-05,2026-10-25,NOT_DECLINED_ON_COVERAGE,booked leave in HR system,RECOMMEND_APPROVE,"",true
SYN000041,ANNUAL,2026-10-05,2026-10-24,NOT_DECLINED_ON_COVERAGE,booked leave in HR system,RECOMMEND_APPROVE,"",true
SYN003285,LONG_SERVICE,2026-10-05,2026-10-09,NOT_DECLINED_ON_COVERAGE,booked leave in HR system,DECLINED,BAL-001|NOT-002,true
SYN005813,ANNUAL,2026-10-05,2026-10-18,NOT_DECLINED_ON_COVERAGE,booked leave in HR system,DECLINED,BAL-001,true
SYN007255,LONG_SERVICE,2026-10-05,2026-10-18,NOT_DECLINED_ON_COVERAGE,booked leave in HR system,DECLINED,ELG-003|BAL-001|NOT-002,true
SYN008552,ANNUAL,2026-10-05,2026-10-05,NOT_DECLINED_ON_COVERAGE,booked leave in HR system,RECOMMEND_APPROVE,"",true
SYN003275,ANNUAL,2026-10-05,2026-10-18,NOT_DECLINED_ON_COVERAGE,booked leave in HR system,RECOMMEND_APPROVE,"",true
SYN008584,ANNUAL,2026-10-05,2026-10-06,NOT_DECLINED_ON_COVERAGE,booked leave in HR system,RECOMMEND_APPROVE,"",true
SYN007360,ANNUAL,2026-10-05,2026-10-05,NOT_DECLINED_ON_COVERAGE,booked leave in HR system,RECOMMEND_APPROVE,"",true
SYN002724,ANNUAL,2026-10-05,2026-11-01,NOT_DECLINED_ON_COVERAGE,booked leave in HR system,RECOMMEND_APPROVE,"",true
SYN009031,ANNUAL,2026-10-05,2026-10-11,NOT_DECLINED_ON_COVERAGE,booked leave in HR system,DECLINED,ELG-001|BAL-001,true
SYN002177,ANNUAL,2026-10-05,2026-10-11,NOT_DECLINED_ON_COVERAGE,booked leave in HR system,RECOMMEND_APPROVE,"",true
SYN007772,ANNUAL,2026-10-05,2026-10-25,NOT_DECLINED_ON_COVERAGE,booked leave in HR system,RECOMMEND_APPROVE,"",true
SYN005491,ANNUAL,2026-10-05,2026-10-08,NOT_DECLINED_ON_COVERAGE,booked leave in HR system,RECOMMEND_APPROVE,"",true
SYN008299,ANNUAL,2026-10-05,2026-10-05,NOT_DECLINED_ON_COVERAGE,booked leave in HR system,RECOMMEND_APPROVE,"",true
SYN000404,ANNUAL,2026-10-05,2026-10-25,NOT_DECLINED_ON_COVERAGE,booked leave in HR system,DECLINED,BAL-001,true
SYN001433,ADO,2026-10-05,2026-10-05,NOT_DECLINED_ON_COVERAGE,booked leave in HR system,RECOMMEND_APPROVE,"",true
SYN003247,LONG_SERVICE,2026-10-05,2026-10-12,NOT_DECLINED_ON_COVERAGE,booked leave in HR system,DECLINED,BAL-001|NOT-002,true
SYN003999,ANNUAL,2026-10-05,2026-10-18,NOT_DECLINED_ON_COVERAGE,booked leave in HR system,RECOMMEND_APPROVE,"",true
SYN007053,ANNUAL,2026-10-05,2026-10-18,NOT_DECLINED_ON_COVERAGE,booked leave in HR system,RECOMMEND_APPROVE,"",true
SYN003140,ANNUAL,2026-10-05,2026-10-20,NOT_DECLINED_ON_COVERAGE,booked leave in HR system,RECOMMEND_APPROVE,"",true
SYN007568,ANNUAL,2026-10-05,2026-10-18,NOT_DECLINED_ON_COVERAGE,booked leave in HR system,RECOMMEND_APPROVE,"",true
SYN003180,LONG_SERVICE,2026-10-05,2026-10-11,NOT_DECLINED_ON_COVERAGE,booked leave in HR system,DECLINED,BAL-001|NOT-002,true
SYN004672,LONG_SERVICE,2026-10-05,2026-10-05,NOT_DECLINED_ON_COVERAGE,booked leave in HR system,DECLINED,ELG-003|BAL-001|NOT-002,true
SYN000791,ANNUAL,2026-10-05,2026-10-30,NOT_DECLINED_ON_COVERAGE,booked leave in HR system,RECOMMEND_APPROVE,"",true
SYN000456,PROF_DEV,2026-10-05,2026-10-12,NOT_DECLINED_ON_COVERAGE,booked leave in HR system,NEEDS_APPROVAL,NOT-004,true
SYN001171,ANNUAL,2026-10-05,2026-10-11,NOT_DECLINED_ON_COVERAGE,booked leave in HR system,RECOMMEND_APPROVE,"",true
SYN003457,ANNUAL,2026-10-05,2026-10-18,NOT_DECLINED_ON_COVERAGE,booked leave in HR system,RECOMMEND_APPROVE,"",true
SYN007349,ANNUAL,2026-10-05,2026-10-11,NOT_DECLINED_ON_COVERAGE,booked leave in HR system,DECLINED,BAL-001|COV-002,false
SYN006641,ANNUAL,2026-10-05,2026-10-09,NOT_DECLINED_ON_COVERAGE,booked leave in HR system,RECOMMEND_APPROVE,"",true
SYN001355,ANNUAL,2026-10-05,2026-10-11,NOT_DECLINED_ON_COVERAGE,booked leave in HR system,DECLINED,BAL-001,true
SYN008161,ANNUAL,2026-10-05,2026-10-11,NOT_DECLINED_ON_COVERAGE,booked leave in HR system,RECOMMEND_APPROVE,"",true
SYN000530,PROF_DEV,2026-10-05,2026-10-09,NOT_DECLINED_ON_COVERAGE,booked leave in HR system,NEEDS_APPROVAL,NOT-004,true
SYN002816,ANNUAL,2026-10-05,2026-10-25,NOT_DECLINED_ON_COVERAGE,booked leave in HR system,RECOMMEND_APPROVE,"",true
SYN000497,ADO,2026-10-05,2026-10-16,NOT_DECLINED_ON_COVERAGE,booked leave in HR system,DECLINED,REQ-004|BAL-001,true
SYN003046,LONG_SERVICE,2026-10-05,2026-10-09,NOT_DECLINED_ON_COVERAGE,booked leave in HR system,DECLINED,BAL-001|NOT-002|COV-001,false
SYN005809,ANNUAL,2026-10-05,2026-10-18,NOT_DECLINED_ON_COVERAGE,booked leave in HR system,RECOMMEND_APPROVE,"",true
SYN007606,ANNUAL,2026-10-05,2026-10-07,NOT_DECLINED_ON_COVERAGE,booked leave in HR system,RECOMMEND_APPROVE,"",true
SYN005172,ANNUAL,2026-10-05,2026-10-11,NOT_DECLINED_ON_COVERAGE,booked leave in HR system,RECOMMEND_APPROVE,"",true
SYN005495,ANNUAL,2026-10-05,2026-10-12,NOT_DECLINED_ON_COVERAGE,booked leave in HR system,NEEDS_APPROVAL,COV-002,true
SYN004535,ADO,2026-10-05,2026-10-05,NOT_DECLINED_ON_COVERAGE,booked leave in HR system,RECOMMEND_APPROVE,"",true
SYN004871,ANNUAL,2026-10-05,2026-10-05,NOT_DECLINED_ON_COVERAGE,booked leave in HR system,RECOMMEND_APPROVE,"",true
SYN006242,ANNUAL,2026-10-05,2026-10-09,NOT_DECLINED_ON_COVERAGE,booked leave in HR system,RECOMMEND_APPROVE,"",true
SYN009295,ANNUAL,2026-10-05,2026-10-06,NOT_DECLINED_ON_COVERAGE,booked leave in HR system,RECOMMEND_APPROVE,"",true
SYN002506,LONG_SERVICE,2026-10-05,2026-10-16,NOT_DECLINED_ON_COVERAGE,booked leave in HR system,DECLINED,BAL-001|NOT-002,true
SYN007782,PROF_DEV,2026-10-05,2026-10-09,NOT_DECLINED_ON_COVERAGE,booked leave in HR system,DECLINED,BAL-001|NOT-004,true
SYN002682,ANNUAL,2026-10-05,2026-10-11,NOT_DECLINED_ON_COVERAGE,booked leave in HR system,DECLINED,BAL-001,true
SYN005331,ANNUAL,2026-10-05,2026-10-11,NOT_DECLINED_ON_COVERAGE,booked leave in HR system,RECOMMEND_APPROVE,"",true
SYN000819,ANNUAL,2026-10-05,2026-10-07,NOT_DECLINED_ON_COVERAGE,booked leave in HR system,RECOMMEND_APPROVE,"",true
SYN009080,ANNUAL,2026-10-05,2026-11-01,NOT_DECLINED_ON_COVERAGE,booked leave in HR system,RECOMMEND_APPROVE,"",true
SYN005986,ANNUAL,2026-10-05,2026-10-13,NOT_DECLINED_ON_COVERAGE,booked leave in HR system,RECOMMEND_APPROVE,"",true
SYN006877,ANNUAL,2026-10-05,2026-10-09,NOT_DECLINED_ON_COVERAGE,booked leave in HR system,RECOMMEND_APPROVE,"",true
SYN007536,ADO,2026-10-05,2026-10-11,NOT_DECLINED_ON_COVERAGE,booked leave in HR system,NEEDS_APPROVAL,REQ-004,true
SYN005771,PROF_DEV,2026-10-05,2026-10-09,NOT_DECLINED_ON_COVERAGE,booked leave in HR system,NEEDS_APPROVAL,ELG-001|NOT-004,true
SYN007736,ANNUAL,2026-10-05,2026-10-11,NOT_DECLINED_ON_COVERAGE,booked leave in HR system,RECOMMEND_APPROVE,"",true
SYN003665,ANNUAL,2026-10-05,2026-10-11,NOT_DECLINED_ON_COVERAGE,booked leave in HR system,DECLINED,BAL-001,true
SYN001782,PROF_DEV,2026-10-05,2026-10-07,NOT_DECLINED_ON_COVERAGE,booked leave in HR system,NEEDS_APPROVAL,NOT-004,true
SYN003185,ANNUAL,2026-10-05,2026-10-11,NOT_DECLINED_ON_COVERAGE,booked leave in HR system,RECOMMEND_APPROVE,"",true
SYN004606,ADO,2026-10-05,2026-10-18,NOT_DECLINED_ON_COVERAGE,booked leave in HR system,DECLINED,REQ-004|BAL-001,true
SYN001015,ANNUAL,2026-10-05,2026-10-27,NOT_DECLINED_ON_COVERAGE,booked leave in HR system,DECLINED,BAL-001,true
SYN008369,ANNUAL,2026-10-05,2026-10-25,NOT_DECLINED_ON_COVERAGE,booked leave in HR system,DECLINED,BAL-001|COV-001,false
SYN008591,ANNUAL,2026-10-05,2026-10-12,NOT_DECLINED_ON_COVERAGE,booked leave in HR system,RECOMMEND_APPROVE,"",true
SYN003055,LONG_SERVICE,2026-10-05,2026-10-05,NOT_DECLINED_ON_COVERAGE,booked leave in HR system,NEEDS_APPROVAL,NOT-002,true
SYN006843,TOIL,2026-10-05,2026-10-06,NOT_DECLINED_ON_COVERAGE,booked leave in HR system,RECOMMEND_APPROVE,"",true
SYN003298,ANNUAL,2026-10-05,2026-10-19,NOT_DECLINED_ON_COVERAGE,booked leave in HR system,DECLINED,BAL-001,true
SYN009066,ANNUAL,2026-10-05,2026-10-25,NOT_DECLINED_ON_COVERAGE,booked leave in HR system,DECLINED,ELG-001|BAL-001,true
SYN002540,TOIL,2026-10-05,2026-10-11,NOT_DECLINED_ON_COVERAGE,booked leave in HR system,RECOMMEND_APPROVE,"",true
SYN008467,ANNUAL,2026-10-05,2026-10-09,NOT_DECLINED_ON_COVERAGE,booked leave in HR system,RECOMMEND_APPROVE,"",true
SYN006802,ANNUAL,2026-10-05,2026-10-09,NOT_DECLINED_ON_COVERAGE,booked leave in HR system,NEEDS_APPROVAL,COV-002,true
SYN005352,ANNUAL,2026-10-05,2026-10-06,NOT_DECLINED_ON_COVERAGE,booked leave in HR system,RECOMMEND_APPROVE,"",true
SYN006589,LONG_SERVICE,2026-10-05,2026-10-05,NOT_DECLINED_ON_COVERAGE,booked leave in HR system,DECLINED,ELG-003|BAL-001|NOT-002,true
SYN003011,TOIL,2026-10-05,2026-10-05,NOT_DECLINED_ON_COVERAGE,booked leave in HR system,RECOMMEND_APPROVE,"",true
SYN003879,ANNUAL,2026-10-05,2026-10-21,NOT_DECLINED_ON_COVERAGE,booked leave in HR system,RECOMMEND_APPROVE,"",true
SYN005365,TOIL,2026-10-05,2026-10-05,NOT_DECLINED_ON_COVERAGE,booked leave in HR system,NEEDS_APPROVAL,BAL-003,true
SYN001369,TOIL,2026-10-05,2026-10-05,NOT_DECLINED_ON_COVERAGE,booked leave in HR system,RECOMMEND_APPROVE,"",true
SYN000194,ANNUAL,2026-10-05,2026-11-01,NOT_DECLINED_ON_COVERAGE,booked leave in HR system,DECLINED,BAL-001,true
SYN009331,ANNUAL,2026-10-05,2026-10-07,NOT_DECLINED_ON_COVERAGE,booked leave in HR system,RECOMMEND_APPROVE,"",true
SYN008558,ANNUAL,2026-10-05,2026-10-11,NOT_DECLINED_ON_COVERAGE,booked leave in HR system,RECOMMEND_APPROVE,"",true
SYN005523,ANNUAL,2026-10-05,2026-11-01,NOT_DECLINED_ON_COVERAGE,booked leave in HR system,RECOMMEND_APPROVE,"",true
SYN005984,ANNUAL,2026-10-05,2026-10-18,NOT_DECLINED_ON_COVERAGE,booked leave in HR system,NEEDS_APPROVAL,COV-002,true
SYN006414,ANNUAL,2026-10-05,2026-10-09,NOT_DECLINED_ON_COVERAGE,booked leave in HR system,RECOMMEND_APPROVE,"",true
SYN009155,LONG_SERVICE,2026-10-05,2026-10-05,NOT_DECLINED_ON_COVERAGE,booked leave in HR system,NEEDS_APPROVAL,NOT-002,true
SYN000853,TOIL,2026-10-05,2026-10-11,NOT_DECLINED_ON_COVERAGE,booked leave in HR system,NEEDS_APPROVAL,COV-002,true
SYN006839,ANNUAL,2026-10-05,2026-10-19,NOT_DECLINED_ON_COVERAGE,booked leave in HR system,DECLINED,BAL-001,true
SYN004703,ANNUAL,2026-10-05,2026-10-18,NOT_DECLINED_ON_COVERAGE,booked leave in HR system,RECOMMEND_APPROVE,"",true
SYN004611,TOIL,2026-10-05,2026-10-09,NOT_DECLINED_ON_COVERAGE,booked leave in HR system,DECLINED,BAL-001,true
SYN004316,TOIL,2026-10-05,2026-10-11,NOT_DECLINED_ON_COVERAGE,booked leave in HR system,RECOMMEND_APPROVE,"",true
SYN002746,ANNUAL,2026-10-05,2026-10-09,NOT_DECLINED_ON_COVERAGE,booked leave in HR system,RECOMMEND_APPROVE,"",true
SYN004708,LONG_SERVICE,2026-10-05,2026-10-11,NOT_DECLINED_ON_COVERAGE,booked leave in HR system,DECLINED,ELG-001|ELG-003|BAL-001|NOT-002,true
SYN004364,LONG_SERVICE,2026-10-05,2026-10-11,NOT_DECLINED_ON_COVERAGE,booked leave in HR system,DECLINED,ELG-003|BAL-001|NOT-002,true
SYN009529,ANNUAL,2026-10-05,2026-10-13,NOT_DECLINED_ON_COVERAGE,booked leave in HR system,RECOMMEND_APPROVE,"",true
SYN004350,LONG_SERVICE,2026-10-05,2026-10-20,NOT_DECLINED_ON_COVERAGE,booked leave in HR system,DECLINED,ELG-003|BAL-001|NOT-002|COV-001,false
SYN005932,TOIL,2026-10-05,2026-10-05,NOT_DECLINED_ON_COVERAGE,booked leave in HR system,RECOMMEND_APPROVE,"",true
SYN006462,ANNUAL,2026-10-05,2026-12-06,NOT_DECLINED_ON_COVERAGE,booked leave in HR system,NEEDS_APPROVAL,BAL-003,true
SYN003084,ANNUAL,2026-10-05,2026-10-11,NOT_DECLINED_ON_COVERAGE,booked leave in HR system,RECOMMEND_APPROVE,"",true
SYN006951,TOIL,2026-10-05,2026-10-25,NOT_DECLINED_ON_COVERAGE,booked leave in HR system,DECLINED,BAL-001,true
SYN002036,ANNUAL,2026-10-05,2026-10-05,NOT_DECLINED_ON_COVERAGE,booked leave in HR system,RECOMMEND_APPROVE,"",true
SYN001310,ANNUAL,2026-10-05,2026-10-18,NOT_DECLINED_ON_COVERAGE,booked leave in HR system,RECOMMEND_APPROVE,"",true
SYN008046,ANNUAL,2026-10-05,2026-10-14,NOT_DECLINED_ON_COVERAGE,booked leave in HR system,RECOMMEND_APPROVE,"",true
SYN000993,ANNUAL,2026-10-05,2026-10-11,NOT_DECLINED_ON_COVERAGE,booked leave in HR system,RECOMMEND_APPROVE,"",true
SYN001259,ANNUAL,2026-10-05,2026-10-25,NOT_DECLINED_ON_COVERAGE,booked leave in HR system,DECLINED,BAL-001|COV-001,false
SYN002666,ANNUAL,2026-10-05,2026-10-11,NOT_DECLINED_ON_COVERAGE,booked leave in HR system,NEEDS_APPROVAL,ELG-001,true
SYN002880,ADO,2026-10-05,2026-10-11,NOT_DECLINED_ON_COVERAGE,booked leave in HR system,DECLINED,REQ-004|BAL-001,true
SYN006703,ANNUAL,2026-10-05,2026-10-09,NOT_DECLINED_ON_COVERAGE,booked leave in HR system,RECOMMEND_APPROVE,"",true
SYN003968,ANNUAL,2026-10-05,2026-10-18,NOT_DECLINED_ON_COVERAGE,booked leave in HR system,RECOMMEND_APPROVE,"",true
SYN002538,ANNUAL,2026-10-05,2026-11-08,NOT_DECLINED_ON_COVERAGE,booked leave in HR system,RECOMMEND_APPROVE,"",true
SYN008495,TOIL,2026-10-05,2026-10-09,NOT_DECLINED_ON_COVERAGE,booked leave in HR system,DECLINED,BAL-001|COV-002,false
SYN003396,ANNUAL,2026-10-05,2026-10-12,NOT_DECLINED_ON_COVERAGE,booked leave in HR system,DECLINED,BAL-001,true
SYN007671,ANNUAL,2026-10-05,2026-10-07,NOT_DECLINED_ON_COVERAGE,booked leave in HR system,RECOMMEND_APPROVE,"",true
SYN006633,LONG_SERVICE,2026-10-05,2026-10-05,NOT_DECLINED_ON_COVERAGE,booked leave in HR system,DECLINED,ELG-003|BAL-001|NOT-002,true
SYN003424,ANNUAL,2026-10-05,2026-10-18,NOT_DECLINED_ON_COVERAGE,booked leave in HR system,RECOMMEND_APPROVE,"",true
SYN003904,ANNUAL,2026-10-05,2026-10-11,NOT_DECLINED_ON_COVERAGE,booked leave in HR system,RECOMMEND_APPROVE,"",true
SYN000954,ANNUAL,2026-10-05,2026-11-08,NOT_DECLINED_ON_COVERAGE,booked leave in HR system,DECLINED,BAL-001,true
SYN006806,PROF_DEV,2026-10-05,2026-10-09,NOT_DECLINED_ON_COVERAGE,booked leave in HR system,NEEDS_APPROVAL,NOT-004|COV-003,true
SYN004050,TOIL,2026-10-05,2026-10-05,NOT_DECLINED_ON_COVERAGE,booked leave in HR system,RECOMMEND_APPROVE,"",true
SYN000843,ANNUAL,2026-10-05,2026-10-14,NOT_DECLINED_ON_COVERAGE,booked leave in HR system,RECOMMEND_APPROVE,"",true
SYN004768,PROF_DEV,2026-10-05,2026-10-09,NOT_DECLINED_ON_COVERAGE,booked leave in HR system,NEEDS_APPROVAL,NOT-004,true
SYN009260,LONG_SERVICE,2026-10-05,2026-10-14,NOT_DECLINED_ON_COVERAGE,booked leave in HR system,NEEDS_APPROVAL,NOT-002,true
SYN007936,ANNUAL,2026-10-05,2026-10-05,NOT_DECLINED_ON_COVERAGE,booked leave in HR system,RECOMMEND_APPROVE,"",true
SYN007522,PROF_DEV,2026-10-05,2026-10-06,NOT_DECLINED_ON_COVERAGE,booked leave in HR system,NEEDS_APPROVAL,NOT-004|COV-001,true
SYN008079,ANNUAL,2026-10-05,2026-10-17,NOT_DECLINED_ON_COVERAGE,booked leave in HR system,DECLINED,BAL-001,true
SYN008569,TOIL,2026-10-05,2026-10-18,NOT_DECLINED_ON_COVERAGE,booked leave in HR system,RECOMMEND_APPROVE,"",true
SYN007670,ANNUAL,2026-10-05,2026-10-18,NOT_DECLINED_ON_COVERAGE,booked leave in HR system,DECLINED,BAL-001,true
SYN003134,ANNUAL,2026-10-05,2026-10-11,NOT_DECLINED_ON_COVERAGE,booked leave in HR system,DECLINED,BAL-001,true
SYN009219,ANNUAL,2026-10-05,2026-10-12,NOT_DECLINED_ON_COVERAGE,booked leave in HR system,DECLINED,BAL-001,true
SYN003547,ANNUAL,2026-10-05,2026-10-27,NOT_DECLINED_ON_COVERAGE,booked leave in HR system,RECOMMEND_APPROVE,"",true
SYN008665,ADO,2026-10-05,2026-10-07,NOT_DECLINED_ON_COVERAGE,booked leave in HR system,DECLINED,REQ-004|ELG-002|BAL-003,true
SYN004945,ANNUAL,2026-10-05,2026-11-22,NOT_DECLINED_ON_COVERAGE,booked leave in HR system,RECOMMEND_APPROVE,"",true
SYN002690,LONG_SERVICE,2026-10-05,2026-10-16,NOT_DECLINED_ON_COVERAGE,booked leave in HR system,DECLINED,BAL-001|NOT-002,true
SYN007630,ANNUAL,2026-10-05,2026-10-08,NOT_DECLINED_ON_COVERAGE,booked leave in HR system,RECOMMEND_APPROVE,"",true
SYN001551,ANNUAL,2026-10-05,2026-10-23,NOT_DECLINED_ON_COVERAGE,booked leave in HR system,RECOMMEND_APPROVE,"",true
SYN001909,ANNUAL,2026-10-05,2026-10-09,NOT_DECLINED_ON_COVERAGE,booked leave in HR system,RECOMMEND_APPROVE,"",true
SYN006164,ANNUAL,2026-10-05,2027-01-31,NOT_DECLINED_ON_COVERAGE,booked leave in HR system,DECLINED,REQ-004|BAL-001,true
SYN004940,TOIL,2026-10-05,2026-10-08,NOT_DECLINED_ON_COVERAGE,booked leave in HR system,DECLINED,BAL-001,true
SYN003172,TOIL,2026-10-05,2026-10-05,NOT_DECLINED_ON_COVERAGE,booked leave in HR system,DECLINED,BAL-001|COV-002,false
SYN004504,ANNUAL,2026-10-05,2026-10-18,NOT_DECLINED_ON_COVERAGE,booked leave in HR system,NEEDS_APPROVAL,COV-003,true
SYN004661,TOIL,2026-10-05,2026-10-05,NOT_DECLINED_ON_COVERAGE,booked leave in HR system,NEEDS_APPROVAL,BAL-003,true
SYN005010,ANNUAL,2026-10-05,2026-10-11,NOT_DECLINED_ON_COVERAGE,booked leave in HR system,RECOMMEND_APPROVE,"",true
SYN000140,ANNUAL,2026-10-05,2026-10-18,NOT_DECLINED_ON_COVERAGE,booked leave in HR system,DECLINED,ELG-001|BAL-001,true
SYN000091,LONG_SERVICE,2026-10-05,2026-10-11,NOT_DECLINED_ON_COVERAGE,booked leave in HR system,DECLINED,ELG-003|BAL-001|NOT-002,true
SYN009210,ANNUAL,2026-10-05,2026-11-08,NOT_DECLINED_ON_COVERAGE,booked leave in HR system,DECLINED,COV-001,false
SYN000426,ANNUAL,2026-10-05,2026-10-09,NOT_DECLINED_ON_COVERAGE,booked leave in HR system,RECOMMEND_APPROVE,"",true
SYN008804,ANNUAL,2026-10-05,2026-10-15,NOT_DECLINED_ON_COVERAGE,booked leave in HR system,DECLINED,BAL-001,true
SYN006534,LONG_SERVICE,2026-10-05,2026-10-09,NOT_DECLINED_ON_COVERAGE,booked leave in HR system,DECLINED,ELG-003|BAL-001|NOT-002,true
SYN003549,LONG_SERVICE,2026-10-05,2026-11-02,NOT_DECLINED_ON_COVERAGE,booked leave in HR system,DECLINED,BAL-001|NOT-002,true
SYN000690,TOIL,2026-10-05,2026-10-05,NOT_DECLINED_ON_COVERAGE,booked leave in HR system,NEEDS_APPROVAL,BAL-003,true
SYN001593,PROF_DEV,2026-10-05,2026-10-05,NOT_DECLINED_ON_COVERAGE,booked leave in HR system,NEEDS_APPROVAL,BAL-003|NOT-004,true
SYN001725,LONG_SERVICE,2026-10-05,2026-10-11,NOT_DECLINED_ON_COVERAGE,booked leave in HR system,DECLINED,BAL-001|NOT-002,true
SYN002750,ADO,2026-10-05,2026-10-05,NOT_DECLINED_ON_COVERAGE,booked leave in HR system,RECOMMEND_APPROVE,"",true
SYN007015,ANNUAL,2026-10-05,2026-10-25,NOT_DECLINED_ON_COVERAGE,booked leave in HR system,DECLINED,BAL-001,true
SYN000276,ANNUAL,2026-10-05,2026-10-09,NOT_DECLINED_ON_COVERAGE,booked leave in HR system,NEEDS_APPROVAL,COV-002,true
SYN000594,TOIL,2026-10-05,2026-10-05,NOT_DECLINED_ON_COVERAGE,booked leave in HR system,NEEDS_APPROVAL,BAL-003,true
SYN000081,ANNUAL,2026-10-05,2026-10-12,NOT_DECLINED_ON_COVERAGE,booked leave in HR system,RECOMMEND_APPROVE,"",true
SYN008026,ANNUAL,2026-10-05,2026-10-11,NOT_DECLINED_ON_COVERAGE,booked leave in HR system,DECLINED,BAL-001,true
SYN007062,TOIL,2026-10-05,2026-10-05,NOT_DECLINED_ON_COVERAGE,booked leave in HR system,NEEDS_APPROVAL,BAL-003,true
SYN005435,TOIL,2026-10-05,2026-10-18,NOT_DECLINED_ON_COVERAGE,booked leave in HR system,DECLINED,BAL-001,true
SYN007852,ANNUAL,2026-10-05,2026-10-18,NOT_DECLINED_ON_COVERAGE,booked leave in HR system,RECOMMEND_APPROVE,"",true
SYN005326,ANNUAL,2026-10-05,2026-10-18,NOT_DECLINED_ON_COVERAGE,booked leave in HR system,RECOMMEND_APPROVE,"",true
SYN003145,ANNUAL,2026-10-05,2026-11-01,NOT_DECLINED_ON_COVERAGE,booked leave in HR system,DECLINED,BAL-001,true
SYN004713,LONG_SERVICE,2026-10-05,2026-10-18,NOT_DECLINED_ON_COVERAGE,booked leave in HR system,DECLINED,ELG-003|BAL-001|NOT-002,true
SYN001711,PROF_DEV,2026-10-05,2026-10-11,NOT_DECLINED_ON_COVERAGE,booked leave in HR system,DECLINED,BAL-001|NOT-004|COV-003,false
SYN001518,TOIL,2026-10-05,2026-10-05,NOT_DECLINED_ON_COVERAGE,booked leave in HR system,NEEDS_APPROVAL,BAL-003,true
SYN004467,PROF_DEV,2026-10-05,2026-10-07,NOT_DECLINED_ON_COVERAGE,booked leave in HR system,NEEDS_APPROVAL,NOT-004,true
SYN005835,PROF_DEV,2026-10-05,2026-10-11,NOT_DECLINED_ON_COVERAGE,booked leave in HR system,NEEDS_APPROVAL,NOT-004,true
SYN004712,ANNUAL,2026-10-05,2026-10-06,NOT_DECLINED_ON_COVERAGE,booked leave in HR system,NEEDS_APPROVAL,BAL-003,true
SYN007289,ANNUAL,2026-10-05,2026-11-02,NOT_DECLINED_ON_COVERAGE,booked leave in HR system,DECLINED,BAL-001|COV-002,false
SYN002790,ANNUAL,2026-10-05,2026-10-18,NOT_DECLINED_ON_COVERAGE,booked leave in HR system,RECOMMEND_APPROVE,"",true
SYN009184,ANNUAL,2026-10-05,2026-10-19,NOT_DECLINED_ON_COVERAGE,booked leave in HR system,DECLINED,BAL-001,true
SYN007647,PROF_DEV,2026-10-05,2026-10-10,NOT_DECLINED_ON_COVERAGE,booked leave in HR system,NEEDS_APPROVAL,NOT-004,true
SYN005279,ANNUAL,2026-10-05,2026-10-18,NOT_DECLINED_ON_COVERAGE,booked leave in HR system,RECOMMEND_APPROVE,"",true
SYN007177,LONG_SERVICE,2026-10-05,2026-10-11,NOT_DECLINED_ON_COVERAGE,booked leave in HR system,DECLINED,ELG-003|BAL-001|NOT-002,true
SYN003855,ANNUAL,2026-10-05,2026-10-25,NOT_DECLINED_ON_COVERAGE,booked leave in HR system,DECLINED,COV-001,false
SYN001062,ANNUAL,2026-10-06,2026-10-07,NOT_DECLINED_ON_COVERAGE,booked leave in HR system,RECOMMEND_APPROVE,"",true
SYN001844,ANNUAL,2026-10-06,2026-10-11,NOT_DECLINED_ON_COVERAGE,booked leave in HR system,NEEDS_APPROVAL,ELG-001,true
SYN007640,ANNUAL,2026-10-06,2026-10-07,NOT_DECLINED_ON_COVERAGE,booked leave in HR system,RECOMMEND_APPROVE,"",true
SYN004661,ANNUAL,2026-10-06,2026-10-15,NOT_DECLINED_ON_COVERAGE,booked leave in HR system,RECOMMEND_APPROVE,"",true
SYN005313,ANNUAL,2026-10-06,2026-10-18,NOT_DECLINED_ON_COVERAGE,booked leave in HR system,RECOMMEND_APPROVE,"",true
SYN000832,PROF_DEV,2026-10-06,2026-10-11,NOT_DECLINED_ON_COVERAGE,booked leave in HR system,NEEDS_APPROVAL,NOT-004,true
SYN005590,ANNUAL,2026-10-06,2026-10-06,NOT_DECLINED_ON_COVERAGE,booked leave in HR system,RECOMMEND_APPROVE,"",true
SYN006686,PROF_DEV,2026-10-06,2026-10-09,NOT_DECLINED_ON_COVERAGE,booked leave in HR system,NEEDS_APPROVAL,ELG-001|NOT-004,true
SYN002413,PROF_DEV,2026-10-06,2026-10-06,NOT_DECLINED_ON_COVERAGE,booked leave in HR system,NEEDS_APPROVAL,BAL-003|NOT-004,true
SYN002796,ANNUAL,2026-10-06,2026-10-06,NOT_DECLINED_ON_COVERAGE,booked leave in HR system,RECOMMEND_APPROVE,"",true
SYN005008,ANNUAL,2026-10-06,2026-10-11,NOT_DECLINED_ON_COVERAGE,booked leave in HR system,NEEDS_APPROVAL,ELG-001,true
SYN003394,PROF_DEV,2026-10-06,2026-10-09,NOT_DECLINED_ON_COVERAGE,booked leave in HR system,NEEDS_APPROVAL,NOT-004,true
SYN005712,ANNUAL,2026-10-06,2026-10-11,NOT_DECLINED_ON_COVERAGE,booked leave in HR system,RECOMMEND_APPROVE,"",true
SYN006303,ANNUAL,2026-10-06,2026-10-08,NOT_DECLINED_ON_COVERAGE,booked leave in HR system,RECOMMEND_APPROVE,"",true
SYN008509,LONG_SERVICE,2026-10-06,2026-10-25,NOT_DECLINED_ON_COVERAGE,booked leave in HR system,DECLINED,ELG-003|BAL-001|NOT-002,true
SYN007062,ANNUAL,2026-10-06,2026-10-11,NOT_DECLINED_ON_COVERAGE,booked leave in HR system,RECOMMEND_APPROVE,"",true
SYN006738,ANNUAL,2026-10-06,2026-10-09,NOT_DECLINED_ON_COVERAGE,booked leave in HR system,NEEDS_APPROVAL,COV-002,true
SYN005365,ANNUAL,2026-10-06,2026-10-11,NOT_DECLINED_ON_COVERAGE,booked leave in HR system,RECOMMEND_APPROVE,"",true
SYN007435,ANNUAL,2026-10-06,2026-10-13,NOT_DECLINED_ON_COVERAGE,booked leave in HR system,NEEDS_APPROVAL,COV-001|COV-003|COV-002,true
SYN000594,ANNUAL,2026-10-06,2026-10-11,NOT_DECLINED_ON_COVERAGE,booked leave in HR system,RECOMMEND_APPROVE,"",true
SYN000681,PROF_DEV,2026-10-06,2026-10-06,NOT_DECLINED_ON_COVERAGE,booked leave in HR system,NEEDS_APPROVAL,NOT-004,true
SYN007156,ANNUAL,2026-10-06,2026-10-09,NOT_DECLINED_ON_COVERAGE,booked leave in HR system,RECOMMEND_APPROVE,"",true
SYN000690,ANNUAL,2026-10-06,2026-10-16,NOT_DECLINED_ON_COVERAGE,booked leave in HR system,RECOMMEND_APPROVE,"",true
SYN008307,ANNUAL,2026-10-06,2026-10-06,NOT_DECLINED_ON_COVERAGE,booked leave in HR system,NEEDS_APPROVAL,ELG-001,true
SYN007686,ANNUAL,2026-10-06,2026-10-06,NOT_DECLINED_ON_COVERAGE,booked leave in HR system,RECOMMEND_APPROVE,"",true
SYN007936,ANNUAL,2026-10-06,2026-10-06,NOT_DECLINED_ON_COVERAGE,booked leave in HR system,RECOMMEND_APPROVE,"",true
SYN002047,TOIL,2026-10-06,2026-10-06,NOT_DECLINED_ON_COVERAGE,booked leave in HR system,RECOMMEND_APPROVE,"",true
SYN000960,PROF_DEV,2026-10-06,2026-10-08,NOT_DECLINED_ON_COVERAGE,booked leave in HR system,NEEDS_APPROVAL,NOT-004,true
SYN007788,ANNUAL,2026-10-06,2026-10-08,NOT_DECLINED_ON_COVERAGE,booked leave in HR system,RECOMMEND_APPROVE,"",true
SYN001884,PROF_DEV,2026-10-06,2026-10-07,NOT_DECLINED_ON_COVERAGE,booked leave in HR system,NEEDS_APPROVAL,NOT-004,true
SYN008751,ADO,2026-10-06,2026-10-06,NOT_DECLINED_ON_COVERAGE,booked leave in HR system,RECOMMEND_APPROVE,"",true
SYN005328,ANNUAL,2026-10-06,2026-10-25,NOT_DECLINED_ON_COVERAGE,booked leave in HR system,RECOMMEND_APPROVE,"",true
SYN009514,ANNUAL,2026-10-06,2026-10-06,NOT_DECLINED_ON_COVERAGE,booked leave in HR system,RECOMMEND_APPROVE,"",true
SYN003069,ANNUAL,2026-10-06,2026-10-09,NOT_DECLINED_ON_COVERAGE,booked leave in HR system,RECOMMEND_APPROVE,"",true
SYN008743,LONG_SERVICE,2026-10-06,2026-10-13,NOT_DECLINED_ON_COVERAGE,booked leave in HR system,DECLINED,ELG-001|ELG-003|BAL-001|NOT-002,true
SYN004808,TOIL,2026-10-06,2026-10-06,NOT_DECLINED_ON_COVERAGE,booked leave in HR system,DECLINED,BAL-001|COV-002,false
SYN003172,ANNUAL,2026-10-06,2026-10-18,NOT_DECLINED_ON_COVERAGE,booked leave in HR system,NEEDS_APPROVAL,COV-002,true
SYN008232,LONG_SERVICE,2026-10-06,2026-10-08,NOT_DECLINED_ON_COVERAGE,booked leave in HR system,DECLINED,ELG-001|ELG-003|BAL-001|NOT-002,true
SYN003011,ANNUAL,2026-10-06,2026-10-11,NOT_DECLINED_ON_COVERAGE,booked leave in HR system,RECOMMEND_APPROVE,"",true
SYN007783,ANNUAL,2026-10-06,2026-10-08,NOT_DECLINED_ON_COVERAGE,booked leave in HR system,RECOMMEND_APPROVE,"",true
SYN005932,ANNUAL,2026-10-06,2026-10-11,NOT_DECLINED_ON_COVERAGE,booked leave in HR system,RECOMMEND_APPROVE,"",true
SYN002192,ANNUAL,2026-10-06,2026-10-07,NOT_DECLINED_ON_COVERAGE,booked leave in HR system,RECOMMEND_APPROVE,"",true
SYN005991,TOIL,2026-10-06,2026-10-16,NOT_DECLINED_ON_COVERAGE,booked leave in HR system,DECLINED,BAL-001|COV-002,false
SYN000521,ANNUAL,2026-10-06,2026-10-15,NOT_DECLINED_ON_COVERAGE,booked leave in HR system,RECOMMEND_APPROVE,"",true
SYN009391,ADO,2026-10-06,2026-10-07,NOT_DECLINED_ON_COVERAGE,booked leave in HR system,RECOMMEND_APPROVE,"",true
SYN003486,ADO,2026-10-06,2026-10-12,NOT_DECLINED_ON_COVERAGE,booked leave in HR system,NEEDS_APPROVAL,REQ-004,true
SYN001194,ANNUAL,2026-10-06,2026-10-09,NOT_DECLINED_ON_COVERAGE,booked leave in HR system,RECOMMEND_APPROVE,"",true
SYN000834,ADO,2026-10-06,2026-10-06,NOT_DECLINED_ON_COVERAGE,booked leave in HR system,RECOMMEND_APPROVE,"",true
SYN004144,ANNUAL,2026-10-06,2026-10-06,NOT_DECLINED_ON_COVERAGE,booked leave in HR system,RECOMMEND_APPROVE,"",true
SYN001961,ANNUAL,2026-10-06,2026-10-06,NOT_DECLINED_ON_COVERAGE,booked leave in HR system,DECLINED,BAL-001,true
SYN007134,PROF_DEV,2026-10-06,2026-10-06,NOT_DECLINED_ON_COVERAGE,booked leave in HR system,NEEDS_APPROVAL,BAL-003|NOT-004,true
SYN008308,ANNUAL,2026-10-06,2026-10-19,NOT_DECLINED_ON_COVERAGE,booked leave in HR system,RECOMMEND_APPROVE,"",true
SYN001488,ANNUAL,2026-10-06,2026-10-06,NOT_DECLINED_ON_COVERAGE,booked leave in HR system,RECOMMEND_APPROVE,"",true
SYN001838,ANNUAL,2026-10-07,2026-10-07,NOT_DECLINED_ON_COVERAGE,booked leave in HR system,RECOMMEND_APPROVE,"",true
SYN007615,ADO,2026-10-07,2026-10-13,NOT_DECLINED_ON_COVERAGE,booked leave in HR system,DECLINED,REQ-004|ELG-002|BAL-001,true
SYN006723,ANNUAL,2026-10-07,2026-10-12,NOT_DECLINED_ON_COVERAGE,booked leave in HR system,RECOMMEND_APPROVE,"",true
SYN007502,ANNUAL,2026-10-07,2026-10-07,NOT_DECLINED_ON_COVERAGE,booked leave in HR system,RECOMMEND_APPROVE,"",true
SYN004308,ADO,2026-10-07,2026-10-08,NOT_DECLINED_ON_COVERAGE,booked leave in HR system,NEEDS_APPROVAL,BAL-003,true
SYN009035,TOIL,2026-10-07,2026-10-07,NOT_DECLINED_ON_COVERAGE,booked leave in HR system,DECLINED,BAL-001,true
SYN008438,TOIL,2026-10-07,2026-10-07,NOT_DECLINED_ON_COVERAGE,booked leave in HR system,NEEDS_APPROVAL,ELG-001,true
SYN001488,PROF_DEV,2026-10-07,2026-10-09,NOT_DECLINED_ON_COVERAGE,booked leave in HR system,NEEDS_APPROVAL,NOT-004,true
SYN002047,PROF_DEV,2026-10-07,2026-10-09,NOT_DECLINED_ON_COVERAGE,booked leave in HR system,NEEDS_APPROVAL,NOT-004,true
SYN001463,ANNUAL,2026-10-07,2026-10-11,NOT_DECLINED_ON_COVERAGE,booked leave in HR system,RECOMMEND_APPROVE,"",true
SYN005557,ANNUAL,2026-10-07,2026-10-18,NOT_DECLINED_ON_COVERAGE,booked leave in HR system,RECOMMEND_APPROVE,"",true
SYN008959,ANNUAL,2026-10-07,2026-10-12,NOT_DECLINED_ON_COVERAGE,booked leave in HR system,RECOMMEND_APPROVE,"",true
SYN004410,TOIL,2026-10-07,2026-10-07,NOT_DECLINED_ON_COVERAGE,booked leave in HR system,DECLINED,BAL-001,true
SYN008092,PROF_DEV,2026-10-07,2026-10-08,NOT_DECLINED_ON_COVERAGE,booked leave in HR system,NEEDS_APPROVAL,NOT-004,true
SYN002939,ANNUAL,2026-10-07,2026-10-07,NOT_DECLINED_ON_COVERAGE,booked leave in HR system,RECOMMEND_APPROVE,"",true
SYN004537,ANNUAL,2026-10-07,2026-10-07,NOT_DECLINED_ON_COVERAGE,booked leave in HR system,RECOMMEND_APPROVE,"",true
SYN006992,ANNUAL,2026-10-07,2026-10-07,NOT_DECLINED_ON_COVERAGE,booked leave in HR system,RECOMMEND_APPROVE,"",true
SYN002748,ADO,2026-10-07,2026-10-08,NOT_DECLINED_ON_COVERAGE,booked leave in HR system,NEEDS_APPROVAL,BAL-003,true
SYN007811,ANNUAL,2026-10-07,2026-10-13,NOT_DECLINED_ON_COVERAGE,booked leave in HR system,RECOMMEND_APPROVE,"",true
SYN009508,ANNUAL,2026-10-07,2026-10-07,NOT_DECLINED_ON_COVERAGE,booked leave in HR system,RECOMMEND_APPROVE,"",true
SYN002458,ANNUAL,2026-10-07,2026-10-09,NOT_DECLINED_ON_COVERAGE,booked leave in HR system,NEEDS_APPROVAL,COV-001,true
SYN009009,ANNUAL,2026-10-07,2026-11-01,NOT_DECLINED_ON_COVERAGE,booked leave in HR system,RECOMMEND_APPROVE,"",true
SYN002947,PROF_DEV,2026-10-07,2026-10-12,NOT_DECLINED_ON_COVERAGE,booked leave in HR system,NEEDS_APPROVAL,NOT-004,true
SYN005261,ANNUAL,2026-10-07,2026-10-26,NOT_DECLINED_ON_COVERAGE,booked leave in HR system,DECLINED,COV-001,false
SYN009234,ADO,2026-10-07,2026-10-09,NOT_DECLINED_ON_COVERAGE,booked leave in HR system,DECLINED,REQ-004|BAL-001|COV-003,false
SYN000460,ANNUAL,2026-10-07,2026-10-23,NOT_DECLINED_ON_COVERAGE,booked leave in HR system,DECLINED,BAL-001,true
SYN006836,ANNUAL,2026-10-07,2026-10-16,NOT_DECLINED_ON_COVERAGE,booked leave in HR system,RECOMMEND_APPROVE,"",true
SYN000730,ANNUAL,2026-10-07,2026-10-09,NOT_DECLINED_ON_COVERAGE,booked leave in HR system,RECOMMEND_APPROVE,"",true
SYN001469,ANNUAL,2026-10-07,2026-10-07,NOT_DECLINED_ON_COVERAGE,booked leave in HR system,RECOMMEND_APPROVE,"",true
SYN006136,ANNUAL,2026-10-07,2026-10-16,NOT_DECLINED_ON_COVERAGE,booked leave in HR system,RECOMMEND_APPROVE,"",true
SYN006411,ANNUAL,2026-10-07,2026-10-08,NOT_DECLINED_ON_COVERAGE,booked leave in HR system,RECOMMEND_APPROVE,"",true
SYN006227,ANNUAL,2026-10-07,2026-10-21,NOT_DECLINED_ON_COVERAGE,booked leave in HR system,RECOMMEND_APPROVE,"",true
SYN005894,TOIL,2026-10-07,2026-10-07,NOT_DECLINED_ON_COVERAGE,booked leave in HR system,RECOMMEND_APPROVE,"",true
SYN007485,ANNUAL,2026-10-07,2026-10-14,NOT_DECLINED_ON_COVERAGE,booked leave in HR system,NEEDS_APPROVAL,ELG-001,true
SYN009285,PROF_DEV,2026-10-07,2026-10-07,NOT_DECLINED_ON_COVERAGE,booked leave in HR system,NEEDS_APPROVAL,BAL-003|NOT-004,true
SYN001974,PROF_DEV,2026-10-07,2026-10-09,NOT_DECLINED_ON_COVERAGE,booked leave in HR system,NEEDS_APPROVAL,NOT-004,true
SYN009427,TOIL,2026-10-07,2026-10-07,NOT_DECLINED_ON_COVERAGE,booked leave in HR system,RECOMMEND_APPROVE,"",true
SYN007876,LONG_SERVICE,2026-10-07,2026-10-09,NOT_DECLINED_ON_COVERAGE,booked leave in HR system,NEEDS_APPROVAL,NOT-002,true
SYN000878,ANNUAL,2026-10-07,2026-10-09,NOT_DECLINED_ON_COVERAGE,booked leave in HR system,RECOMMEND_APPROVE,"",true
SYN000795,PROF_DEV,2026-10-07,2026-10-10,NOT_DECLINED_ON_COVERAGE,booked leave in HR system,NEEDS_APPROVAL,NOT-004,true
SYN005513,ANNUAL,2026-10-07,2026-10-07,NOT_DECLINED_ON_COVERAGE,booked leave in HR system,RECOMMEND_APPROVE,"",true
SYN004622,ADO,2026-10-07,2026-10-08,NOT_DECLINED_ON_COVERAGE,booked leave in HR system,RECOMMEND_APPROVE,"",true
SYN002580,ANNUAL,2026-10-07,2026-10-09,NOT_DECLINED_ON_COVERAGE,booked leave in HR system,NEEDS_APPROVAL,ELG-001,true
SYN008191,ANNUAL,2026-10-07,2026-10-11,NOT_DECLINED_ON_COVERAGE,booked leave in HR system,RECOMMEND_APPROVE,"",true
SYN000105,ADO,2026-10-08,2026-10-09,NOT_DECLINED_ON_COVERAGE,booked leave in HR system,RECOMMEND_APPROVE,"",true
SYN008665,ANNUAL,2026-10-08,2026-10-09,NOT_DECLINED_ON_COVERAGE,booked leave in HR system,RECOMMEND_APPROVE,"",true
SYN001733,TOIL,2026-10-08,2026-10-08,NOT_DECLINED_ON_COVERAGE,booked leave in HR system,RECOMMEND_APPROVE,"",true
SYN009073,ANNUAL,2026-10-08,2026-10-08,NOT_DECLINED_ON_COVERAGE,booked leave in HR system,RECOMMEND_APPROVE,"",true
SYN000514,PROF_DEV,2026-10-08,2026-10-10,NOT_DECLINED_ON_COVERAGE,booked leave in HR system,NEEDS_APPROVAL,NOT-004,true
SYN008828,ANNUAL,2026-10-08,2026-10-12,NOT_DECLINED_ON_COVERAGE,booked leave in HR system,RECOMMEND_APPROVE,"",true
SYN005043,ANNUAL,2026-10-08,2026-10-09,NOT_DECLINED_ON_COVERAGE,booked leave in HR system,NEEDS_APPROVAL,COV-001,true
SYN005051,ANNUAL,2026-10-08,2026-10-08,NOT_DECLINED_ON_COVERAGE,booked leave in HR system,DECLINED,ELG-002|BAL-003,true
SYN006822,ANNUAL,2026-10-08,2026-10-09,NOT_DECLINED_ON_COVERAGE,booked leave in HR system,RECOMMEND_APPROVE,"",true
SYN004577,ANNUAL,2026-10-08,2026-10-08,NOT_DECLINED_ON_COVERAGE,booked leave in HR system,RECOMMEND_APPROVE,"",true
SYN008489,ADO,2026-10-08,2026-10-09,NOT_DECLINED_ON_COVERAGE,booked leave in HR system,DECLINED,BAL-001,true
SYN003561,ADO,2026-10-08,2026-10-10,NOT_DECLINED_ON_COVERAGE,booked leave in HR system,DECLINED,REQ-004|BAL-001,true
SYN006838,ANNUAL,2026-10-08,2026-10-18,NOT_DECLINED_ON_COVERAGE,booked leave in HR system,RECOMMEND_APPROVE,"",true
SYN009391,LONG_SERVICE,2026-10-08,2026-10-11,NOT_DECLINED_ON_COVERAGE,booked leave in HR system,DECLINED,ELG-003|BAL-001|NOT-002,true
SYN005397,ANNUAL,2026-10-08,2026-10-09,NOT_DECLINED_ON_COVERAGE,booked leave in HR system,RECOMMEND_APPROVE,"",true
SYN004052,ANNUAL,2026-10-08,2026-10-08,NOT_DECLINED_ON_COVERAGE,booked leave in HR system,RECOMMEND_APPROVE,"",true
SYN002344,ANNUAL,2026-10-08,2026-10-09,NOT_DECLINED_ON_COVERAGE,booked leave in HR system,RECOMMEND_APPROVE,"",true
SYN008931,ANNUAL,2026-10-08,2026-10-19,NOT_DECLINED_ON_COVERAGE,booked leave in HR system,RECOMMEND_APPROVE,"",true
SYN009331,ANNUAL,2026-10-08,2026-10-18,NOT_DECLINED_ON_COVERAGE,booked leave in HR system,RECOMMEND_APPROVE,"",true
SYN009035,TOIL,2026-10-08,2026-10-09,NOT_DECLINED_ON_COVERAGE,booked leave in HR system,DECLINED,BAL-001,true
SYN004286,PROF_DEV,2026-10-08,2026-10-08,NOT_DECLINED_ON_COVERAGE,booked leave in HR system,DECLINED,ELG-002|BAL-003|NOT-004,true
SYN006457,ANNUAL,2026-10-08,2026-10-15,NOT_DECLINED_ON_COVERAGE,booked leave in HR system,RECOMMEND_APPROVE,"",true
SYN006992,ANNUAL,2026-10-08,2026-10-08,NOT_DECLINED_ON_COVERAGE,booked leave in HR system,RECOMMEND_APPROVE,"",true
SYN000253,ANNUAL,2026-10-08,2026-10-08,NOT_DECLINED_ON_COVERAGE,booked leave in HR system,RECOMMEND_APPROVE,"",true
SYN003455,LONG_SERVICE,2026-10-08,2026-10-11,NOT_DECLINED_ON_COVERAGE,booked leave in HR system,DECLINED,BAL-001|NOT-002,true
SYN001265,PROF_DEV,2026-10-08,2026-10-08,NOT_DECLINED_ON_COVERAGE,booked leave in HR system,NEEDS_APPROVAL,BAL-003|NOT-004|COV-002,true
SYN008997,PROF_DEV,2026-10-08,2026-10-09,NOT_DECLINED_ON_COVERAGE,booked leave in HR system,NEEDS_APPROVAL,NOT-004,true
SYN006107,ANNUAL,2026-10-08,2026-10-15,NOT_DECLINED_ON_COVERAGE,booked leave in HR system,RECOMMEND_APPROVE,"",true
SYN000781,ANNUAL,2026-10-08,2026-10-16,NOT_DECLINED_ON_COVERAGE,booked leave in HR system,RECOMMEND_APPROVE,"",true
SYN007704,TOIL,2026-10-08,2026-10-09,NOT_DECLINED_ON_COVERAGE,booked leave in HR system,RECOMMEND_APPROVE,"",true
SYN004089,ANNUAL,2026-10-08,2026-10-08,NOT_DECLINED_ON_COVERAGE,booked leave in HR system,RECOMMEND_APPROVE,"",true
SYN006293,ANNUAL,2026-10-08,2026-10-08,NOT_DECLINED_ON_COVERAGE,booked leave in HR system,RECOMMEND_APPROVE,"",true
SYN009288,ANNUAL,2026-10-08,2026-10-09,NOT_DECLINED_ON_COVERAGE,booked leave in HR system,RECOMMEND_APPROVE,"",true
SYN006584,LONG_SERVICE,2026-10-08,2026-10-09,NOT_DECLINED_ON_COVERAGE,booked leave in HR system,DECLINED,ELG-001|ELG-003|BAL-001|NOT-002,true
SYN003775,ADO,2026-10-08,2026-10-08,NOT_DECLINED_ON_COVERAGE,booked leave in HR system,RECOMMEND_APPROVE,"",true
SYN004546,PROF_DEV,2026-10-08,2026-10-08,NOT_DECLINED_ON_COVERAGE,booked leave in HR system,NEEDS_APPROVAL,BAL-003|NOT-004,true
SYN002321,ADO,2026-10-08,2026-10-10,NOT_DECLINED_ON_COVERAGE,booked leave in HR system,NEEDS_APPROVAL,REQ-004|COV-002,true
SYN001357,ANNUAL,2026-10-08,2026-10-09,NOT_DECLINED_ON_COVERAGE,booked leave in HR system,RECOMMEND_APPROVE,"",true
SYN000303,ADO,2026-10-08,2026-10-09,NOT_DECLINED_ON_COVERAGE,booked leave in HR system,RECOMMEND_APPROVE,"",true
SYN005638,ANNUAL,2026-10-08,2026-10-12,NOT_DECLINED_ON_COVERAGE,booked leave in HR system,NEEDS_APPROVAL,COV-001,true
SYN006505,ANNUAL,2026-10-08,2026-10-08,NOT_DECLINED_ON_COVERAGE,booked leave in HR system,NEEDS_APPROVAL,ELG-001,true
SYN006287,ANNUAL,2026-10-08,2026-10-12,NOT_DECLINED_ON_COVERAGE,booked leave in HR system,RECOMMEND_APPROVE,"",true
SYN001469,PROF_DEV,2026-10-08,2026-10-09,NOT_DECLINED_ON_COVERAGE,booked leave in HR system,DECLINED,BAL-001|NOT-004|COV-001,false
SYN005657,ANNUAL,2026-10-08,2026-10-09,NOT_DECLINED_ON_COVERAGE,booked leave in HR system,NEEDS_APPROVAL,COV-002,true
SYN009477,ANNUAL,2026-10-08,2026-10-08,NOT_DECLINED_ON_COVERAGE,booked leave in HR system,RECOMMEND_APPROVE,"",true
SYN001813,PROF_DEV,2026-10-08,2026-10-08,NOT_DECLINED_ON_COVERAGE,booked leave in HR system,NEEDS_APPROVAL,BAL-003|NOT-004,true
SYN008525,PROF_DEV,2026-10-08,2026-10-08,NOT_DECLINED_ON_COVERAGE,booked leave in HR system,NEEDS_APPROVAL,NOT-004,true
SYN000138,ANNUAL,2026-10-08,2026-10-09,NOT_DECLINED_ON_COVERAGE,booked leave in HR system,RECOMMEND_APPROVE,"",true
SYN003278,TOIL,2026-10-08,2026-10-08,NOT_DECLINED_ON_COVERAGE,booked leave in HR system,RECOMMEND_APPROVE,"",true
SYN002836,ANNUAL,2026-10-08,2026-10-14,NOT_DECLINED_ON_COVERAGE,booked leave in HR system,DECLINED,BAL-001,true
SYN004650,ANNUAL,2026-10-08,2026-10-08,NOT_DECLINED_ON_COVERAGE,booked leave in HR system,RECOMMEND_APPROVE,"",true
SYN007617,ANNUAL,2026-10-08,2026-10-12,NOT_DECLINED_ON_COVERAGE,booked leave in HR system,DECLINED,ELG-002,true
SYN008968,ANNUAL,2026-10-08,2026-10-09,NOT_DECLINED_ON_COVERAGE,booked leave in HR system,NEEDS_APPROVAL,ELG-001,true
SYN000632,ANNUAL,2026-10-08,2026-10-08,NOT_DECLINED_ON_COVERAGE,booked leave in HR system,RECOMMEND_APPROVE,"",true
SYN006479,ANNUAL,2026-10-08,2026-10-11,NOT_DECLINED_ON_COVERAGE,booked leave in HR system,DECLINED,ELG-002,true
SYN001952,ANNUAL,2026-10-08,2026-10-17,NOT_DECLINED_ON_COVERAGE,booked leave in HR system,RECOMMEND_APPROVE,"",true
SYN007238,PROF_DEV,2026-10-08,2026-10-08,NOT_DECLINED_ON_COVERAGE,booked leave in HR system,NEEDS_APPROVAL,BAL-003|NOT-004,true
SYN006848,PROF_DEV,2026-10-09,2026-10-09,NOT_DECLINED_ON_COVERAGE,booked leave in HR system,NEEDS_APPROVAL,NOT-004,true
SYN003685,ANNUAL,2026-10-09,2026-10-09,NOT_DECLINED_ON_COVERAGE,booked leave in HR system,RECOMMEND_APPROVE,"",true
SYN003237,ANNUAL,2026-10-09,2026-10-18,NOT_DECLINED_ON_COVERAGE,booked leave in HR system,RECOMMEND_APPROVE,"",true
SYN009295,ANNUAL,2026-10-09,2026-10-09,NOT_DECLINED_ON_COVERAGE,booked leave in HR system,RECOMMEND_APPROVE,"",true
SYN002749,PROF_DEV,2026-10-09,2026-10-10,NOT_DECLINED_ON_COVERAGE,booked leave in HR system,NEEDS_APPROVAL,NOT-004|COV-005,true
SYN009239,ANNUAL,2026-10-09,2026-10-18,NOT_DECLINED_ON_COVERAGE,booked leave in HR system,DECLINED,BAL-001,true
SYN003346,LONG_SERVICE,2026-10-09,2026-10-09,NOT_DECLINED_ON_COVERAGE,booked leave in HR system,NEEDS_APPROVAL,NOT-002,true
SYN007399,ADO,2026-10-09,2026-10-09,NOT_DECLINED_ON_COVERAGE,booked leave in HR system,DECLINED,BAL-001,true
SYN005508,ANNUAL,2026-10-09,2026-10-16,NOT_DECLINED_ON_COVERAGE,booked leave in HR system,RECOMMEND_APPROVE,"",true
SYN008621,ANNUAL,2026-10-09,2026-10-09,NOT_DECLINED_ON_COVERAGE,booked leave in HR system,RECOMMEND_APPROVE,"",true
SYN002654,ADO,2026-10-09,2026-10-12,NOT_DECLINED_ON_COVERAGE,booked leave in HR system,NEEDS_APPROVAL,REQ-004,true
SYN008678,ANNUAL,2026-10-09,2026-10-09,NOT_DECLINED_ON_COVERAGE,booked leave in HR system,RECOMMEND_APPROVE,"",true
SYN006936,ANNUAL,2026-10-09,2026-10-10,NOT_DECLINED_ON_COVERAGE,booked leave in HR system,NEEDS_APPROVAL,COV-001,true
SYN004308,ANNUAL,2026-10-09,2026-10-12,NOT_DECLINED_ON_COVERAGE,booked leave in HR system,RECOMMEND_APPROVE,"",true
SYN005293,PROF_DEV,2026-10-09,2026-10-11,NOT_DECLINED_ON_COVERAGE,booked leave in HR system,NEEDS_APPROVAL,NOT-004,true
SYN008702,ANNUAL,2026-10-09,2026-10-19,NOT_DECLINED_ON_COVERAGE,booked leave in HR system,RECOMMEND_APPROVE,"",true
SYN002860,TOIL,2026-10-09,2026-10-09,NOT_DECLINED_ON_COVERAGE,booked leave in HR system,RECOMMEND_APPROVE,"",true
SYN000950,ANNUAL,2026-10-09,2026-10-09,NOT_DECLINED_ON_COVERAGE,booked leave in HR system,RECOMMEND_APPROVE,"",true
SYN003517,ADO,2026-10-09,2026-10-09,NOT_DECLINED_ON_COVERAGE,booked leave in HR system,NEEDS_APPROVAL,BAL-003,true
SYN004614,ANNUAL,2026-10-09,2026-10-18,NOT_DECLINED_ON_COVERAGE,booked leave in HR system,RECOMMEND_APPROVE,"",true
SYN004299,ANNUAL,2026-10-09,2026-10-09,NOT_DECLINED_ON_COVERAGE,booked leave in HR system,RECOMMEND_APPROVE,"",true
SYN009142,TOIL,2026-10-09,2026-10-09,NOT_DECLINED_ON_COVERAGE,booked leave in HR system,NEEDS_APPROVAL,ELG-001,true
SYN000159,ANNUAL,2026-10-09,2026-10-09,NOT_DECLINED_ON_COVERAGE,booked leave in HR system,RECOMMEND_APPROVE,"",true
SYN001897,LONG_SERVICE,2026-10-09,2026-10-09,NOT_DECLINED_ON_COVERAGE,booked leave in HR system,DECLINED,BAL-001|NOT-002,true
SYN006496,PROF_DEV,2026-10-09,2026-10-18,NOT_DECLINED_ON_COVERAGE,booked leave in HR system,NEEDS_APPROVAL,NOT-004,true
SYN002161,ANNUAL,2026-10-09,2026-10-09,NOT_DECLINED_ON_COVERAGE,booked leave in HR system,RECOMMEND_APPROVE,"",true
SYN001940,ANNUAL,2026-10-09,2026-10-10,NOT_DECLINED_ON_COVERAGE,booked leave in HR system,RECOMMEND_APPROVE,"",true
SYN004643,PROF_DEV,2026-10-09,2026-10-09,NOT_DECLINED_ON_COVERAGE,booked leave in HR system,NEEDS_APPROVAL,ELG-001|BAL-003|NOT-004,true
SYN007817,ANNUAL,2026-10-09,2026-10-11,NOT_DECLINED_ON_COVERAGE,booked leave in HR system,RECOMMEND_APPROVE,"",true
SYN007788,ADO,2026-10-09,2026-10-09,NOT_DECLINED_ON_COVERAGE,booked leave in HR system,RECOMMEND_APPROVE,"",true
SYN005565,ANNUAL,2026-10-09,2026-10-13,NOT_DECLINED_ON_COVERAGE,booked leave in HR system,RECOMMEND_APPROVE,"",true
SYN003787,ANNUAL,2026-10-09,2026-10-18,NOT_DECLINED_ON_COVERAGE,booked leave in HR system,RECOMMEND_APPROVE,"",true
SYN004652,ADO,2026-10-09,2026-10-09,NOT_DECLINED_ON_COVERAGE,booked leave in HR system,DECLINED,BAL-001,true
SYN003235,ANNUAL,2026-10-09,2026-10-13,NOT_DECLINED_ON_COVERAGE,booked leave in HR system,RECOMMEND_APPROVE,"",true
SYN000691,ANNUAL,2026-10-09,2026-10-09,NOT_DECLINED_ON_COVERAGE,booked leave in HR system,RECOMMEND_APPROVE,"",true
SYN003823,PROF_DEV,2026-10-09,2026-10-09,NOT_DECLINED_ON_COVERAGE,booked leave in HR system,NEEDS_APPROVAL,BAL-003|NOT-004,true
SYN004766,ANNUAL,2026-10-09,2026-10-12,NOT_DECLINED_ON_COVERAGE,booked leave in HR system,NEEDS_APPROVAL,BAL-003,true
SYN001356,PROF_DEV,2026-10-09,2026-10-19,NOT_DECLINED_ON_COVERAGE,booked leave in HR system,NEEDS_APPROVAL,NOT-004,true
SYN007634,ANNUAL,2026-10-09,2026-10-10,NOT_DECLINED_ON_COVERAGE,booked leave in HR system,RECOMMEND_APPROVE,"",true
SYN008245,LONG_SERVICE,2026-10-09,2026-12-04,NOT_DECLINED_ON_COVERAGE,booked leave in HR system,DECLINED,ELG-003|BAL-001|NOT-002|COV-001,false
SYN006311,ANNUAL,2026-10-09,2026-10-19,NOT_DECLINED_ON_COVERAGE,booked leave in HR system,DECLINED,BAL-001,true
SYN005871,ANNUAL,2026-10-09,2026-10-09,NOT_DECLINED_ON_COVERAGE,booked leave in HR system,RECOMMEND_APPROVE,"",true
SYN000596,ANNUAL,2026-10-09,2026-10-09,NOT_DECLINED_ON_COVERAGE,booked leave in HR system,RECOMMEND_APPROVE,"",true
SYN003775,PROF_DEV,2026-10-09,2026-10-09,NOT_DECLINED_ON_COVERAGE,booked leave in HR system,NEEDS_APPROVAL,BAL-003|NOT-004,true
SYN001333,ANNUAL,2026-10-09,2026-10-09,NOT_DECLINED_ON_COVERAGE,booked leave in HR system,RECOMMEND_APPROVE,"",true
SYN003523,ADO,2026-10-09,2026-10-09,NOT_DECLINED_ON_COVERAGE,booked leave in HR system,NEEDS_APPROVAL,BAL-003,true
SYN008993,ANNUAL,2026-10-09,2026-10-11,NOT_DECLINED_ON_COVERAGE,booked leave in HR system,RECOMMEND_APPROVE,"",true
SYN009008,ANNUAL,2026-10-09,2026-10-12,NOT_DECLINED_ON_COVERAGE,booked leave in HR system,RECOMMEND_APPROVE,"",true
SYN004719,PROF_DEV,2026-10-09,2026-10-11,NOT_DECLINED_ON_COVERAGE,booked leave in HR system,NEEDS_APPROVAL,NOT-004,true
SYN003456,PROF_DEV,2026-10-09,2026-10-09,NOT_DECLINED_ON_COVERAGE,booked leave in HR system,NEEDS_APPROVAL,NOT-004,true
SYN000936,ANNUAL,2026-10-09,2026-10-09,NOT_DECLINED_ON_COVERAGE,booked leave in HR system,RECOMMEND_APPROVE,"",true
SYN008142,ADO,2026-10-09,2026-10-10,NOT_DECLINED_ON_COVERAGE,booked leave in HR system,NEEDS_APPROVAL,BAL-003|COV-001,true
SYN006594,ANNUAL,2026-10-09,2026-10-11,NOT_DECLINED_ON_COVERAGE,booked leave in HR system,RECOMMEND_APPROVE,"",true
SYN001714,ADO,2026-10-09,2026-10-09,NOT_DECLINED_ON_COVERAGE,booked leave in HR system,DECLINED,ELG-002|BAL-003,true
SYN001790,PROF_DEV,2026-10-09,2026-10-09,NOT_DECLINED_ON_COVERAGE,booked leave in HR system,NEEDS_APPROVAL,BAL-003|NOT-004,true
SYN003578,ADO,2026-10-09,2026-10-09,NOT_DECLINED_ON_COVERAGE,booked leave in HR system,RECOMMEND_APPROVE,"",true
SYN002004,PROF_DEV,2026-10-09,2026-10-09,NOT_DECLINED_ON_COVERAGE,booked leave in HR system,NEEDS_APPROVAL,NOT-004,true
SYN000703,ANNUAL,2026-10-09,2026-10-10,NOT_DECLINED_ON_COVERAGE,booked leave in HR system,RECOMMEND_APPROVE,"",true
SYN003451,PROF_DEV,2026-10-09,2026-10-09,NOT_DECLINED_ON_COVERAGE,booked leave in HR system,DECLINED,BAL-001|NOT-004,true
SYN009230,ANNUAL,2026-10-09,2026-10-12,NOT_DECLINED_ON_COVERAGE,booked leave in HR system,RECOMMEND_APPROVE,"",true
SYN008028,LONG_SERVICE,2026-10-09,2026-10-09,NOT_DECLINED_ON_COVERAGE,booked leave in HR system,DECLINED,ELG-003|NOT-002,true
SYN004577,ANNUAL,2026-10-09,2026-10-09,NOT_DECLINED_ON_COVERAGE,booked leave in HR system,RECOMMEND_APPROVE,"",true
SYN002499,PROF_DEV,2026-10-09,2026-10-09,NOT_DECLINED_ON_COVERAGE,booked leave in HR system,NEEDS_APPROVAL,BAL-003|NOT-004|COV-002,true
SYN004180,ANNUAL,2026-10-09,2026-10-09,NOT_DECLINED_ON_COVERAGE,booked leave in HR system,RECOMMEND_APPROVE,"",true
SYN000872,PROF_DEV,2026-10-09,2026-10-09,NOT_DECLINED_ON_COVERAGE,booked leave in HR system,NEEDS_APPROVAL,BAL-003|NOT-004,true
SYN007039,ANNUAL,2026-10-09,2026-10-19,NOT_DECLINED_ON_COVERAGE,booked leave in HR system,DECLINED,BAL-001|COV-001|COV-003|COV-002,false
SYN005729,ANNUAL,2026-10-09,2026-10-11,NOT_DECLINED_ON_COVERAGE,booked leave in HR system,RECOMMEND_APPROVE,"",true
SYN004239,PROF_DEV,2026-10-09,2026-10-09,NOT_DECLINED_ON_COVERAGE,booked leave in HR system,NEEDS_APPROVAL,NOT-004,true
SYN008277,PROF_DEV,2026-10-09,2026-10-09,NOT_DECLINED_ON_COVERAGE,booked leave in HR system,NEEDS_APPROVAL,BAL-003|NOT-004,true
SYN001462,PROF_DEV,2026-10-09,2026-10-09,NOT_DECLINED_ON_COVERAGE,booked leave in HR system,NEEDS_APPROVAL,NOT-004,true
SYN007700,PROF_DEV,2026-10-09,2026-10-09,NOT_DECLINED_ON_COVERAGE,booked leave in HR system,NEEDS_APPROVAL,BAL-003|NOT-004,true
SYN004137,TOIL,2026-10-09,2026-10-09,NOT_DECLINED_ON_COVERAGE,booked leave in HR system,RECOMMEND_APPROVE,"",true
SYN004808,TOIL,2026-10-09,2026-10-09,NOT_DECLINED_ON_COVERAGE,booked leave in HR system,RECOMMEND_APPROVE,"",true
SYN000922,LONG_SERVICE,2026-10-09,2026-10-09,NOT_DECLINED_ON_COVERAGE,booked leave in HR system,DECLINED,ELG-003|BAL-001|NOT-002,true
SYN002828,PROF_DEV,2026-10-09,2026-10-09,NOT_DECLINED_ON_COVERAGE,booked leave in HR system,NEEDS_APPROVAL,BAL-003|NOT-004,true
SYN006780,PROF_DEV,2026-10-09,2026-10-12,NOT_DECLINED_ON_COVERAGE,booked leave in HR system,NEEDS_APPROVAL,NOT-004|COV-002,true
SYN002710,ANNUAL,2026-10-09,2026-10-25,NOT_DECLINED_ON_COVERAGE,booked leave in HR system,DECLINED,BAL-001,true
SYN002676,LONG_SERVICE,2026-10-09,2026-10-26,NOT_DECLINED_ON_COVERAGE,booked leave in HR system,NEEDS_APPROVAL,NOT-002,true
SYN007112,ANNUAL,2026-10-09,2026-10-09,NOT_DECLINED_ON_COVERAGE,booked leave in HR system,RECOMMEND_APPROVE,"",true
SYN005084,ANNUAL,2026-10-10,2026-10-13,NOT_DECLINED_ON_COVERAGE,booked leave in HR system,RECOMMEND_APPROVE,"",true
SYN008636,ANNUAL,2026-10-10,2026-10-25,NOT_DECLINED_ON_COVERAGE,booked leave in HR system,RECOMMEND_APPROVE,"",true
SYN009038,ADO,2026-10-10,2026-10-10,NOT_DECLINED_ON_COVERAGE,booked leave in HR system,DECLINED,BAL-001,true
SYN002985,ANNUAL,2026-10-10,2026-10-10,NOT_DECLINED_ON_COVERAGE,booked leave in HR system,RECOMMEND_APPROVE,"",true
SYN008008,ANNUAL,2026-10-10,2026-10-25,NOT_DECLINED_ON_COVERAGE,booked leave in HR system,RECOMMEND_APPROVE,"",true
SYN006806,ANNUAL,2026-10-10,2026-10-11,NOT_DECLINED_ON_COVERAGE,booked leave in HR system,RECOMMEND_APPROVE,"",true
SYN002908,ANNUAL,2026-10-10,2026-10-11,NOT_DECLINED_ON_COVERAGE,booked leave in HR system,RECOMMEND_APPROVE,"",true
SYN006259,PROF_DEV,2026-10-10,2026-10-15,NOT_DECLINED_ON_COVERAGE,booked leave in HR system,NEEDS_APPROVAL,ELG-001|NOT-004,true
SYN008251,ANNUAL,2026-10-10,2026-10-31,NOT_DECLINED_ON_COVERAGE,booked leave in HR system,RECOMMEND_APPROVE,"",true
SYN002288,LONG_SERVICE,2026-10-10,2026-10-14,NOT_DECLINED_ON_COVERAGE,booked leave in HR system,DECLINED,BAL-001|NOT-002,true
SYN001325,ANNUAL,2026-10-10,2026-10-18,NOT_DECLINED_ON_COVERAGE,booked leave in HR system,RECOMMEND_APPROVE,"",true
SYN006108,ANNUAL,2026-10-10,2026-10-24,NOT_DECLINED_ON_COVERAGE,booked leave in HR system,DECLINED,BAL-001,true
SYN007338,ANNUAL,2026-10-10,2026-10-10,NOT_DECLINED_ON_COVERAGE,booked leave in HR system,RECOMMEND_APPROVE,"",true
SYN008812,LONG_SERVICE,2026-10-10,2026-10-10,NOT_DECLINED_ON_COVERAGE,booked leave in HR system,DECLINED,ELG-003|BAL-001|NOT-002,true
SYN009429,ANNUAL,2026-10-10,2026-10-11,NOT_DECLINED_ON_COVERAGE,booked leave in HR system,RECOMMEND_APPROVE,"",true
SYN009275,PROF_DEV,2026-10-10,2026-10-25,NOT_DECLINED_ON_COVERAGE,booked leave in HR system,NEEDS_APPROVAL,NOT-004,true
SYN003197,PROF_DEV,2026-10-10,2026-10-16,NOT_DECLINED_ON_COVERAGE,booked leave in HR system,NEEDS_APPROVAL,NOT-004,true
SYN004218,ANNUAL,2026-10-11,2026-10-18,NOT_DECLINED_ON_COVERAGE,booked leave in HR system,NEEDS_APPROVAL,ELG-001,true
SYN004641,TOIL,2026-10-11,2026-10-17,NOT_DECLINED_ON_COVERAGE,booked leave in HR system,RECOMMEND_APPROVE,"",true
SYN000889,TOIL,2026-10-11,2026-10-13,NOT_DECLINED_ON_COVERAGE,booked leave in HR system,RECOMMEND_APPROVE,"",true
SYN005480,ANNUAL,2026-10-11,2026-10-11,NOT_DECLINED_ON_COVERAGE,booked leave in HR system,RECOMMEND_APPROVE,"",true
SYN002738,ANNUAL,2026-10-11,2026-11-13,NOT_DECLINED_ON_COVERAGE,booked leave in HR system,DECLINED,BAL-001,true
SYN009235,PROF_DEV,2026-10-11,2026-10-19,NOT_DECLINED_ON_COVERAGE,booked leave in HR system,DECLINED,BAL-001|NOT-004,true
SYN000703,ANNUAL,2026-10-11,2026-10-17,NOT_DECLINED_ON_COVERAGE,booked leave in HR system,RECOMMEND_APPROVE,"",true
SYN005946,ANNUAL,2026-10-11,2026-10-15,NOT_DECLINED_ON_COVERAGE,booked leave in HR system,RECOMMEND_APPROVE,"",true
SYN006515,ANNUAL,2026-10-11,2026-10-11,NOT_DECLINED_ON_COVERAGE,booked leave in HR system,NEEDS_APPROVAL,COV-001,true
SYN008706,ANNUAL,2026-10-11,2026-10-20,NOT_DECLINED_ON_COVERAGE,booked leave in HR system,DECLINED,ELG-002|BAL-001,true
SYN000347,ANNUAL,2026-10-11,2026-10-18,NOT_DECLINED_ON_COVERAGE,booked leave in HR system,DECLINED,BAL-001,true
SYN001468,ANNUAL,2026-10-11,2026-10-11,NOT_DECLINED_ON_COVERAGE,booked leave in HR system,RECOMMEND_APPROVE,"",true
SYN009167,ANNUAL,2026-10-11,2026-10-11,NOT_DECLINED_ON_COVERAGE,booked leave in HR system,RECOMMEND_APPROVE,"",true
SYN003510,ANNUAL,2026-10-11,2026-10-11,NOT_DECLINED_ON_COVERAGE,booked leave in HR system,RECOMMEND_APPROVE,"",true
SYN001648,ANNUAL,2026-10-11,2026-11-09,NOT_DECLINED_ON_COVERAGE,booked leave in HR system,DECLINED,BAL-001,true
SYN000989,TOIL,2026-10-11,2026-10-11,NOT_DECLINED_ON_COVERAGE,booked leave in HR system,NEEDS_APPROVAL,ELG-001,true
SYN007573,ANNUAL,2026-10-12,2026-10-12,NOT_DECLINED_ON_COVERAGE,booked leave in HR system,RECOMMEND_APPROVE,"",true
SYN005003,LONG_SERVICE,2026-10-12,2026-11-22,NOT_DECLINED_ON_COVERAGE,booked leave in HR system,NEEDS_APPROVAL,NOT-002,true
SYN002666,ANNUAL,2026-10-12,2026-10-15,NOT_DECLINED_ON_COVERAGE,booked leave in HR system,NEEDS_APPROVAL,ELG-001,true
SYN005480,ANNUAL,2026-10-12,2026-10-18,NOT_DECLINED_ON_COVERAGE,booked leave in HR system,RECOMMEND_APPROVE,"",true
SYN001245,ANNUAL,2026-10-12,2026-10-16,NOT_DECLINED_ON_COVERAGE,booked leave in HR system,RECOMMEND_APPROVE,"",true
SYN002964,ANNUAL,2026-10-12,2026-10-25,NOT_DECLINED_ON_COVERAGE,booked leave in HR system,NEEDS_APPROVAL,BAL-003,true
SYN007389,TOIL,2026-10-12,2026-10-12,NOT_DECLINED_ON_COVERAGE,booked leave in HR system,DECLINED,ELG-002|BAL-003,true
SYN000406,ANNUAL,2026-10-12,2026-11-01,NOT_DECLINED_ON_COVERAGE,booked leave in HR system,RECOMMEND_APPROVE,"",true
SYN007041,ANNUAL,2026-10-12,2026-10-18,NOT_DECLINED_ON_COVERAGE,booked leave in HR system,RECOMMEND_APPROVE,"",true
SYN004777,TOIL,2026-10-12,2026-10-12,NOT_DECLINED_ON_COVERAGE,booked leave in HR system,RECOMMEND_APPROVE,"",true
SYN003274,ANNUAL,2026-10-12,2026-10-25,NOT_DECLINED_ON_COVERAGE,booked leave in HR system,DECLINED,ELG-001|BAL-001,true
SYN004119,ANNUAL,2026-10-12,2026-12-06,NOT_DECLINED_ON_COVERAGE,booked leave in HR system,DECLINED,BAL-001,true
SYN004188,ANNUAL,2026-10-12,2026-10-18,NOT_DECLINED_ON_COVERAGE,booked leave in HR system,RECOMMEND_APPROVE,"",true
SYN008213,PROF_DEV,2026-10-12,2026-10-14,NOT_DECLINED_ON_COVERAGE,booked leave in HR system,NEEDS_APPROVAL,NOT-004,true
SYN007502,ANNUAL,2026-10-12,2026-10-14,NOT_DECLINED_ON_COVERAGE,booked leave in HR system,RECOMMEND_APPROVE,"",true
SYN006265,ANNUAL,2026-10-12,2026-11-08,NOT_DECLINED_ON_COVERAGE,booked leave in HR system,DECLINED,BAL-001|COV-001|COV-002,false
SYN005835,PROF_DEV,2026-10-12,2026-10-17,NOT_DECLINED_ON_COVERAGE,booked leave in HR system,NEEDS_APPROVAL,NOT-004|COV-001,true
SYN000110,ANNUAL,2026-10-12,2026-10-30,NOT_DECLINED_ON_COVERAGE,booked leave in HR system,RECOMMEND_APPROVE,"",true
SYN004064,LONG_SERVICE,2026-10-12,2026-10-18,NOT_DECLINED_ON_COVERAGE,booked leave in HR system,DECLINED,BAL-001|NOT-002,true
SYN004657,LONG_SERVICE,2026-10-12,2026-10-25,NOT_DECLINED_ON_COVERAGE,booked leave in HR system,DECLINED,ELG-003|BAL-001|NOT-002,true
SYN000960,LONG_SERVICE,2026-10-12,2026-10-29,NOT_DECLINED_ON_COVERAGE,booked leave in HR system,NEEDS_APPROVAL,NOT-002,true
SYN006440,TOIL,2026-10-12,2026-10-15,NOT_DECLINED_ON_COVERAGE,booked leave in HR system,RECOMMEND_APPROVE,"",true
SYN000089,PROF_DEV,2026-10-12,2026-10-18,NOT_DECLINED_ON_COVERAGE,booked leave in HR system,NEEDS_APPROVAL,NOT-004,true
SYN009535,ANNUAL,2026-10-12,2026-10-14,NOT_DECLINED_ON_COVERAGE,booked leave in HR system,RECOMMEND_APPROVE,"",true
SYN007688,ANNUAL,2026-10-12,2026-10-25,NOT_DECLINED_ON_COVERAGE,booked leave in HR system,RECOMMEND_APPROVE,"",true
SYN005545,ANNUAL,2026-10-12,2026-10-12,NOT_DECLINED_ON_COVERAGE,booked leave in HR system,RECOMMEND_APPROVE,"",true
SYN007834,TOIL,2026-10-12,2026-11-08,NOT_DECLINED_ON_COVERAGE,booked leave in HR system,DECLINED,BAL-001,true
SYN009152,ANNUAL,2026-10-12,2026-10-25,NOT_DECLINED_ON_COVERAGE,booked leave in HR system,DECLINED,BAL-001,true
SYN000387,ANNUAL,2026-10-12,2026-10-25,NOT_DECLINED_ON_COVERAGE,booked leave in HR system,RECOMMEND_APPROVE,"",true
SYN001898,TOIL,2026-10-12,2026-10-18,NOT_DECLINED_ON_COVERAGE,booked leave in HR system,RECOMMEND_APPROVE,"",true
SYN004292,ADO,2026-10-12,2026-11-08,NOT_DECLINED_ON_COVERAGE,booked leave in HR system,NEEDS_APPROVAL,REQ-004|BAL-003,true
SYN007667,ANNUAL,2026-10-12,2026-10-23,NOT_DECLINED_ON_COVERAGE,booked leave in HR system,NEEDS_APPROVAL,COV-001,true
SYN000479,ANNUAL,2026-10-12,2026-10-14,NOT_DECLINED_ON_COVERAGE,booked leave in HR system,NEEDS_APPROVAL,ELG-001,true
SYN005975,TOIL,2026-10-12,2026-10-14,NOT_DECLINED_ON_COVERAGE,booked leave in HR system,RECOMMEND_APPROVE,"",true
SYN002854,ANNUAL,2026-10-12,2026-10-23,NOT_DECLINED_ON_COVERAGE,booked leave in HR system,RECOMMEND_APPROVE,"",true
SYN003699,ANNUAL,2026-10-12,2026-10-23,NOT_DECLINED_ON_COVERAGE,booked leave in HR system,NEEDS_APPROVAL,COV-001,true
SYN007936,ANNUAL,2026-10-12,2026-10-15,NOT_DECLINED_ON_COVERAGE,booked leave in HR system,RECOMMEND_APPROVE,"",true
SYN003541,ANNUAL,2026-10-12,2026-10-29,NOT_DECLINED_ON_COVERAGE,booked leave in HR system,DECLINED,BAL-001,true
SYN007156,ANNUAL,2026-10-12,2026-10-16,NOT_DECLINED_ON_COVERAGE,booked leave in HR system,RECOMMEND_APPROVE,"",true
SYN005712,ANNUAL,2026-10-12,2026-10-25,NOT_DECLINED_ON_COVERAGE,booked leave in HR system,DECLINED,BAL-001,true
SYN001901,LONG_SERVICE,2026-10-12,2026-11-08,NOT_DECLINED_ON_COVERAGE,booked leave in HR system,DECLINED,BAL-001|NOT-002,true
SYN006703,ANNUAL,2026-10-12,2026-10-12,NOT_DECLINED_ON_COVERAGE,booked leave in HR system,RECOMMEND_APPROVE,"",true
SYN001496,ANNUAL,2026-10-12,2026-10-13,NOT_DECLINED_ON_COVERAGE,booked leave in HR system,RECOMMEND_APPROVE,"",true
SYN004270,LONG_SERVICE,2026-10-12,2026-10-12,NOT_DECLINED_ON_COVERAGE,booked leave in HR system,NEEDS_APPROVAL,NOT-002,true
SYN005650,PROF_DEV,2026-10-12,2026-10-16,NOT_DECLINED_ON_COVERAGE,booked leave in HR system,NEEDS_APPROVAL,NOT-004,true
SYN005133,ANNUAL,2026-10-12,2026-11-01,NOT_DECLINED_ON_COVERAGE,booked leave in HR system,DECLINED,BAL-001,true
SYN001864,ANNUAL,2026-10-12,2026-10-19,NOT_DECLINED_ON_COVERAGE,booked leave in HR system,DECLINED,BAL-001,true
SYN008700,ANNUAL,2026-10-12,2026-10-12,NOT_DECLINED_ON_COVERAGE,booked leave in HR system,RECOMMEND_APPROVE,"",true
SYN007544,ANNUAL,2026-10-12,2026-10-18,NOT_DECLINED_ON_COVERAGE,booked leave in HR system,RECOMMEND_APPROVE,"",true
SYN008525,ANNUAL,2026-10-12,2026-10-14,NOT_DECLINED_ON_COVERAGE,booked leave in HR system,RECOMMEND_APPROVE,"",true
SYN002748,ADO,2026-10-12,2026-10-12,NOT_DECLINED_ON_COVERAGE,booked leave in HR system,NEEDS_APPROVAL,BAL-003,true
SYN001402,ANNUAL,2026-10-12,2026-10-30,NOT_DECLINED_ON_COVERAGE,booked leave in HR system,RECOMMEND_APPROVE,"",true
SYN008791,ANNUAL,2026-10-12,2026-10-22,NOT_DECLINED_ON_COVERAGE,booked leave in HR system,NEEDS_APPROVAL,COV-001,true
SYN000512,ANNUAL,2026-10-12,2026-10-15,NOT_DECLINED_ON_COVERAGE,booked leave in HR system,RECOMMEND_APPROVE,"",true
SYN003505,LONG_SERVICE,2026-10-12,2027-04-11,NOT_DECLINED_ON_COVERAGE,booked leave in HR system,DECLINED,BAL-003|NOT-002|COV-001,false
SYN006160,LONG_SERVICE,2026-10-12,2026-10-16,NOT_DECLINED_ON_COVERAGE,booked leave in HR system,DECLINED,BAL-001|NOT-002,true
SYN004481,ANNUAL,2026-10-12,2026-10-18,NOT_DECLINED_ON_COVERAGE,booked leave in HR system,RECOMMEND_APPROVE,"",true
SYN003120,ANNUAL,2026-10-12,2026-11-08,NOT_DECLINED_ON_COVERAGE,booked leave in HR system,DECLINED,BAL-001,true
SYN001262,ANNUAL,2026-10-12,2026-10-18,NOT_DECLINED_ON_COVERAGE,booked leave in HR system,RECOMMEND_APPROVE,"",true
SYN000107,ANNUAL,2026-10-12,2026-10-16,NOT_DECLINED_ON_COVERAGE,booked leave in HR system,DECLINED,BAL-001,true
SYN003134,TOIL,2026-10-12,2026-10-12,NOT_DECLINED_ON_COVERAGE,booked leave in HR system,NEEDS_APPROVAL,BAL-003,true
SYN003258,ANNUAL,2026-10-12,2026-10-18,NOT_DECLINED_ON_COVERAGE,booked leave in HR system,RECOMMEND_APPROVE,"",true
SYN006894,ANNUAL,2026-10-12,2026-11-01,NOT_DECLINED_ON_COVERAGE,booked leave in HR system,RECOMMEND_APPROVE,"",true
SYN000520,ANNUAL,2026-10-12,2026-10-25,NOT_DECLINED_ON_COVERAGE,booked leave in HR system,RECOMMEND_APPROVE,"",true
SYN007536,TOIL,2026-10-12,2026-10-18,NOT_DECLINED_ON_COVERAGE,booked leave in HR system,RECOMMEND_APPROVE,"",true
SYN006004,LONG_SERVICE,2026-10-12,2026-10-25,NOT_DECLINED_ON_COVERAGE,booked leave in HR system,DECLINED,ELG-003|BAL-001|NOT-002,true
SYN006479,TOIL,2026-10-12,2026-10-18,NOT_DECLINED_ON_COVERAGE,booked leave in HR system,RECOMMEND_APPROVE,"",true
SYN004761,ANNUAL,2026-10-12,2026-10-13,NOT_DECLINED_ON_COVERAGE,booked leave in HR system,RECOMMEND_APPROVE,"",true
SYN007817,TOIL,2026-10-12,2026-10-12,NOT_DECLINED_ON_COVERAGE,booked leave in HR system,NEEDS_APPROVAL,BAL-003,true
SYN004416,ADO,2026-10-12,2026-10-18,NOT_DECLINED_ON_COVERAGE,booked leave in HR system,NEEDS_APPROVAL,REQ-004|ELG-001,true
SYN006848,ANNUAL,2026-10-12,2026-10-13,NOT_DECLINED_ON_COVERAGE,booked leave in HR system,RECOMMEND_APPROVE,"",true
SYN008657,PROF_DEV,2026-10-12,2026-10-16,NOT_DECLINED_ON_COVERAGE,booked leave in HR system,NEEDS_APPROVAL,NOT-004,true
SYN002401,LONG_SERVICE,2026-10-12,2026-10-16,NOT_DECLINED_ON_COVERAGE,booked leave in HR system,DECLINED,BAL-001|NOT-002,true
SYN000019,LONG_SERVICE,2026-10-12,2026-10-18,NOT_DECLINED_ON_COVERAGE,booked leave in HR system,DECLINED,ELG-001|ELG-003|BAL-001|NOT-002,true
SYN009512,ANNUAL,2026-10-12,2026-10-15,NOT_DECLINED_ON_COVERAGE,booked leave in HR system,RECOMMEND_APPROVE,"",true
SYN003677,ANNUAL,2026-10-12,2026-10-25,NOT_DECLINED_ON_COVERAGE,booked leave in HR system,DECLINED,BAL-001|COV-001,false
SYN006843,TOIL,2026-10-12,2026-10-13,NOT_DECLINED_ON_COVERAGE,booked leave in HR system,RECOMMEND_APPROVE,"",true
SYN003455,TOIL,2026-10-12,2026-10-12,NOT_DECLINED_ON_COVERAGE,booked leave in HR system,RECOMMEND_APPROVE,"",true
SYN006594,TOIL,2026-10-12,2026-10-12,NOT_DECLINED_ON_COVERAGE,booked leave in HR system,NEEDS_APPROVAL,BAL-003,true
SYN005218,ANNUAL,2026-10-12,2026-10-18,NOT_DECLINED_ON_COVERAGE,booked leave in HR system,RECOMMEND_APPROVE,"",true
SYN002739,TOIL,2026-10-12,2026-10-18,NOT_DECLINED_ON_COVERAGE,booked leave in HR system,NEEDS_APPROVAL,COV-001,true
SYN000569,ANNUAL,2026-10-12,2026-10-15,NOT_DECLINED_ON_COVERAGE,booked leave in HR system,RECOMMEND_APPROVE,"",true
SYN001468,ANNUAL,2026-10-12,2026-10-25,NOT_DECLINED_ON_COVERAGE,booked leave in HR system,RECOMMEND_APPROVE,"",true
SYN003781,TOIL,2026-10-12,2026-10-13,NOT_DECLINED_ON_COVERAGE,booked leave in HR system,RECOMMEND_APPROVE,"",true
SYN009353,LONG_SERVICE,2026-10-12,2026-10-18,NOT_DECLINED_ON_COVERAGE,booked leave in HR system,DECLINED,ELG-003|BAL-001|NOT-002,true
SYN009416,ANNUAL,2026-10-12,2026-11-03,NOT_DECLINED_ON_COVERAGE,booked leave in HR system,DECLINED,COV-001,false
SYN007104,ANNUAL,2026-10-12,2026-10-22,NOT_DECLINED_ON_COVERAGE,booked leave in HR system,RECOMMEND_APPROVE,"",true
SYN006630,ANNUAL,2026-10-12,2026-11-15,NOT_DECLINED_ON_COVERAGE,booked leave in HR system,RECOMMEND_APPROVE,"",true
SYN006652,TOIL,2026-10-12,2026-10-12,NOT_DECLINED_ON_COVERAGE,booked leave in HR system,RECOMMEND_APPROVE,"",true
SYN000183,ANNUAL,2026-10-12,2026-10-18,NOT_DECLINED_ON_COVERAGE,booked leave in HR system,RECOMMEND_APPROVE,"",true
SYN005317,TOIL,2026-10-12,2026-10-18,NOT_DECLINED_ON_COVERAGE,booked leave in HR system,DECLINED,BAL-001,true
SYN008331,ADO,2026-10-12,2026-10-16,NOT_DECLINED_ON_COVERAGE,booked leave in HR system,NEEDS_APPROVAL,REQ-004,true
SYN002474,ANNUAL,2026-10-12,2026-11-21,NOT_DECLINED_ON_COVERAGE,booked leave in HR system,DECLINED,BAL-001|COV-001|COV-002,false
SYN007043,ANNUAL,2026-10-12,2026-10-18,NOT_DECLINED_ON_COVERAGE,booked leave in HR system,DECLINED,BAL-001,true
SYN008612,ANNUAL,2026-10-12,2026-11-08,NOT_DECLINED_ON_COVERAGE,booked leave in HR system,RECOMMEND_APPROVE,"",true
SYN000532,ANNUAL,2026-10-12,2026-11-01,NOT_DECLINED_ON_COVERAGE,booked leave in HR system,RECOMMEND_APPROVE,"",true
SYN001206,ANNUAL,2026-10-12,2026-10-12,NOT_DECLINED_ON_COVERAGE,booked leave in HR system,RECOMMEND_APPROVE,"",true
SYN005213,TOIL,2026-10-12,2026-10-12,NOT_DECLINED_ON_COVERAGE,booked leave in HR system,RECOMMEND_APPROVE,"",true
SYN008782,ANNUAL,2026-10-12,2026-11-08,NOT_DECLINED_ON_COVERAGE,booked leave in HR system,RECOMMEND_APPROVE,"",true
SYN003203,ANNUAL,2026-10-12,2026-11-03,NOT_DECLINED_ON_COVERAGE,booked leave in HR system,RECOMMEND_APPROVE,"",true
SYN005857,TOIL,2026-10-12,2026-10-12,NOT_DECLINED_ON_COVERAGE,booked leave in HR system,DECLINED,ELG-002|BAL-003,true
SYN002339,ADO,2026-10-12,2026-10-25,NOT_DECLINED_ON_COVERAGE,booked leave in HR system,NEEDS_APPROVAL,REQ-004|BAL-003,true
SYN004154,ANNUAL,2026-10-12,2026-10-18,NOT_DECLINED_ON_COVERAGE,booked leave in HR system,DECLINED,BAL-001,true
SYN001130,TOIL,2026-10-12,2026-10-12,NOT_DECLINED_ON_COVERAGE,booked leave in HR system,NEEDS_APPROVAL,BAL-003,true
SYN008178,ANNUAL,2026-10-12,2026-10-23,NOT_DECLINED_ON_COVERAGE,booked leave in HR system,RECOMMEND_APPROVE,"",true
SYN009387,ANNUAL,2026-10-12,2026-10-13,NOT_DECLINED_ON_COVERAGE,booked leave in HR system,RECOMMEND_APPROVE,"",true
SYN006065,ANNUAL,2026-10-12,2026-10-25,NOT_DECLINED_ON_COVERAGE,booked leave in HR system,NEEDS_APPROVAL,ELG-001|BAL-003,true
SYN009277,ANNUAL,2026-10-12,2026-10-18,NOT_DECLINED_ON_COVERAGE,booked leave in HR system,RECOMMEND_APPROVE,"",true
SYN005046,PROF_DEV,2026-10-12,2026-10-13,NOT_DECLINED_ON_COVERAGE,booked leave in HR system,NEEDS_APPROVAL,NOT-004,true
SYN008001,ANNUAL,2026-10-12,2026-10-18,NOT_DECLINED_ON_COVERAGE,booked leave in HR system,RECOMMEND_APPROVE,"",true
SYN007522,TOIL,2026-10-12,2026-10-12,NOT_DECLINED_ON_COVERAGE,booked leave in HR system,NEEDS_APPROVAL,BAL-003,true
SYN001283,PROF_DEV,2026-10-12,2026-10-18,NOT_DECLINED_ON_COVERAGE,booked leave in HR system,DECLINED,BAL-001|NOT-004,true
SYN002557,TOIL,2026-10-12,2026-10-25,NOT_DECLINED_ON_COVERAGE,booked leave in HR system,NEEDS_APPROVAL,COV-002,true
SYN001063,ADO,2026-10-12,2026-10-25,NOT_DECLINED_ON_COVERAGE,booked leave in HR system,NEEDS_APPROVAL,REQ-004,true
SYN002378,PROF_DEV,2026-10-12,2026-10-25,NOT_DECLINED_ON_COVERAGE,booked leave in HR system,DECLINED,BAL-001|NOT-004,true
SYN001315,ANNUAL,2026-10-12,2026-10-18,NOT_DECLINED_ON_COVERAGE,booked leave in HR system,RECOMMEND_APPROVE,"",true
SYN006996,PROF_DEV,2026-10-12,2026-10-19,NOT_DECLINED_ON_COVERAGE,booked leave in HR system,NEEDS_APPROVAL,NOT-004,true
SYN007509,TOIL,2026-10-12,2026-10-13,NOT_DECLINED_ON_COVERAGE,booked leave in HR system,RECOMMEND_APPROVE,"",true
SYN007011,ANNUAL,2026-10-12,2026-10-16,NOT_DECLINED_ON_COVERAGE,booked leave in HR system,RECOMMEND_APPROVE,"",true
SYN009155,LONG_SERVICE,2026-10-12,2026-10-12,NOT_DECLINED_ON_COVERAGE,booked leave in HR system,NEEDS_APPROVAL,NOT-002,true
SYN001977,ANNUAL,2026-10-12,2026-10-18,NOT_DECLINED_ON_COVERAGE,booked leave in HR system,RECOMMEND_APPROVE,"",true
SYN008484,ANNUAL,2026-10-12,2026-10-25,NOT_DECLINED_ON_COVERAGE,booked leave in HR system,DECLINED,BAL-001,true
SYN003535,ANNUAL,2026-10-12,2026-10-25,NOT_DECLINED_ON_COVERAGE,booked leave in HR system,NEEDS_APPROVAL,BAL-003,true
SYN008818,PROF_DEV,2026-10-12,2026-10-16,NOT_DECLINED_ON_COVERAGE,booked leave in HR system,NEEDS_APPROVAL,NOT-004,true
SYN007973,ANNUAL,2026-10-12,2026-11-08,NOT_DECLINED_ON_COVERAGE,booked leave in HR system,DECLINED,BAL-001,true
SYN003561,ANNUAL,2026-10-12,2026-10-25,NOT_DECLINED_ON_COVERAGE,booked leave in HR system,RECOMMEND_APPROVE,"",true
SYN009098,ANNUAL,2026-10-12,2026-10-15,NOT_DECLINED_ON_COVERAGE,booked leave in HR system,DECLINED,BAL-001,true
SYN006876,ANNUAL,2026-10-12,2026-11-06,NOT_DECLINED_ON_COVERAGE,booked leave in HR system,DECLINED,BAL-001,true
SYN005365,PROF_DEV,2026-10-12,2026-10-25,NOT_DECLINED_ON_COVERAGE,booked leave in HR system,NEEDS_APPROVAL,NOT-004,true
SYN009392,LONG_SERVICE,2026-10-12,2026-12-06,NOT_DECLINED_ON_COVERAGE,booked leave in HR system,DECLINED,ELG-001|ELG-003|BAL-001|NOT-002|COV-001,false
SYN004526,ANNUAL,2026-10-12,2026-10-25,NOT_DECLINED_ON_COVERAGE,booked leave in HR system,RECOMMEND_APPROVE,"",true
SYN006755,LONG_SERVICE,2026-10-12,2026-10-18,NOT_DECLINED_ON_COVERAGE,booked leave in HR system,NEEDS_APPROVAL,NOT-002,true
SYN004708,TOIL,2026-10-12,2026-10-12,NOT_DECLINED_ON_COVERAGE,booked leave in HR system,NEEDS_APPROVAL,ELG-001,true
SYN006937,ANNUAL,2026-10-12,2026-10-18,NOT_DECLINED_ON_COVERAGE,booked leave in HR system,DECLINED,BAL-001,true
SYN006416,LONG_SERVICE,2026-10-12,2026-12-13,NOT_DECLINED_ON_COVERAGE,booked leave in HR system,DECLINED,BAL-001|NOT-002|COV-001|COV-003|COV-002,false
SYN008880,PROF_DEV,2026-10-12,2026-10-16,NOT_DECLINED_ON_COVERAGE,booked leave in HR system,NEEDS_APPROVAL,NOT-004,true
SYN009424,TOIL,2026-10-12,2026-10-18,NOT_DECLINED_ON_COVERAGE,booked leave in HR system,RECOMMEND_APPROVE,"",true
SYN001785,LONG_SERVICE,2026-10-12,2026-10-18,NOT_DECLINED_ON_COVERAGE,booked leave in HR system,DECLINED,BAL-001|NOT-002,true
SYN004317,ADO,2026-10-12,2026-10-25,NOT_DECLINED_ON_COVERAGE,booked leave in HR system,NEEDS_APPROVAL,REQ-004|BAL-003,true
SYN007629,PROF_DEV,2026-10-12,2026-10-15,NOT_DECLINED_ON_COVERAGE,booked leave in HR system,DECLINED,BAL-001|NOT-004,true
SYN006357,TOIL,2026-10-12,2026-10-12,NOT_DECLINED_ON_COVERAGE,booked leave in HR system,NEEDS_APPROVAL,BAL-003,true
SYN007830,ANNUAL,2026-10-12,2026-10-15,NOT_DECLINED_ON_COVERAGE,booked leave in HR system,NEEDS_APPROVAL,COV-002,true
SYN004686,ANNUAL,2026-10-12,2026-10-18,NOT_DECLINED_ON_COVERAGE,booked leave in HR system,RECOMMEND_APPROVE,"",true
SYN003566,PROF_DEV,2026-10-12,2026-11-01,NOT_DECLINED_ON_COVERAGE,booked leave in HR system,NEEDS_APPROVAL,BAL-003|NOT-004,true
SYN005720,PROF_DEV,2026-10-12,2026-10-15,NOT_DECLINED_ON_COVERAGE,booked leave in HR system,NEEDS_APPROVAL,NOT-004|COV-001|COV-005,true
SYN002473,ADO,2026-10-12,2026-10-12,NOT_DECLINED_ON_COVERAGE,booked leave in HR system,NEEDS_APPROVAL,BAL-003,true
SYN008305,PROF_DEV,2026-10-12,2026-10-18,NOT_DECLINED_ON_COVERAGE,booked leave in HR system,NEEDS_APPROVAL,NOT-004,true
SYN006712,ANNUAL,2026-10-12,2026-10-18,NOT_DECLINED_ON_COVERAGE,booked leave in HR system,DECLINED,BAL-001,true
SYN008592,ANNUAL,2026-10-12,2026-10-18,NOT_DECLINED_ON_COVERAGE,booked leave in HR system,RECOMMEND_APPROVE,"",true
SYN001419,ANNUAL,2026-10-12,2026-10-18,NOT_DECLINED_ON_COVERAGE,booked leave in HR system,RECOMMEND_APPROVE,"",true
SYN001379,TOIL,2026-10-12,2026-10-12,NOT_DECLINED_ON_COVERAGE,booked leave in HR system,NEEDS_APPROVAL,BAL-003,true
SYN001147,TOIL,2026-10-12,2026-10-13,NOT_DECLINED_ON_COVERAGE,booked leave in HR system,RECOMMEND_APPROVE,"",true
SYN005665,ANNUAL,2026-10-12,2026-11-22,NOT_DECLINED_ON_COVERAGE,booked leave in HR system,DECLINED,BAL-001,true
SYN008187,ANNUAL,2026-10-12,2026-10-18,NOT_DECLINED_ON_COVERAGE,booked leave in HR system,RECOMMEND_APPROVE,"",true
SYN009012,ANNUAL,2026-10-12,2026-10-19,NOT_DECLINED_ON_COVERAGE,booked leave in HR system,RECOMMEND_APPROVE,"",true
SYN008568,LONG_SERVICE,2026-10-12,2026-10-18,NOT_DECLINED_ON_COVERAGE,booked leave in HR system,DECLINED,ELG-003|BAL-001|NOT-002,true
SYN004692,PROF_DEV,2026-10-12,2026-10-19,NOT_DECLINED_ON_COVERAGE,booked leave in HR system,NEEDS_APPROVAL,NOT-004,true
SYN000740,ANNUAL,2026-10-12,2026-10-18,NOT_DECLINED_ON_COVERAGE,booked leave in HR system,RECOMMEND_APPROVE,"",true
SYN006659,ANNUAL,2026-10-12,2026-10-30,NOT_DECLINED_ON_COVERAGE,booked leave in HR system,RECOMMEND_APPROVE,"",true
SYN003101,ANNUAL,2026-10-12,2026-10-18,NOT_DECLINED_ON_COVERAGE,booked leave in HR system,RECOMMEND_APPROVE,"",true
SYN002908,ANNUAL,2026-10-12,2026-10-14,NOT_DECLINED_ON_COVERAGE,booked leave in HR system,RECOMMEND_APPROVE,"",true
SYN002177,TOIL,2026-10-12,2026-10-12,NOT_DECLINED_ON_COVERAGE,booked leave in HR system,NEEDS_APPROVAL,BAL-003,true
SYN001761,ANNUAL,2026-10-12,2026-11-08,NOT_DECLINED_ON_COVERAGE,booked leave in HR system,NEEDS_APPROVAL,BAL-003,true
SYN001903,ANNUAL,2026-10-12,2026-10-25,NOT_DECLINED_ON_COVERAGE,booked leave in HR system,RECOMMEND_APPROVE,"",true
SYN004134,ADO,2026-10-12,2026-10-23,NOT_DECLINED_ON_COVERAGE,booked leave in HR system,NEEDS_APPROVAL,REQ-004,true
SYN002801,ANNUAL,2026-10-12,2026-10-16,NOT_DECLINED_ON_COVERAGE,booked leave in HR system,RECOMMEND_APPROVE,"",true
SYN005821,ANNUAL,2026-10-12,2026-10-18,NOT_DECLINED_ON_COVERAGE,booked leave in HR system,RECOMMEND_APPROVE,"",true
SYN005779,ANNUAL,2026-10-12,2026-10-18,NOT_DECLINED_ON_COVERAGE,booked leave in HR system,RECOMMEND_APPROVE,"",true
SYN008124,ANNUAL,2026-10-12,2026-11-01,NOT_DECLINED_ON_COVERAGE,booked leave in HR system,RECOMMEND_APPROVE,"",true
SYN000644,ANNUAL,2026-10-12,2026-10-12,NOT_DECLINED_ON_COVERAGE,booked leave in HR system,RECOMMEND_APPROVE,"",true
SYN004255,ANNUAL,2026-10-12,2026-10-18,NOT_DECLINED_ON_COVERAGE,booked leave in HR system,DECLINED,BAL-001,true
SYN003701,LONG_SERVICE,2026-10-12,2026-10-14,NOT_DECLINED_ON_COVERAGE,booked leave in HR system,NEEDS_APPROVAL,NOT-002,true
SYN007361,ANNUAL,2026-10-12,2026-10-16,NOT_DECLINED_ON_COVERAGE,booked leave in HR system,RECOMMEND_APPROVE,"",true
SYN008161,TOIL,2026-10-12,2026-10-12,NOT_DECLINED_ON_COVERAGE,booked leave in HR system,NEEDS_APPROVAL,BAL-003,true
SYN008839,ADO,2026-10-12,2026-10-18,NOT_DECLINED_ON_COVERAGE,booked leave in HR system,DECLINED,REQ-004|ELG-002|BAL-001,true
SYN004719,TOIL,2026-10-12,2026-10-12,NOT_DECLINED_ON_COVERAGE,booked leave in HR system,NEEDS_APPROVAL,BAL-003,true
SYN006134,ANNUAL,2026-10-12,2026-10-18,NOT_DECLINED_ON_COVERAGE,booked leave in HR system,RECOMMEND_APPROVE,"",true
SYN000103,PROF_DEV,2026-10-12,2026-10-18,NOT_DECLINED_ON_COVERAGE,booked leave in HR system,NEEDS_APPROVAL,NOT-004,true
SYN004311,ANNUAL,2026-10-12,2026-10-18,NOT_DECLINED_ON_COVERAGE,booked leave in HR system,RECOMMEND_APPROVE,"",true
SYN005871,TOIL,2026-10-12,2026-10-12,NOT_DECLINED_ON_COVERAGE,booked leave in HR system,NEEDS_APPROVAL,BAL-003,true
SYN003897,ANNUAL,2026-10-12,2026-10-16,NOT_DECLINED_ON_COVERAGE,booked leave in HR system,DECLINED,BAL-001,true
SYN006400,ANNUAL,2026-10-12,2026-10-18,NOT_DECLINED_ON_COVERAGE,booked leave in HR system,RECOMMEND_APPROVE,"",true
SYN006891,LONG_SERVICE,2026-10-12,2026-11-15,NOT_DECLINED_ON_COVERAGE,booked leave in HR system,DECLINED,ELG-003|BAL-001|NOT-002|COV-002,false
SYN002772,ANNUAL,2026-10-12,2026-11-01,NOT_DECLINED_ON_COVERAGE,booked leave in HR system,RECOMMEND_APPROVE,"",true
SYN003646,PROF_DEV,2026-10-12,2026-10-13,NOT_DECLINED_ON_COVERAGE,booked leave in HR system,NEEDS_APPROVAL,NOT-004,true
SYN008778,TOIL,2026-10-12,2026-10-13,NOT_DECLINED_ON_COVERAGE,booked leave in HR system,NEEDS_APPROVAL,ELG-001,true
SYN001436,ANNUAL,2026-10-12,2026-10-18,NOT_DECLINED_ON_COVERAGE,booked leave in HR system,RECOMMEND_APPROVE,"",true
SYN009330,TOIL,2026-10-12,2026-10-18,NOT_DECLINED_ON_COVERAGE,booked leave in HR system,RECOMMEND_APPROVE,"",true
SYN000675,ANNUAL,2026-10-12,2027-01-31,NOT_DECLINED_ON_COVERAGE,booked leave in HR system,DECLINED,REQ-004|ELG-001|ELG-002|BAL-003,true
SYN004407,ANNUAL,2026-10-12,2026-10-18,NOT_DECLINED_ON_COVERAGE,booked leave in HR system,RECOMMEND_APPROVE,"",true
SYN005321,ANNUAL,2026-10-12,2026-10-12,NOT_DECLINED_ON_COVERAGE,booked leave in HR system,RECOMMEND_APPROVE,"",true
SYN008074,ANNUAL,2026-10-12,2026-10-21,NOT_DECLINED_ON_COVERAGE,booked leave in HR system,RECOMMEND_APPROVE,"",true
SYN002333,PROF_DEV,2026-10-12,2026-10-14,NOT_DECLINED_ON_COVERAGE,booked leave in HR system,NEEDS_APPROVAL,NOT-004,true
SYN001192,TOIL,2026-10-12,2026-10-12,NOT_DECLINED_ON_COVERAGE,booked leave in HR system,NEEDS_APPROVAL,BAL-003,true
SYN004473,PROF_DEV,2026-10-12,2026-10-19,NOT_DECLINED_ON_COVERAGE,booked leave in HR system,DECLINED,BAL-001|NOT-004,true
SYN006206,ANNUAL,2026-10-12,2026-10-20,NOT_DECLINED_ON_COVERAGE,booked leave in HR system,DECLINED,ELG-002|COV-002,false
SYN004409,ANNUAL,2026-10-12,2026-10-19,NOT_DECLINED_ON_COVERAGE,booked leave in HR system,RECOMMEND_APPROVE,"",true
SYN007279,LONG_SERVICE,2026-10-12,2026-11-08,NOT_DECLINED_ON_COVERAGE,booked leave in HR system,DECLINED,ELG-003|BAL-001|NOT-002,true
SYN002461,ANNUAL,2026-10-12,2026-10-16,NOT_DECLINED_ON_COVERAGE,booked leave in HR system,DECLINED,BAL-001|COV-001,false
SYN006198,TOIL,2026-10-12,2026-10-14,NOT_DECLINED_ON_COVERAGE,booked leave in HR system,RECOMMEND_APPROVE,"",true
SYN003583,TOIL,2026-10-12,2026-10-12,NOT_DECLINED_ON_COVERAGE,booked leave in HR system,NEEDS_APPROVAL,BAL-003,true
SYN006421,ANNUAL,2026-10-12,2026-10-25,NOT_DECLINED_ON_COVERAGE,booked leave in HR system,DECLINED,BAL-001,true
SYN008908,TOIL,2026-10-12,2026-10-16,NOT_DECLINED_ON_COVERAGE,booked leave in HR system,RECOMMEND_APPROVE,"",true
SYN006788,ANNUAL,2026-10-12,2026-10-25,NOT_DECLINED_ON_COVERAGE,booked leave in HR system,DECLINED,BAL-001,true
SYN008261,LONG_SERVICE,2026-10-12,2026-10-18,NOT_DECLINED_ON_COVERAGE,booked leave in HR system,NEEDS_APPROVAL,NOT-002,true
SYN005932,TOIL,2026-10-12,2026-10-16,NOT_DECLINED_ON_COVERAGE,booked leave in HR system,DECLINED,BAL-001,true
SYN006350,ANNUAL,2026-10-12,2026-10-25,NOT_DECLINED_ON_COVERAGE,booked leave in HR system,RECOMMEND_APPROVE,"",true
SYN006802,ANNUAL,2026-10-12,2026-10-12,NOT_DECLINED_ON_COVERAGE,booked leave in HR system,RECOMMEND_APPROVE,"",true
SYN005423,ANNUAL,2026-10-12,2026-10-24,NOT_DECLINED_ON_COVERAGE,booked leave in HR system,DECLINED,BAL-001|COV-003,false
SYN008623,ANNUAL,2026-10-12,2026-10-16,NOT_DECLINED_ON_COVERAGE,booked leave in HR system,RECOMMEND_APPROVE,"",true
SYN008993,PROF_DEV,2026-10-12,2026-10-16,NOT_DECLINED_ON_COVERAGE,booked leave in HR system,NEEDS_APPROVAL,NOT-004,true
SYN002206,ANNUAL,2026-10-12,2026-10-18,NOT_DECLINED_ON_COVERAGE,booked leave in HR system,RECOMMEND_APPROVE,"",true
SYN004584,ANNUAL,2026-10-12,2026-11-01,NOT_DECLINED_ON_COVERAGE,booked leave in HR system,RECOMMEND_APPROVE,"",true
SYN003907,ANNUAL,2026-10-12,2026-10-25,NOT_DECLINED_ON_COVERAGE,booked leave in HR system,RECOMMEND_APPROVE,"",true
SYN000496,ANNUAL,2026-10-12,2026-10-12,NOT_DECLINED_ON_COVERAGE,booked leave in HR system,RECOMMEND_APPROVE,"",true
SYN001697,TOIL,2026-10-12,2026-10-12,NOT_DECLINED_ON_COVERAGE,booked leave in HR system,DECLINED,ELG-002|BAL-003,true
SYN004316,ANNUAL,2026-10-12,2026-10-18,NOT_DECLINED_ON_COVERAGE,booked leave in HR system,DECLINED,BAL-001,true
SYN000426,PROF_DEV,2026-10-12,2026-10-12,NOT_DECLINED_ON_COVERAGE,booked leave in HR system,NEEDS_APPROVAL,NOT-004|COV-001,true
SYN000294,LONG_SERVICE,2026-10-12,2026-11-02,NOT_DECLINED_ON_COVERAGE,booked leave in HR system,DECLINED,ELG-003|BAL-001|NOT-002,true
SYN000832,ANNUAL,2026-10-12,2026-10-13,NOT_DECLINED_ON_COVERAGE,booked leave in HR system,RECOMMEND_APPROVE,"",true
SYN006942,ANNUAL,2026-10-12,2026-10-16,NOT_DECLINED_ON_COVERAGE,booked leave in HR system,RECOMMEND_APPROVE,"",true
SYN003523,ADO,2026-10-12,2026-10-12,NOT_DECLINED_ON_COVERAGE,booked leave in HR system,NEEDS_APPROVAL,BAL-003,true
SYN008678,ANNUAL,2026-10-12,2026-10-14,NOT_DECLINED_ON_COVERAGE,booked leave in HR system,RECOMMEND_APPROVE,"",true
SYN002345,LONG_SERVICE,2026-10-12,2026-10-25,NOT_DECLINED_ON_COVERAGE,booked leave in HR system,DECLINED,BAL-001|NOT-002,true
SYN006741,TOIL,2026-10-12,2026-10-18,NOT_DECLINED_ON_COVERAGE,booked leave in HR system,DECLINED,BAL-001,true
SYN002675,ANNUAL,2026-10-12,2026-11-15,NOT_DECLINED_ON_COVERAGE,booked leave in HR system,RECOMMEND_APPROVE,"",true
SYN003345,LONG_SERVICE,2026-10-13,2026-10-18,NOT_DECLINED_ON_COVERAGE,booked leave in HR system,NEEDS_APPROVAL,NOT-002,true
SYN005871,ANNUAL,2026-10-13,2026-10-13,NOT_DECLINED_ON_COVERAGE,booked leave in HR system,RECOMMEND_APPROVE,"",true
SYN008270,TOIL,2026-10-13,2026-10-13,NOT_DECLINED_ON_COVERAGE,booked leave in HR system,NEEDS_APPROVAL,ELG-001,true
SYN004004,ADO,2026-10-13,2026-10-13,NOT_DECLINED_ON_COVERAGE,booked leave in HR system,RECOMMEND_APPROVE,"",true
SYN006802,ANNUAL,2026-10-13,2026-10-13,NOT_DECLINED_ON_COVERAGE,booked leave in HR system,RECOMMEND_APPROVE,"",true
SYN005253,ANNUAL,2026-10-13,2026-10-22,NOT_DECLINED_ON_COVERAGE,booked leave in HR system,DECLINED,BAL-001,true
SYN001192,ANNUAL,2026-10-13,2026-10-18,NOT_DECLINED_ON_COVERAGE,booked leave in HR system,RECOMMEND_APPROVE,"",true
SYN007389,ANNUAL,2026-10-13,2026-10-22,NOT_DECLINED_ON_COVERAGE,booked leave in HR system,RECOMMEND_APPROVE,"",true
SYN003651,ANNUAL,2026-10-13,2026-10-20,NOT_DECLINED_ON_COVERAGE,booked leave in HR system,NEEDS_APPROVAL,COV-001,true
SYN006652,ANNUAL,2026-10-13,2026-10-16,NOT_DECLINED_ON_COVERAGE,booked leave in HR system,DECLINED,ELG-002|BAL-003,true
SYN008218,TOIL,2026-10-13,2026-10-13,NOT_DECLINED_ON_COVERAGE,booked leave in HR system,NEEDS_APPROVAL,ELG-001,true
SYN000058,ANNUAL,2026-10-13,2026-10-16,NOT_DECLINED_ON_COVERAGE,booked leave in HR system,DECLINED,BAL-001,true
SYN001130,LONG_SERVICE,2026-10-13,2026-10-25,NOT_DECLINED_ON_COVERAGE,booked leave in HR system,DECLINED,ELG-003|BAL-001|NOT-002,true
SYN004202,ANNUAL,2026-10-13,2026-11-12,NOT_DECLINED_ON_COVERAGE,booked leave in HR system,RECOMMEND_APPROVE,"",true
SYN002177,ANNUAL,2026-10-13,2026-10-18,NOT_DECLINED_ON_COVERAGE,booked leave in HR system,RECOMMEND_APPROVE,"",true
SYN004708,LONG_SERVICE,2026-10-13,2026-10-30,NOT_DECLINED_ON_COVERAGE,booked leave in HR system,DECLINED,ELG-001|ELG-003|BAL-001|NOT-002,true
SYN002129,ANNUAL,2026-10-13,2026-10-15,NOT_DECLINED_ON_COVERAGE,booked leave in HR system,RECOMMEND_APPROVE,"",true
SYN001771,PROF_DEV,2026-10-13,2026-10-13,NOT_DECLINED_ON_COVERAGE,booked leave in HR system,NEEDS_APPROVAL,NOT-004,true
SYN004531,ANNUAL,2026-10-13,2026-10-18,NOT_DECLINED_ON_COVERAGE,booked leave in HR system,RECOMMEND_APPROVE,"",true
SYN006780,ANNUAL,2026-10-13,2026-10-16,NOT_DECLINED_ON_COVERAGE,booked leave in HR system,RECOMMEND_APPROVE,"",true
SYN008161,ANNUAL,2026-10-13,2026-10-18,NOT_DECLINED_ON_COVERAGE,booked leave in HR system,RECOMMEND_APPROVE,"",true
SYN005857,LONG_SERVICE,2026-10-13,2026-11-15,NOT_DECLINED_ON_COVERAGE,booked leave in HR system,DECLINED,ELG-001|ELG-003|BAL-001|NOT-002,true
SYN006809,ADO,2026-10-13,2026-10-16,NOT_DECLINED_ON_COVERAGE,booked leave in HR system,DECLINED,REQ-004|BAL-001,true
SYN000247,PROF_DEV,2026-10-13,2026-10-13,NOT_DECLINED_ON_COVERAGE,booked leave in HR system,NEEDS_APPROVAL,NOT-004|COV-001,true
SYN004097,ANNUAL,2026-10-13,2026-11-09,NOT_DECLINED_ON_COVERAGE,booked leave in HR system,DECLINED,COV-001,false
SYN007089,ADO,2026-10-13,2026-10-14,NOT_DECLINED_ON_COVERAGE,booked leave in HR system,RECOMMEND_APPROVE,"",true
SYN007782,ANNUAL,2026-10-13,2026-10-16,NOT_DECLINED_ON_COVERAGE,booked leave in HR system,DECLINED,BAL-001,true
SYN000253,ANNUAL,2026-10-13,2026-10-13,NOT_DECLINED_ON_COVERAGE,booked leave in HR system,RECOMMEND_APPROVE,"",true
SYN003911,ANNUAL,2026-10-13,2026-10-16,NOT_DECLINED_ON_COVERAGE,booked leave in HR system,RECOMMEND_APPROVE,"",true
SYN004183,PROF_DEV,2026-10-13,2026-10-16,NOT_DECLINED_ON_COVERAGE,booked leave in HR system,NEEDS_APPROVAL,NOT-004,true
SYN004225,PROF_DEV,2026-10-13,2026-10-13,NOT_DECLINED_ON_COVERAGE,booked leave in HR system,NEEDS_APPROVAL,NOT-004,true
SYN001258,ANNUAL,2026-10-13,2026-10-14,NOT_DECLINED_ON_COVERAGE,booked leave in HR system,DECLINED,BAL-001,true
SYN000868,ANNUAL,2026-10-13,2026-10-16,NOT_DECLINED_ON_COVERAGE,booked leave in HR system,RECOMMEND_APPROVE,"",true
SYN006069,PROF_DEV,2026-10-13,2026-10-18,NOT_DECLINED_ON_COVERAGE,booked leave in HR system,NEEDS_APPROVAL,NOT-004,true
SYN000205,ANNUAL,2026-10-13,2026-10-23,NOT_DECLINED_ON_COVERAGE,booked leave in HR system,RECOMMEND_APPROVE,"",true
SYN005794,ANNUAL,2026-10-13,2026-10-26,NOT_DECLINED_ON_COVERAGE,booked leave in HR system,RECOMMEND_APPROVE,"",true
SYN007393,PROF_DEV,2026-10-13,2026-10-13,NOT_DECLINED_ON_COVERAGE,booked leave in HR system,NEEDS_APPROVAL,BAL-003|NOT-004,true
SYN000618,TOIL,2026-10-13,2026-10-13,NOT_DECLINED_ON_COVERAGE,booked leave in HR system,RECOMMEND_APPROVE,"",true
SYN004777,ANNUAL,2026-10-13,2026-10-17,NOT_DECLINED_ON_COVERAGE,booked leave in HR system,RECOMMEND_APPROVE,"",true
SYN004509,ANNUAL,2026-10-13,2026-10-28,NOT_DECLINED_ON_COVERAGE,booked leave in HR system,RECOMMEND_APPROVE,"",true
SYN003583,ANNUAL,2026-10-13,2026-10-19,NOT_DECLINED_ON_COVERAGE,booked leave in HR system,RECOMMEND_APPROVE,"",true
SYN007751,PROF_DEV,2026-10-13,2026-10-13,NOT_DECLINED_ON_COVERAGE,booked leave in HR system,NEEDS_APPROVAL,BAL-003|NOT-004,true
SYN004437,ANNUAL,2026-10-13,2026-10-21,NOT_DECLINED_ON_COVERAGE,booked leave in HR system,RECOMMEND_APPROVE,"",true
SYN001357,ANNUAL,2026-10-13,2026-10-14,NOT_DECLINED_ON_COVERAGE,booked leave in HR system,RECOMMEND_APPROVE,"",true
SYN002344,PROF_DEV,2026-10-13,2026-10-13,NOT_DECLINED_ON_COVERAGE,booked leave in HR system,NEEDS_APPROVAL,BAL-003|NOT-004|COV-001,true
SYN006818,ANNUAL,2026-10-13,2026-10-29,NOT_DECLINED_ON_COVERAGE,booked leave in HR system,DECLINED,BAL-001,true
SYN003846,PROF_DEV,2026-10-13,2026-10-13,NOT_DECLINED_ON_COVERAGE,booked leave in HR system,NEEDS_APPROVAL,BAL-003|NOT-004,true
SYN002947,ANNUAL,2026-10-13,2026-10-18,NOT_DECLINED_ON_COVERAGE,booked leave in HR system,RECOMMEND_APPROVE,"",true
SYN000481,PROF_DEV,2026-10-13,2026-10-13,NOT_DECLINED_ON_COVERAGE,booked leave in HR system,NEEDS_APPROVAL,BAL-003|NOT-004,true
SYN007671,ANNUAL,2026-10-13,2026-10-14,NOT_DECLINED_ON_COVERAGE,booked leave in HR system,RECOMMEND_APPROVE,"",true
SYN005359,LONG_SERVICE,2026-10-13,2026-10-18,NOT_DECLINED_ON_COVERAGE,booked leave in HR system,NEEDS_APPROVAL,NOT-002,true
SYN004339,PROF_DEV,2026-10-13,2026-10-14,NOT_DECLINED_ON_COVERAGE,booked leave in HR system,NEEDS_APPROVAL,NOT-004,true
SYN002564,TOIL,2026-10-13,2026-10-13,NOT_DECLINED_ON_COVERAGE,booked leave in HR system,RECOMMEND_APPROVE,"",true
SYN003455,LONG_SERVICE,2026-10-13,2026-11-06,NOT_DECLINED_ON_COVERAGE,booked leave in HR system,DECLINED,BAL-001|NOT-002,true
SYN007650,ANNUAL,2026-10-13,2026-10-13,NOT_DECLINED_ON_COVERAGE,booked leave in HR system,RECOMMEND_APPROVE,"",true
SYN001625,ANNUAL,2026-10-13,2027-01-07,NOT_DECLINED_ON_COVERAGE,booked leave in HR system,DECLINED,REQ-004|BAL-003|COV-001,false
SYN007522,PROF_DEV,2026-10-13,2026-10-13,NOT_DECLINED_ON_COVERAGE,booked leave in HR system,NEEDS_APPROVAL,NOT-004|COV-001,true
SYN004239,PROF_DEV,2026-10-13,2026-10-14,NOT_DECLINED_ON_COVERAGE,booked leave in HR system,NEEDS_APPROVAL,NOT-004,true
SYN004719,PROF_DEV,2026-10-13,2026-10-22,NOT_DECLINED_ON_COVERAGE,booked leave in HR system,NEEDS_APPROVAL,NOT-004,true
SYN001697,ANNUAL,2026-10-13,2026-10-18,NOT_DECLINED_ON_COVERAGE,booked leave in HR system,RECOMMEND_APPROVE,"",true
SYN000355,ANNUAL,2026-10-13,2026-10-14,NOT_DECLINED_ON_COVERAGE,booked leave in HR system,RECOMMEND_APPROVE,"",true
SYN006795,PROF_DEV,2026-10-13,2026-10-16,NOT_DECLINED_ON_COVERAGE,booked leave in HR system,NEEDS_APPROVAL,ELG-001|NOT-004,true
SYN009437,PROF_DEV,2026-10-13,2026-10-14,NOT_DECLINED_ON_COVERAGE,booked leave in HR system,NEEDS_APPROVAL,NOT-004,true
SYN008851,ANNUAL,2026-10-13,2026-10-23,NOT_DECLINED_ON_COVERAGE,booked leave in HR system,RECOMMEND_APPROVE,"",true
SYN006527,ANNUAL,2026-10-13,2026-10-22,NOT_DECLINED_ON_COVERAGE,booked leave in HR system,RECOMMEND_APPROVE,"",true
SYN007817,ANNUAL,2026-10-13,2026-10-18,NOT_DECLINED_ON_COVERAGE,booked leave in HR system,RECOMMEND_APPROVE,"",true
SYN006357,LONG_SERVICE,2026-10-13,2026-11-01,NOT_DECLINED_ON_COVERAGE,booked leave in HR system,DECLINED,ELG-003|BAL-001|NOT-002,true
SYN008999,ANNUAL,2026-10-13,2026-10-13,NOT_DECLINED_ON_COVERAGE,booked leave in HR system,DECLINED,ELG-002|BAL-001,true
SYN005805,ANNUAL,2026-10-13,2026-10-13,NOT_DECLINED_ON_COVERAGE,booked leave in HR system,RECOMMEND_APPROVE,"",true
SYN007917,PROF_DEV,2026-10-13,2026-10-13,NOT_DECLINED_ON_COVERAGE,booked leave in HR system,NEEDS_APPROVAL,BAL-003|NOT-004,true
SYN007297,ANNUAL,2026-10-13,2026-10-14,NOT_DECLINED_ON_COVERAGE,booked leave in HR system,RECOMMEND_APPROVE,"",true
SYN004537,ANNUAL,2026-10-14,2026-10-15,NOT_DECLINED_ON_COVERAGE,booked leave in HR system,RECOMMEND_APPROVE,"",true
SYN007109,ANNUAL,2026-10-14,2026-10-15,NOT_DECLINED_ON_COVERAGE,booked leave in HR system,RECOMMEND_APPROVE,"",true
SYN003838,ANNUAL,2026-10-14,2026-10-18,NOT_DECLINED_ON_COVERAGE,booked leave in HR system,RECOMMEND_APPROVE,"",true
SYN002973,TOIL,2026-10-14,2026-10-17,NOT_DECLINED_ON_COVERAGE,booked leave in HR system,DECLINED,BAL-001,true
SYN007767,ANNUAL,2026-10-14,2026-10-15,NOT_DECLINED_ON_COVERAGE,booked leave in HR system,NEEDS_APPROVAL,COV-001,true
SYN001462,PROF_DEV,2026-10-14,2026-10-16,NOT_DECLINED_ON_COVERAGE,booked leave in HR system,NEEDS_APPROVAL,NOT-004,true
SYN007862,PROF_DEV,2026-10-14,2026-10-14,NOT_DECLINED_ON_COVERAGE,booked leave in HR system,NEEDS_APPROVAL,NOT-004,true
SYN007074,ANNUAL,2026-10-14,2026-10-14,NOT_DECLINED_ON_COVERAGE,booked leave in HR system,RECOMMEND_APPROVE,"",true
SYN005041,ANNUAL,2026-10-14,2026-11-08,NOT_DECLINED_ON_COVERAGE,booked leave in HR system,DECLINED,ELG-002|BAL-001,true
SYN000307,ANNUAL,2026-10-14,2026-10-25,NOT_DECLINED_ON_COVERAGE,booked leave in HR system,RECOMMEND_APPROVE,"",true
SYN009131,ANNUAL,2026-10-14,2026-10-16,NOT_DECLINED_ON_COVERAGE,booked leave in HR system,RECOMMEND_APPROVE,"",true
SYN007138,PROF_DEV,2026-10-14,2026-10-15,NOT_DECLINED_ON_COVERAGE,booked leave in HR system,NEEDS_APPROVAL,NOT-004,true
SYN006749,ANNUAL,2026-10-14,2026-10-16,NOT_DECLINED_ON_COVERAGE,booked leave in HR system,NEEDS_APPROVAL,COV-001,true
SYN008397,TOIL,2026-10-14,2026-10-14,NOT_DECLINED_ON_COVERAGE,booked leave in HR system,RECOMMEND_APPROVE,"",true
SYN007551,ANNUAL,2026-10-14,2026-10-14,NOT_DECLINED_ON_COVERAGE,booked leave in HR system,RECOMMEND_APPROVE,"",true
SYN007573,ANNUAL,2026-10-14,2026-10-14,NOT_DECLINED_ON_COVERAGE,booked leave in HR system,RECOMMEND_APPROVE,"",true
SYN001703,ANNUAL,2026-10-14,2026-10-18,NOT_DECLINED_ON_COVERAGE,booked leave in HR system,NEEDS_APPROVAL,COV-001,true
SYN004287,PROF_DEV,2026-10-14,2026-10-18,NOT_DECLINED_ON_COVERAGE,booked leave in HR system,DECLINED,ELG-001|BAL-001|NOT-004,true
SYN003076,ANNUAL,2026-10-14,2026-10-18,NOT_DECLINED_ON_COVERAGE,booked leave in HR system,RECOMMEND_APPROVE,"",true
SYN002852,PROF_DEV,2026-10-14,2026-10-14,NOT_DECLINED_ON_COVERAGE,booked leave in HR system,NEEDS_APPROVAL,BAL-003|NOT-004,true
SYN007291,LONG_SERVICE,2026-10-14,2026-10-14,NOT_DECLINED_ON_COVERAGE,booked leave in HR system,DECLINED,ELG-001|ELG-003|BAL-001|NOT-002,true
SYN007650,PROF_DEV,2026-10-14,2026-10-15,NOT_DECLINED_ON_COVERAGE,booked leave in HR system,NEEDS_APPROVAL,NOT-004,true
SYN000904,ANNUAL,2026-10-14,2026-10-15,NOT_DECLINED_ON_COVERAGE,booked leave in HR system,RECOMMEND_APPROVE,"",true
SYN007839,PROF_DEV,2026-10-14,2026-10-23,NOT_DECLINED_ON_COVERAGE,booked leave in HR system,NEEDS_APPROVAL,NOT-004,true
SYN006358,PROF_DEV,2026-10-14,2026-10-14,NOT_DECLINED_ON_COVERAGE,booked leave in HR system,NEEDS_APPROVAL,BAL-003|NOT-004,true
SYN009119,ANNUAL,2026-10-14,2026-10-18,NOT_DECLINED_ON_COVERAGE,booked leave in HR system,RECOMMEND_APPROVE,"",true
SYN001327,PROF_DEV,2026-10-14,2026-10-14,NOT_DECLINED_ON_COVERAGE,booked leave in HR system,NEEDS_APPROVAL,BAL-003|NOT-004,true
SYN008429,PROF_DEV,2026-10-14,2026-10-15,NOT_DECLINED_ON_COVERAGE,booked leave in HR system,NEEDS_APPROVAL,NOT-004,true
SYN007682,ANNUAL,2026-10-14,2026-10-27,NOT_DECLINED_ON_COVERAGE,booked leave in HR system,DECLINED,ELG-002,true
SYN005445,LONG_SERVICE,2026-10-14,2026-10-18,NOT_DECLINED_ON_COVERAGE,booked leave in HR system,NEEDS_APPROVAL,NOT-002,true
SYN007885,ANNUAL,2026-10-14,2026-10-15,NOT_DECLINED_ON_COVERAGE,booked leave in HR system,RECOMMEND_APPROVE,"",true
SYN007985,ANNUAL,2026-10-14,2026-10-16,NOT_DECLINED_ON_COVERAGE,booked leave in HR system,RECOMMEND_APPROVE,"",true
SYN005005,TOIL,2026-10-14,2026-10-19,NOT_DECLINED_ON_COVERAGE,booked leave in HR system,DECLINED,BAL-001,true
SYN007435,ANNUAL,2026-10-14,2026-10-23,NOT_DECLINED_ON_COVERAGE,booked leave in HR system,NEEDS_APPROVAL,COV-001,true
SYN001990,PROF_DEV,2026-10-14,2026-10-14,NOT_DECLINED_ON_COVERAGE,booked leave in HR system,NEEDS_APPROVAL,BAL-003|NOT-004,true
SYN008631,ANNUAL,2026-10-14,2026-10-16,NOT_DECLINED_ON_COVERAGE,booked leave in HR system,RECOMMEND_APPROVE,"",true
SYN008167,LONG_SERVICE,2026-10-14,2026-10-14,NOT_DECLINED_ON_COVERAGE,booked leave in HR system,DECLINED,ELG-003|BAL-001|NOT-002,true
SYN001524,ANNUAL,2026-10-14,2026-10-21,NOT_DECLINED_ON_COVERAGE,booked leave in HR system,RECOMMEND_APPROVE,"",true
SYN001892,PROF_DEV,2026-10-14,2026-10-16,NOT_DECLINED_ON_COVERAGE,booked leave in HR system,NEEDS_APPROVAL,NOT-004|COV-001,true
SYN001496,ANNUAL,2026-10-14,2026-10-16,NOT_DECLINED_ON_COVERAGE,booked leave in HR system,RECOMMEND_APPROVE,"",true
SYN000966,ADO,2026-10-14,2026-10-15,NOT_DECLINED_ON_COVERAGE,booked leave in HR system,RECOMMEND_APPROVE,"",true
SYN004408,ANNUAL,2026-10-14,2026-10-23,NOT_DECLINED_ON_COVERAGE,booked leave in HR system,NEEDS_APPROVAL,COV-001,true
SYN002755,ANNUAL,2026-10-14,2026-10-15,NOT_DECLINED_ON_COVERAGE,booked leave in HR system,DECLINED,BAL-001,true
SYN007330,ANNUAL,2026-10-14,2026-10-14,NOT_DECLINED_ON_COVERAGE,booked leave in HR system,RECOMMEND_APPROVE,"",true
SYN005429,ANNUAL,2026-10-14,2026-10-18,NOT_DECLINED_ON_COVERAGE,booked leave in HR system,RECOMMEND_APPROVE,"",true
SYN009274,PROF_DEV,2026-10-14,2026-10-14,NOT_DECLINED_ON_COVERAGE,booked leave in HR system,NEEDS_APPROVAL,BAL-003|NOT-004,true
SYN007761,PROF_DEV,2026-10-14,2026-10-14,NOT_DECLINED_ON_COVERAGE,booked leave in HR system,DECLINED,BAL-001|NOT-004|COV-001,false
SYN003131,LONG_SERVICE,2026-10-14,2026-10-15,NOT_DECLINED_ON_COVERAGE,booked leave in HR system,DECLINED,BAL-001|NOT-002,true
SYN007634,ANNUAL,2026-10-14,2026-10-16,NOT_DECLINED_ON_COVERAGE,booked leave in HR system,RECOMMEND_APPROVE,"",true
SYN000663,PROF_DEV,2026-10-14,2026-10-16,NOT_DECLINED_ON_COVERAGE,booked leave in HR system,NEEDS_APPROVAL,NOT-004,true
SYN003136,ANNUAL,2026-10-14,2026-10-23,NOT_DECLINED_ON_COVERAGE,booked leave in HR system,NEEDS_APPROVAL,ELG-001,true
SYN004225,PROF_DEV,2026-10-14,2026-10-14,NOT_DECLINED_ON_COVERAGE,booked leave in HR system,NEEDS_APPROVAL,NOT-004,true
SYN004052,ANNUAL,2026-10-14,2026-10-14,NOT_DECLINED_ON_COVERAGE,booked leave in HR system,RECOMMEND_APPROVE,"",true
SYN009350,ANNUAL,2026-10-14,2026-10-14,NOT_DECLINED_ON_COVERAGE,booked leave in HR system,RECOMMEND_APPROVE,"",true
SYN000833,PROF_DEV,2026-10-14,2026-10-14,NOT_DECLINED_ON_COVERAGE,booked leave in HR system,NEEDS_APPROVAL,BAL-003|NOT-004,true
SYN001374,ANNUAL,2026-10-14,2026-10-14,NOT_DECLINED_ON_COVERAGE,booked leave in HR system,NEEDS_APPROVAL,ELG-001,true
SYN002012,PROF_DEV,2026-10-14,2026-10-16,NOT_DECLINED_ON_COVERAGE,booked leave in HR system,NEEDS_APPROVAL,NOT-004,true
SYN005414,LONG_SERVICE,2026-10-14,2026-10-14,NOT_DECLINED_ON_COVERAGE,booked leave in HR system,DECLINED,ELG-003|NOT-002,true
SYN003620,PROF_DEV,2026-10-14,2026-10-14,NOT_DECLINED_ON_COVERAGE,booked leave in HR system,NEEDS_APPROVAL,BAL-003|NOT-004,true
SYN003456,ANNUAL,2026-10-14,2026-10-15,NOT_DECLINED_ON_COVERAGE,booked leave in HR system,RECOMMEND_APPROVE,"",true
SYN004761,ANNUAL,2026-10-14,2026-10-18,NOT_DECLINED_ON_COVERAGE,booked leave in HR system,RECOMMEND_APPROVE,"",true
SYN000949,LONG_SERVICE,2026-10-15,2026-10-17,NOT_DECLINED_ON_COVERAGE,booked leave in HR system,NEEDS_APPROVAL,NOT-002,true
SYN005586,ADO,2026-10-15,2026-10-16,NOT_DECLINED_ON_COVERAGE,booked leave in HR system,DECLINED,BAL-001,true
SYN007647,ANNUAL,2026-10-15,2026-10-16,NOT_DECLINED_ON_COVERAGE,booked leave in HR system,RECOMMEND_APPROVE,"",true
SYN005817,PROF_DEV,2026-10-15,2026-10-16,NOT_DECLINED_ON_COVERAGE,booked leave in HR system,DECLINED,BAL-001|NOT-004,true
SYN004096,ANNUAL,2026-10-15,2026-10-16,NOT_DECLINED_ON_COVERAGE,booked leave in HR system,NEEDS_APPROVAL,BAL-003,true
SYN008954,PROF_DEV,2026-10-15,2026-10-26,NOT_DECLINED_ON_COVERAGE,booked leave in HR system,NEEDS_APPROVAL,ELG-001|NOT-004|COV-001,true
SYN000253,ANNUAL,2026-10-15,2026-10-15,NOT_DECLINED_ON_COVERAGE,booked leave in HR system,NEEDS_APPROVAL,COV-001,true
SYN007383,LONG_SERVICE,2026-10-15,2026-10-15,NOT_DECLINED_ON_COVERAGE,booked leave in HR system,DECLINED,ELG-003|BAL-001|NOT-002,true
SYN008620,ANNUAL,2026-10-15,2026-10-15,NOT_DECLINED_ON_COVERAGE,booked leave in HR system,RECOMMEND_APPROVE,"",true
SYN008661,ADO,2026-10-15,2026-10-16,NOT_DECLINED_ON_COVERAGE,booked leave in HR system,DECLINED,BAL-001,true
SYN008404,ANNUAL,2026-10-15,2026-10-19,NOT_DECLINED_ON_COVERAGE,booked leave in HR system,RECOMMEND_APPROVE,"",true
SYN000802,ANNUAL,2026-10-15,2026-10-15,NOT_DECLINED_ON_COVERAGE,booked leave in HR system,RECOMMEND_APPROVE,"",true
SYN000632,ANNUAL,2026-10-15,2026-10-15,NOT_DECLINED_ON_COVERAGE,booked leave in HR system,RECOMMEND_APPROVE,"",true
SYN007573,PROF_DEV,2026-10-15,2026-10-18,NOT_DECLINED_ON_COVERAGE,booked leave in HR system,NEEDS_APPROVAL,NOT-004,true
SYN006584,LONG_SERVICE,2026-10-15,2026-10-16,NOT_DECLINED_ON_COVERAGE,booked leave in HR system,DECLINED,ELG-001|ELG-003|BAL-001|NOT-002,true
SYN009544,ANNUAL,2026-10-15,2026-11-15,NOT_DECLINED_ON_COVERAGE,booked leave in HR system,DECLINED,COV-001,false
SYN006831,ANNUAL,2026-10-15,2026-10-19,NOT_DECLINED_ON_COVERAGE,booked leave in HR system,NEEDS_APPROVAL,COV-001,true
SYN009388,PROF_DEV,2026-10-15,2026-10-15,NOT_DECLINED_ON_COVERAGE,booked leave in HR system,DECLINED,ELG-002|BAL-003|NOT-004,true
SYN007241,ANNUAL,2026-10-15,2026-10-16,NOT_DECLINED_ON_COVERAGE,booked leave in HR system,RECOMMEND_APPROVE,"",true
SYN009247,ANNUAL,2026-10-15,2026-10-15,NOT_DECLINED_ON_COVERAGE,booked leave in HR system,RECOMMEND_APPROVE,"",true
SYN001714,ANNUAL,2026-10-15,2026-11-01,NOT_DECLINED_ON_COVERAGE,booked leave in HR system,RECOMMEND_APPROVE,"",true
SYN002787,PROF_DEV,2026-10-15,2026-10-18,NOT_DECLINED_ON_COVERAGE,booked leave in HR system,NEEDS_APPROVAL,NOT-004,true
SYN007733,ANNUAL,2026-10-15,2026-10-19,NOT_DECLINED_ON_COVERAGE,booked leave in HR system,RECOMMEND_APPROVE,"",true
SYN007969,ANNUAL,2026-10-15,2026-10-15,NOT_DECLINED_ON_COVERAGE,booked leave in HR system,RECOMMEND_APPROVE,"",true
SYN005222,PROF_DEV,2026-10-15,2026-10-16,NOT_DECLINED_ON_COVERAGE,booked leave in HR system,NEEDS_APPROVAL,NOT-004,true
SYN001771,PROF_DEV,2026-10-15,2026-10-15,NOT_DECLINED_ON_COVERAGE,booked leave in HR system,NEEDS_APPROVAL,NOT-004,true
SYN001675,PROF_DEV,2026-10-15,2026-10-16,NOT_DECLINED_ON_COVERAGE,booked leave in HR system,NEEDS_APPROVAL,NOT-004,true
SYN003646,PROF_DEV,2026-10-15,2026-10-16,NOT_DECLINED_ON_COVERAGE,booked leave in HR system,NEEDS_APPROVAL,NOT-004,true
SYN000965,ANNUAL,2026-10-15,2026-10-15,NOT_DECLINED_ON_COVERAGE,booked leave in HR system,RECOMMEND_APPROVE,"",true
SYN006379,ANNUAL,2026-10-15,2026-10-18,NOT_DECLINED_ON_COVERAGE,booked leave in HR system,RECOMMEND_APPROVE,"",true
SYN008043,ANNUAL,2026-10-15,2026-10-15,NOT_DECLINED_ON_COVERAGE,booked leave in HR system,RECOMMEND_APPROVE,"",true
SYN000726,TOIL,2026-10-15,2026-10-17,NOT_DECLINED_ON_COVERAGE,booked leave in HR system,RECOMMEND_APPROVE,"",true
SYN006051,ANNUAL,2026-10-15,2026-10-18,NOT_DECLINED_ON_COVERAGE,booked leave in HR system,RECOMMEND_APPROVE,"",true
SYN002868,ANNUAL,2026-10-15,2026-10-16,NOT_DECLINED_ON_COVERAGE,booked leave in HR system,RECOMMEND_APPROVE,"",true
SYN003775,ADO,2026-10-15,2026-10-15,NOT_DECLINED_ON_COVERAGE,booked leave in HR system,RECOMMEND_APPROVE,"",true
SYN007731,PROF_DEV,2026-10-15,2026-10-19,NOT_DECLINED_ON_COVERAGE,booked leave in HR system,NEEDS_APPROVAL,NOT-004,true
SYN008779,ANNUAL,2026-10-15,2026-10-25,NOT_DECLINED_ON_COVERAGE,booked leave in HR system,RECOMMEND_APPROVE,"",true
SYN007113,LONG_SERVICE,2026-10-15,2026-10-15,NOT_DECLINED_ON_COVERAGE,booked leave in HR system,DECLINED,ELG-003|NOT-002,true
SYN008572,ANNUAL,2026-10-15,2026-10-19,NOT_DECLINED_ON_COVERAGE,booked leave in HR system,RECOMMEND_APPROVE,"",true
SYN005300,TOIL,2026-10-15,2026-10-28,NOT_DECLINED_ON_COVERAGE,booked leave in HR system,DECLINED,BAL-001|COV-001,false
SYN005421,ANNUAL,2026-10-15,2026-10-27,NOT_DECLINED_ON_COVERAGE,booked leave in HR system,RECOMMEND_APPROVE,"",true
SYN002223,ANNUAL,2026-10-15,2026-11-05,NOT_DECLINED_ON_COVERAGE,booked leave in HR system,DECLINED,BAL-001,true
SYN007297,ANNUAL,2026-10-15,2026-10-23,NOT_DECLINED_ON_COVERAGE,booked leave in HR system,RECOMMEND_APPROVE,"",true
SYN008800,ANNUAL,2026-10-15,2026-10-16,NOT_DECLINED_ON_COVERAGE,booked leave in HR system,RECOMMEND_APPROVE,"",true
SYN009348,ANNUAL,2026-10-15,2026-11-12,NOT_DECLINED_ON_COVERAGE,booked leave in HR system,RECOMMEND_APPROVE,"",true
SYN007967,PROF_DEV,2026-10-15,2026-10-15,NOT_DECLINED_ON_COVERAGE,booked leave in HR system,NEEDS_APPROVAL,BAL-003|NOT-004,true
SYN002379,ANNUAL,2026-10-15,2026-10-16,NOT_DECLINED_ON_COVERAGE,booked leave in HR system,RECOMMEND_APPROVE,"",true
SYN006488,ANNUAL,2026-10-16,2026-10-16,NOT_DECLINED_ON_COVERAGE,booked leave in HR system,RECOMMEND_APPROVE,"",true
SYN008548,ANNUAL,2026-10-16,2026-10-16,NOT_DECLINED_ON_COVERAGE,booked leave in HR system,RECOMMEND_APPROVE,"",true
SYN006647,ANNUAL,2026-10-16,2026-10-25,NOT_DECLINED_ON_COVERAGE,booked leave in HR system,RECOMMEND_APPROVE,"",true
SYN007111,TOIL,2026-10-16,2026-10-18,NOT_DECLINED_ON_COVERAGE,booked leave in HR system,RECOMMEND_APPROVE,"",true
SYN007413,ADO,2026-10-16,2026-10-19,NOT_DECLINED_ON_COVERAGE,booked leave in HR system,DECLINED,REQ-004|BAL-001,true
SYN001229,TOIL,2026-10-16,2026-10-16,NOT_DECLINED_ON_COVERAGE,booked leave in HR system,RECOMMEND_APPROVE,"",true
SYN009130,TOIL,2026-10-16,2026-10-21,NOT_DECLINED_ON_COVERAGE,booked leave in HR system,RECOMMEND_APPROVE,"",true
SYN004848,ADO,2026-10-16,2026-10-16,NOT_DECLINED_ON_COVERAGE,booked leave in HR system,RECOMMEND_APPROVE,"",true
SYN005862,ADO,2026-10-16,2026-10-18,NOT_DECLINED_ON_COVERAGE,booked leave in HR system,NEEDS_APPROVAL,REQ-004|ELG-001,true
SYN003099,PROF_DEV,2026-10-16,2026-10-16,NOT_DECLINED_ON_COVERAGE,booked leave in HR system,NEEDS_APPROVAL,BAL-003|NOT-004,true
SYN008084,ANNUAL,2026-10-16,2026-10-16,NOT_DECLINED_ON_COVERAGE,booked leave in HR system,NEEDS_APPROVAL,ELG-001|COV-001,true
SYN006523,ANNUAL,2026-10-16,2026-10-16,NOT_DECLINED_ON_COVERAGE,booked leave in HR system,RECOMMEND_APPROVE,"",true
SYN002266,TOIL,2026-10-16,2026-10-16,NOT_DECLINED_ON_COVERAGE,booked leave in HR system,RECOMMEND_APPROVE,"",true
SYN008298,TOIL,2026-10-16,2026-10-20,NOT_DECLINED_ON_COVERAGE,booked leave in HR system,DECLINED,BAL-001,true
SYN002860,ANNUAL,2026-10-16,2026-10-16,NOT_DECLINED_ON_COVERAGE,booked leave in HR system,RECOMMEND_APPROVE,"",true
SYN008061,ANNUAL,2026-10-16,2026-10-18,NOT_DECLINED_ON_COVERAGE,booked leave in HR system,RECOMMEND_APPROVE,"",true
SYN006446,TOIL,2026-10-16,2026-10-19,NOT_DECLINED_ON_COVERAGE,booked leave in HR system,NEEDS_APPROVAL,ELG-001,true
SYN008181,ADO,2026-10-16,2026-10-18,NOT_DECLINED_ON_COVERAGE,booked leave in HR system,DECLINED,REQ-004|BAL-001,true
SYN008173,ANNUAL,2026-10-16,2026-10-16,NOT_DECLINED_ON_COVERAGE,booked leave in HR system,RECOMMEND_APPROVE,"",true
SYN000521,ANNUAL,2026-10-16,2026-11-01,NOT_DECLINED_ON_COVERAGE,booked leave in HR system,RECOMMEND_APPROVE,"",true
SYN006345,PROF_DEV,2026-10-16,2026-10-16,NOT_DECLINED_ON_COVERAGE,booked leave in HR system,NEEDS_APPROVAL,NOT-004,true
SYN003313,PROF_DEV,2026-10-16,2026-10-16,NOT_DECLINED_ON_COVERAGE,booked leave in HR system,NEEDS_APPROVAL,BAL-003|NOT-004,true
SYN006257,PROF_DEV,2026-10-16,2026-10-16,NOT_DECLINED_ON_COVERAGE,booked leave in HR system,NEEDS_APPROVAL,NOT-004,true
SYN001150,ANNUAL,2026-10-16,2026-10-18,NOT_DECLINED_ON_COVERAGE,booked leave in HR system,RECOMMEND_APPROVE,"",true
SYN003811,ANNUAL,2026-10-16,2026-10-16,NOT_DECLINED_ON_COVERAGE,booked leave in HR system,RECOMMEND_APPROVE,"",true
SYN000766,ANNUAL,2026-10-16,2026-10-16,NOT_DECLINED_ON_COVERAGE,booked leave in HR system,RECOMMEND_APPROVE,"",true
SYN005892,TOIL,2026-10-16,2026-10-16,NOT_DECLINED_ON_COVERAGE,booked leave in HR system,RECOMMEND_APPROVE,"",true
SYN005231,PROF_DEV,2026-10-16,2026-10-16,NOT_DECLINED_ON_COVERAGE,booked leave in HR system,NEEDS_APPROVAL,BAL-003|NOT-004,true
SYN002333,PROF_DEV,2026-10-16,2026-10-16,NOT_DECLINED_ON_COVERAGE,booked leave in HR system,NEEDS_APPROVAL,NOT-004,true
SYN009143,LONG_SERVICE,2026-10-16,2026-10-16,NOT_DECLINED_ON_COVERAGE,booked leave in HR system,DECLINED,ELG-003|BAL-001|NOT-002,true
SYN005995,PROF_DEV,2026-10-16,2026-10-17,NOT_DECLINED_ON_COVERAGE,booked leave in HR system,DECLINED,ELG-002|BAL-003|NOT-004,true
SYN006299,ANNUAL,2026-10-16,2026-10-19,NOT_DECLINED_ON_COVERAGE,booked leave in HR system,RECOMMEND_APPROVE,"",true
SYN003261,TOIL,2026-10-16,2026-10-16,NOT_DECLINED_ON_COVERAGE,booked leave in HR system,RECOMMEND_APPROVE,"",true
SYN003042,TOIL,2026-10-16,2026-10-18,NOT_DECLINED_ON_COVERAGE,booked leave in HR system,DECLINED,BAL-001,true
SYN008731,PROF_DEV,2026-10-16,2026-10-19,NOT_DECLINED_ON_COVERAGE,booked leave in HR system,NEEDS_APPROVAL,NOT-004,true
SYN008743,TOIL,2026-10-16,2026-10-16,NOT_DECLINED_ON_COVERAGE,booked leave in HR system,NEEDS_APPROVAL,ELG-001,true
SYN000563,ANNUAL,2026-10-16,2026-10-25,NOT_DECLINED_ON_COVERAGE,booked leave in HR system,RECOMMEND_APPROVE,"",true
SYN000802,ANNUAL,2026-10-16,2026-10-16,NOT_DECLINED_ON_COVERAGE,booked leave in HR system,RECOMMEND_APPROVE,"",true
SYN007518,PROF_DEV,2026-10-16,2026-10-16,NOT_DECLINED_ON_COVERAGE,booked leave in HR system,NEEDS_APPROVAL,NOT-004,true
SYN002197,PROF_DEV,2026-10-16,2026-10-16,NOT_DECLINED_ON_COVERAGE,booked leave in HR system,NEEDS_APPROVAL,BAL-003|NOT-004|COV-001,true
SYN008009,ANNUAL,2026-10-16,2026-10-16,NOT_DECLINED_ON_COVERAGE,booked leave in HR system,RECOMMEND_APPROVE,"",true
SYN008764,ANNUAL,2026-10-16,2026-10-19,NOT_DECLINED_ON_COVERAGE,booked leave in HR system,RECOMMEND_APPROVE,"",true
SYN006221,PROF_DEV,2026-10-16,2026-10-19,NOT_DECLINED_ON_COVERAGE,booked leave in HR system,DECLINED,BAL-001|NOT-004|COV-001,false
SYN005340,ADO,2026-10-16,2026-10-16,NOT_DECLINED_ON_COVERAGE,booked leave in HR system,RECOMMEND_APPROVE,"",true
SYN005084,ANNUAL,2026-10-16,2026-10-25,NOT_DECLINED_ON_COVERAGE,booked leave in HR system,RECOMMEND_APPROVE,"",true
SYN006444,PROF_DEV,2026-10-16,2026-10-17,NOT_DECLINED_ON_COVERAGE,booked leave in HR system,NEEDS_APPROVAL,NOT-004,true
SYN002564,ANNUAL,2026-10-16,2026-10-16,NOT_DECLINED_ON_COVERAGE,booked leave in HR system,RECOMMEND_APPROVE,"",true
SYN008899,ANNUAL,2026-10-16,2026-10-20,NOT_DECLINED_ON_COVERAGE,booked leave in HR system,NEEDS_APPROVAL,ELG-001|COV-002,true
SYN004868,PROF_DEV,2026-10-16,2026-10-16,NOT_DECLINED_ON_COVERAGE,booked leave in HR system,NEEDS_APPROVAL,NOT-004|COV-001,true
SYN008955,ADO,2026-10-16,2026-10-18,NOT_DECLINED_ON_COVERAGE,booked leave in HR system,NEEDS_APPROVAL,REQ-004,true
SYN006460,ANNUAL,2026-10-16,2026-10-19,NOT_DECLINED_ON_COVERAGE,booked leave in HR system,RECOMMEND_APPROVE,"",true
SYN002800,ANNUAL,2026-10-16,2026-10-16,NOT_DECLINED_ON_COVERAGE,booked leave in HR system,RECOMMEND_APPROVE,"",true
SYN004916,ANNUAL,2026-10-16,2026-10-19,NOT_DECLINED_ON_COVERAGE,booked leave in HR system,RECOMMEND_APPROVE,"",true
SYN001258,ANNUAL,2026-10-16,2026-10-16,NOT_DECLINED_ON_COVERAGE,booked leave in HR system,DECLINED,BAL-001,true
SYN003346,LONG_SERVICE,2026-10-16,2026-10-16,NOT_DECLINED_ON_COVERAGE,booked leave in HR system,NEEDS_APPROVAL,NOT-002,true
SYN007373,PROF_DEV,2026-10-16,2026-10-18,NOT_DECLINED_ON_COVERAGE,booked leave in HR system,NEEDS_APPROVAL,BAL-003|NOT-004,true
SYN009295,LONG_SERVICE,2026-10-16,2026-10-16,NOT_DECLINED_ON_COVERAGE,booked leave in HR system,DECLINED,ELG-003|BAL-001|NOT-002,true
SYN009489,ANNUAL,2026-10-16,2026-10-16,NOT_DECLINED_ON_COVERAGE,booked leave in HR system,RECOMMEND_APPROVE,"",true
SYN000251,ADO,2026-10-16,2026-10-16,NOT_DECLINED_ON_COVERAGE,booked leave in HR system,RECOMMEND_APPROVE,"",true
SYN003456,ANNUAL,2026-10-16,2026-10-16,NOT_DECLINED_ON_COVERAGE,booked leave in HR system,RECOMMEND_APPROVE,"",true
SYN004838,ANNUAL,2026-10-16,2026-10-16,NOT_DECLINED_ON_COVERAGE,booked leave in HR system,RECOMMEND_APPROVE,"",true
SYN005064,LONG_SERVICE,2026-10-16,2026-11-06,NOT_DECLINED_ON_COVERAGE,booked leave in HR system,DECLINED,ELG-003|BAL-001|NOT-002,true
SYN004098,ANNUAL,2026-10-16,2026-10-17,NOT_DECLINED_ON_COVERAGE,booked leave in HR system,RECOMMEND_APPROVE,"",true
SYN006641,ANNUAL,2026-10-16,2026-10-19,NOT_DECLINED_ON_COVERAGE,booked leave in HR system,RECOMMEND_APPROVE,"",true
SYN001377,ANNUAL,2026-10-16,2026-10-16,NOT_DECLINED_ON_COVERAGE,booked leave in HR system,RECOMMEND_APPROVE,"",true
SYN005655,TOIL,2026-10-16,2026-10-16,NOT_DECLINED_ON_COVERAGE,booked leave in HR system,RECOMMEND_APPROVE,"",true
SYN002853,PROF_DEV,2026-10-16,2026-10-16,NOT_DECLINED_ON_COVERAGE,booked leave in HR system,DECLINED,BAL-001|NOT-004|COV-002,false
SYN007862,LONG_SERVICE,2026-10-16,2026-10-28,NOT_DECLINED_ON_COVERAGE,booked leave in HR system,DECLINED,ELG-003|BAL-001|NOT-002,true
SYN006528,ADO,2026-10-16,2026-10-16,NOT_DECLINED_ON_COVERAGE,booked leave in HR system,RECOMMEND_APPROVE,"",true
SYN001158,ANNUAL,2026-10-16,2026-10-19,NOT_DECLINED_ON_COVERAGE,booked leave in HR system,DECLINED,BAL-001,true
SYN001338,PROF_DEV,2026-10-16,2026-10-16,NOT_DECLINED_ON_COVERAGE,booked leave in HR system,NEEDS_APPROVAL,BAL-003|NOT-004,true
SYN002541,PROF_DEV,2026-10-16,2026-10-16,NOT_DECLINED_ON_COVERAGE,booked leave in HR system,NEEDS_APPROVAL,BAL-003|NOT-004,true
SYN000613,ANNUAL,2026-10-16,2026-10-16,NOT_DECLINED_ON_COVERAGE,booked leave in HR system,RECOMMEND_APPROVE,"",true
SYN005687,ANNUAL,2026-10-16,2026-10-19,NOT_DECLINED_ON_COVERAGE,booked leave in HR system,RECOMMEND_APPROVE,"",true
SYN008604,ANNUAL,2026-10-17,2026-10-18,NOT_DECLINED_ON_COVERAGE,booked leave in HR system,RECOMMEND_APPROVE,"",true
SYN005927,TOIL,2026-10-17,2026-10-18,NOT_DECLINED_ON_COVERAGE,booked leave in HR system,NEEDS_APPROVAL,ELG-001,true
SYN006585,ANNUAL,2026-10-17,2026-10-27,NOT_DECLINED_ON_COVERAGE,booked leave in HR system,RECOMMEND_APPROVE,"",true
SYN004045,ANNUAL,2026-10-17,2026-10-17,NOT_DECLINED_ON_COVERAGE,booked leave in HR system,RECOMMEND_APPROVE,"",true
SYN005363,TOIL,2026-10-17,2026-10-17,NOT_DECLINED_ON_COVERAGE,booked leave in HR system,RECOMMEND_APPROVE,"",true
SYN009508,ANNUAL,2026-10-17,2026-10-28,NOT_DECLINED_ON_COVERAGE,booked leave in HR system,RECOMMEND_APPROVE,"",true
SYN001014,ANNUAL,2026-10-17,2026-10-17,NOT_DECLINED_ON_COVERAGE,booked leave in HR system,RECOMMEND_APPROVE,"",true
SYN001721,ANNUAL,2026-10-17,2026-10-22,NOT_DECLINED_ON_COVERAGE,booked leave in HR system,RECOMMEND_APPROVE,"",true
SYN005705,ANNUAL,2026-10-17,2026-11-01,NOT_DECLINED_ON_COVERAGE,booked leave in HR system,RECOMMEND_APPROVE,"",true
SYN008880,ANNUAL,2026-10-17,2026-11-03,NOT_DECLINED_ON_COVERAGE,booked leave in HR system,RECOMMEND_APPROVE,"",true
SYN005102,ANNUAL,2026-10-17,2026-10-25,NOT_DECLINED_ON_COVERAGE,booked leave in HR system,RECOMMEND_APPROVE,"",true
SYN000214,ANNUAL,2026-10-17,2026-10-28,NOT_DECLINED_ON_COVERAGE,booked leave in HR system,RECOMMEND_APPROVE,"",true
SYN009339,LONG_SERVICE,2026-10-17,2026-10-25,NOT_DECLINED_ON_COVERAGE,booked leave in HR system,DECLINED,ELG-001|ELG-003|BAL-001|NOT-002,true
SYN003903,LONG_SERVICE,2026-10-17,2026-10-17,NOT_DECLINED_ON_COVERAGE,booked leave in HR system,DECLINED,BAL-001,true
SYN000239,ANNUAL,2026-10-17,2026-11-01,NOT_DECLINED_ON_COVERAGE,booked leave in HR system,RECOMMEND_APPROVE,"",true
SYN008287,PROF_DEV,2026-10-17,2026-10-20,NOT_DECLINED_ON_COVERAGE,booked leave in HR system,RECOMMEND_APPROVE,"",true
SYN003888,ANNUAL,2026-10-17,2026-10-19,NOT_DECLINED_ON_COVERAGE,booked leave in HR system,RECOMMEND_APPROVE,"",true
SYN004673,LONG_SERVICE,2026-10-17,2026-10-17,NOT_DECLINED_ON_COVERAGE,booked leave in HR system,DECLINED,ELG-003|NOT-002,true
SYN008812,LONG_SERVICE,2026-10-17,2026-10-18,NOT_DECLINED_ON_COVERAGE,booked leave in HR system,DECLINED,ELG-003|BAL-001,true
SYN002695,ANNUAL,2026-10-17,2026-10-26,NOT_DECLINED_ON_COVERAGE,booked leave in HR system,RECOMMEND_APPROVE,"",true
SYN001775,ANNUAL,2026-10-17,2026-10-20,NOT_DECLINED_ON_COVERAGE,booked leave in HR system,NEEDS_APPROVAL,COV-002,true
SYN003089,PROF_DEV,2026-10-18,2026-10-31,NOT_DECLINED_ON_COVERAGE,booked leave in HR system,DECLINED,BAL-001,true
SYN004447,ANNUAL,2026-10-18,2026-10-18,NOT_DECLINED_ON_COVERAGE,booked leave in HR system,RECOMMEND_APPROVE,"",true
SYN000924,ANNUAL,2026-10-18,2026-11-15,NOT_DECLINED_ON_COVERAGE,booked leave in HR system,DECLINED,BAL-001,true
SYN005835,PROF_DEV,2026-10-18,2026-10-21,NOT_DECLINED_ON_COVERAGE,booked leave in HR system,RECOMMEND_APPROVE,"",true
SYN005674,PROF_DEV,2026-10-18,2026-10-18,NOT_DECLINED_ON_COVERAGE,booked leave in HR system,RECOMMEND_APPROVE,"",true
SYN008437,PROF_DEV,2026-10-18,2026-10-31,NOT_DECLINED_ON_COVERAGE,booked leave in HR system,NEEDS_APPROVAL,COV-001,true
SYN007982,ANNUAL,2026-10-18,2026-11-01,NOT_DECLINED_ON_COVERAGE,booked leave in HR system,RECOMMEND_APPROVE,"",true
SYN004098,ANNUAL,2026-10-18,2026-10-19,NOT_DECLINED_ON_COVERAGE,booked leave in HR system,RECOMMEND_APPROVE,"",true
SYN006296,ANNUAL,2026-10-18,2026-10-19,NOT_DECLINED_ON_COVERAGE,booked leave in HR system,RECOMMEND_APPROVE,"",true
SYN006301,PROF_DEV,2026-10-18,2026-10-21,NOT_DECLINED_ON_COVERAGE,booked leave in HR system,NEEDS_APPROVAL,ELG-001,true
SYN007198,ANNUAL,2026-10-18,2026-11-01,NOT_DECLINED_ON_COVERAGE,booked leave in HR system,RECOMMEND_APPROVE,"",true
SYN006868,LONG_SERVICE,2026-10-18,2026-11-08,NOT_DECLINED_ON_COVERAGE,booked leave in HR system,DECLINED,ELG-003|BAL-001,true
SYN003914,ANNUAL,2026-10-18,2026-10-18,NOT_DECLINED_ON_COVERAGE,booked leave in HR system,RECOMMEND_APPROVE,"",true
SYN009054,ANNUAL,2026-10-19,2026-11-15,NOT_DECLINED_ON_COVERAGE,booked leave in HR system,NEEDS_APPROVAL,ELG-001,true
SYN007286,ANNUAL,2026-10-19,2026-10-25,NOT_DECLINED_ON_COVERAGE,booked leave in HR system,NEEDS_APPROVAL,COV-001,true
SYN006440,TOIL,2026-10-19,2026-10-22,NOT_DECLINED_ON_COVERAGE,booked leave in HR system,NEEDS_APPROVAL,COV-001,true
SYN003621,ANNUAL,2026-10-19,2026-10-25,NOT_DECLINED_ON_COVERAGE,booked leave in HR system,RECOMMEND_APPROVE,"",true
SYN009193,ANNUAL,2026-10-19,2026-11-08,NOT_DECLINED_ON_COVERAGE,booked leave in HR system,RECOMMEND_APPROVE,"",true
SYN002579,TOIL,2026-10-19,2026-11-01,NOT_DECLINED_ON_COVERAGE,booked leave in HR system,DECLINED,ELG-001|BAL-001,true
SYN007400,TOIL,2026-10-19,2026-10-25,NOT_DECLINED_ON_COVERAGE,booked leave in HR system,DECLINED,ELG-001|BAL-001,true
SYN000327,ANNUAL,2026-10-19,2026-11-06,NOT_DECLINED_ON_COVERAGE,booked leave in HR system,DECLINED,BAL-001,true
SYN006362,TOIL,2026-10-19,2026-10-25,NOT_DECLINED_ON_COVERAGE,booked leave in HR system,RECOMMEND_APPROVE,"",true
SYN004269,ANNUAL,2026-10-19,2026-10-30,NOT_DECLINED_ON_COVERAGE,booked leave in HR system,RECOMMEND_APPROVE,"",true
SYN007547,ANNUAL,2026-10-19,2026-11-01,NOT_DECLINED_ON_COVERAGE,booked leave in HR system,NEEDS_APPROVAL,ELG-001,true
SYN000493,ANNUAL,2026-10-19,2026-10-25,NOT_DECLINED_ON_COVERAGE,booked leave in HR system,RECOMMEND_APPROVE,"",true
SYN005722,ANNUAL,2026-10-19,2026-10-19,NOT_DECLINED_ON_COVERAGE,booked leave in HR system,NEEDS_APPROVAL,ELG-001,true
SYN006795,ANNUAL,2026-10-19,2026-10-19,NOT_DECLINED_ON_COVERAGE,booked leave in HR system,NEEDS_APPROVAL,ELG-001,true
SYN006576,ANNUAL,2026-10-19,2026-10-27,NOT_DECLINED_ON_COVERAGE,booked leave in HR system,RECOMMEND_APPROVE,"",true
SYN008989,ANNUAL,2026-10-19,2026-10-23,NOT_DECLINED_ON_COVERAGE,booked leave in HR system,RECOMMEND_APPROVE,"",true
SYN007364,ANNUAL,2026-10-19,2026-11-01,NOT_DECLINED_ON_COVERAGE,booked leave in HR system,RECOMMEND_APPROVE,"",true
SYN004435,ADO,2026-10-19,2026-11-01,NOT_DECLINED_ON_COVERAGE,booked leave in HR system,DECLINED,REQ-004|BAL-001,true
SYN001302,TOIL,2026-10-19,2026-11-08,NOT_DECLINED_ON_COVERAGE,booked leave in HR system,RECOMMEND_APPROVE,"",true
SYN004002,LONG_SERVICE,2026-10-19,2026-10-25,NOT_DECLINED_ON_COVERAGE,booked leave in HR system,DECLINED,BAL-001|NOT-002,true
SYN000904,ANNUAL,2026-10-19,2026-10-29,NOT_DECLINED_ON_COVERAGE,booked leave in HR system,RECOMMEND_APPROVE,"",true
SYN004059,TOIL,2026-10-19,2026-10-25,NOT_DECLINED_ON_COVERAGE,booked leave in HR system,DECLINED,BAL-001|COV-002,false
SYN001256,ANNUAL,2026-10-19,2026-11-08,NOT_DECLINED_ON_COVERAGE,booked leave in HR system,RECOMMEND_APPROVE,"",true
SYN001475,TOIL,2026-10-19,2026-10-19,NOT_DECLINED_ON_COVERAGE,booked leave in HR system,DECLINED,ELG-002|BAL-003|COV-001,false
SYN007009,LONG_SERVICE,2026-10-19,2026-10-23,NOT_DECLINED_ON_COVERAGE,booked leave in HR system,DECLINED,ELG-003|BAL-001|NOT-002,true
SYN000031,ANNUAL,2026-10-19,2026-10-25,NOT_DECLINED_ON_COVERAGE,booked leave in HR system,RECOMMEND_APPROVE,"",true
SYN007097,PROF_DEV,2026-10-19,2026-10-25,NOT_DECLINED_ON_COVERAGE,booked leave in HR system,RECOMMEND_APPROVE,"",true
SYN003833,ANNUAL,2026-10-19,2026-10-25,NOT_DECLINED_ON_COVERAGE,booked leave in HR system,RECOMMEND_APPROVE,"",true
SYN002175,ANNUAL,2026-10-19,2026-10-25,NOT_DECLINED_ON_COVERAGE,booked leave in HR system,NEEDS_APPROVAL,COV-001,true
SYN008187,TOIL,2026-10-19,2026-10-19,NOT_DECLINED_ON_COVERAGE,booked leave in HR system,NEEDS_APPROVAL,BAL-003,true
SYN001785,TOIL,2026-10-19,2026-10-19,NOT_DECLINED_ON_COVERAGE,booked leave in HR system,RECOMMEND_APPROVE,"",true
SYN000181,ANNUAL,2026-10-19,2026-11-01,NOT_DECLINED_ON_COVERAGE,booked leave in HR system,RECOMMEND_APPROVE,"",true
SYN008978,LONG_SERVICE,2026-10-19,2026-10-25,NOT_DECLINED_ON_COVERAGE,booked leave in HR system,RECOMMEND_APPROVE,"",true
SYN006005,ADO,2026-10-19,2026-11-01,NOT_DECLINED_ON_COVERAGE,booked leave in HR system,DECLINED,REQ-004|BAL-001,true
SYN003652,ANNUAL,2026-10-19,2026-10-19,NOT_DECLINED_ON_COVERAGE,booked leave in HR system,RECOMMEND_APPROVE,"",true
SYN002942,ANNUAL,2026-10-19,2026-11-01,NOT_DECLINED_ON_COVERAGE,booked leave in HR system,RECOMMEND_APPROVE,"",true
SYN009353,LONG_SERVICE,2026-10-19,2026-11-01,NOT_DECLINED_ON_COVERAGE,booked leave in HR system,DECLINED,ELG-003|BAL-001|NOT-002,true
SYN004835,LONG_SERVICE,2026-10-19,2026-11-01,NOT_DECLINED_ON_COVERAGE,booked leave in HR system,DECLINED,ELG-003|BAL-001,true
SYN002637,ADO,2026-10-19,2026-10-22,NOT_DECLINED_ON_COVERAGE,booked leave in HR system,NEEDS_APPROVAL,REQ-004|BAL-003,true
SYN001283,ANNUAL,2026-10-19,2026-10-20,NOT_DECLINED_ON_COVERAGE,booked leave in HR system,RECOMMEND_APPROVE,"",true
SYN004416,TOIL,2026-10-19,2026-10-25,NOT_DECLINED_ON_COVERAGE,booked leave in HR system,DECLINED,ELG-001|BAL-001,true
SYN008181,ANNUAL,2026-10-19,2026-11-04,NOT_DECLINED_ON_COVERAGE,booked leave in HR system,RECOMMEND_APPROVE,"",true
SYN002809,LONG_SERVICE,2026-10-19,2026-11-08,NOT_DECLINED_ON_COVERAGE,booked leave in HR system,DECLINED,BAL-001|NOT-002,true
SYN003248,ANNUAL,2026-10-19,2026-10-23,NOT_DECLINED_ON_COVERAGE,booked leave in HR system,NEEDS_APPROVAL,COV-002,true
SYN002776,ANNUAL,2026-10-19,2026-10-19,NOT_DECLINED_ON_COVERAGE,booked leave in HR system,RECOMMEND_APPROVE,"",true
SYN005586,ANNUAL,2026-10-19,2026-10-25,NOT_DECLINED_ON_COVERAGE,booked leave in HR system,RECOMMEND_APPROVE,"",true
SYN007673,PROF_DEV,2026-10-19,2026-11-09,NOT_DECLINED_ON_COVERAGE,booked leave in HR system,NEEDS_APPROVAL,BAL-003,true
SYN008409,ANNUAL,2026-10-19,2026-10-28,NOT_DECLINED_ON_COVERAGE,booked leave in HR system,NEEDS_APPROVAL,ELG-001,true
SYN005086,ADO,2026-10-19,2026-10-20,NOT_DECLINED_ON_COVERAGE,booked leave in HR system,RECOMMEND_APPROVE,"",true
SYN001536,ANNUAL,2026-10-19,2026-10-25,NOT_DECLINED_ON_COVERAGE,booked leave in HR system,RECOMMEND_APPROVE,"",true
SYN006953,ANNUAL,2026-10-19,2026-11-06,NOT_DECLINED_ON_COVERAGE,booked leave in HR system,DECLINED,BAL-001|COV-001,false
SYN000740,ANNUAL,2026-10-19,2026-10-25,NOT_DECLINED_ON_COVERAGE,booked leave in HR system,RECOMMEND_APPROVE,"",true
SYN005445,TOIL,2026-10-19,2026-10-19,NOT_DECLINED_ON_COVERAGE,booked leave in HR system,RECOMMEND_APPROVE,"",true
SYN008818,PROF_DEV,2026-10-19,2026-10-23,NOT_DECLINED_ON_COVERAGE,booked leave in HR system,RECOMMEND_APPROVE,"",true
SYN001781,ANNUAL,2026-10-19,2026-10-25,NOT_DECLINED_ON_COVERAGE,booked leave in HR system,NEEDS_APPROVAL,ELG-001,true
SYN003268,ANNUAL,2026-10-19,2026-10-30,NOT_DECLINED_ON_COVERAGE,booked leave in HR system,NEEDS_APPROVAL,COV-001,true
SYN003777,ANNUAL,2026-10-19,2026-11-01,NOT_DECLINED_ON_COVERAGE,booked leave in HR system,DECLINED,BAL-001|COV-001,false
SYN008705,ANNUAL,2026-10-19,2026-10-25,NOT_DECLINED_ON_COVERAGE,booked leave in HR system,RECOMMEND_APPROVE,"",true
SYN008668,ANNUAL,2026-10-19,2026-10-26,NOT_DECLINED_ON_COVERAGE,booked leave in HR system,DECLINED,BAL-001,true
SYN000668,ANNUAL,2026-10-19,2026-10-21,NOT_DECLINED_ON_COVERAGE,booked leave in HR system,RECOMMEND_APPROVE,"",true
SYN005515,TOIL,2026-10-19,2026-10-25,NOT_DECLINED_ON_COVERAGE,booked leave in HR system,RECOMMEND_APPROVE,"",true
SYN002791,TOIL,2026-10-19,2026-10-19,NOT_DECLINED_ON_COVERAGE,booked leave in HR system,RECOMMEND_APPROVE,"",true
SYN005795,ANNUAL,2026-10-19,2026-10-23,NOT_DECLINED_ON_COVERAGE,booked leave in HR system,NEEDS_APPROVAL,ELG-001|COV-002,true
SYN009155,LONG_SERVICE,2026-10-19,2026-10-19,NOT_DECLINED_ON_COVERAGE,booked leave in HR system,NEEDS_APPROVAL,NOT-002,true
SYN004830,ANNUAL,2026-10-19,2026-11-01,NOT_DECLINED_ON_COVERAGE,booked leave in HR system,DECLINED,BAL-001|COV-002,false
SYN005719,TOIL,2026-10-19,2026-10-19,NOT_DECLINED_ON_COVERAGE,booked leave in HR system,NEEDS_APPROVAL,BAL-003,true
SYN005651,TOIL,2026-10-19,2026-10-19,NOT_DECLINED_ON_COVERAGE,booked leave in HR system,DECLINED,BAL-001,true
SYN003934,PROF_DEV,2026-10-19,2026-10-19,NOT_DECLINED_ON_COVERAGE,booked leave in HR system,RECOMMEND_APPROVE,"",true
SYN004870,PROF_DEV,2026-10-19,2026-10-25,NOT_DECLINED_ON_COVERAGE,booked leave in HR system,DECLINED,BAL-001,true
SYN001670,PROF_DEV,2026-10-19,2026-10-23,NOT_DECLINED_ON_COVERAGE,booked leave in HR system,RECOMMEND_APPROVE,"",true
SYN003792,LONG_SERVICE,2026-10-19,2026-11-16,NOT_DECLINED_ON_COVERAGE,booked leave in HR system,DECLINED,BAL-001|NOT-002,true
SYN005606,LONG_SERVICE,2026-10-19,2026-12-10,NOT_DECLINED_ON_COVERAGE,booked leave in HR system,DECLINED,ELG-003|BAL-001|NOT-002,true
SYN006808,ANNUAL,2026-10-19,2026-12-13,NOT_DECLINED_ON_COVERAGE,booked leave in HR system,DECLINED,BAL-001|COV-002,false
SYN007745,ANNUAL,2026-10-19,2026-10-25,NOT_DECLINED_ON_COVERAGE,booked leave in HR system,RECOMMEND_APPROVE,"",true
SYN001576,ANNUAL,2026-10-19,2026-10-25,NOT_DECLINED_ON_COVERAGE,booked leave in HR system,RECOMMEND_APPROVE,"",true
SYN007520,LONG_SERVICE,2026-10-19,2026-10-25,NOT_DECLINED_ON_COVERAGE,booked leave in HR system,DECLINED,ELG-003|BAL-001|NOT-002,true
SYN001150,TOIL,2026-10-19,2026-10-19,NOT_DECLINED_ON_COVERAGE,booked leave in HR system,NEEDS_APPROVAL,BAL-003,true
SYN006878,ANNUAL,2026-10-19,2026-11-01,NOT_DECLINED_ON_COVERAGE,booked leave in HR system,RECOMMEND_APPROVE,"",true
SYN005159,ANNUAL,2026-10-19,2026-11-22,NOT_DECLINED_ON_COVERAGE,booked leave in HR system,DECLINED,BAL-001,true
SYN007160,ANNUAL,2026-10-19,2026-10-25,NOT_DECLINED_ON_COVERAGE,booked leave in HR system,RECOMMEND_APPROVE,"",true
SYN000911,ANNUAL,2026-10-19,2026-10-30,NOT_DECLINED_ON_COVERAGE,booked leave in HR system,RECOMMEND_APPROVE,"",true
SYN003348,ANNUAL,2026-10-19,2026-10-25,NOT_DECLINED_ON_COVERAGE,booked leave in HR system,RECOMMEND_APPROVE,"",true
SYN006556,TOIL,2026-10-19,2026-10-26,NOT_DECLINED_ON_COVERAGE,booked leave in HR system,DECLINED,BAL-001,true
SYN005887,ANNUAL,2026-10-19,2026-10-31,NOT_DECLINED_ON_COVERAGE,booked leave in HR system,RECOMMEND_APPROVE,"",true
SYN008582,LONG_SERVICE,2026-10-19,2026-11-01,NOT_DECLINED_ON_COVERAGE,booked leave in HR system,NEEDS_APPROVAL,NOT-002,true
SYN009269,ANNUAL,2026-10-19,2026-10-30,NOT_DECLINED_ON_COVERAGE,booked leave in HR system,RECOMMEND_APPROVE,"",true
SYN000570,TOIL,2026-10-19,2026-10-25,NOT_DECLINED_ON_COVERAGE,booked leave in HR system,RECOMMEND_APPROVE,"",true
SYN004761,TOIL,2026-10-19,2026-10-19,NOT_DECLINED_ON_COVERAGE,booked leave in HR system,NEEDS_APPROVAL,BAL-003,true
SYN001968,ANNUAL,2026-10-19,2026-11-01,NOT_DECLINED_ON_COVERAGE,booked leave in HR system,DECLINED,BAL-001,true
SYN008292,ANNUAL,2026-10-19,2026-11-01,NOT_DECLINED_ON_COVERAGE,booked leave in HR system,NEEDS_APPROVAL,COV-001,true
SYN003493,ANNUAL,2026-10-19,2026-10-30,NOT_DECLINED_ON_COVERAGE,booked leave in HR system,NEEDS_APPROVAL,COV-003,true
SYN005813,TOIL,2026-10-19,2026-10-25,NOT_DECLINED_ON_COVERAGE,booked leave in HR system,RECOMMEND_APPROVE,"",true
SYN008356,ANNUAL,2026-10-19,2026-10-21,NOT_DECLINED_ON_COVERAGE,booked leave in HR system,NEEDS_APPROVAL,ELG-001,true
SYN003037,ANNUAL,2026-10-19,2026-11-01,NOT_DECLINED_ON_COVERAGE,booked leave in HR system,RECOMMEND_APPROVE,"",true
SYN003823,ANNUAL,2026-10-19,2026-11-08,NOT_DECLINED_ON_COVERAGE,booked leave in HR system,RECOMMEND_APPROVE,"",true
SYN009572,TOIL,2026-10-19,2026-10-25,NOT_DECLINED_ON_COVERAGE,booked leave in HR system,DECLINED,BAL-001,true
SYN003704,TOIL,2026-10-19,2026-10-19,NOT_DECLINED_ON_COVERAGE,booked leave in HR system,DECLINED,ELG-002|BAL-003,true
SYN009424,ANNUAL,2026-10-19,2026-11-01,NOT_DECLINED_ON_COVERAGE,booked leave in HR system,DECLINED,BAL-001,true
SYN007558,ANNUAL,2026-10-19,2026-11-01,NOT_DECLINED_ON_COVERAGE,booked leave in HR system,RECOMMEND_APPROVE,"",true
SYN001193,ANNUAL,2026-10-19,2026-11-01,NOT_DECLINED_ON_COVERAGE,booked leave in HR system,RECOMMEND_APPROVE,"",true
SYN006041,ANNUAL,2026-10-19,2026-11-08,NOT_DECLINED_ON_COVERAGE,booked leave in HR system,RECOMMEND_APPROVE,"",true
SYN006652,ANNUAL,2026-10-19,2026-10-21,NOT_DECLINED_ON_COVERAGE,booked leave in HR system,DECLINED,ELG-002|BAL-003,true
SYN005209,ANNUAL,2026-10-19,2026-10-25,NOT_DECLINED_ON_COVERAGE,booked leave in HR system,RECOMMEND_APPROVE,"",true
SYN007536,ADO,2026-10-19,2026-10-25,NOT_DECLINED_ON_COVERAGE,booked leave in HR system,NEEDS_APPROVAL,REQ-004,true
SYN009413,TOIL,2026-10-19,2026-10-25,NOT_DECLINED_ON_COVERAGE,booked leave in HR system,RECOMMEND_APPROVE,"",true
SYN005098,ANNUAL,2026-10-19,2026-10-25,NOT_DECLINED_ON_COVERAGE,booked leave in HR system,RECOMMEND_APPROVE,"",true
SYN001368,ANNUAL,2026-10-19,2026-10-25,NOT_DECLINED_ON_COVERAGE,booked leave in HR system,RECOMMEND_APPROVE,"",true
SYN008303,TOIL,2026-10-19,2026-10-20,NOT_DECLINED_ON_COVERAGE,booked leave in HR system,RECOMMEND_APPROVE,"",true
SYN002937,ADO,2026-10-19,2026-11-01,NOT_DECLINED_ON_COVERAGE,booked leave in HR system,NEEDS_APPROVAL,REQ-004|BAL-003,true
SYN001664,ANNUAL,2026-10-19,2026-11-01,NOT_DECLINED_ON_COVERAGE,booked leave in HR system,NEEDS_APPROVAL,COV-001,true
SYN006409,ANNUAL,2026-10-19,2026-10-20,NOT_DECLINED_ON_COVERAGE,booked leave in HR system,RECOMMEND_APPROVE,"",true
SYN003015,ANNUAL,2026-10-19,2026-10-24,NOT_DECLINED_ON_COVERAGE,booked leave in HR system,RECOMMEND_APPROVE,"",true
SYN001508,ANNUAL,2026-10-19,2026-10-25,NOT_DECLINED_ON_COVERAGE,booked leave in HR system,NEEDS_APPROVAL,ELG-001,true
SYN008746,TOIL,2026-10-19,2026-10-25,NOT_DECLINED_ON_COVERAGE,booked leave in HR system,RECOMMEND_APPROVE,"",true
SYN000183,TOIL,2026-10-19,2026-10-19,NOT_DECLINED_ON_COVERAGE,booked leave in HR system,NEEDS_APPROVAL,BAL-003,true
SYN004504,ANNUAL,2026-10-19,2026-11-01,NOT_DECLINED_ON_COVERAGE,booked leave in HR system,RECOMMEND_APPROVE,"",true
SYN005513,ANNUAL,2026-10-19,2026-10-19,NOT_DECLINED_ON_COVERAGE,booked leave in HR system,RECOMMEND_APPROVE,"",true
SYN009311,LONG_SERVICE,2026-10-19,2026-11-13,NOT_DECLINED_ON_COVERAGE,booked leave in HR system,DECLINED,ELG-003|BAL-001|NOT-002,true
SYN001381,ANNUAL,2026-10-19,2026-11-01,NOT_DECLINED_ON_COVERAGE,booked leave in HR system,DECLINED,BAL-001,true
SYN007666,ANNUAL,2026-10-19,2026-10-25,NOT_DECLINED_ON_COVERAGE,booked leave in HR system,RECOMMEND_APPROVE,"",true
SYN002787,TOIL,2026-10-19,2026-10-19,NOT_DECLINED_ON_COVERAGE,booked leave in HR system,NEEDS_APPROVAL,BAL-003,true
SYN008808,ANNUAL,2026-10-19,2026-11-03,NOT_DECLINED_ON_COVERAGE,booked leave in HR system,RECOMMEND_APPROVE,"",true
SYN007767,ANNUAL,2026-10-19,2026-10-20,NOT_DECLINED_ON_COVERAGE,booked leave in HR system,RECOMMEND_APPROVE,"",true
SYN005536,ANNUAL,2026-10-19,2026-10-30,NOT_DECLINED_ON_COVERAGE,booked leave in HR system,RECOMMEND_APPROVE,"",true
SYN002338,ANNUAL,2026-10-19,2026-11-15,NOT_DECLINED_ON_COVERAGE,booked leave in HR system,DECLINED,BAL-001,true
SYN002483,ANNUAL,2026-10-19,2026-11-01,NOT_DECLINED_ON_COVERAGE,booked leave in HR system,RECOMMEND_APPROVE,"",true
SYN002815,TOIL,2026-10-19,2026-10-19,NOT_DECLINED_ON_COVERAGE,booked leave in HR system,RECOMMEND_APPROVE,"",true
SYN008742,PROF_DEV,2026-10-19,2026-10-23,NOT_DECLINED_ON_COVERAGE,booked leave in HR system,DECLINED,BAL-001|COV-001,false
SYN007305,TOIL,2026-10-19,2026-10-19,NOT_DECLINED_ON_COVERAGE,booked leave in HR system,NEEDS_APPROVAL,BAL-003,true
SYN002177,ANNUAL,2026-10-19,2026-10-20,NOT_DECLINED_ON_COVERAGE,booked leave in HR system,RECOMMEND_APPROVE,"",true
SYN006325,ANNUAL,2026-10-19,2026-11-22,NOT_DECLINED_ON_COVERAGE,booked leave in HR system,DECLINED,BAL-001,true
SYN000479,ANNUAL,2026-10-19,2026-10-21,NOT_DECLINED_ON_COVERAGE,booked leave in HR system,NEEDS_APPROVAL,ELG-001,true
SYN008180,ANNUAL,2026-10-19,2026-10-25,NOT_DECLINED_ON_COVERAGE,booked leave in HR system,RECOMMEND_APPROVE,"",true
SYN005768,ANNUAL,2026-10-19,2026-11-04,NOT_DECLINED_ON_COVERAGE,booked leave in HR system,RECOMMEND_APPROVE,"",true
SYN000868,PROF_DEV,2026-10-19,2026-10-23,NOT_DECLINED_ON_COVERAGE,booked leave in HR system,RECOMMEND_APPROVE,"",true
SYN006809,TOIL,2026-10-19,2026-10-21,NOT_DECLINED_ON_COVERAGE,booked leave in HR system,RECOMMEND_APPROVE,"",true
SYN007729,ANNUAL,2026-10-19,2026-10-26,NOT_DECLINED_ON_COVERAGE,booked leave in HR system,RECOMMEND_APPROVE,"",true
SYN002641,ANNUAL,2026-10-19,2026-11-22,NOT_DECLINED_ON_COVERAGE,booked leave in HR system,NEEDS_APPROVAL,ELG-001|BAL-003,true
SYN008001,TOIL,2026-10-19,2026-10-25,NOT_DECLINED_ON_COVERAGE,booked leave in HR system,RECOMMEND_APPROVE,"",true
SYN005092,LONG_SERVICE,2026-10-19,2026-11-29,NOT_DECLINED_ON_COVERAGE,booked leave in HR system,DECLINED,ELG-003|BAL-001|NOT-002,true
SYN005107,ANNUAL,2026-10-19,2026-10-26,NOT_DECLINED_ON_COVERAGE,booked leave in HR system,RECOMMEND_APPROVE,"",true
SYN003260,ANNUAL,2026-10-19,2026-10-25,NOT_DECLINED_ON_COVERAGE,booked leave in HR system,RECOMMEND_APPROVE,"",true
SYN004859,ANNUAL,2026-10-19,2026-10-20,NOT_DECLINED_ON_COVERAGE,booked leave in HR system,RECOMMEND_APPROVE,"",true
SYN004690,TOIL,2026-10-19,2026-10-23,NOT_DECLINED_ON_COVERAGE,booked leave in HR system,RECOMMEND_APPROVE,"",true
SYN007936,ANNUAL,2026-10-19,2026-10-20,NOT_DECLINED_ON_COVERAGE,booked leave in HR system,RECOMMEND_APPROVE,"",true
SYN007607,LONG_SERVICE,2026-10-19,2026-11-03,NOT_DECLINED_ON_COVERAGE,booked leave in HR system,DECLINED,ELG-003|BAL-001|NOT-002,true
SYN000140,ADO,2026-10-19,2026-10-20,NOT_DECLINED_ON_COVERAGE,booked leave in HR system,DECLINED,ELG-001|BAL-001,true
SYN005892,LONG_SERVICE,2026-10-19,2026-11-01,NOT_DECLINED_ON_COVERAGE,booked leave in HR system,DECLINED,ELG-003|BAL-001|NOT-002,true
SYN008231,ANNUAL,2026-10-19,2026-10-23,NOT_DECLINED_ON_COVERAGE,booked leave in HR system,RECOMMEND_APPROVE,"",true
SYN001722,PROF_DEV,2026-10-19,2026-10-25,NOT_DECLINED_ON_COVERAGE,booked leave in HR system,NEEDS_APPROVAL,COV-003,true
SYN008206,ANNUAL,2026-10-19,2026-10-24,NOT_DECLINED_ON_COVERAGE,booked leave in HR system,NEEDS_APPROVAL,COV-001,true
SYN006841,ANNUAL,2026-10-19,2026-11-22,NOT_DECLINED_ON_COVERAGE,booked leave in HR system,NEEDS_APPROVAL,ELG-001,true
SYN002188,ANNUAL,2026-10-19,2026-10-23,NOT_DECLINED_ON_COVERAGE,booked leave in HR system,RECOMMEND_APPROVE,"",true
SYN006534,PROF_DEV,2026-10-19,2026-10-25,NOT_DECLINED_ON_COVERAGE,booked leave in HR system,RECOMMEND_APPROVE,"",true
SYN005984,ANNUAL,2026-10-19,2026-10-25,NOT_DECLINED_ON_COVERAGE,booked leave in HR system,NEEDS_APPROVAL,COV-002,true
SYN007255,LONG_SERVICE,2026-10-19,2026-11-01,NOT_DECLINED_ON_COVERAGE,booked leave in HR system,DECLINED,ELG-003|BAL-001|NOT-002,true
SYN008849,ANNUAL,2026-10-19,2026-10-22,NOT_DECLINED_ON_COVERAGE,booked leave in HR system,RECOMMEND_APPROVE,"",true
SYN004281,ANNUAL,2026-10-19,2026-11-09,NOT_DECLINED_ON_COVERAGE,booked leave in HR system,DECLINED,BAL-001,true
SYN002758,TOIL,2026-10-19,2026-10-19,NOT_DECLINED_ON_COVERAGE,booked leave in HR system,NEEDS_APPROVAL,BAL-003,true
SYN001481,ANNUAL,2026-10-19,2026-11-02,NOT_DECLINED_ON_COVERAGE,booked leave in HR system,RECOMMEND_APPROVE,"",true
SYN007328,ANNUAL,2026-10-19,2026-10-24,NOT_DECLINED_ON_COVERAGE,booked leave in HR system,RECOMMEND_APPROVE,"",true
SYN008948,PROF_DEV,2026-10-19,2026-10-25,NOT_DECLINED_ON_COVERAGE,booked leave in HR system,RECOMMEND_APPROVE,"",true
SYN002980,LONG_SERVICE,2026-10-19,2026-11-01,NOT_DECLINED_ON_COVERAGE,booked leave in HR system,DECLINED,BAL-001,true
SYN000089,TOIL,2026-10-19,2026-10-19,NOT_DECLINED_ON_COVERAGE,booked leave in HR system,NEEDS_APPROVAL,BAL-003,true
SYN003914,TOIL,2026-10-19,2026-10-21,NOT_DECLINED_ON_COVERAGE,booked leave in HR system,RECOMMEND_APPROVE,"",true
SYN006651,LONG_SERVICE,2026-10-19,2026-11-09,NOT_DECLINED_ON_COVERAGE,booked leave in HR system,NEEDS_APPROVAL,NOT-002,true
SYN008672,ANNUAL,2026-10-19,2026-10-19,NOT_DECLINED_ON_COVERAGE,booked leave in HR system,RECOMMEND_APPROVE,"",true
SYN003974,ANNUAL,2026-10-19,2026-10-25,NOT_DECLINED_ON_COVERAGE,booked leave in HR system,RECOMMEND_APPROVE,"",true
SYN006396,ANNUAL,2026-10-19,2026-10-25,NOT_DECLINED_ON_COVERAGE,booked leave in HR system,RECOMMEND_APPROVE,"",true
SYN000426,ANNUAL,2026-10-19,2026-10-30,NOT_DECLINED_ON_COVERAGE,booked leave in HR system,NEEDS_APPROVAL,COV-001,true
SYN001845,ANNUAL,2026-10-19,2026-10-22,NOT_DECLINED_ON_COVERAGE,booked leave in HR system,RECOMMEND_APPROVE,"",true
SYN007574,ANNUAL,2026-10-19,2026-11-04,NOT_DECLINED_ON_COVERAGE,booked leave in HR system,RECOMMEND_APPROVE,"",true
SYN001257,ANNUAL,2026-10-19,2026-10-26,NOT_DECLINED_ON_COVERAGE,booked leave in HR system,DECLINED,BAL-001,true
SYN009542,TOIL,2026-10-19,2026-10-25,NOT_DECLINED_ON_COVERAGE,booked leave in HR system,DECLINED,BAL-001|COV-002,false
SYN005479,ANNUAL,2026-10-19,2026-10-25,NOT_DECLINED_ON_COVERAGE,booked leave in HR system,RECOMMEND_APPROVE,"",true
SYN007007,ANNUAL,2026-10-19,2026-10-23,NOT_DECLINED_ON_COVERAGE,booked leave in HR system,RECOMMEND_APPROVE,"",true
SYN003160,ANNUAL,2026-10-19,2026-10-28,NOT_DECLINED_ON_COVERAGE,booked leave in HR system,NEEDS_APPROVAL,COV-002,true
SYN005317,PROF_DEV,2026-10-19,2026-10-25,NOT_DECLINED_ON_COVERAGE,booked leave in HR system,DECLINED,ELG-002|BAL-003,true
SYN001843,ANNUAL,2026-10-19,2026-11-01,NOT_DECLINED_ON_COVERAGE,booked leave in HR system,DECLINED,BAL-001,true
SYN002135,ANNUAL,2026-10-19,2026-11-09,NOT_DECLINED_ON_COVERAGE,booked leave in HR system,RECOMMEND_APPROVE,"",true
SYN009332,ANNUAL,2026-10-19,2026-10-25,NOT_DECLINED_ON_COVERAGE,booked leave in HR system,RECOMMEND_APPROVE,"",true
SYN008025,PROF_DEV,2026-10-19,2026-10-21,NOT_DECLINED_ON_COVERAGE,booked leave in HR system,RECOMMEND_APPROVE,"",true
SYN001977,TOIL,2026-10-19,2026-10-19,NOT_DECLINED_ON_COVERAGE,booked leave in HR system,NEEDS_APPROVAL,BAL-003,true
SYN003128,TOIL,2026-10-19,2026-10-25,NOT_DECLINED_ON_COVERAGE,booked leave in HR system,NEEDS_APPROVAL,COV-002,true
SYN006779,TOIL,2026-10-19,2026-10-19,NOT_DECLINED_ON_COVERAGE,booked leave in HR system,RECOMMEND_APPROVE,"",true
SYN006051,TOIL,2026-10-19,2026-10-19,NOT_DECLINED_ON_COVERAGE,booked leave in HR system,DECLINED,BAL-001|COV-002,false
SYN002331,PROF_DEV,2026-10-19,2026-11-01,NOT_DECLINED_ON_COVERAGE,booked leave in HR system,NEEDS_APPROVAL,COV-001,true
SYN000467,TOIL,2026-10-19,2026-10-19,NOT_DECLINED_ON_COVERAGE,booked leave in HR system,NEEDS_APPROVAL,BAL-003,true
SYN009108,TOIL,2026-10-19,2026-10-19,NOT_DECLINED_ON_COVERAGE,booked leave in HR system,NEEDS_APPROVAL,BAL-003,true
SYN001771,PROF_DEV,2026-10-19,2026-10-19,NOT_DECLINED_ON_COVERAGE,booked leave in HR system,RECOMMEND_APPROVE,"",true
SYN003548,LONG_SERVICE,2026-10-19,2026-10-25,NOT_DECLINED_ON_COVERAGE,booked leave in HR system,DECLINED,BAL-001|NOT-002,true
SYN003968,ANNUAL,2026-10-19,2026-10-25,NOT_DECLINED_ON_COVERAGE,booked leave in HR system,RECOMMEND_APPROVE,"",true
SYN004965,TOIL,2026-10-19,2026-10-19,NOT_DECLINED_ON_COVERAGE,booked leave in HR system,NEEDS_APPROVAL,ELG-001,true
SYN006255,PROF_DEV,2026-10-19,2026-10-19,NOT_DECLINED_ON_COVERAGE,booked leave in HR system,RECOMMEND_APPROVE,"",true
SYN009101,LONG_SERVICE,2026-10-19,2026-12-20,NOT_DECLINED_ON_COVERAGE,booked leave in HR system,DECLINED,ELG-003|BAL-003|NOT-002,true
SYN006123,LONG_SERVICE,2026-10-19,2026-10-25,NOT_DECLINED_ON_COVERAGE,booked leave in HR system,DECLINED,ELG-003|BAL-001|NOT-002,true
SYN001109,ANNUAL,2026-10-19,2026-10-21,NOT_DECLINED_ON_COVERAGE,booked leave in HR system,DECLINED,BAL-001,true
SYN003905,ANNUAL,2026-10-19,2026-11-01,NOT_DECLINED_ON_COVERAGE,booked leave in HR system,RECOMMEND_APPROVE,"",true
SYN006376,ANNUAL,2026-10-19,2026-11-01,NOT_DECLINED_ON_COVERAGE,booked leave in HR system,RECOMMEND_APPROVE,"",true
SYN006174,ADO,2026-10-19,2026-10-20,NOT_DECLINED_ON_COVERAGE,booked leave in HR system,DECLINED,BAL-001,true
SYN002390,ANNUAL,2026-10-19,2026-11-01,NOT_DECLINED_ON_COVERAGE,booked leave in HR system,DECLINED,BAL-001,true
SYN002571,LONG_SERVICE,2026-10-19,2026-11-01,NOT_DECLINED_ON_COVERAGE,booked leave in HR system,DECLINED,BAL-001|COV-001,false
SYN001307,ANNUAL,2026-10-19,2026-10-23,NOT_DECLINED_ON_COVERAGE,booked leave in HR system,RECOMMEND_APPROVE,"",true
SYN000887,LONG_SERVICE,2026-10-19,2026-10-29,NOT_DECLINED_ON_COVERAGE,booked leave in HR system,NEEDS_APPROVAL,NOT-002,true
SYN007182,ANNUAL,2026-10-19,2026-10-20,NOT_DECLINED_ON_COVERAGE,booked leave in HR system,RECOMMEND_APPROVE,"",true
SYN003405,LONG_SERVICE,2026-10-19,2026-11-15,NOT_DECLINED_ON_COVERAGE,booked leave in HR system,NEEDS_APPROVAL,NOT-002,true
SYN001315,TOIL,2026-10-19,2026-10-20,NOT_DECLINED_ON_COVERAGE,booked leave in HR system,RECOMMEND_APPROVE,"",true
SYN008009,TOIL,2026-10-19,2026-10-19,NOT_DECLINED_ON_COVERAGE,booked leave in HR system,NEEDS_APPROVAL,BAL-003,true
SYN008160,ANNUAL,2026-10-19,2026-11-15,NOT_DECLINED_ON_COVERAGE,booked leave in HR system,DECLINED,COV-001,false
SYN003902,ANNUAL,2026-10-19,2026-10-25,NOT_DECLINED_ON_COVERAGE,booked leave in HR system,RECOMMEND_APPROVE,"",true
SYN000335,ANNUAL,2026-10-19,2026-10-25,NOT_DECLINED_ON_COVERAGE,booked leave in HR system,NEEDS_APPROVAL,COV-001,true
SYN009459,ANNUAL,2026-10-19,2026-11-01,NOT_DECLINED_ON_COVERAGE,booked leave in HR system,RECOMMEND_APPROVE,"",true
SYN002790,ANNUAL,2026-10-19,2026-10-25,NOT_DECLINED_ON_COVERAGE,booked leave in HR system,RECOMMEND_APPROVE,"",true
SYN000674,ANNUAL,2026-10-19,2026-10-25,NOT_DECLINED_ON_COVERAGE,booked leave in HR system,RECOMMEND_APPROVE,"",true
SYN003229,TOIL,2026-10-19,2026-10-19,NOT_DECLINED_ON_COVERAGE,booked leave in HR system,RECOMMEND_APPROVE,"",true
SYN004516,ANNUAL,2026-10-19,2026-11-02,NOT_DECLINED_ON_COVERAGE,booked leave in HR system,DECLINED,BAL-001,true
SYN006869,ANNUAL,2026-10-19,2026-11-16,NOT_DECLINED_ON_COVERAGE,booked leave in HR system,DECLINED,COV-001|COV-002,false
SYN005553,LONG_SERVICE,2026-10-19,2026-11-01,NOT_DECLINED_ON_COVERAGE,booked leave in HR system,DECLINED,ELG-003|BAL-001,true
SYN005599,PROF_DEV,2026-10-19,2026-11-03,NOT_DECLINED_ON_COVERAGE,booked leave in HR system,RECOMMEND_APPROVE,"",true
SYN003982,TOIL,2026-10-19,2026-10-19,NOT_DECLINED_ON_COVERAGE,booked leave in HR system,RECOMMEND_APPROVE,"",true
SYN006750,ANNUAL,2026-10-19,2026-10-20,NOT_DECLINED_ON_COVERAGE,booked leave in HR system,RECOMMEND_APPROVE,"",true
SYN003457,ANNUAL,2026-10-19,2026-11-01,NOT_DECLINED_ON_COVERAGE,booked leave in HR system,RECOMMEND_APPROVE,"",true
SYN001633,ANNUAL,2026-10-19,2026-11-08,NOT_DECLINED_ON_COVERAGE,booked leave in HR system,NEEDS_APPROVAL,COV-002,true
SYN007676,LONG_SERVICE,2026-10-19,2026-11-01,NOT_DECLINED_ON_COVERAGE,booked leave in HR system,DECLINED,ELG-003|BAL-001|NOT-002,true
SYN007691,ANNUAL,2026-10-19,2026-11-13,NOT_DECLINED_ON_COVERAGE,booked leave in HR system,DECLINED,BAL-001|COV-001,false
SYN003264,LONG_SERVICE,2026-10-19,2026-11-22,NOT_DECLINED_ON_COVERAGE,booked leave in HR system,DECLINED,NOT-002|COV-001|COV-002,false
SYN009290,TOIL,2026-10-19,2026-11-01,NOT_DECLINED_ON_COVERAGE,booked leave in HR system,RECOMMEND_APPROVE,"",true
SYN001147,ANNUAL,2026-10-19,2026-11-08,NOT_DECLINED_ON_COVERAGE,booked leave in HR system,RECOMMEND_APPROVE,"",true
SYN005330,ANNUAL,2026-10-19,2026-11-01,NOT_DECLINED_ON_COVERAGE,booked leave in HR system,RECOMMEND_APPROVE,"",true
SYN001419,ANNUAL,2026-10-19,2026-11-01,NOT_DECLINED_ON_COVERAGE,booked leave in HR system,RECOMMEND_APPROVE,"",true
SYN003881,TOIL,2026-10-19,2026-10-21,NOT_DECLINED_ON_COVERAGE,booked leave in HR system,RECOMMEND_APPROVE,"",true
SYN008959,ANNUAL,2026-10-19,2026-11-04,NOT_DECLINED_ON_COVERAGE,booked leave in HR system,RECOMMEND_APPROVE,"",true
SYN007113,TOIL,2026-10-19,2026-10-19,NOT_DECLINED_ON_COVERAGE,booked leave in HR system,DECLINED,BAL-001,true
SYN005212,TOIL,2026-10-19,2026-10-19,NOT_DECLINED_ON_COVERAGE,booked leave in HR system,RECOMMEND_APPROVE,"",true
SYN001332,LONG_SERVICE,2026-10-19,2026-10-25,NOT_DECLINED_ON_COVERAGE,booked leave in HR system,NEEDS_APPROVAL,NOT-002,true
SYN004266,ANNUAL,2026-10-19,2026-10-31,NOT_DECLINED_ON_COVERAGE,booked leave in HR system,RECOMMEND_APPROVE,"",true
SYN005110,PROF_DEV,2026-10-19,2026-10-20,NOT_DECLINED_ON_COVERAGE,booked leave in HR system,DECLINED,BAL-001,true
SYN008805,TOIL,2026-10-19,2026-10-23,NOT_DECLINED_ON_COVERAGE,booked leave in HR system,RECOMMEND_APPROVE,"",true
SYN004672,LONG_SERVICE,2026-10-19,2026-10-19,NOT_DECLINED_ON_COVERAGE,booked leave in HR system,DECLINED,ELG-003|BAL-001,true
SYN000926,ANNUAL,2026-10-19,2026-11-01,NOT_DECLINED_ON_COVERAGE,booked leave in HR system,DECLINED,BAL-001|COV-002,false
SYN008084,ANNUAL,2026-10-19,2026-10-19,NOT_DECLINED_ON_COVERAGE,booked leave in HR system,NEEDS_APPROVAL,ELG-001|COV-001,true
SYN007598,PROF_DEV,2026-10-19,2026-10-20,NOT_DECLINED_ON_COVERAGE,booked leave in HR system,DECLINED,BAL-001|COV-002,false
SYN002055,ANNUAL,2026-10-19,2026-10-21,NOT_DECLINED_ON_COVERAGE,booked leave in HR system,DECLINED,BAL-001,true
SYN003213,PROF_DEV,2026-10-19,2026-10-23,NOT_DECLINED_ON_COVERAGE,booked leave in HR system,RECOMMEND_APPROVE,"",true
SYN007573,ANNUAL,2026-10-19,2026-10-19,NOT_DECLINED_ON_COVERAGE,booked leave in HR system,RECOMMEND_APPROVE,"",true
SYN005222,ANNUAL,2026-10-19,2026-10-25,NOT_DECLINED_ON_COVERAGE,booked leave in HR system,RECOMMEND_APPROVE,"",true
SYN007109,ANNUAL,2026-10-19,2026-10-19,NOT_DECLINED_ON_COVERAGE,booked leave in HR system,RECOMMEND_APPROVE,"",true
SYN002060,ANNUAL,2026-10-19,2026-10-23,NOT_DECLINED_ON_COVERAGE,booked leave in HR system,RECOMMEND_APPROVE,"",true
SYN005688,ANNUAL,2026-10-19,2026-10-21,NOT_DECLINED_ON_COVERAGE,booked leave in HR system,RECOMMEND_APPROVE,"",true
SYN005158,PROF_DEV,2026-10-19,2026-10-23,NOT_DECLINED_ON_COVERAGE,booked leave in HR system,RECOMMEND_APPROVE,"",true
SYN004713,LONG_SERVICE,2026-10-19,2026-11-26,NOT_DECLINED_ON_COVERAGE,booked leave in HR system,DECLINED,ELG-003|BAL-001|NOT-002|COV-001,false
SYN002143,ANNUAL,2026-10-19,2026-11-01,NOT_DECLINED_ON_COVERAGE,booked leave in HR system,DECLINED,BAL-001|COV-001,false
SYN002763,ANNUAL,2026-10-19,2026-10-25,NOT_DECLINED_ON_COVERAGE,booked leave in HR system,RECOMMEND_APPROVE,"",true
SYN002569,ANNUAL,2026-10-19,2026-12-06,NOT_DECLINED_ON_COVERAGE,booked leave in HR system,DECLINED,BAL-001|COV-001,false
SYN006026,ANNUAL,2026-10-19,2026-11-22,NOT_DECLINED_ON_COVERAGE,booked leave in HR system,DECLINED,BAL-001,true
SYN002564,ADO,2026-10-19,2026-10-20,NOT_DECLINED_ON_COVERAGE,booked leave in HR system,RECOMMEND_APPROVE,"",true
SYN002007,ANNUAL,2026-10-19,2026-10-25,NOT_DECLINED_ON_COVERAGE,booked leave in HR system,NEEDS_APPROVAL,COV-002,true
SYN004561,ANNUAL,2026-10-19,2026-10-25,NOT_DECLINED_ON_COVERAGE,booked leave in HR system,DECLINED,BAL-001,true
SYN002347,ANNUAL,2026-10-19,2026-10-25,NOT_DECLINED_ON_COVERAGE,booked leave in HR system,RECOMMEND_APPROVE,"",true
SYN004873,TOIL,2026-10-19,2026-11-08,NOT_DECLINED_ON_COVERAGE,booked leave in HR system,RECOMMEND_APPROVE,"",true
SYN005078,ANNUAL,2026-10-19,2026-11-01,NOT_DECLINED_ON_COVERAGE,booked leave in HR system,DECLINED,BAL-001,true
SYN002095,TOIL,2026-10-19,2026-10-19,NOT_DECLINED_ON_COVERAGE,booked leave in HR system,RECOMMEND_APPROVE,"",true
SYN005055,ANNUAL,2026-10-19,2026-10-31,NOT_DECLINED_ON_COVERAGE,booked leave in HR system,DECLINED,BAL-001,true
SYN000767,LONG_SERVICE,2026-10-19,2026-11-08,NOT_DECLINED_ON_COVERAGE,booked leave in HR system,DECLINED,ELG-003|BAL-001|NOT-002,true
SYN008305,PROF_DEV,2026-10-19,2026-10-25,NOT_DECLINED_ON_COVERAGE,booked leave in HR system,RECOMMEND_APPROVE,"",true
SYN005851,ANNUAL,2026-10-19,2026-11-01,NOT_DECLINED_ON_COVERAGE,booked leave in HR system,RECOMMEND_APPROVE,"",true
SYN004293,TOIL,2026-10-19,2026-11-08,NOT_DECLINED_ON_COVERAGE,booked leave in HR system,RECOMMEND_APPROVE,"",true
SYN003258,ADO,2026-10-19,2026-10-20,NOT_DECLINED_ON_COVERAGE,booked leave in HR system,NEEDS_APPROVAL,BAL-003,true
SYN001790,ANNUAL,2026-10-19,2026-11-15,NOT_DECLINED_ON_COVERAGE,booked leave in HR system,DECLINED,BAL-001,true
SYN007521,LONG_SERVICE,2026-10-19,2026-10-25,NOT_DECLINED_ON_COVERAGE,booked leave in HR system,DECLINED,ELG-003|BAL-001,true
SYN007651,ANNUAL,2026-10-19,2026-11-01,NOT_DECLINED_ON_COVERAGE,booked leave in HR system,RECOMMEND_APPROVE,"",true
SYN001949,ANNUAL,2026-10-19,2026-10-23,NOT_DECLINED_ON_COVERAGE,booked leave in HR system,RECOMMEND_APPROVE,"",true
SYN007609,TOIL,2026-10-19,2026-11-01,NOT_DECLINED_ON_COVERAGE,booked leave in HR system,DECLINED,BAL-001,true
SYN006596,ADO,2026-10-19,2026-10-22,NOT_DECLINED_ON_COVERAGE,booked leave in HR system,NEEDS_APPROVAL,REQ-004,true
SYN004098,ANNUAL,2026-10-20,2026-10-25,NOT_DECLINED_ON_COVERAGE,booked leave in HR system,RECOMMEND_APPROVE,"",true
SYN001977,ANNUAL,2026-10-20,2026-10-23,NOT_DECLINED_ON_COVERAGE,booked leave in HR system,RECOMMEND_APPROVE,"",true
SYN006816,ANNUAL,2026-10-20,2026-10-22,NOT_DECLINED_ON_COVERAGE,booked leave in HR system,RECOMMEND_APPROVE,"",true
SYN005029,ANNUAL,2026-10-20,2026-11-04,NOT_DECLINED_ON_COVERAGE,booked leave in HR system,DECLINED,ELG-001|BAL-001,true
SYN003229,ANNUAL,2026-10-20,2026-10-25,NOT_DECLINED_ON_COVERAGE,booked leave in HR system,RECOMMEND_APPROVE,"",true
SYN003916,PROF_DEV,2026-10-20,2026-10-20,NOT_DECLINED_ON_COVERAGE,booked leave in HR system,DECLINED,ELG-002|BAL-003,true
SYN003888,ANNUAL,2026-10-20,2026-10-26,NOT_DECLINED_ON_COVERAGE,booked leave in HR system,NEEDS_APPROVAL,ELG-001,true
SYN003704,PROF_DEV,2026-10-20,2026-10-23,NOT_DECLINED_ON_COVERAGE,booked leave in HR system,DECLINED,BAL-001,true
SYN009460,LONG_SERVICE,2026-10-20,2027-07-23,NOT_DECLINED_ON_COVERAGE,booked leave in HR system,DECLINED,REQ-004|ELG-001|ELG-003,true
SYN003746,TOIL,2026-10-20,2026-10-21,NOT_DECLINED_ON_COVERAGE,booked leave in HR system,DECLINED,BAL-001,true
SYN009108,ANNUAL,2026-10-20,2026-10-28,NOT_DECLINED_ON_COVERAGE,booked leave in HR system,RECOMMEND_APPROVE,"",true
SYN005026,PROF_DEV,2026-10-20,2026-10-27,NOT_DECLINED_ON_COVERAGE,booked leave in HR system,RECOMMEND_APPROVE,"",true
SYN002791,ANNUAL,2026-10-20,2026-11-06,NOT_DECLINED_ON_COVERAGE,booked leave in HR system,RECOMMEND_APPROVE,"",true
SYN002639,ANNUAL,2026-10-20,2026-10-20,NOT_DECLINED_ON_COVERAGE,booked leave in HR system,RECOMMEND_APPROVE,"",true
SYN002909,ANNUAL,2026-10-20,2026-10-22,NOT_DECLINED_ON_COVERAGE,booked leave in HR system,RECOMMEND_APPROVE,"",true
SYN005655,TOIL,2026-10-20,2026-10-20,NOT_DECLINED_ON_COVERAGE,booked leave in HR system,RECOMMEND_APPROVE,"",true
SYN006779,PROF_DEV,2026-10-20,2026-10-24,NOT_DECLINED_ON_COVERAGE,booked leave in HR system,RECOMMEND_APPROVE,"",true
SYN002758,ANNUAL,2026-10-20,2026-10-20,NOT_DECLINED_ON_COVERAGE,booked leave in HR system,RECOMMEND_APPROVE,"",true
SYN004705,TOIL,2026-10-20,2026-10-20,NOT_DECLINED_ON_COVERAGE,booked leave in HR system,RECOMMEND_APPROVE,"",true
SYN001475,PROF_DEV,2026-10-20,2026-10-27,NOT_DECLINED_ON_COVERAGE,booked leave in HR system,NEEDS_APPROVAL,COV-001,true
SYN003261,ANNUAL,2026-10-20,2026-10-25,NOT_DECLINED_ON_COVERAGE,booked leave in HR system,RECOMMEND_APPROVE,"",true
SYN008603,ANNUAL,2026-10-20,2026-10-23,NOT_DECLINED_ON_COVERAGE,booked leave in HR system,DECLINED,BAL-001,true
SYN008155,ANNUAL,2026-10-20,2026-10-31,NOT_DECLINED_ON_COVERAGE,booked leave in HR system,NEEDS_APPROVAL,COV-002,true
SYN000386,PROF_DEV,2026-10-20,2026-10-20,NOT_DECLINED_ON_COVERAGE,booked leave in HR system,RECOMMEND_APPROVE,"",true
SYN007614,LONG_SERVICE,2026-10-20,2026-11-01,NOT_DECLINED_ON_COVERAGE,booked leave in HR system,DECLINED,ELG-003|BAL-001,true
SYN000183,ANNUAL,2026-10-20,2026-10-23,NOT_DECLINED_ON_COVERAGE,booked leave in HR system,RECOMMEND_APPROVE,"",true
SYN008187,ANNUAL,2026-10-20,2026-10-25,NOT_DECLINED_ON_COVERAGE,booked leave in HR system,RECOMMEND_APPROVE,"",true
SYN005719,ANNUAL,2026-10-20,2026-11-08,NOT_DECLINED_ON_COVERAGE,booked leave in HR system,DECLINED,BAL-001,true
SYN006794,ANNUAL,2026-10-20,2026-10-27,NOT_DECLINED_ON_COVERAGE,booked leave in HR system,DECLINED,BAL-001,true
SYN005651,ANNUAL,2026-10-20,2026-10-22,NOT_DECLINED_ON_COVERAGE,booked leave in HR system,RECOMMEND_APPROVE,"",true
SYN000089,PROF_DEV,2026-10-20,2026-10-29,NOT_DECLINED_ON_COVERAGE,booked leave in HR system,DECLINED,BAL-001|COV-001,false
SYN000569,ANNUAL,2026-10-20,2026-10-29,NOT_DECLINED_ON_COVERAGE,booked leave in HR system,RECOMMEND_APPROVE,"",true
SYN000063,ADO,2026-10-20,2026-10-25,NOT_DECLINED_ON_COVERAGE,booked leave in HR system,NEEDS_APPROVAL,REQ-004,true
SYN000103,PROF_DEV,2026-10-20,2026-10-27,NOT_DECLINED_ON_COVERAGE,booked leave in HR system,RECOMMEND_APPROVE,"",true
SYN003825,TOIL,2026-10-20,2026-10-22,NOT_DECLINED_ON_COVERAGE,booked leave in HR system,RECOMMEND_APPROVE,"",true
SYN007215,ANNUAL,2026-10-20,2026-10-28,NOT_DECLINED_ON_COVERAGE,booked leave in HR system,RECOMMEND_APPROVE,"",true
SYN007731,PROF_DEV,2026-10-20,2026-10-25,NOT_DECLINED_ON_COVERAGE,booked leave in HR system,RECOMMEND_APPROVE,"",true
SYN002776,PROF_DEV,2026-10-20,2026-10-20,NOT_DECLINED_ON_COVERAGE,booked leave in HR system,RECOMMEND_APPROVE,"",true
SYN001227,ANNUAL,2026-10-20,2026-10-26,NOT_DECLINED_ON_COVERAGE,booked leave in HR system,RECOMMEND_APPROVE,"",true
SYN002787,PROF_DEV,2026-10-20,2026-10-29,NOT_DECLINED_ON_COVERAGE,booked leave in HR system,DECLINED,BAL-001,true
SYN002815,TOIL,2026-10-20,2026-10-22,NOT_DECLINED_ON_COVERAGE,booked leave in HR system,RECOMMEND_APPROVE,"",true
SYN006822,ANNUAL,2026-10-20,2026-10-23,NOT_DECLINED_ON_COVERAGE,booked leave in HR system,RECOMMEND_APPROVE,"",true
SYN000255,LONG_SERVICE,2026-10-20,2026-10-23,NOT_DECLINED_ON_COVERAGE,booked leave in HR system,DECLINED,ELG-003|BAL-001|NOT-002,true
SYN001785,LONG_SERVICE,2026-10-20,2026-10-23,NOT_DECLINED_ON_COVERAGE,booked leave in HR system,DECLINED,BAL-001,true
SYN009012,ANNUAL,2026-10-20,2026-10-20,NOT_DECLINED_ON_COVERAGE,booked leave in HR system,RECOMMEND_APPROVE,"",true
SYN008715,LONG_SERVICE,2026-10-20,2026-10-23,NOT_DECLINED_ON_COVERAGE,booked leave in HR system,DECLINED,ELG-003|BAL-001,true
SYN002542,ANNUAL,2026-10-20,2026-10-23,NOT_DECLINED_ON_COVERAGE,booked leave in HR system,RECOMMEND_APPROVE,"",true
SYN007237,ANNUAL,2026-10-20,2026-10-23,NOT_DECLINED_ON_COVERAGE,booked leave in HR system,DECLINED,BAL-001,true
SYN000682,PROF_DEV,2026-10-20,2026-10-25,NOT_DECLINED_ON_COVERAGE,booked leave in HR system,RECOMMEND_APPROVE,"",true
SYN001150,ANNUAL,2026-10-20,2026-10-22,NOT_DECLINED_ON_COVERAGE,booked leave in HR system,RECOMMEND_APPROVE,"",true
SYN006937,PROF_DEV,2026-10-20,2026-10-20,NOT_DECLINED_ON_COVERAGE,booked leave in HR system,NEEDS_APPROVAL,ELG-001|BAL-003,true
SYN005445,LONG_SERVICE,2026-10-20,2026-10-21,NOT_DECLINED_ON_COVERAGE,booked leave in HR system,RECOMMEND_APPROVE,"",true
SYN006051,ANNUAL,2026-10-20,2026-10-22,NOT_DECLINED_ON_COVERAGE,booked leave in HR system,NEEDS_APPROVAL,COV-002,true
SYN000355,ANNUAL,2026-10-20,2026-10-20,NOT_DECLINED_ON_COVERAGE,booked leave in HR system,RECOMMEND_APPROVE,"",true
SYN005212,LONG_SERVICE,2026-10-20,2026-10-25,NOT_DECLINED_ON_COVERAGE,booked leave in HR system,DECLINED,ELG-003|BAL-001|NOT-002,true
SYN003076,ANNUAL,2026-10-20,2026-10-29,NOT_DECLINED_ON_COVERAGE,booked leave in HR system,RECOMMEND_APPROVE,"",true
SYN009393,ANNUAL,2026-10-20,2026-10-21,NOT_DECLINED_ON_COVERAGE,booked leave in HR system,RECOMMEND_APPROVE,"",true
SYN004761,ANNUAL,2026-10-20,2026-10-25,NOT_DECLINED_ON_COVERAGE,booked leave in HR system,RECOMMEND_APPROVE,"",true
SYN007373,ANNUAL,2026-10-20,2026-10-20,NOT_DECLINED_ON_COVERAGE,booked leave in HR system,RECOMMEND_APPROVE,"",true
SYN007170,PROF_DEV,2026-10-20,2026-10-21,NOT_DECLINED_ON_COVERAGE,booked leave in HR system,RECOMMEND_APPROVE,"",true
SYN002512,ANNUAL,2026-10-20,2026-10-23,NOT_DECLINED_ON_COVERAGE,booked leave in HR system,DECLINED,BAL-001,true
SYN007662,ANNUAL,2026-10-20,2026-10-30,NOT_DECLINED_ON_COVERAGE,booked leave in HR system,NEEDS_APPROVAL,COV-001,true
SYN004908,TOIL,2026-10-20,2026-10-20,NOT_DECLINED_ON_COVERAGE,booked leave in HR system,DECLINED,ELG-002|BAL-001,true
SYN008563,ANNUAL,2026-10-20,2026-10-28,NOT_DECLINED_ON_COVERAGE,booked leave in HR system,RECOMMEND_APPROVE,"",true
SYN000016,PROF_DEV,2026-10-20,2026-10-20,NOT_DECLINED_ON_COVERAGE,booked leave in HR system,RECOMMEND_APPROVE,"",true
SYN003404,PROF_DEV,2026-10-20,2026-10-20,NOT_DECLINED_ON_COVERAGE,booked leave in HR system,NEEDS_APPROVAL,BAL-003,true
SYN005905,PROF_DEV,2026-10-20,2026-10-20,NOT_DECLINED_ON_COVERAGE,booked leave in HR system,NEEDS_APPROVAL,BAL-003,true
SYN004027,ANNUAL,2026-10-20,2026-10-22,NOT_DECLINED_ON_COVERAGE,booked leave in HR system,RECOMMEND_APPROVE,"",true
SYN008009,ANNUAL,2026-10-20,2026-10-30,NOT_DECLINED_ON_COVERAGE,booked leave in HR system,RECOMMEND_APPROVE,"",true
SYN007212,ANNUAL,2026-10-20,2026-10-24,NOT_DECLINED_ON_COVERAGE,booked leave in HR system,RECOMMEND_APPROVE,"",true
SYN000949,LONG_SERVICE,2026-10-20,2026-10-20,NOT_DECLINED_ON_COVERAGE,booked leave in HR system,NEEDS_APPROVAL,NOT-002,true
SYN000467,ANNUAL,2026-10-20,2026-10-25,NOT_DECLINED_ON_COVERAGE,booked leave in HR system,NEEDS_APPROVAL,BAL-003,true
SYN006860,ANNUAL,2026-10-20,2026-11-02,NOT_DECLINED_ON_COVERAGE,booked leave in HR system,RECOMMEND_APPROVE,"",true
SYN003159,ANNUAL,2026-10-20,2026-10-20,NOT_DECLINED_ON_COVERAGE,booked leave in HR system,RECOMMEND_APPROVE,"",true
SYN000816,ANNUAL,2026-10-20,2026-10-27,NOT_DECLINED_ON_COVERAGE,booked leave in HR system,RECOMMEND_APPROVE,"",true
SYN005151,LONG_SERVICE,2026-10-20,2026-10-23,NOT_DECLINED_ON_COVERAGE,booked leave in HR system,DECLINED,ELG-003|BAL-001|NOT-002,true
SYN000834,ADO,2026-10-20,2026-10-20,NOT_DECLINED_ON_COVERAGE,booked leave in HR system,RECOMMEND_APPROVE,"",true
SYN002732,LONG_SERVICE,2026-10-20,2026-11-01,NOT_DECLINED_ON_COVERAGE,booked leave in HR system,DECLINED,BAL-001,true
SYN000903,ANNUAL,2026-10-21,2026-10-23,NOT_DECLINED_ON_COVERAGE,booked leave in HR system,NEEDS_APPROVAL,COV-001,true
SYN005061,ANNUAL,2026-10-21,2026-10-23,NOT_DECLINED_ON_COVERAGE,booked leave in HR system,RECOMMEND_APPROVE,"",true
SYN000953,ANNUAL,2026-10-21,2026-10-30,NOT_DECLINED_ON_COVERAGE,booked leave in HR system,RECOMMEND_APPROVE,"",true
SYN007868,ANNUAL,2026-10-21,2026-10-21,NOT_DECLINED_ON_COVERAGE,booked leave in HR system,RECOMMEND_APPROVE,"",true
SYN002076,ANNUAL,2026-10-21,2026-10-21,NOT_DECLINED_ON_COVERAGE,booked leave in HR system,RECOMMEND_APPROVE,"",true
SYN003064,PROF_DEV,2026-10-21,2026-11-09,NOT_DECLINED_ON_COVERAGE,booked leave in HR system,RECOMMEND_APPROVE,"",true
SYN004365,PROF_DEV,2026-10-21,2026-10-21,NOT_DECLINED_ON_COVERAGE,booked leave in HR system,RECOMMEND_APPROVE,"",true
SYN005086,ANNUAL,2026-10-21,2026-11-01,NOT_DECLINED_ON_COVERAGE,booked leave in HR system,RECOMMEND_APPROVE,"",true
SYN003347,ANNUAL,2026-10-21,2026-10-30,NOT_DECLINED_ON_COVERAGE,booked leave in HR system,RECOMMEND_APPROVE,"",true
SYN000605,ANNUAL,2026-10-21,2026-10-21,NOT_DECLINED_ON_COVERAGE,booked leave in HR system,RECOMMEND_APPROVE,"",true
SYN006792,ANNUAL,2026-10-21,2026-10-23,NOT_DECLINED_ON_COVERAGE,booked leave in HR system,RECOMMEND_APPROVE,"",true
SYN003515,ANNUAL,2026-10-21,2026-11-06,NOT_DECLINED_ON_COVERAGE,booked leave in HR system,RECOMMEND_APPROVE,"",true
SYN009208,ADO,2026-10-21,2026-10-21,NOT_DECLINED_ON_COVERAGE,booked leave in HR system,DECLINED,BAL-001,true
SYN002564,TOIL,2026-10-21,2026-10-23,NOT_DECLINED_ON_COVERAGE,booked leave in HR system,RECOMMEND_APPROVE,"",true
SYN000358,ANNUAL,2026-10-21,2026-10-23,NOT_DECLINED_ON_COVERAGE,booked leave in HR system,RECOMMEND_APPROVE,"",true
SYN008530,TOIL,2026-10-21,2026-10-25,NOT_DECLINED_ON_COVERAGE,booked leave in HR system,DECLINED,BAL-001,true
SYN004327,TOIL,2026-10-21,2026-10-28,NOT_DECLINED_ON_COVERAGE,booked leave in HR system,NEEDS_APPROVAL,ELG-001,true
SYN005321,ANNUAL,2026-10-21,2026-10-21,NOT_DECLINED_ON_COVERAGE,booked leave in HR system,RECOMMEND_APPROVE,"",true
SYN006255,ANNUAL,2026-10-21,2026-10-21,NOT_DECLINED_ON_COVERAGE,booked leave in HR system,RECOMMEND_APPROVE,"",true
SYN009517,ANNUAL,2026-10-21,2026-10-21,NOT_DECLINED_ON_COVERAGE,booked leave in HR system,RECOMMEND_APPROVE,"",true
SYN008287,ANNUAL,2026-10-21,2026-10-21,NOT_DECLINED_ON_COVERAGE,booked leave in HR system,RECOMMEND_APPROVE,"",true
SYN007603,ANNUAL,2026-10-21,2026-10-22,NOT_DECLINED_ON_COVERAGE,booked leave in HR system,RECOMMEND_APPROVE,"",true
SYN002639,ANNUAL,2026-10-21,2026-11-20,NOT_DECLINED_ON_COVERAGE,booked leave in HR system,RECOMMEND_APPROVE,"",true
SYN007561,PROF_DEV,2026-10-21,2026-10-29,NOT_DECLINED_ON_COVERAGE,booked leave in HR system,RECOMMEND_APPROVE,"",true
SYN007200,ADO,2026-10-21,2026-10-21,NOT_DECLINED_ON_COVERAGE,booked leave in HR system,RECOMMEND_APPROVE,"",true
SYN007808,PROF_DEV,2026-10-21,2026-10-21,NOT_DECLINED_ON_COVERAGE,booked leave in HR system,NEEDS_APPROVAL,BAL-003,true
SYN003829,ANNUAL,2026-10-21,2026-10-27,NOT_DECLINED_ON_COVERAGE,booked leave in HR system,RECOMMEND_APPROVE,"",true
SYN006618,LONG_SERVICE,2026-10-21,2026-10-23,NOT_DECLINED_ON_COVERAGE,booked leave in HR system,DECLINED,ELG-003|BAL-001|NOT-002,true
SYN004149,PROF_DEV,2026-10-21,2026-10-22,NOT_DECLINED_ON_COVERAGE,booked leave in HR system,NEEDS_APPROVAL,COV-001,true
SYN004908,PROF_DEV,2026-10-21,2026-10-23,NOT_DECLINED_ON_COVERAGE,booked leave in HR system,RECOMMEND_APPROVE,"",true
SYN000908,ANNUAL,2026-10-21,2026-10-21,NOT_DECLINED_ON_COVERAGE,booked leave in HR system,NEEDS_APPROVAL,COV-001,true
SYN002294,ANNUAL,2026-10-21,2026-11-17,NOT_DECLINED_ON_COVERAGE,booked leave in HR system,RECOMMEND_APPROVE,"",true
SYN003236,ANNUAL,2026-10-21,2026-10-22,NOT_DECLINED_ON_COVERAGE,booked leave in HR system,RECOMMEND_APPROVE,"",true
SYN006445,TOIL,2026-10-21,2026-10-22,NOT_DECLINED_ON_COVERAGE,booked leave in HR system,RECOMMEND_APPROVE,"",true
SYN008094,PROF_DEV,2026-10-21,2026-10-22,NOT_DECLINED_ON_COVERAGE,booked leave in HR system,RECOMMEND_APPROVE,"",true
SYN005233,PROF_DEV,2026-10-21,2026-10-21,NOT_DECLINED_ON_COVERAGE,booked leave in HR system,NEEDS_APPROVAL,BAL-003,true
SYN003534,PROF_DEV,2026-10-21,2026-10-21,NOT_DECLINED_ON_COVERAGE,booked leave in HR system,NEEDS_APPROVAL,BAL-003,true
SYN006186,ANNUAL,2026-10-21,2026-10-25,NOT_DECLINED_ON_COVERAGE,booked leave in HR system,RECOMMEND_APPROVE,"",true
SYN006234,ADO,2026-10-21,2026-10-21,NOT_DECLINED_ON_COVERAGE,booked leave in HR system,RECOMMEND_APPROVE,"",true
SYN002652,TOIL,2026-10-21,2026-11-11,NOT_DECLINED_ON_COVERAGE,booked leave in HR system,DECLINED,BAL-001,true
SYN004242,ANNUAL,2026-10-21,2026-11-01,NOT_DECLINED_ON_COVERAGE,booked leave in HR system,DECLINED,BAL-001,true
SYN000938,ANNUAL,2026-10-21,2026-10-23,NOT_DECLINED_ON_COVERAGE,booked leave in HR system,RECOMMEND_APPROVE,"",true
SYN006813,ANNUAL,2026-10-21,2026-10-26,NOT_DECLINED_ON_COVERAGE,booked leave in HR system,RECOMMEND_APPROVE,"",true
SYN003992,ANNUAL,2026-10-21,2026-10-23,NOT_DECLINED_ON_COVERAGE,booked leave in HR system,RECOMMEND_APPROVE,"",true
SYN006870,ANNUAL,2026-10-21,2026-10-21,NOT_DECLINED_ON_COVERAGE,booked leave in HR system,RECOMMEND_APPROVE,"",true
SYN006836,ADO,2026-10-21,2026-10-23,NOT_DECLINED_ON_COVERAGE,booked leave in HR system,NEEDS_APPROVAL,REQ-004|BAL-003,true
SYN000302,ANNUAL,2026-10-21,2026-11-02,NOT_DECLINED_ON_COVERAGE,booked leave in HR system,DECLINED,BAL-001,true
SYN007623,TOIL,2026-10-21,2026-10-23,NOT_DECLINED_ON_COVERAGE,booked leave in HR system,RECOMMEND_APPROVE,"",true
SYN007109,ANNUAL,2026-10-21,2026-10-22,NOT_DECLINED_ON_COVERAGE,booked leave in HR system,RECOMMEND_APPROVE,"",true
SYN004236,ANNUAL,2026-10-21,2026-10-24,NOT_DECLINED_ON_COVERAGE,booked leave in HR system,RECOMMEND_APPROVE,"",true
SYN006463,ANNUAL,2026-10-21,2026-10-23,NOT_DECLINED_ON_COVERAGE,booked leave in HR system,RECOMMEND_APPROVE,"",true
SYN000424,ANNUAL,2026-10-21,2026-11-02,NOT_DECLINED_ON_COVERAGE,booked leave in HR system,RECOMMEND_APPROVE,"",true
SYN009259,TOIL,2026-10-21,2026-10-23,NOT_DECLINED_ON_COVERAGE,booked leave in HR system,RECOMMEND_APPROVE,"",true
SYN007302,PROF_DEV,2026-10-21,2026-10-23,NOT_DECLINED_ON_COVERAGE,booked leave in HR system,NEEDS_APPROVAL,ELG-001,true
SYN008303,PROF_DEV,2026-10-21,2026-10-22,NOT_DECLINED_ON_COVERAGE,booked leave in HR system,RECOMMEND_APPROVE,"",true
SYN007492,ANNUAL,2026-10-21,2026-10-21,NOT_DECLINED_ON_COVERAGE,booked leave in HR system,RECOMMEND_APPROVE,"",true
SYN008649,ANNUAL,2026-10-21,2026-10-25,NOT_DECLINED_ON_COVERAGE,booked leave in HR system,RECOMMEND_APPROVE,"",true
SYN005480,ADO,2026-10-21,2026-10-21,NOT_DECLINED_ON_COVERAGE,booked leave in HR system,RECOMMEND_APPROVE,"",true
SYN005913,ANNUAL,2026-10-21,2026-10-23,NOT_DECLINED_ON_COVERAGE,booked leave in HR system,NEEDS_APPROVAL,ELG-001,true
SYN004462,LONG_SERVICE,2026-10-21,2026-10-30,NOT_DECLINED_ON_COVERAGE,booked leave in HR system,DECLINED,ELG-003|BAL-001|NOT-002,true
SYN006509,ADO,2026-10-21,2026-10-23,NOT_DECLINED_ON_COVERAGE,booked leave in HR system,NEEDS_APPROVAL,REQ-004|COV-001,true
SYN005899,PROF_DEV,2026-10-22,2026-10-22,NOT_DECLINED_ON_COVERAGE,booked leave in HR system,NEEDS_APPROVAL,BAL-003,true
SYN001902,ANNUAL,2026-10-22,2026-10-23,NOT_DECLINED_ON_COVERAGE,booked leave in HR system,RECOMMEND_APPROVE,"",true
SYN009423,ANNUAL,2026-10-22,2026-10-26,NOT_DECLINED_ON_COVERAGE,booked leave in HR system,RECOMMEND_APPROVE,"",true
SYN004166,ANNUAL,2026-10-22,2026-10-27,NOT_DECLINED_ON_COVERAGE,booked leave in HR system,RECOMMEND_APPROVE,"",true
SYN009155,ANNUAL,2026-10-22,2026-10-22,NOT_DECLINED_ON_COVERAGE,booked leave in HR system,RECOMMEND_APPROVE,"",true
SYN000971,ADO,2026-10-22,2026-10-23,NOT_DECLINED_ON_COVERAGE,booked leave in HR system,RECOMMEND_APPROVE,"",true
SYN009110,PROF_DEV,2026-10-22,2026-10-23,NOT_DECLINED_ON_COVERAGE,booked leave in HR system,RECOMMEND_APPROVE,"",true
SYN001925,ANNUAL,2026-10-22,2026-11-04,NOT_DECLINED_ON_COVERAGE,booked leave in HR system,DECLINED,ELG-001|BAL-001,true
SYN004955,LONG_SERVICE,2026-10-22,2026-10-30,NOT_DECLINED_ON_COVERAGE,booked leave in HR system,DECLINED,ELG-003|BAL-001|NOT-002|COV-002,false
SYN008572,ANNUAL,2026-10-22,2026-10-22,NOT_DECLINED_ON_COVERAGE,booked leave in HR system,RECOMMEND_APPROVE,"",true
SYN000261,ANNUAL,2026-10-22,2026-10-22,NOT_DECLINED_ON_COVERAGE,booked leave in HR system,RECOMMEND_APPROVE,"",true
SYN008135,ANNUAL,2026-10-22,2026-10-25,NOT_DECLINED_ON_COVERAGE,booked leave in HR system,DECLINED,BAL-001,true
SYN008892,ANNUAL,2026-10-22,2026-10-23,NOT_DECLINED_ON_COVERAGE,booked leave in HR system,RECOMMEND_APPROVE,"",true
SYN002880,ADO,2026-10-22,2026-10-22,NOT_DECLINED_ON_COVERAGE,booked leave in HR system,RECOMMEND_APPROVE,"",true
SYN000803,ANNUAL,2026-10-22,2026-11-12,NOT_DECLINED_ON_COVERAGE,booked leave in HR system,NEEDS_APPROVAL,ELG-001,true
SYN004150,ANNUAL,2026-10-22,2026-10-29,NOT_DECLINED_ON_COVERAGE,booked leave in HR system,RECOMMEND_APPROVE,"",true
SYN006798,ANNUAL,2026-10-22,2026-11-01,NOT_DECLINED_ON_COVERAGE,booked leave in HR system,NEEDS_APPROVAL,ELG-001,true
SYN006781,ANNUAL,2026-10-22,2026-11-22,NOT_DECLINED_ON_COVERAGE,booked leave in HR system,DECLINED,BAL-001,true
SYN000363,ANNUAL,2026-10-22,2026-10-22,NOT_DECLINED_ON_COVERAGE,booked leave in HR system,RECOMMEND_APPROVE,"",true
SYN003175,PROF_DEV,2026-10-22,2026-10-22,NOT_DECLINED_ON_COVERAGE,booked leave in HR system,NEEDS_APPROVAL,BAL-003,true
SYN009440,PROF_DEV,2026-10-22,2026-10-22,NOT_DECLINED_ON_COVERAGE,booked leave in HR system,NEEDS_APPROVAL,BAL-003,true
SYN000405,ANNUAL,2026-10-22,2026-10-26,NOT_DECLINED_ON_COVERAGE,booked leave in HR system,DECLINED,BAL-001|COV-001,false
SYN000993,PROF_DEV,2026-10-22,2026-10-22,NOT_DECLINED_ON_COVERAGE,booked leave in HR system,NEEDS_APPROVAL,BAL-003,true
SYN006142,ANNUAL,2026-10-22,2026-10-25,NOT_DECLINED_ON_COVERAGE,booked leave in HR system,RECOMMEND_APPROVE,"",true
SYN007266,ANNUAL,2026-10-22,2026-10-30,NOT_DECLINED_ON_COVERAGE,booked leave in HR system,RECOMMEND_APPROVE,"",true
SYN008747,PROF_DEV,2026-10-22,2026-10-23,NOT_DECLINED_ON_COVERAGE,booked leave in HR system,NEEDS_APPROVAL,ELG-001,true
SYN001264,TOIL,2026-10-22,2026-10-23,NOT_DECLINED_ON_COVERAGE,booked leave in HR system,RECOMMEND_APPROVE,"",true
SYN001229,TOIL,2026-10-22,2026-10-22,NOT_DECLINED_ON_COVERAGE,booked leave in HR system,RECOMMEND_APPROVE,"",true
SYN001892,ANNUAL,2026-10-22,2026-10-23,NOT_DECLINED_ON_COVERAGE,booked leave in HR system,NEEDS_APPROVAL,COV-001,true
SYN004217,TOIL,2026-10-22,2026-10-23,NOT_DECLINED_ON_COVERAGE,booked leave in HR system,RECOMMEND_APPROVE,"",true
SYN008199,ANNUAL,2026-10-22,2026-10-23,NOT_DECLINED_ON_COVERAGE,booked leave in HR system,RECOMMEND_APPROVE,"",true
SYN006635,PROF_DEV,2026-10-22,2026-10-22,NOT_DECLINED_ON_COVERAGE,booked leave in HR system,NEEDS_APPROVAL,BAL-003,true
SYN005874,ANNUAL,2026-10-22,2026-10-23,NOT_DECLINED_ON_COVERAGE,booked leave in HR system,NEEDS_APPROVAL,COV-001,true
SYN008288,ANNUAL,2026-10-22,2026-10-23,NOT_DECLINED_ON_COVERAGE,booked leave in HR system,NEEDS_APPROVAL,ELG-001,true
SYN006937,TOIL,2026-10-22,2026-10-22,NOT_DECLINED_ON_COVERAGE,booked leave in HR system,NEEDS_APPROVAL,ELG-001,true
SYN001593,PROF_DEV,2026-10-22,2026-10-22,NOT_DECLINED_ON_COVERAGE,booked leave in HR system,NEEDS_APPROVAL,BAL-003|COV-001,true
SYN000881,ANNUAL,2026-10-22,2026-10-29,NOT_DECLINED_ON_COVERAGE,booked leave in HR system,NEEDS_APPROVAL,COV-002,true
SYN009133,ANNUAL,2026-10-22,2026-11-30,NOT_DECLINED_ON_COVERAGE,booked leave in HR system,DECLINED,BAL-001,true
SYN008539,PROF_DEV,2026-10-22,2026-10-22,NOT_DECLINED_ON_COVERAGE,booked leave in HR system,RECOMMEND_APPROVE,"",true
SYN005669,ADO,2026-10-22,2026-10-22,NOT_DECLINED_ON_COVERAGE,booked leave in HR system,NEEDS_APPROVAL,BAL-003,true
SYN002312,PROF_DEV,2026-10-22,2026-10-22,NOT_DECLINED_ON_COVERAGE,booked leave in HR system,NEEDS_APPROVAL,BAL-003,true
SYN001397,ANNUAL,2026-10-22,2026-10-25,NOT_DECLINED_ON_COVERAGE,booked leave in HR system,RECOMMEND_APPROVE,"",true
SYN000231,PROF_DEV,2026-10-22,2026-10-22,NOT_DECLINED_ON_COVERAGE,booked leave in HR system,RECOMMEND_APPROVE,"",true
SYN001704,PROF_DEV,2026-10-22,2026-10-23,NOT_DECLINED_ON_COVERAGE,booked leave in HR system,RECOMMEND_APPROVE,"",true
SYN007638,ANNUAL,2026-10-22,2026-11-11,NOT_DECLINED_ON_COVERAGE,booked leave in HR system,DECLINED,COV-001,false
SYN008922,TOIL,2026-10-22,2026-10-23,NOT_DECLINED_ON_COVERAGE,booked leave in HR system,NEEDS_APPROVAL,ELG-001,true
SYN007366,ANNUAL,2026-10-22,2026-10-25,NOT_DECLINED_ON_COVERAGE,booked leave in HR system,RECOMMEND_APPROVE,"",true
SYN003450,ANNUAL,2026-10-22,2026-12-02,NOT_DECLINED_ON_COVERAGE,booked leave in HR system,DECLINED,BAL-001|COV-001,false
SYN008524,ANNUAL,2026-10-22,2026-10-22,NOT_DECLINED_ON_COVERAGE,booked leave in HR system,NEEDS_APPROVAL,ELG-001,true
SYN003775,ADO,2026-10-22,2026-10-22,NOT_DECLINED_ON_COVERAGE,booked leave in HR system,RECOMMEND_APPROVE,"",true
SYN007964,ANNUAL,2026-10-22,2026-10-29,NOT_DECLINED_ON_COVERAGE,booked leave in HR system,NEEDS_APPROVAL,ELG-001,true
SYN003761,PROF_DEV,2026-10-22,2026-10-22,NOT_DECLINED_ON_COVERAGE,booked leave in HR system,NEEDS_APPROVAL,COV-001,true
SYN007182,ANNUAL,2026-10-22,2026-10-23,NOT_DECLINED_ON_COVERAGE,booked leave in HR system,RECOMMEND_APPROVE,"",true
SYN007113,LONG_SERVICE,2026-10-22,2026-10-22,NOT_DECLINED_ON_COVERAGE,booked leave in HR system,DECLINED,ELG-003,true
SYN005083,ANNUAL,2026-10-22,2026-10-23,NOT_DECLINED_ON_COVERAGE,booked leave in HR system,RECOMMEND_APPROVE,"",true
SYN004676,ANNUAL,2026-10-22,2026-11-30,NOT_DECLINED_ON_COVERAGE,booked leave in HR system,DECLINED,ELG-001|BAL-001,true
SYN003925,ADO,2026-10-22,2026-10-22,NOT_DECLINED_ON_COVERAGE,booked leave in HR system,NEEDS_APPROVAL,BAL-003,true
SYN008154,ANNUAL,2026-10-22,2026-10-23,NOT_DECLINED_ON_COVERAGE,booked leave in HR system,RECOMMEND_APPROVE,"",true
SYN001423,PROF_DEV,2026-10-22,2026-10-22,NOT_DECLINED_ON_COVERAGE,booked leave in HR system,RECOMMEND_APPROVE,"",true
SYN002379,ANNUAL,2026-10-22,2026-10-23,NOT_DECLINED_ON_COVERAGE,booked leave in HR system,RECOMMEND_APPROVE,"",true
SYN006848,ANNUAL,2026-10-22,2026-10-23,NOT_DECLINED_ON_COVERAGE,booked leave in HR system,RECOMMEND_APPROVE,"",true
SYN004069,ANNUAL,2026-10-22,2026-10-25,NOT_DECLINED_ON_COVERAGE,booked leave in HR system,RECOMMEND_APPROVE,"",true
SYN002537,ANNUAL,2026-10-22,2026-10-23,NOT_DECLINED_ON_COVERAGE,booked leave in HR system,RECOMMEND_APPROVE,"",true
SYN002712,PROF_DEV,2026-10-22,2026-10-22,NOT_DECLINED_ON_COVERAGE,booked leave in HR system,NEEDS_APPROVAL,BAL-003,true
SYN009128,ANNUAL,2026-10-22,2026-10-23,NOT_DECLINED_ON_COVERAGE,booked leave in HR system,RECOMMEND_APPROVE,"",true
SYN000251,ADO,2026-10-22,2026-10-22,NOT_DECLINED_ON_COVERAGE,booked leave in HR system,RECOMMEND_APPROVE,"",true
SYN006565,ADO,2026-10-22,2026-10-23,NOT_DECLINED_ON_COVERAGE,booked leave in HR system,RECOMMEND_APPROVE,"",true
SYN000632,ANNUAL,2026-10-22,2026-10-22,NOT_DECLINED_ON_COVERAGE,booked leave in HR system,RECOMMEND_APPROVE,"",true
SYN000238,PROF_DEV,2026-10-22,2026-10-22,NOT_DECLINED_ON_COVERAGE,booked leave in HR system,RECOMMEND_APPROVE,"",true
SYN002462,LONG_SERVICE,2026-10-22,2026-10-27,NOT_DECLINED_ON_COVERAGE,booked leave in HR system,DECLINED,BAL-001|NOT-002,true
SYN002637,ANNUAL,2026-10-23,2026-11-06,NOT_DECLINED_ON_COVERAGE,booked leave in HR system,NEEDS_APPROVAL,COV-003,true
SYN009255,TOIL,2026-10-23,2026-10-23,NOT_DECLINED_ON_COVERAGE,booked leave in HR system,RECOMMEND_APPROVE,"",true
SYN008389,LONG_SERVICE,2026-10-23,2026-10-23,NOT_DECLINED_ON_COVERAGE,booked leave in HR system,DECLINED,ELG-003|BAL-001|NOT-002,true
SYN005635,ANNUAL,2026-10-23,2026-10-23,NOT_DECLINED_ON_COVERAGE,booked leave in HR system,NEEDS_APPROVAL,COV-002,true
SYN006729,PROF_DEV,2026-10-23,2026-10-23,NOT_DECLINED_ON_COVERAGE,booked leave in HR system,NEEDS_APPROVAL,BAL-003,true
SYN005822,PROF_DEV,2026-10-23,2026-10-23,NOT_DECLINED_ON_COVERAGE,booked leave in HR system,RECOMMEND_APPROVE,"",true
SYN001046,PROF_DEV,2026-10-23,2026-10-23,NOT_DECLINED_ON_COVERAGE,booked leave in HR system,RECOMMEND_APPROVE,"",true
SYN007181,ANNUAL,2026-10-23,2026-10-23,NOT_DECLINED_ON_COVERAGE,booked leave in HR system,RECOMMEND_APPROVE,"",true
SYN008366,PROF_DEV,2026-10-23,2026-10-23,NOT_DECLINED_ON_COVERAGE,booked leave in HR system,RECOMMEND_APPROVE,"",true
SYN006646,PROF_DEV,2026-10-23,2026-10-23,NOT_DECLINED_ON_COVERAGE,booked leave in HR system,DECLINED,ELG-002|BAL-003,true
SYN000699,ADO,2026-10-23,2026-10-27,NOT_DECLINED_ON_COVERAGE,booked leave in HR system,NEEDS_APPROVAL,REQ-004,true
SYN004045,ANNUAL,2026-10-23,2026-10-23,NOT_DECLINED_ON_COVERAGE,booked leave in HR system,RECOMMEND_APPROVE,"",true
SYN005941,TOIL,2026-10-23,2026-10-27,NOT_DECLINED_ON_COVERAGE,booked leave in HR system,RECOMMEND_APPROVE,"",true
SYN000970,ANNUAL,2026-10-23,2026-10-23,NOT_DECLINED_ON_COVERAGE,booked leave in HR system,RECOMMEND_APPROVE,"",true
SYN000208,PROF_DEV,2026-10-23,2026-10-24,NOT_DECLINED_ON_COVERAGE,booked leave in HR system,NEEDS_APPROVAL,BAL-003,true
SYN003681,ANNUAL,2026-10-23,2026-10-25,NOT_DECLINED_ON_COVERAGE,booked leave in HR system,RECOMMEND_APPROVE,"",true
SYN000261,ADO,2026-10-23,2026-10-28,NOT_DECLINED_ON_COVERAGE,booked leave in HR system,NEEDS_APPROVAL,REQ-004|BAL-003,true
SYN008010,ANNUAL,2026-10-23,2026-10-24,NOT_DECLINED_ON_COVERAGE,booked leave in HR system,RECOMMEND_APPROVE,"",true
SYN008197,PROF_DEV,2026-10-23,2026-10-23,NOT_DECLINED_ON_COVERAGE,booked leave in HR system,RECOMMEND_APPROVE,"",true
SYN007356,ANNUAL,2026-10-23,2026-10-23,NOT_DECLINED_ON_COVERAGE,booked leave in HR system,RECOMMEND_APPROVE,"",true
SYN002351,PROF_DEV,2026-10-23,2026-10-23,NOT_DECLINED_ON_COVERAGE,booked leave in HR system,RECOMMEND_APPROVE,"",true
SYN005283,TOIL,2026-10-23,2026-10-23,NOT_DECLINED_ON_COVERAGE,booked leave in HR system,RECOMMEND_APPROVE,"",true
SYN008588,PROF_DEV,2026-10-23,2026-10-26,NOT_DECLINED_ON_COVERAGE,booked leave in HR system,RECOMMEND_APPROVE,"",true
SYN005856,ADO,2026-10-23,2026-10-23,NOT_DECLINED_ON_COVERAGE,booked leave in HR system,RECOMMEND_APPROVE,"",true
SYN006549,LONG_SERVICE,2026-10-23,2026-10-23,NOT_DECLINED_ON_COVERAGE,booked leave in HR system,DECLINED,ELG-003|NOT-002,true
SYN000805,TOIL,2026-10-23,2026-10-25,NOT_DECLINED_ON_COVERAGE,booked leave in HR system,RECOMMEND_APPROVE,"",true
SYN003404,ADO,2026-10-23,2026-10-23,NOT_DECLINED_ON_COVERAGE,booked leave in HR system,DECLINED,BAL-001,true
SYN004057,ANNUAL,2026-10-23,2026-10-27,NOT_DECLINED_ON_COVERAGE,booked leave in HR system,RECOMMEND_APPROVE,"",true
SYN002018,ANNUAL,2026-10-23,2026-10-23,NOT_DECLINED_ON_COVERAGE,booked leave in HR system,RECOMMEND_APPROVE,"",true
SYN003735,ADO,2026-10-23,2026-10-23,NOT_DECLINED_ON_COVERAGE,booked leave in HR system,NEEDS_APPROVAL,BAL-003,true
SYN006754,PROF_DEV,2026-10-23,2026-10-25,NOT_DECLINED_ON_COVERAGE,booked leave in HR system,RECOMMEND_APPROVE,"",true
SYN007697,ANNUAL,2026-10-23,2026-10-26,NOT_DECLINED_ON_COVERAGE,booked leave in HR system,NEEDS_APPROVAL,ELG-001|COV-001,true
SYN008283,ADO,2026-10-23,2026-10-23,NOT_DECLINED_ON_COVERAGE,booked leave in HR system,NEEDS_APPROVAL,BAL-003,true
SYN008310,PROF_DEV,2026-10-23,2026-10-23,NOT_DECLINED_ON_COVERAGE,booked leave in HR system,NEEDS_APPROVAL,BAL-003,true
SYN002898,ANNUAL,2026-10-23,2026-11-01,NOT_DECLINED_ON_COVERAGE,booked leave in HR system,RECOMMEND_APPROVE,"",true
SYN002758,ANNUAL,2026-10-23,2026-10-26,NOT_DECLINED_ON_COVERAGE,booked leave in HR system,RECOMMEND_APPROVE,"",true
SYN003599,ANNUAL,2026-10-23,2026-11-06,NOT_DECLINED_ON_COVERAGE,booked leave in HR system,DECLINED,ELG-002|BAL-003,true
SYN006850,ANNUAL,2026-10-23,2026-10-23,NOT_DECLINED_ON_COVERAGE,booked leave in HR system,RECOMMEND_APPROVE,"",true
SYN004729,ANNUAL,2026-10-23,2026-10-25,NOT_DECLINED_ON_COVERAGE,booked leave in HR system,RECOMMEND_APPROVE,"",true
SYN003574,ANNUAL,2026-10-23,2026-11-01,NOT_DECLINED_ON_COVERAGE,booked leave in HR system,DECLINED,ELG-002,true
SYN002414,PROF_DEV,2026-10-23,2026-10-23,NOT_DECLINED_ON_COVERAGE,booked leave in HR system,RECOMMEND_APPROVE,"",true
SYN002412,ANNUAL,2026-10-23,2026-10-30,NOT_DECLINED_ON_COVERAGE,booked leave in HR system,RECOMMEND_APPROVE,"",true
SYN008388,ANNUAL,2026-10-23,2026-11-03,NOT_DECLINED_ON_COVERAGE,booked leave in HR system,RECOMMEND_APPROVE,"",true
SYN002860,ANNUAL,2026-10-23,2026-10-30,NOT_DECLINED_ON_COVERAGE,booked leave in HR system,RECOMMEND_APPROVE,"",true
SYN004997,ANNUAL,2026-10-23,2026-10-23,NOT_DECLINED_ON_COVERAGE,booked leave in HR system,RECOMMEND_APPROVE,"",true
SYN003397,ANNUAL,2026-10-23,2026-10-24,NOT_DECLINED_ON_COVERAGE,booked leave in HR system,RECOMMEND_APPROVE,"",true
SYN001883,PROF_DEV,2026-10-23,2026-10-23,NOT_DECLINED_ON_COVERAGE,booked leave in HR system,NEEDS_APPROVAL,ELG-001,true
SYN009114,LONG_SERVICE,2026-10-23,2026-10-23,NOT_DECLINED_ON_COVERAGE,booked leave in HR system,DECLINED,ELG-003|BAL-001|NOT-002,true
SYN006950,ANNUAL,2026-10-23,2026-10-30,NOT_DECLINED_ON_COVERAGE,booked leave in HR system,NEEDS_APPROVAL,ELG-001,true
SYN006752,ANNUAL,2026-10-23,2026-10-23,NOT_DECLINED_ON_COVERAGE,booked leave in HR system,RECOMMEND_APPROVE,"",true
SYN000142,PROF_DEV,2026-10-23,2026-10-29,NOT_DECLINED_ON_COVERAGE,booked leave in HR system,RECOMMEND_APPROVE,"",true
SYN009143,LONG_SERVICE,2026-10-23,2026-10-23,NOT_DECLINED_ON_COVERAGE,booked leave in HR system,DECLINED,ELG-003|BAL-001|NOT-002,true
SYN000029,TOIL,2026-10-23,2026-10-24,NOT_DECLINED_ON_COVERAGE,booked leave in HR system,RECOMMEND_APPROVE,"",true
SYN005657,LONG_SERVICE,2026-10-23,2026-10-30,NOT_DECLINED_ON_COVERAGE,booked leave in HR system,DECLINED,ELG-003|BAL-001|NOT-002,true
SYN004021,ANNUAL,2026-10-23,2026-10-23,NOT_DECLINED_ON_COVERAGE,booked leave in HR system,RECOMMEND_APPROVE,"",true
SYN004719,ANNUAL,2026-10-23,2026-10-23,NOT_DECLINED_ON_COVERAGE,booked leave in HR system,RECOMMEND_APPROVE,"",true
SYN004019,ANNUAL,2026-10-23,2026-10-27,NOT_DECLINED_ON_COVERAGE,booked leave in HR system,DECLINED,BAL-001|COV-002,false
SYN001810,ANNUAL,2026-10-23,2026-11-15,NOT_DECLINED_ON_COVERAGE,booked leave in HR system,DECLINED,BAL-001,true
SYN008057,ANNUAL,2026-10-23,2026-11-04,NOT_DECLINED_ON_COVERAGE,booked leave in HR system,RECOMMEND_APPROVE,"",true
SYN003346,LONG_SERVICE,2026-10-23,2026-10-23,NOT_DECLINED_ON_COVERAGE,booked leave in HR system,NEEDS_APPROVAL,NOT-002,true
SYN005894,TOIL,2026-10-23,2026-10-23,NOT_DECLINED_ON_COVERAGE,booked leave in HR system,RECOMMEND_APPROVE,"",true
SYN003456,ANNUAL,2026-10-23,2026-11-01,NOT_DECLINED_ON_COVERAGE,booked leave in HR system,RECOMMEND_APPROVE,"",true
SYN008847,ANNUAL,2026-10-23,2026-11-10,NOT_DECLINED_ON_COVERAGE,booked leave in HR system,RECOMMEND_APPROVE,"",true
SYN008148,PROF_DEV,2026-10-23,2026-10-23,NOT_DECLINED_ON_COVERAGE,booked leave in HR system,RECOMMEND_APPROVE,"",true
SYN005011,TOIL,2026-10-23,2026-10-25,NOT_DECLINED_ON_COVERAGE,booked leave in HR system,DECLINED,BAL-001,true
SYN008502,PROF_DEV,2026-10-23,2026-10-23,NOT_DECLINED_ON_COVERAGE,booked leave in HR system,RECOMMEND_APPROVE,"",true
SYN005362,ANNUAL,2026-10-23,2026-10-27,NOT_DECLINED_ON_COVERAGE,booked leave in HR system,RECOMMEND_APPROVE,"",true
SYN000238,ANNUAL,2026-10-23,2026-10-23,NOT_DECLINED_ON_COVERAGE,booked leave in HR system,RECOMMEND_APPROVE,"",true
SYN005752,ANNUAL,2026-10-23,2026-10-23,NOT_DECLINED_ON_COVERAGE,booked leave in HR system,RECOMMEND_APPROVE,"",true
SYN007376,ANNUAL,2026-10-23,2026-10-27,NOT_DECLINED_ON_COVERAGE,booked leave in HR system,RECOMMEND_APPROVE,"",true
SYN008700,ANNUAL,2026-10-23,2026-10-23,NOT_DECLINED_ON_COVERAGE,booked leave in HR system,RECOMMEND_APPROVE,"",true
SYN007483,PROF_DEV,2026-10-23,2026-10-23,NOT_DECLINED_ON_COVERAGE,booked leave in HR system,RECOMMEND_APPROVE,"",true
SYN000988,LONG_SERVICE,2026-10-23,2026-10-23,NOT_DECLINED_ON_COVERAGE,booked leave in HR system,DECLINED,ELG-003|BAL-001|NOT-002,true
SYN001150,ANNUAL,2026-10-23,2026-10-25,NOT_DECLINED_ON_COVERAGE,booked leave in HR system,RECOMMEND_APPROVE,"",true
SYN005721,ANNUAL,2026-10-23,2026-10-23,NOT_DECLINED_ON_COVERAGE,booked leave in HR system,RECOMMEND_APPROVE,"",true
SYN004048,ANNUAL,2026-10-24,2026-10-31,NOT_DECLINED_ON_COVERAGE,booked leave in HR system,RECOMMEND_APPROVE,"",true
SYN008886,ANNUAL,2026-10-24,2026-10-25,NOT_DECLINED_ON_COVERAGE,booked leave in HR system,RECOMMEND_APPROVE,"",true
SYN008669,LONG_SERVICE,2026-10-24,2026-10-28,NOT_DECLINED_ON_COVERAGE,booked leave in HR system,NEEDS_APPROVAL,NOT-002,true
SYN008812,LONG_SERVICE,2026-10-24,2026-10-25,NOT_DECLINED_ON_COVERAGE,booked leave in HR system,DECLINED,ELG-003|BAL-001,true
SYN002737,ANNUAL,2026-10-24,2026-11-07,NOT_DECLINED_ON_COVERAGE,booked leave in HR system,RECOMMEND_APPROVE,"",true
SYN004532,TOIL,2026-10-24,2026-10-24,NOT_DECLINED_ON_COVERAGE,booked leave in HR system,RECOMMEND_APPROVE,"",true
SYN001703,ANNUAL,2026-10-24,2026-11-08,NOT_DECLINED_ON_COVERAGE,booked leave in HR system,DECLINED,COV-001,false
SYN003607,ANNUAL,2026-10-24,2026-10-28,NOT_DECLINED_ON_COVERAGE,booked leave in HR system,RECOMMEND_APPROVE,"",true
SYN005006,ANNUAL,2026-10-24,2026-11-08,NOT_DECLINED_ON_COVERAGE,booked leave in HR system,DECLINED,BAL-001,true
SYN006296,ANNUAL,2026-10-24,2026-10-25,NOT_DECLINED_ON_COVERAGE,booked leave in HR system,RECOMMEND_APPROVE,"",true
SYN003524,ADO,2026-10-24,2026-10-28,NOT_DECLINED_ON_COVERAGE,booked leave in HR system,NEEDS_APPROVAL,REQ-004,true
SYN009482,ANNUAL,2026-10-24,2026-11-01,NOT_DECLINED_ON_COVERAGE,booked leave in HR system,DECLINED,BAL-001,true
SYN002323,ADO,2026-10-24,2026-10-24,NOT_DECLINED_ON_COVERAGE,booked leave in HR system,RECOMMEND_APPROVE,"",true
SYN007459,ANNUAL,2026-10-24,2026-10-25,NOT_DECLINED_ON_COVERAGE,booked leave in HR system,RECOMMEND_APPROVE,"",true
SYN002433,ANNUAL,2026-10-24,2026-12-10,NOT_DECLINED_ON_COVERAGE,booked leave in HR system,NEEDS_APPROVAL,ELG-001,true
SYN000933,ANNUAL,2026-10-24,2026-10-31,NOT_DECLINED_ON_COVERAGE,booked leave in HR system,RECOMMEND_APPROVE,"",true
SYN005366,TOIL,2026-10-24,2026-11-01,NOT_DECLINED_ON_COVERAGE,booked leave in HR system,NEEDS_APPROVAL,COV-001,true
SYN008436,ANNUAL,2026-10-24,2026-10-31,NOT_DECLINED_ON_COVERAGE,booked leave in HR system,RECOMMEND_APPROVE,"",true
SYN002870,PROF_DEV,2026-10-24,2026-11-01,NOT_DECLINED_ON_COVERAGE,booked leave in HR system,RECOMMEND_APPROVE,"",true
SYN006866,ANNUAL,2026-10-24,2026-11-01,NOT_DECLINED_ON_COVERAGE,booked leave in HR system,RECOMMEND_APPROVE,"",true
SYN008259,TOIL,2026-10-24,2026-10-25,NOT_DECLINED_ON_COVERAGE,booked leave in HR system,DECLINED,BAL-001,true
SYN008839,TOIL,2026-10-24,2026-10-24,NOT_DECLINED_ON_COVERAGE,booked leave in HR system,NEEDS_APPROVAL,COV-002,true
SYN008239,PROF_DEV,2026-10-25,2026-10-29,NOT_DECLINED_ON_COVERAGE,booked leave in HR system,DECLINED,ELG-002|BAL-003,true
SYN009251,ANNUAL,2026-10-25,2026-10-31,NOT_DECLINED_ON_COVERAGE,booked leave in HR system,RECOMMEND_APPROVE,"",true
SYN008500,PROF_DEV,2026-10-25,2026-11-07,NOT_DECLINED_ON_COVERAGE,booked leave in HR system,DECLINED,BAL-001,true
SYN001331,PROF_DEV,2026-10-25,2026-11-06,NOT_DECLINED_ON_COVERAGE,booked leave in HR system,DECLINED,BAL-001,true
SYN004173,ANNUAL,2026-10-25,2026-11-01,NOT_DECLINED_ON_COVERAGE,booked leave in HR system,RECOMMEND_APPROVE,"",true
SYN002001,ANNUAL,2026-10-25,2026-11-08,NOT_DECLINED_ON_COVERAGE,booked leave in HR system,RECOMMEND_APPROVE,"",true
SYN007305,PROF_DEV,2026-10-25,2026-10-28,NOT_DECLINED_ON_COVERAGE,booked leave in HR system,DECLINED,BAL-001,true
SYN003107,ANNUAL,2026-10-25,2026-10-25,NOT_DECLINED_ON_COVERAGE,booked leave in HR system,RECOMMEND_APPROVE,"",true
SYN008230,ANNUAL,2026-10-25,2026-11-01,NOT_DECLINED_ON_COVERAGE,booked leave in HR system,RECOMMEND_APPROVE,"",true
SYN002877,ANNUAL,2026-10-25,2026-11-03,NOT_DECLINED_ON_COVERAGE,booked leave in HR system,DECLINED,BAL-001,true
SYN009240,ANNUAL,2026-10-25,2026-10-27,NOT_DECLINED_ON_COVERAGE,booked leave in HR system,DECLINED,BAL-001,true
SYN005008,ADO,2026-10-25,2026-10-26,NOT_DECLINED_ON_COVERAGE,booked leave in HR system,NEEDS_APPROVAL,ELG-001,true
SYN004673,LONG_SERVICE,2026-10-25,2026-10-27,NOT_DECLINED_ON_COVERAGE,booked leave in HR system,DECLINED,ELG-003|BAL-001|NOT-002,true
SYN003323,ANNUAL,2026-10-25,2026-10-26,NOT_DECLINED_ON_COVERAGE,booked leave in HR system,RECOMMEND_APPROVE,"",true
SYN003708,ANNUAL,2026-10-26,2026-10-29,NOT_DECLINED_ON_COVERAGE,booked leave in HR system,RECOMMEND_APPROVE,"",true
SYN001775,TOIL,2026-10-26,2026-10-26,NOT_DECLINED_ON_COVERAGE,booked leave in HR system,RECOMMEND_APPROVE,"",true
SYN006851,ANNUAL,2026-10-26,2026-11-08,NOT_DECLINED_ON_COVERAGE,booked leave in HR system,RECOMMEND_APPROVE,"",true
SYN000674,TOIL,2026-10-26,2026-10-26,NOT_DECLINED_ON_COVERAGE,booked leave in HR system,RECOMMEND_APPROVE,"",true
SYN005452,ANNUAL,2026-10-26,2026-11-01,NOT_DECLINED_ON_COVERAGE,booked leave in HR system,RECOMMEND_APPROVE,"",true
SYN004507,TOIL,2026-10-26,2026-11-15,NOT_DECLINED_ON_COVERAGE,booked leave in HR system,RECOMMEND_APPROVE,"",true
SYN005109,ANNUAL,2026-10-26,2026-11-29,NOT_DECLINED_ON_COVERAGE,booked leave in HR system,DECLINED,ELG-001|COV-001,false
SYN000851,ANNUAL,2026-10-26,2026-11-22,NOT_DECLINED_ON_COVERAGE,booked leave in HR system,RECOMMEND_APPROVE,"",true
SYN000570,TOIL,2026-10-26,2026-10-27,NOT_DECLINED_ON_COVERAGE,booked leave in HR system,RECOMMEND_APPROVE,"",true
SYN005834,ANNUAL,2026-10-26,2026-11-06,NOT_DECLINED_ON_COVERAGE,booked leave in HR system,NEEDS_APPROVAL,COV-001,true
SYN008649,TOIL,2026-10-26,2026-10-26,NOT_DECLINED_ON_COVERAGE,booked leave in HR system,NEEDS_APPROVAL,BAL-003,true
SYN007229,PROF_DEV,2026-10-26,2026-10-29,NOT_DECLINED_ON_COVERAGE,booked leave in HR system,NEEDS_APPROVAL,COV-001,true
SYN002142,ANNUAL,2026-10-26,2026-11-08,NOT_DECLINED_ON_COVERAGE,booked leave in HR system,DECLINED,ELG-001|BAL-001,true
SYN001711,ANNUAL,2026-10-26,2026-11-08,NOT_DECLINED_ON_COVERAGE,booked leave in HR system,DECLINED,BAL-001,true
SYN006170,ANNUAL,2026-10-26,2026-11-08,NOT_DECLINED_ON_COVERAGE,booked leave in HR system,RECOMMEND_APPROVE,"",true
SYN008830,ANNUAL,2026-10-26,2026-11-08,NOT_DECLINED_ON_COVERAGE,booked leave in HR system,DECLINED,ELG-001|BAL-001,true
SYN007392,LONG_SERVICE,2026-10-26,2026-10-30,NOT_DECLINED_ON_COVERAGE,booked leave in HR system,DECLINED,ELG-003|BAL-001|NOT-002|COV-001,false
SYN002968,ANNUAL,2026-10-26,2026-11-02,NOT_DECLINED_ON_COVERAGE,booked leave in HR system,RECOMMEND_APPROVE,"",true
SYN000433,ANNUAL,2026-10-26,2026-11-16,NOT_DECLINED_ON_COVERAGE,booked leave in HR system,RECOMMEND_APPROVE,"",true
SYN004135,ANNUAL,2026-10-26,2026-10-28,NOT_DECLINED_ON_COVERAGE,booked leave in HR system,NEEDS_APPROVAL,ELG-001|COV-002,true
SYN003348,ANNUAL,2026-10-26,2026-11-08,NOT_DECLINED_ON_COVERAGE,booked leave in HR system,RECOMMEND_APPROVE,"",true
SYN001457,ANNUAL,2026-10-26,2026-11-08,NOT_DECLINED_ON_COVERAGE,booked leave in HR system,RECOMMEND_APPROVE,"",true
SYN002017,ANNUAL,2026-10-26,2026-11-02,NOT_DECLINED_ON_COVERAGE,booked leave in HR system,RECOMMEND_APPROVE,"",true
SYN000682,TOIL,2026-10-26,2026-10-26,NOT_DECLINED_ON_COVERAGE,booked leave in HR system,NEEDS_APPROVAL,BAL-003,true
SYN005945,ANNUAL,2026-10-26,2026-10-29,NOT_DECLINED_ON_COVERAGE,booked leave in HR system,NEEDS_APPROVAL,ELG-001,true
SYN004859,ANNUAL,2026-10-26,2026-11-02,NOT_DECLINED_ON_COVERAGE,booked leave in HR system,RECOMMEND_APPROVE,"",true
SYN004533,ANNUAL,2026-10-26,2026-11-01,NOT_DECLINED_ON_COVERAGE,booked leave in HR system,NEEDS_APPROVAL,BAL-003,true
SYN005212,ANNUAL,2026-10-26,2026-11-01,NOT_DECLINED_ON_COVERAGE,booked leave in HR system,RECOMMEND_APPROVE,"",true
SYN008619,PROF_DEV,2026-10-26,2026-10-30,NOT_DECLINED_ON_COVERAGE,booked leave in HR system,DECLINED,BAL-001|COV-005,false
SYN006996,PROF_DEV,2026-10-26,2026-10-26,NOT_DECLINED_ON_COVERAGE,booked leave in HR system,RECOMMEND_APPROVE,"",true
SYN007876,LONG_SERVICE,2026-10-26,2026-10-30,NOT_DECLINED_ON_COVERAGE,booked leave in HR system,NEEDS_APPROVAL,NOT-002,true
SYN002047,ANNUAL,2026-10-26,2026-11-01,NOT_DECLINED_ON_COVERAGE,booked leave in HR system,RECOMMEND_APPROVE,"",true
SYN003704,PROF_DEV,2026-10-26,2026-10-30,NOT_DECLINED_ON_COVERAGE,booked leave in HR system,DECLINED,BAL-001,true
SYN001245,PROF_DEV,2026-10-26,2026-10-30,NOT_DECLINED_ON_COVERAGE,booked leave in HR system,RECOMMEND_APPROVE,"",true
SYN001994,ANNUAL,2026-10-26,2026-11-09,NOT_DECLINED_ON_COVERAGE,booked leave in HR system,NEEDS_APPROVAL,COV-003,true
SYN006009,ANNUAL,2026-10-26,2026-10-30,NOT_DECLINED_ON_COVERAGE,booked leave in HR system,RECOMMEND_APPROVE,"",true
SYN002277,ANNUAL,2026-10-26,2026-11-29,NOT_DECLINED_ON_COVERAGE,booked leave in HR system,DECLINED,BAL-001|COV-001,false
SYN005561,ANNUAL,2026-10-26,2026-11-15,NOT_DECLINED_ON_COVERAGE,booked leave in HR system,RECOMMEND_APPROVE,"",true
SYN009155,LONG_SERVICE,2026-10-26,2026-10-26,NOT_DECLINED_ON_COVERAGE,booked leave in HR system,NEEDS_APPROVAL,NOT-002,true
SYN009049,ANNUAL,2026-10-26,2026-11-09,NOT_DECLINED_ON_COVERAGE,booked leave in HR system,RECOMMEND_APPROVE,"",true
SYN002007,PROF_DEV,2026-10-26,2026-10-27,NOT_DECLINED_ON_COVERAGE,booked leave in HR system,RECOMMEND_APPROVE,"",true
SYN006979,ANNUAL,2026-10-26,2026-11-06,NOT_DECLINED_ON_COVERAGE,booked leave in HR system,NEEDS_APPROVAL,COV-001,true
SYN001292,TOIL,2026-10-26,2026-11-01,NOT_DECLINED_ON_COVERAGE,booked leave in HR system,RECOMMEND_APPROVE,"",true
SYN008795,ADO,2026-10-26,2026-11-08,NOT_DECLINED_ON_COVERAGE,booked leave in HR system,DECLINED,REQ-004|ELG-001|BAL-001,true
SYN001781,ADO,2026-10-26,2026-10-27,NOT_DECLINED_ON_COVERAGE,booked leave in HR system,NEEDS_APPROVAL,ELG-001|BAL-003,true
SYN003612,ANNUAL,2026-10-26,2026-10-30,NOT_DECLINED_ON_COVERAGE,booked leave in HR system,NEEDS_APPROVAL,COV-001,true
SYN003397,TOIL,2026-10-26,2026-10-26,NOT_DECLINED_ON_COVERAGE,booked leave in HR system,RECOMMEND_APPROVE,"",true
SYN005349,ANNUAL,2026-10-26,2026-11-08,NOT_DECLINED_ON_COVERAGE,booked leave in HR system,NEEDS_APPROVAL,COV-002,true
SYN000326,ANNUAL,2026-10-26,2026-11-01,NOT_DECLINED_ON_COVERAGE,booked leave in HR system,RECOMMEND_APPROVE,"",true
SYN006440,TOIL,2026-10-26,2026-10-29,NOT_DECLINED_ON_COVERAGE,booked leave in HR system,RECOMMEND_APPROVE,"",true
SYN001512,LONG_SERVICE,2026-10-26,2026-11-08,NOT_DECLINED_ON_COVERAGE,booked leave in HR system,DECLINED,ELG-003|BAL-001|NOT-002,true
SYN000030,ANNUAL,2026-10-26,2026-11-08,NOT_DECLINED_ON_COVERAGE,booked leave in HR system,DECLINED,BAL-001,true
SYN005098,TOIL,2026-10-26,2026-10-26,NOT_DECLINED_ON_COVERAGE,booked leave in HR system,NEEDS_APPROVAL,BAL-003,true
SYN006017,ANNUAL,2026-10-26,2026-11-08,NOT_DECLINED_ON_COVERAGE,booked leave in HR system,RECOMMEND_APPROVE,"",true
SYN002296,ANNUAL,2026-10-26,2026-11-01,NOT_DECLINED_ON_COVERAGE,booked leave in HR system,RECOMMEND_APPROVE,"",true
SYN004908,ANNUAL,2026-10-26,2026-11-01,NOT_DECLINED_ON_COVERAGE,booked leave in HR system,RECOMMEND_APPROVE,"",true
SYN003274,TOIL,2026-10-26,2026-10-30,NOT_DECLINED_ON_COVERAGE,booked leave in HR system,NEEDS_APPROVAL,ELG-001,true
SYN000392,LONG_SERVICE,2026-10-26,2026-10-26,NOT_DECLINED_ON_COVERAGE,booked leave in HR system,DECLINED,ELG-003|BAL-001,true
SYN009111,ANNUAL,2026-10-26,2026-11-01,NOT_DECLINED_ON_COVERAGE,booked leave in HR system,RECOMMEND_APPROVE,"",true
SYN003492,ANNUAL,2026-10-26,2026-11-08,NOT_DECLINED_ON_COVERAGE,booked leave in HR system,RECOMMEND_APPROVE,"",true
SYN009234,ADO,2026-10-26,2026-11-02,NOT_DECLINED_ON_COVERAGE,booked leave in HR system,DECLINED,REQ-004|BAL-001|COV-001|COV-003|COV-002,false
SYN001704,PROF_DEV,2026-10-26,2026-10-26,NOT_DECLINED_ON_COVERAGE,booked leave in HR system,RECOMMEND_APPROVE,"",true
SYN007373,ANNUAL,2026-10-26,2026-11-01,NOT_DECLINED_ON_COVERAGE,booked leave in HR system,DECLINED,BAL-001,true
SYN005927,TOIL,2026-10-26,2026-10-27,NOT_DECLINED_ON_COVERAGE,booked leave in HR system,NEEDS_APPROVAL,ELG-001,true
SYN008356,ANNUAL,2026-10-26,2026-10-28,NOT_DECLINED_ON_COVERAGE,booked leave in HR system,NEEDS_APPROVAL,ELG-001|COV-002,true
SYN006281,ANNUAL,2026-10-26,2026-10-26,NOT_DECLINED_ON_COVERAGE,booked leave in HR system,RECOMMEND_APPROVE,"",true
SYN001990,ANNUAL,2026-10-26,2026-11-08,NOT_DECLINED_ON_COVERAGE,booked leave in HR system,RECOMMEND_APPROVE,"",true
SYN004270,LONG_SERVICE,2026-10-26,2026-10-26,NOT_DECLINED_ON_COVERAGE,booked leave in HR system,NEEDS_APPROVAL,NOT-002,true
SYN007109,ANNUAL,2026-10-26,2026-10-26,NOT_DECLINED_ON_COVERAGE,booked leave in HR system,RECOMMEND_APPROVE,"",true
SYN003525,ANNUAL,2026-10-26,2026-11-04,NOT_DECLINED_ON_COVERAGE,booked leave in HR system,RECOMMEND_APPROVE,"",true
SYN006695,ADO,2026-10-26,2026-10-27,NOT_DECLINED_ON_COVERAGE,booked leave in HR system,RECOMMEND_APPROVE,"",true
SYN001977,PROF_DEV,2026-10-26,2026-10-31,NOT_DECLINED_ON_COVERAGE,booked leave in HR system,RECOMMEND_APPROVE,"",true
SYN002749,PROF_DEV,2026-10-26,2026-10-30,NOT_DECLINED_ON_COVERAGE,booked leave in HR system,NEEDS_APPROVAL,COV-005,true
SYN000107,ANNUAL,2026-10-26,2026-11-01,NOT_DECLINED_ON_COVERAGE,booked leave in HR system,DECLINED,BAL-001,true
SYN009323,LONG_SERVICE,2026-10-26,2026-11-08,NOT_DECLINED_ON_COVERAGE,booked leave in HR system,DECLINED,ELG-003|BAL-001|COV-001,false
SYN002003,ANNUAL,2026-10-26,2026-10-30,NOT_DECLINED_ON_COVERAGE,booked leave in HR system,RECOMMEND_APPROVE,"",true
SYN007488,ANNUAL,2026-10-26,2026-11-22,NOT_DECLINED_ON_COVERAGE,booked leave in HR system,DECLINED,BAL-001,true
SYN008848,ANNUAL,2026-10-26,2026-10-29,NOT_DECLINED_ON_COVERAGE,booked leave in HR system,RECOMMEND_APPROVE,"",true
SYN003934,ANNUAL,2026-10-26,2026-10-26,NOT_DECLINED_ON_COVERAGE,booked leave in HR system,RECOMMEND_APPROVE,"",true
SYN002525,ANNUAL,2026-10-26,2026-11-16,NOT_DECLINED_ON_COVERAGE,booked leave in HR system,RECOMMEND_APPROVE,"",true
SYN005417,TOIL,2026-10-26,2026-10-27,NOT_DECLINED_ON_COVERAGE,booked leave in HR system,RECOMMEND_APPROVE,"",true
SYN001332,TOIL,2026-10-26,2026-10-26,NOT_DECLINED_ON_COVERAGE,booked leave in HR system,NEEDS_APPROVAL,BAL-003,true
SYN007509,ANNUAL,2026-10-26,2026-10-27,NOT_DECLINED_ON_COVERAGE,booked leave in HR system,RECOMMEND_APPROVE,"",true
SYN005311,LONG_SERVICE,2026-10-26,2026-11-01,NOT_DECLINED_ON_COVERAGE,booked leave in HR system,NEEDS_APPROVAL,ELG-001|NOT-002,true
SYN002220,ANNUAL,2026-10-26,2026-11-16,NOT_DECLINED_ON_COVERAGE,booked leave in HR system,DECLINED,COV-001,false
SYN004047,LONG_SERVICE,2026-10-26,2026-11-20,NOT_DECLINED_ON_COVERAGE,booked leave in HR system,DECLINED,BAL-001|NOT-002,true
SYN007762,ANNUAL,2026-10-26,2026-11-22,NOT_DECLINED_ON_COVERAGE,booked leave in HR system,NEEDS_APPROVAL,COV-002,true
SYN007624,ANNUAL,2026-10-26,2026-11-01,NOT_DECLINED_ON_COVERAGE,booked leave in HR system,RECOMMEND_APPROVE,"",true
SYN009061,ANNUAL,2026-10-26,2026-11-06,NOT_DECLINED_ON_COVERAGE,booked leave in HR system,RECOMMEND_APPROVE,"",true
SYN009301,PROF_DEV,2026-10-26,2026-11-01,NOT_DECLINED_ON_COVERAGE,booked leave in HR system,RECOMMEND_APPROVE,"",true
SYN002784,ANNUAL,2026-10-26,2026-10-30,NOT_DECLINED_ON_COVERAGE,booked leave in HR system,NEEDS_APPROVAL,COV-001,true
SYN008673,ANNUAL,2026-10-26,2026-11-08,NOT_DECLINED_ON_COVERAGE,booked leave in HR system,RECOMMEND_APPROVE,"",true
SYN002378,PROF_DEV,2026-10-26,2026-11-08,NOT_DECLINED_ON_COVERAGE,booked leave in HR system,DECLINED,BAL-001,true
SYN008576,ANNUAL,2026-10-26,2026-11-08,NOT_DECLINED_ON_COVERAGE,booked leave in HR system,RECOMMEND_APPROVE,"",true
SYN004622,ADO,2026-10-26,2026-10-28,NOT_DECLINED_ON_COVERAGE,booked leave in HR system,NEEDS_APPROVAL,REQ-004,true
SYN009567,ANNUAL,2026-10-26,2026-11-06,NOT_DECLINED_ON_COVERAGE,booked leave in HR system,NEEDS_APPROVAL,COV-001|COV-002,true
SYN006779,TOIL,2026-10-26,2026-11-01,NOT_DECLINED_ON_COVERAGE,booked leave in HR system,DECLINED,BAL-001,true
SYN009021,ANNUAL,2026-10-26,2026-11-23,NOT_DECLINED_ON_COVERAGE,booked leave in HR system,DECLINED,ELG-002|BAL-001,true
SYN001661,ANNUAL,2026-10-26,2026-11-01,NOT_DECLINED_ON_COVERAGE,booked leave in HR system,NEEDS_APPROVAL,COV-001,true
SYN008667,ANNUAL,2026-10-26,2026-11-01,NOT_DECLINED_ON_COVERAGE,booked leave in HR system,NEEDS_APPROVAL,ELG-001,true
SYN005688,ANNUAL,2026-10-26,2026-11-01,NOT_DECLINED_ON_COVERAGE,booked leave in HR system,RECOMMEND_APPROVE,"",true
SYN007007,ANNUAL,2026-10-26,2026-11-01,NOT_DECLINED_ON_COVERAGE,booked leave in HR system,RECOMMEND_APPROVE,"",true
SYN001543,ANNUAL,2026-10-26,2026-12-06,NOT_DECLINED_ON_COVERAGE,booked leave in HR system,DECLINED,ELG-002|BAL-003,true
SYN008721,ANNUAL,2026-10-26,2026-11-06,NOT_DECLINED_ON_COVERAGE,booked leave in HR system,RECOMMEND_APPROVE,"",true
SYN000689,TOIL,2026-10-26,2026-10-26,NOT_DECLINED_ON_COVERAGE,booked leave in HR system,RECOMMEND_APPROVE,"",true
SYN006338,LONG_SERVICE,2026-10-26,2026-11-08,NOT_DECLINED_ON_COVERAGE,booked leave in HR system,DECLINED,ELG-003|BAL-001|NOT-002,true
SYN001924,ANNUAL,2026-10-26,2026-11-01,NOT_DECLINED_ON_COVERAGE,booked leave in HR system,NEEDS_APPROVAL,ELG-001,true
SYN003544,ANNUAL,2026-10-26,2026-11-05,NOT_DECLINED_ON_COVERAGE,booked leave in HR system,DECLINED,ELG-001|BAL-001,true
SYN004512,LONG_SERVICE,2026-10-26,2026-11-08,NOT_DECLINED_ON_COVERAGE,booked leave in HR system,DECLINED,ELG-003|BAL-001|NOT-002,true
SYN005872,LONG_SERVICE,2026-10-26,2026-11-08,NOT_DECLINED_ON_COVERAGE,booked leave in HR system,DECLINED,ELG-003|BAL-001|NOT-002,true
SYN008288,ANNUAL,2026-10-26,2026-10-28,NOT_DECLINED_ON_COVERAGE,booked leave in HR system,NEEDS_APPROVAL,ELG-001,true
SYN008028,ANNUAL,2026-10-26,2026-10-26,NOT_DECLINED_ON_COVERAGE,booked leave in HR system,RECOMMEND_APPROVE,"",true
SYN008270,ANNUAL,2026-10-26,2026-11-15,NOT_DECLINED_ON_COVERAGE,booked leave in HR system,NEEDS_APPROVAL,ELG-001,true
SYN007089,ADO,2026-10-26,2026-10-26,NOT_DECLINED_ON_COVERAGE,booked leave in HR system,RECOMMEND_APPROVE,"",true
SYN008372,ANNUAL,2026-10-26,2026-11-01,NOT_DECLINED_ON_COVERAGE,booked leave in HR system,DECLINED,BAL-001,true
SYN004212,ANNUAL,2026-10-26,2026-10-29,NOT_DECLINED_ON_COVERAGE,booked leave in HR system,RECOMMEND_APPROVE,"",true
SYN002350,ANNUAL,2026-10-26,2026-11-01,NOT_DECLINED_ON_COVERAGE,booked leave in HR system,RECOMMEND_APPROVE,"",true
SYN002379,ANNUAL,2026-10-26,2026-10-30,NOT_DECLINED_ON_COVERAGE,booked leave in HR system,NEEDS_APPROVAL,COV-002,true
SYN002018,ANNUAL,2026-10-26,2026-10-27,NOT_DECLINED_ON_COVERAGE,booked leave in HR system,RECOMMEND_APPROVE,"",true
SYN000171,ANNUAL,2026-10-26,2026-10-31,NOT_DECLINED_ON_COVERAGE,booked leave in HR system,RECOMMEND_APPROVE,"",true
SYN002140,ANNUAL,2026-10-26,2026-10-29,NOT_DECLINED_ON_COVERAGE,booked leave in HR system,RECOMMEND_APPROVE,"",true
SYN000805,ANNUAL,2026-10-26,2026-11-01,NOT_DECLINED_ON_COVERAGE,booked leave in HR system,RECOMMEND_APPROVE,"",true
SYN006226,ANNUAL,2026-10-26,2026-11-06,NOT_DECLINED_ON_COVERAGE,booked leave in HR system,RECOMMEND_APPROVE,"",true
SYN008216,ANNUAL,2026-10-26,2026-11-01,NOT_DECLINED_ON_COVERAGE,booked leave in HR system,DECLINED,BAL-001,true
SYN000574,ANNUAL,2026-10-26,2026-10-28,NOT_DECLINED_ON_COVERAGE,booked leave in HR system,RECOMMEND_APPROVE,"",true
SYN002723,ANNUAL,2026-10-26,2026-11-06,NOT_DECLINED_ON_COVERAGE,booked leave in HR system,RECOMMEND_APPROVE,"",true
SYN007420,ANNUAL,2026-10-26,2026-11-03,NOT_DECLINED_ON_COVERAGE,booked leave in HR system,RECOMMEND_APPROVE,"",true
SYN007022,LONG_SERVICE,2026-10-26,2026-10-26,NOT_DECLINED_ON_COVERAGE,booked leave in HR system,DECLINED,ELG-003|BAL-001|NOT-002,true
SYN005437,ANNUAL,2026-10-26,2026-11-24,NOT_DECLINED_ON_COVERAGE,booked leave in HR system,RECOMMEND_APPROVE,"",true
SYN005533,ANNUAL,2026-10-26,2026-10-30,NOT_DECLINED_ON_COVERAGE,booked leave in HR system,RECOMMEND_APPROVE,"",true
SYN005903,PROF_DEV,2026-10-26,2026-11-08,NOT_DECLINED_ON_COVERAGE,booked leave in HR system,RECOMMEND_APPROVE,"",true
SYN009028,ADO,2026-10-26,2026-10-28,NOT_DECLINED_ON_COVERAGE,booked leave in HR system,NEEDS_APPROVAL,REQ-004,true
SYN000984,ANNUAL,2026-10-26,2026-11-01,NOT_DECLINED_ON_COVERAGE,booked leave in HR system,DECLINED,BAL-001,true
SYN004146,LONG_SERVICE,2026-10-26,2026-10-26,NOT_DECLINED_ON_COVERAGE,booked leave in HR system,DECLINED,BAL-001,true
SYN001734,TOIL,2026-10-26,2026-11-01,NOT_DECLINED_ON_COVERAGE,booked leave in HR system,RECOMMEND_APPROVE,"",true
SYN002016,PROF_DEV,2026-10-26,2026-10-30,NOT_DECLINED_ON_COVERAGE,booked leave in HR system,RECOMMEND_APPROVE,"",true
SYN002329,ANNUAL,2026-10-26,2026-11-01,NOT_DECLINED_ON_COVERAGE,booked leave in HR system,RECOMMEND_APPROVE,"",true
SYN007384,TOIL,2026-10-26,2026-10-27,NOT_DECLINED_ON_COVERAGE,booked leave in HR system,NEEDS_APPROVAL,ELG-001,true
SYN005192,TOIL,2026-10-26,2026-10-26,NOT_DECLINED_ON_COVERAGE,booked leave in HR system,DECLINED,ELG-002|BAL-003,true
SYN006053,PROF_DEV,2026-10-26,2026-10-28,NOT_DECLINED_ON_COVERAGE,booked leave in HR system,RECOMMEND_APPROVE,"",true
SYN002878,ANNUAL,2026-10-26,2026-11-23,NOT_DECLINED_ON_COVERAGE,booked leave in HR system,RECOMMEND_APPROVE,"",true
SYN000717,ANNUAL,2026-10-26,2026-10-30,NOT_DECLINED_ON_COVERAGE,booked leave in HR system,RECOMMEND_APPROVE,"",true
SYN008180,LONG_SERVICE,2026-10-26,2027-01-10,NOT_DECLINED_ON_COVERAGE,booked leave in HR system,DECLINED,ELG-003|BAL-001|NOT-002,true
SYN000479,ANNUAL,2026-10-26,2026-10-28,NOT_DECLINED_ON_COVERAGE,booked leave in HR system,NEEDS_APPROVAL,ELG-001,true
SYN005622,ANNUAL,2026-10-26,2026-11-08,NOT_DECLINED_ON_COVERAGE,booked leave in HR system,RECOMMEND_APPROVE,"",true
SYN006740,LONG_SERVICE,2026-10-26,2026-11-08,NOT_DECLINED_ON_COVERAGE,booked leave in HR system,DECLINED,BAL-001|NOT-002|COV-003,false
SYN008097,TOIL,2026-10-26,2026-10-26,NOT_DECLINED_ON_COVERAGE,booked leave in HR system,RECOMMEND_APPROVE,"",true
SYN001218,ANNUAL,2026-10-26,2026-11-01,NOT_DECLINED_ON_COVERAGE,booked leave in HR system,NEEDS_APPROVAL,COV-002,true
SYN006118,ANNUAL,2026-10-26,2026-11-15,NOT_DECLINED_ON_COVERAGE,booked leave in HR system,DECLINED,ELG-001|BAL-001,true
SYN001318,TOIL,2026-10-26,2026-11-01,NOT_DECLINED_ON_COVERAGE,booked leave in HR system,RECOMMEND_APPROVE,"",true
SYN007075,ANNUAL,2026-10-26,2026-11-01,NOT_DECLINED_ON_COVERAGE,booked leave in HR system,RECOMMEND_APPROVE,"",true
SYN007434,ANNUAL,2026-10-26,2026-11-08,NOT_DECLINED_ON_COVERAGE,booked leave in HR system,DECLINED,ELG-001|BAL-001,true
SYN007145,ANNUAL,2026-10-26,2026-11-02,NOT_DECLINED_ON_COVERAGE,booked leave in HR system,RECOMMEND_APPROVE,"",true
SYN000796,ANNUAL,2026-10-26,2026-11-01,NOT_DECLINED_ON_COVERAGE,booked leave in HR system,RECOMMEND_APPROVE,"",true
SYN001107,TOIL,2026-10-26,2026-11-01,NOT_DECLINED_ON_COVERAGE,booked leave in HR system,RECOMMEND_APPROVE,"",true
SYN002926,ANNUAL,2026-10-26,2026-11-22,NOT_DECLINED_ON_COVERAGE,booked leave in HR system,RECOMMEND_APPROVE,"",true
SYN002627,ANNUAL,2026-10-26,2026-11-03,NOT_DECLINED_ON_COVERAGE,booked leave in HR system,RECOMMEND_APPROVE,"",true
SYN005479,ADO,2026-10-26,2026-11-08,NOT_DECLINED_ON_COVERAGE,booked leave in HR system,NEEDS_APPROVAL,REQ-004,true
SYN000467,LONG_SERVICE,2026-10-26,2026-11-15,NOT_DECLINED_ON_COVERAGE,booked leave in HR system,DECLINED,ELG-003|BAL-003|NOT-002,true
SYN007741,ANNUAL,2026-10-26,2026-11-17,NOT_DECLINED_ON_COVERAGE,booked leave in HR system,DECLINED,ELG-001|COV-001,false
SYN006423,ANNUAL,2026-10-26,2026-11-01,NOT_DECLINED_ON_COVERAGE,booked leave in HR system,RECOMMEND_APPROVE,"",true
SYN005947,ANNUAL,2026-10-26,2026-11-15,NOT_DECLINED_ON_COVERAGE,booked leave in HR system,NEEDS_APPROVAL,COV-002,true
SYN002964,ANNUAL,2026-10-26,2026-11-08,NOT_DECLINED_ON_COVERAGE,booked leave in HR system,NEEDS_APPROVAL,BAL-003,true
SYN004870,ANNUAL,2026-10-26,2026-11-01,NOT_DECLINED_ON_COVERAGE,booked leave in HR system,RECOMMEND_APPROVE,"",true
SYN004752,ANNUAL,2026-10-26,2026-11-08,NOT_DECLINED_ON_COVERAGE,booked leave in HR system,DECLINED,BAL-001,true
SYN001553,LONG_SERVICE,2026-10-26,2026-11-08,NOT_DECLINED_ON_COVERAGE,booked leave in HR system,NEEDS_APPROVAL,NOT-002,true
SYN004365,TOIL,2026-10-26,2026-10-26,NOT_DECLINED_ON_COVERAGE,booked leave in HR system,DECLINED,ELG-002|BAL-003,true
SYN002099,ANNUAL,2026-10-26,2026-11-08,NOT_DECLINED_ON_COVERAGE,booked leave in HR system,DECLINED,BAL-001,true
SYN000515,PROF_DEV,2026-10-26,2026-10-29,NOT_DECLINED_ON_COVERAGE,booked leave in HR system,DECLINED,BAL-001,true
SYN009538,ANNUAL,2026-10-26,2026-11-20,NOT_DECLINED_ON_COVERAGE,booked leave in HR system,DECLINED,COV-001,false
SYN000250,ANNUAL,2026-10-26,2026-11-01,NOT_DECLINED_ON_COVERAGE,booked leave in HR system,RECOMMEND_APPROVE,"",true
SYN005021,ANNUAL,2026-10-26,2026-11-22,NOT_DECLINED_ON_COVERAGE,booked leave in HR system,DECLINED,BAL-001,true
SYN009223,ANNUAL,2026-10-26,2026-11-08,NOT_DECLINED_ON_COVERAGE,booked leave in HR system,DECLINED,BAL-001,true
SYN004728,TOIL,2026-10-26,2026-10-27,NOT_DECLINED_ON_COVERAGE,booked leave in HR system,RECOMMEND_APPROVE,"",true
SYN001739,ADO,2026-10-26,2026-10-28,NOT_DECLINED_ON_COVERAGE,booked leave in HR system,NEEDS_APPROVAL,REQ-004,true
SYN004620,ANNUAL,2026-10-26,2026-11-08,NOT_DECLINED_ON_COVERAGE,booked leave in HR system,NEEDS_APPROVAL,ELG-001,true
SYN008529,ANNUAL,2026-10-26,2026-11-28,NOT_DECLINED_ON_COVERAGE,booked leave in HR system,DECLINED,BAL-001,true
SYN003229,ANNUAL,2026-10-26,2026-11-01,NOT_DECLINED_ON_COVERAGE,booked leave in HR system,RECOMMEND_APPROVE,"",true
SYN002093,ANNUAL,2026-10-26,2026-11-06,NOT_DECLINED_ON_COVERAGE,booked leave in HR system,RECOMMEND_APPROVE,"",true
SYN008861,TOIL,2026-10-26,2026-11-01,NOT_DECLINED_ON_COVERAGE,booked leave in HR system,DECLINED,ELG-002,true
SYN004066,ANNUAL,2026-10-26,2026-11-05,NOT_DECLINED_ON_COVERAGE,booked leave in HR system,NEEDS_APPROVAL,ELG-001,true
SYN004229,ANNUAL,2026-10-26,2026-11-01,NOT_DECLINED_ON_COVERAGE,booked leave in HR system,RECOMMEND_APPROVE,"",true
SYN004925,ANNUAL,2026-10-26,2026-11-01,NOT_DECLINED_ON_COVERAGE,booked leave in HR system,RECOMMEND_APPROVE,"",true
SYN001441,ANNUAL,2026-10-26,2026-11-09,NOT_DECLINED_ON_COVERAGE,booked leave in HR system,DECLINED,BAL-001,true
SYN001713,ANNUAL,2026-10-26,2026-10-26,NOT_DECLINED_ON_COVERAGE,booked leave in HR system,RECOMMEND_APPROVE,"",true
SYN000866,ANNUAL,2026-10-26,2026-11-08,NOT_DECLINED_ON_COVERAGE,booked leave in HR system,DECLINED,BAL-001|COV-001,false
SYN006812,ANNUAL,2026-10-26,2026-10-27,NOT_DECLINED_ON_COVERAGE,booked leave in HR system,RECOMMEND_APPROVE,"",true
SYN006757,ANNUAL,2026-10-26,2026-11-15,NOT_DECLINED_ON_COVERAGE,booked leave in HR system,RECOMMEND_APPROVE,"",true
SYN008977,LONG_SERVICE,2026-10-26,2026-11-09,NOT_DECLINED_ON_COVERAGE,booked leave in HR system,DECLINED,BAL-001,true
SYN001654,TOIL,2026-10-26,2026-10-27,NOT_DECLINED_ON_COVERAGE,booked leave in HR system,RECOMMEND_APPROVE,"",true
SYN000823,PROF_DEV,2026-10-26,2026-10-26,NOT_DECLINED_ON_COVERAGE,booked leave in HR system,RECOMMEND_APPROVE,"",true
SYN006639,ANNUAL,2026-10-26,2026-11-15,NOT_DECLINED_ON_COVERAGE,booked leave in HR system,RECOMMEND_APPROVE,"",true
SYN006816,ANNUAL,2026-10-26,2026-10-27,NOT_DECLINED_ON_COVERAGE,booked leave in HR system,RECOMMEND_APPROVE,"",true
SYN005321,ADO,2026-10-26,2026-10-26,NOT_DECLINED_ON_COVERAGE,booked leave in HR system,NEEDS_APPROVAL,BAL-003,true
SYN007505,ANNUAL,2026-10-26,2026-11-01,NOT_DECLINED_ON_COVERAGE,booked leave in HR system,RECOMMEND_APPROVE,"",true
SYN003621,TOIL,2026-10-26,2026-10-28,NOT_DECLINED_ON_COVERAGE,booked leave in HR system,RECOMMEND_APPROVE,"",true
SYN007536,LONG_SERVICE,2026-10-26,2026-12-06,NOT_DECLINED_ON_COVERAGE,booked leave in HR system,DECLINED,ELG-003|BAL-001,true
SYN004907,ANNUAL,2026-10-26,2026-11-08,NOT_DECLINED_ON_COVERAGE,booked leave in HR system,NEEDS_APPROVAL,ELG-001,true
SYN005233,ANNUAL,2026-10-26,2026-11-04,NOT_DECLINED_ON_COVERAGE,booked leave in HR system,RECOMMEND_APPROVE,"",true
SYN000972,PROF_DEV,2026-10-26,2026-11-08,NOT_DECLINED_ON_COVERAGE,booked leave in HR system,NEEDS_APPROVAL,COV-001,true
SYN001295,LONG_SERVICE,2026-10-26,2026-11-24,NOT_DECLINED_ON_COVERAGE,booked leave in HR system,DECLINED,ELG-003|BAL-001|NOT-002,true
SYN003248,TOIL,2026-10-26,2026-10-26,NOT_DECLINED_ON_COVERAGE,booked leave in HR system,NEEDS_APPROVAL,BAL-003,true
SYN007639,ANNUAL,2026-10-26,2026-11-08,NOT_DECLINED_ON_COVERAGE,booked leave in HR system,RECOMMEND_APPROVE,"",true
SYN004299,ANNUAL,2026-10-26,2026-10-26,NOT_DECLINED_ON_COVERAGE,booked leave in HR system,RECOMMEND_APPROVE,"",true
SYN000164,PROF_DEV,2026-10-26,2026-10-26,NOT_DECLINED_ON_COVERAGE,booked leave in HR system,RECOMMEND_APPROVE,"",true
SYN008746,ANNUAL,2026-10-26,2026-11-08,NOT_DECLINED_ON_COVERAGE,booked leave in HR system,DECLINED,BAL-001,true
SYN008981,ANNUAL,2026-10-26,2026-10-26,NOT_DECLINED_ON_COVERAGE,booked leave in HR system,RECOMMEND_APPROVE,"",true
SYN003598,ANNUAL,2026-10-26,2026-11-01,NOT_DECLINED_ON_COVERAGE,booked leave in HR system,RECOMMEND_APPROVE,"",true
SYN002172,ADO,2026-10-26,2026-10-30,NOT_DECLINED_ON_COVERAGE,booked leave in HR system,DECLINED,REQ-004|BAL-001,true
SYN009180,ANNUAL,2026-10-26,2026-11-09,NOT_DECLINED_ON_COVERAGE,booked leave in HR system,DECLINED,BAL-001,true
SYN005833,ANNUAL,2026-10-26,2026-11-01,NOT_DECLINED_ON_COVERAGE,booked leave in HR system,DECLINED,BAL-001,true
SYN007992,ANNUAL,2026-10-26,2026-11-15,NOT_DECLINED_ON_COVERAGE,booked leave in HR system,DECLINED,BAL-001,true
SYN002564,ANNUAL,2026-10-26,2026-11-22,NOT_DECLINED_ON_COVERAGE,booked leave in HR system,DECLINED,BAL-001,true
SYN000520,ADO,2026-10-26,2026-11-08,NOT_DECLINED_ON_COVERAGE,booked leave in HR system,NEEDS_APPROVAL,REQ-004,true
SYN001073,ANNUAL,2026-10-26,2026-11-06,NOT_DECLINED_ON_COVERAGE,booked leave in HR system,NEEDS_APPROVAL,COV-001,true
SYN009572,ANNUAL,2026-10-26,2026-11-11,NOT_DECLINED_ON_COVERAGE,booked leave in HR system,DECLINED,BAL-001,true
SYN000493,ANNUAL,2026-10-26,2026-11-01,NOT_DECLINED_ON_COVERAGE,booked leave in HR system,RECOMMEND_APPROVE,"",true
SYN000526,ANNUAL,2026-10-26,2026-11-29,NOT_DECLINED_ON_COVERAGE,booked leave in HR system,RECOMMEND_APPROVE,"",true
SYN003778,ANNUAL,2026-10-26,2026-11-22,NOT_DECLINED_ON_COVERAGE,booked leave in HR system,DECLINED,ELG-001|BAL-001,true
SYN002279,ANNUAL,2026-10-26,2026-11-09,NOT_DECLINED_ON_COVERAGE,booked leave in HR system,RECOMMEND_APPROVE,"",true
SYN007306,ANNUAL,2026-10-26,2026-10-29,NOT_DECLINED_ON_COVERAGE,booked leave in HR system,RECOMMEND_APPROVE,"",true
SYN003681,TOIL,2026-10-26,2026-10-26,NOT_DECLINED_ON_COVERAGE,booked leave in HR system,NEEDS_APPROVAL,BAL-003,true
SYN007492,ANNUAL,2026-10-26,2026-11-08,NOT_DECLINED_ON_COVERAGE,booked leave in HR system,RECOMMEND_APPROVE,"",true
SYN008058,PROF_DEV,2026-10-26,2026-11-05,NOT_DECLINED_ON_COVERAGE,booked leave in HR system,DECLINED,BAL-001|COV-001,false
SYN008881,LONG_SERVICE,2026-10-26,2026-11-01,NOT_DECLINED_ON_COVERAGE,booked leave in HR system,DECLINED,ELG-001|ELG-003|BAL-001|NOT-002,true
SYN005272,ANNUAL,2026-10-26,2026-11-08,NOT_DECLINED_ON_COVERAGE,booked leave in HR system,DECLINED,BAL-001,true
SYN009187,ANNUAL,2026-10-26,2026-11-02,NOT_DECLINED_ON_COVERAGE,booked leave in HR system,RECOMMEND_APPROVE,"",true
SYN006004,LONG_SERVICE,2026-10-26,2026-11-08,NOT_DECLINED_ON_COVERAGE,booked leave in HR system,DECLINED,ELG-003|BAL-001|NOT-002,true
SYN000919,ANNUAL,2026-10-26,2026-11-06,NOT_DECLINED_ON_COVERAGE,booked leave in HR system,NEEDS_APPROVAL,BAL-003,true
SYN002123,ANNUAL,2026-10-26,2026-11-29,NOT_DECLINED_ON_COVERAGE,booked leave in HR system,RECOMMEND_APPROVE,"",true
SYN001891,ANNUAL,2026-10-26,2026-11-08,NOT_DECLINED_ON_COVERAGE,booked leave in HR system,DECLINED,BAL-001,true
SYN005182,TOIL,2026-10-26,2026-12-06,NOT_DECLINED_ON_COVERAGE,booked leave in HR system,DECLINED,BAL-001,true
SYN006234,ANNUAL,2026-10-26,2026-11-01,NOT_DECLINED_ON_COVERAGE,booked leave in HR system,RECOMMEND_APPROVE,"",true
SYN008318,ANNUAL,2026-10-26,2026-11-01,NOT_DECLINED_ON_COVERAGE,booked leave in HR system,NEEDS_APPROVAL,ELG-001,true
SYN004320,ANNUAL,2026-10-26,2026-10-27,NOT_DECLINED_ON_COVERAGE,booked leave in HR system,NEEDS_APPROVAL,COV-002,true
SYN004130,ANNUAL,2026-10-26,2026-11-01,NOT_DECLINED_ON_COVERAGE,booked leave in HR system,DECLINED,BAL-001,true
SYN000868,ANNUAL,2026-10-26,2026-10-30,NOT_DECLINED_ON_COVERAGE,booked leave in HR system,RECOMMEND_APPROVE,"",true
SYN001845,TOIL,2026-10-26,2026-10-26,NOT_DECLINED_ON_COVERAGE,booked leave in HR system,NEEDS_APPROVAL,BAL-003,true
SYN002935,ANNUAL,2026-10-26,2026-11-08,NOT_DECLINED_ON_COVERAGE,booked leave in HR system,DECLINED,BAL-001,true
SYN006035,TOIL,2026-10-26,2026-10-26,NOT_DECLINED_ON_COVERAGE,booked leave in HR system,RECOMMEND_APPROVE,"",true
SYN005628,LONG_SERVICE,2026-10-26,2026-11-01,NOT_DECLINED_ON_COVERAGE,booked leave in HR system,DECLINED,ELG-001|ELG-003|BAL-001|NOT-002,true
SYN000486,ANNUAL,2026-10-26,2026-11-08,NOT_DECLINED_ON_COVERAGE,booked leave in HR system,RECOMMEND_APPROVE,"",true
SYN003506,ANNUAL,2026-10-26,2026-11-06,NOT_DECLINED_ON_COVERAGE,booked leave in HR system,DECLINED,BAL-001|COV-001,false
SYN006549,LONG_SERVICE,2026-10-26,2026-10-28,NOT_DECLINED_ON_COVERAGE,booked leave in HR system,DECLINED,ELG-003|NOT-002,true
SYN000496,ANNUAL,2026-10-26,2026-10-26,NOT_DECLINED_ON_COVERAGE,booked leave in HR system,NEEDS_APPROVAL,COV-001,true
SYN000086,TOIL,2026-10-26,2026-11-08,NOT_DECLINED_ON_COVERAGE,booked leave in HR system,RECOMMEND_APPROVE,"",true
SYN001424,ANNUAL,2026-10-26,2026-10-28,NOT_DECLINED_ON_COVERAGE,booked leave in HR system,NEEDS_APPROVAL,COV-001,true
SYN007238,LONG_SERVICE,2026-10-26,2026-11-20,NOT_DECLINED_ON_COVERAGE,booked leave in HR system,DECLINED,BAL-001|NOT-002|COV-001|COV-003,false
SYN008344,ANNUAL,2026-10-26,2026-11-16,NOT_DECLINED_ON_COVERAGE,booked leave in HR system,DECLINED,ELG-001|BAL-001,true
SYN006463,PROF_DEV,2026-10-26,2026-12-03,NOT_DECLINED_ON_COVERAGE,booked leave in HR system,DECLINED,BAL-001,true
SYN000761,ANNUAL,2026-10-26,2026-11-01,NOT_DECLINED_ON_COVERAGE,booked leave in HR system,RECOMMEND_APPROVE,"",true
SYN007686,ANNUAL,2026-10-26,2026-10-27,NOT_DECLINED_ON_COVERAGE,booked leave in HR system,RECOMMEND_APPROVE,"",true
SYN001488,PROF_DEV,2026-10-26,2026-10-29,NOT_DECLINED_ON_COVERAGE,booked leave in HR system,RECOMMEND_APPROVE,"",true
SYN008198,LONG_SERVICE,2026-10-26,2026-11-13,NOT_DECLINED_ON_COVERAGE,booked leave in HR system,DECLINED,ELG-003|BAL-001|NOT-002,true
SYN008700,ANNUAL,2026-10-26,2026-10-26,NOT_DECLINED_ON_COVERAGE,booked leave in HR system,RECOMMEND_APPROVE,"",true
SYN007360,ANNUAL,2026-10-26,2026-10-28,NOT_DECLINED_ON_COVERAGE,booked leave in HR system,RECOMMEND_APPROVE,"",true
SYN006116,ANNUAL,2026-10-27,2026-10-30,NOT_DECLINED_ON_COVERAGE,booked leave in HR system,RECOMMEND_APPROVE,"",true
SYN009393,ANNUAL,2026-10-27,2026-10-30,NOT_DECLINED_ON_COVERAGE,booked leave in HR system,RECOMMEND_APPROVE,"",true
SYN004365,PROF_DEV,2026-10-27,2026-11-01,NOT_DECLINED_ON_COVERAGE,booked leave in HR system,RECOMMEND_APPROVE,"",true
SYN005192,ANNUAL,2026-10-27,2026-11-08,NOT_DECLINED_ON_COVERAGE,booked leave in HR system,RECOMMEND_APPROVE,"",true
SYN001332,LONG_SERVICE,2026-10-27,2026-11-02,NOT_DECLINED_ON_COVERAGE,booked leave in HR system,NEEDS_APPROVAL,NOT-002,true
SYN002082,ANNUAL,2026-10-27,2026-10-29,NOT_DECLINED_ON_COVERAGE,booked leave in HR system,NEEDS_APPROVAL,COV-001,true
SYN001775,ANNUAL,2026-10-27,2026-10-28,NOT_DECLINED_ON_COVERAGE,booked leave in HR system,RECOMMEND_APPROVE,"",true
SYN009441,ANNUAL,2026-10-27,2026-10-27,NOT_DECLINED_ON_COVERAGE,booked leave in HR system,RECOMMEND_APPROVE,"",true
SYN004299,ANNUAL,2026-10-27,2026-11-01,NOT_DECLINED_ON_COVERAGE,booked leave in HR system,RECOMMEND_APPROVE,"",true
SYN008841,ANNUAL,2026-10-27,2026-11-08,NOT_DECLINED_ON_COVERAGE,booked leave in HR system,RECOMMEND_APPROVE,"",true
SYN002387,PROF_DEV,2026-10-27,2026-10-28,NOT_DECLINED_ON_COVERAGE,booked leave in HR system,RECOMMEND_APPROVE,"",true
SYN008978,LONG_SERVICE,2026-10-27,2026-12-25,NOT_DECLINED_ON_COVERAGE,booked leave in HR system,DECLINED,ELG-001|BAL-001,true
SYN008097,LONG_SERVICE,2026-10-27,2026-11-15,NOT_DECLINED_ON_COVERAGE,booked leave in HR system,DECLINED,ELG-003|BAL-001|NOT-002,true
SYN008649,ANNUAL,2026-10-27,2026-10-27,NOT_DECLINED_ON_COVERAGE,booked leave in HR system,RECOMMEND_APPROVE,"",true
SYN000823,ANNUAL,2026-10-27,2026-10-30,NOT_DECLINED_ON_COVERAGE,booked leave in HR system,RECOMMEND_APPROVE,"",true
SYN008999,ANNUAL,2026-10-27,2026-10-27,NOT_DECLINED_ON_COVERAGE,booked leave in HR system,DECLINED,ELG-002|BAL-001,true
SYN009280,ADO,2026-10-27,2026-10-27,NOT_DECLINED_ON_COVERAGE,booked leave in HR system,RECOMMEND_APPROVE,"",true
SYN005275,ANNUAL,2026-10-27,2026-11-01,NOT_DECLINED_ON_COVERAGE,booked leave in HR system,RECOMMEND_APPROVE,"",true
SYN000674,ANNUAL,2026-10-27,2026-11-08,NOT_DECLINED_ON_COVERAGE,booked leave in HR system,RECOMMEND_APPROVE,"",true
SYN009128,ANNUAL,2026-10-27,2026-10-29,NOT_DECLINED_ON_COVERAGE,booked leave in HR system,RECOMMEND_APPROVE,"",true
SYN003146,ANNUAL,2026-10-27,2026-11-01,NOT_DECLINED_ON_COVERAGE,booked leave in HR system,DECLINED,BAL-001,true
SYN003397,ANNUAL,2026-10-27,2026-10-27,NOT_DECLINED_ON_COVERAGE,booked leave in HR system,RECOMMEND_APPROVE,"",true
SYN007730,ANNUAL,2026-10-27,2026-10-30,NOT_DECLINED_ON_COVERAGE,booked leave in HR system,RECOMMEND_APPROVE,"",true
SYN001845,PROF_DEV,2026-10-27,2026-10-29,NOT_DECLINED_ON_COVERAGE,booked leave in HR system,RECOMMEND_APPROVE,"",true
SYN000164,PROF_DEV,2026-10-27,2026-10-29,NOT_DECLINED_ON_COVERAGE,booked leave in HR system,DECLINED,BAL-001,true
SYN000053,ANNUAL,2026-10-27,2026-11-01,NOT_DECLINED_ON_COVERAGE,booked leave in HR system,RECOMMEND_APPROVE,"",true
SYN000185,ANNUAL,2026-10-27,2026-11-22,NOT_DECLINED_ON_COVERAGE,booked leave in HR system,RECOMMEND_APPROVE,"",true
SYN006928,ANNUAL,2026-10-27,2026-10-27,NOT_DECLINED_ON_COVERAGE,booked leave in HR system,NEEDS_APPROVAL,ELG-001,true
SYN001411,PROF_DEV,2026-10-27,2026-10-28,NOT_DECLINED_ON_COVERAGE,booked leave in HR system,RECOMMEND_APPROVE,"",true
SYN001225,ANNUAL,2026-10-27,2026-10-30,NOT_DECLINED_ON_COVERAGE,booked leave in HR system,RECOMMEND_APPROVE,"",true
SYN004323,ANNUAL,2026-10-27,2026-10-30,NOT_DECLINED_ON_COVERAGE,booked leave in HR system,RECOMMEND_APPROVE,"",true
SYN001137,ANNUAL,2026-10-27,2026-10-27,NOT_DECLINED_ON_COVERAGE,booked leave in HR system,RECOMMEND_APPROVE,"",true
SYN007591,PROF_DEV,2026-10-27,2026-10-28,NOT_DECLINED_ON_COVERAGE,booked leave in HR system,NEEDS_APPROVAL,ELG-001,true
SYN008668,TOIL,2026-10-27,2026-11-01,NOT_DECLINED_ON_COVERAGE,booked leave in HR system,RECOMMEND_APPROVE,"",true
SYN001401,PROF_DEV,2026-10-27,2026-10-27,NOT_DECLINED_ON_COVERAGE,booked leave in HR system,RECOMMEND_APPROVE,"",true
SYN003721,LONG_SERVICE,2026-10-27,2026-11-01,NOT_DECLINED_ON_COVERAGE,booked leave in HR system,DECLINED,BAL-001|NOT-002|COV-002,false
SYN005805,ANNUAL,2026-10-27,2026-10-27,NOT_DECLINED_ON_COVERAGE,booked leave in HR system,RECOMMEND_APPROVE,"",true
SYN005098,ANNUAL,2026-10-27,2026-10-29,NOT_DECLINED_ON_COVERAGE,booked leave in HR system,RECOMMEND_APPROVE,"",true
SYN006618,ANNUAL,2026-10-27,2026-11-06,NOT_DECLINED_ON_COVERAGE,booked leave in HR system,NEEDS_APPROVAL,COV-001,true
SYN000682,PROF_DEV,2026-10-27,2026-11-05,NOT_DECLINED_ON_COVERAGE,booked leave in HR system,DECLINED,BAL-001|COV-001,false
SYN004961,TOIL,2026-10-27,2026-10-27,NOT_DECLINED_ON_COVERAGE,booked leave in HR system,RECOMMEND_APPROVE,"",true
SYN004459,ANNUAL,2026-10-27,2026-11-05,NOT_DECLINED_ON_COVERAGE,booked leave in HR system,RECOMMEND_APPROVE,"",true
SYN003735,ADO,2026-10-27,2026-10-27,NOT_DECLINED_ON_COVERAGE,booked leave in HR system,NEEDS_APPROVAL,BAL-003,true
SYN005013,ANNUAL,2026-10-27,2026-12-08,NOT_DECLINED_ON_COVERAGE,booked leave in HR system,NEEDS_APPROVAL,ELG-001,true
SYN007147,PROF_DEV,2026-10-27,2026-10-27,NOT_DECLINED_ON_COVERAGE,booked leave in HR system,NEEDS_APPROVAL,BAL-003|COV-002,true
SYN000548,ANNUAL,2026-10-27,2026-11-05,NOT_DECLINED_ON_COVERAGE,booked leave in HR system,NEEDS_APPROVAL,COV-001,true
SYN008745,ANNUAL,2026-10-27,2026-10-27,NOT_DECLINED_ON_COVERAGE,booked leave in HR system,RECOMMEND_APPROVE,"",true
SYN000016,PROF_DEV,2026-10-27,2026-10-27,NOT_DECLINED_ON_COVERAGE,booked leave in HR system,RECOMMEND_APPROVE,"",true
SYN001757,ANNUAL,2026-10-27,2026-10-29,NOT_DECLINED_ON_COVERAGE,booked leave in HR system,RECOMMEND_APPROVE,"",true
SYN006499,ANNUAL,2026-10-27,2026-10-29,NOT_DECLINED_ON_COVERAGE,booked leave in HR system,NEEDS_APPROVAL,ELG-001,true
SYN003854,ANNUAL,2026-10-27,2026-10-30,NOT_DECLINED_ON_COVERAGE,booked leave in HR system,RECOMMEND_APPROVE,"",true
SYN008088,PROF_DEV,2026-10-27,2026-10-30,NOT_DECLINED_ON_COVERAGE,booked leave in HR system,NEEDS_APPROVAL,COV-001|COV-002,true
SYN000091,TOIL,2026-10-27,2026-10-27,NOT_DECLINED_ON_COVERAGE,booked leave in HR system,RECOMMEND_APPROVE,"",true
SYN006768,PROF_DEV,2026-10-27,2026-10-28,NOT_DECLINED_ON_COVERAGE,booked leave in HR system,RECOMMEND_APPROVE,"",true
SYN003620,PROF_DEV,2026-10-27,2026-10-27,NOT_DECLINED_ON_COVERAGE,booked leave in HR system,NEEDS_APPROVAL,BAL-003,true
SYN003725,PROF_DEV,2026-10-27,2026-10-28,NOT_DECLINED_ON_COVERAGE,booked leave in HR system,RECOMMEND_APPROVE,"",true
SYN003681,ANNUAL,2026-10-27,2026-11-13,NOT_DECLINED_ON_COVERAGE,booked leave in HR system,NEEDS_APPROVAL,ELG-001,true
SYN001314,PROF_DEV,2026-10-27,2026-10-28,NOT_DECLINED_ON_COVERAGE,booked leave in HR system,RECOMMEND_APPROVE,"",true
SYN006292,ANNUAL,2026-10-27,2026-10-27,NOT_DECLINED_ON_COVERAGE,booked leave in HR system,RECOMMEND_APPROVE,"",true
SYN004976,ANNUAL,2026-10-27,2026-11-04,NOT_DECLINED_ON_COVERAGE,booked leave in HR system,RECOMMEND_APPROVE,"",true
SYN000232,ADO,2026-10-27,2026-10-27,NOT_DECLINED_ON_COVERAGE,booked leave in HR system,NEEDS_APPROVAL,BAL-003,true
SYN003028,ANNUAL,2026-10-27,2026-10-28,NOT_DECLINED_ON_COVERAGE,booked leave in HR system,RECOMMEND_APPROVE,"",true
SYN006035,ANNUAL,2026-10-27,2026-11-25,NOT_DECLINED_ON_COVERAGE,booked leave in HR system,RECOMMEND_APPROVE,"",true
SYN007399,ADO,2026-10-28,2026-10-31,NOT_DECLINED_ON_COVERAGE,booked leave in HR system,DECLINED,REQ-004|BAL-001,true
SYN004411,ANNUAL,2026-10-28,2026-11-08,NOT_DECLINED_ON_COVERAGE,booked leave in HR system,RECOMMEND_APPROVE,"",true
SYN001363,PROF_DEV,2026-10-28,2026-10-28,NOT_DECLINED_ON_COVERAGE,booked leave in HR system,RECOMMEND_APPROVE,"",true
SYN009350,ANNUAL,2026-10-28,2026-10-28,NOT_DECLINED_ON_COVERAGE,booked leave in HR system,RECOMMEND_APPROVE,"",true
SYN007330,ANNUAL,2026-10-28,2026-10-28,NOT_DECLINED_ON_COVERAGE,booked leave in HR system,RECOMMEND_APPROVE,"",true
SYN002755,ANNUAL,2026-10-28,2026-10-28,NOT_DECLINED_ON_COVERAGE,booked leave in HR system,RECOMMEND_APPROVE,"",true
SYN008504,PROF_DEV,2026-10-28,2026-10-29,NOT_DECLINED_ON_COVERAGE,booked leave in HR system,RECOMMEND_APPROVE,"",true
SYN003829,PROF_DEV,2026-10-28,2026-10-28,NOT_DECLINED_ON_COVERAGE,booked leave in HR system,NEEDS_APPROVAL,BAL-003,true
SYN003690,ANNUAL,2026-10-28,2026-10-28,NOT_DECLINED_ON_COVERAGE,booked leave in HR system,RECOMMEND_APPROVE,"",true
SYN008801,LONG_SERVICE,2026-10-28,2026-11-18,NOT_DECLINED_ON_COVERAGE,booked leave in HR system,DECLINED,ELG-003|BAL-001|NOT-002,true
SYN000516,ANNUAL,2026-10-28,2026-10-29,NOT_DECLINED_ON_COVERAGE,booked leave in HR system,RECOMMEND_APPROVE,"",true
SYN001297,TOIL,2026-10-28,2026-10-30,NOT_DECLINED_ON_COVERAGE,booked leave in HR system,NEEDS_APPROVAL,COV-002,true
SYN009381,ANNUAL,2026-10-28,2026-11-08,NOT_DECLINED_ON_COVERAGE,booked leave in HR system,RECOMMEND_APPROVE,"",true
SYN007384,ADO,2026-10-28,2026-10-28,NOT_DECLINED_ON_COVERAGE,booked leave in HR system,DECLINED,ELG-001|ELG-002|BAL-003|COV-001,false
SYN004074,ANNUAL,2026-10-28,2026-11-02,NOT_DECLINED_ON_COVERAGE,booked leave in HR system,NEEDS_APPROVAL,ELG-001,true
SYN006142,PROF_DEV,2026-10-28,2026-10-28,NOT_DECLINED_ON_COVERAGE,booked leave in HR system,NEEDS_APPROVAL,BAL-003,true
SYN005401,TOIL,2026-10-28,2026-11-01,NOT_DECLINED_ON_COVERAGE,booked leave in HR system,RECOMMEND_APPROVE,"",true
SYN008602,PROF_DEV,2026-10-28,2026-11-01,NOT_DECLINED_ON_COVERAGE,booked leave in HR system,RECOMMEND_APPROVE,"",true
SYN005550,ANNUAL,2026-10-28,2026-10-29,NOT_DECLINED_ON_COVERAGE,booked leave in HR system,RECOMMEND_APPROVE,"",true
SYN004872,PROF_DEV,2026-10-28,2026-10-28,NOT_DECLINED_ON_COVERAGE,booked leave in HR system,NEEDS_APPROVAL,BAL-003,true
SYN008255,ANNUAL,2026-10-28,2026-11-11,NOT_DECLINED_ON_COVERAGE,booked leave in HR system,DECLINED,ELG-002|BAL-001,true
SYN000392,LONG_SERVICE,2026-10-28,2026-10-28,NOT_DECLINED_ON_COVERAGE,booked leave in HR system,DECLINED,ELG-003|BAL-001,true
SYN008133,TOIL,2026-10-28,2026-11-01,NOT_DECLINED_ON_COVERAGE,booked leave in HR system,RECOMMEND_APPROVE,"",true
SYN006633,LONG_SERVICE,2026-10-28,2026-10-29,NOT_DECLINED_ON_COVERAGE,booked leave in HR system,DECLINED,ELG-003|BAL-001|NOT-002|COV-003|COV-002,false
SYN008397,TOIL,2026-10-28,2026-10-28,NOT_DECLINED_ON_COVERAGE,booked leave in HR system,RECOMMEND_APPROVE,"",true
SYN006916,ADO,2026-10-28,2026-10-28,NOT_DECLINED_ON_COVERAGE,booked leave in HR system,DECLINED,BAL-001,true
SYN007929,PROF_DEV,2026-10-28,2026-10-28,NOT_DECLINED_ON_COVERAGE,booked leave in HR system,NEEDS_APPROVAL,BAL-003|COV-002,true
SYN005941,TOIL,2026-10-28,2026-10-28,NOT_DECLINED_ON_COVERAGE,booked leave in HR system,RECOMMEND_APPROVE,"",true
SYN006222,ANNUAL,2026-10-28,2026-10-28,NOT_DECLINED_ON_COVERAGE,booked leave in HR system,RECOMMEND_APPROVE,"",true
SYN005565,ANNUAL,2026-10-28,2026-10-30,NOT_DECLINED_ON_COVERAGE,booked leave in HR system,RECOMMEND_APPROVE,"",true
SYN007291,LONG_SERVICE,2026-10-28,2026-10-28,NOT_DECLINED_ON_COVERAGE,booked leave in HR system,DECLINED,ELG-001|ELG-003|BAL-001,true
SYN006255,ANNUAL,2026-10-28,2026-10-30,NOT_DECLINED_ON_COVERAGE,booked leave in HR system,RECOMMEND_APPROVE,"",true
SYN008213,PROF_DEV,2026-10-28,2026-10-28,NOT_DECLINED_ON_COVERAGE,booked leave in HR system,RECOMMEND_APPROVE,"",true
SYN005250,ANNUAL,2026-10-28,2026-11-05,NOT_DECLINED_ON_COVERAGE,booked leave in HR system,RECOMMEND_APPROVE,"",true
SYN000344,TOIL,2026-10-28,2026-10-30,NOT_DECLINED_ON_COVERAGE,booked leave in HR system,DECLINED,BAL-001,true
SYN001645,TOIL,2026-10-28,2026-10-28,NOT_DECLINED_ON_COVERAGE,booked leave in HR system,RECOMMEND_APPROVE,"",true
SYN007589,TOIL,2026-10-28,2026-10-28,NOT_DECLINED_ON_COVERAGE,booked leave in HR system,RECOMMEND_APPROVE,"",true
SYN001704,PROF_DEV,2026-10-28,2026-10-30,NOT_DECLINED_ON_COVERAGE,booked leave in HR system,RECOMMEND_APPROVE,"",true
SYN009517,ANNUAL,2026-10-28,2026-10-28,NOT_DECLINED_ON_COVERAGE,booked leave in HR system,NEEDS_APPROVAL,COV-002,true
SYN000418,TOIL,2026-10-28,2026-10-28,NOT_DECLINED_ON_COVERAGE,booked leave in HR system,NEEDS_APPROVAL,COV-001,true
SYN004633,ANNUAL,2026-10-28,2026-10-28,NOT_DECLINED_ON_COVERAGE,booked leave in HR system,RECOMMEND_APPROVE,"",true
SYN007892,ANNUAL,2026-10-28,2026-12-01,NOT_DECLINED_ON_COVERAGE,booked leave in HR system,DECLINED,ELG-002|BAL-001,true
SYN000997,PROF_DEV,2026-10-28,2026-10-28,NOT_DECLINED_ON_COVERAGE,booked leave in HR system,RECOMMEND_APPROVE,"",true
SYN006509,ADO,2026-10-28,2026-10-30,NOT_DECLINED_ON_COVERAGE,booked leave in HR system,NEEDS_APPROVAL,REQ-004|COV-001,true
SYN007761,ANNUAL,2026-10-28,2026-11-26,NOT_DECLINED_ON_COVERAGE,booked leave in HR system,DECLINED,COV-001,false
SYN007551,ANNUAL,2026-10-28,2026-10-28,NOT_DECLINED_ON_COVERAGE,booked leave in HR system,RECOMMEND_APPROVE,"",true
SYN009208,TOIL,2026-10-28,2026-10-28,NOT_DECLINED_ON_COVERAGE,booked leave in HR system,RECOMMEND_APPROVE,"",true
SYN005160,ANNUAL,2026-10-28,2026-10-30,NOT_DECLINED_ON_COVERAGE,booked leave in HR system,RECOMMEND_APPROVE,"",true
SYN007788,PROF_DEV,2026-10-28,2026-10-28,NOT_DECLINED_ON_COVERAGE,booked leave in HR system,NEEDS_APPROVAL,BAL-003,true
SYN001727,PROF_DEV,2026-10-28,2026-10-28,NOT_DECLINED_ON_COVERAGE,booked leave in HR system,NEEDS_APPROVAL,BAL-003,true
SYN006946,ANNUAL,2026-10-28,2026-11-12,NOT_DECLINED_ON_COVERAGE,booked leave in HR system,RECOMMEND_APPROVE,"",true
SYN006221,PROF_DEV,2026-10-28,2026-10-30,NOT_DECLINED_ON_COVERAGE,booked leave in HR system,DECLINED,BAL-001,true
SYN006497,ANNUAL,2026-10-28,2026-11-05,NOT_DECLINED_ON_COVERAGE,booked leave in HR system,NEEDS_APPROVAL,ELG-001,true
SYN007076,TOIL,2026-10-29,2026-10-30,NOT_DECLINED_ON_COVERAGE,booked leave in HR system,RECOMMEND_APPROVE,"",true
SYN006732,ANNUAL,2026-10-29,2026-11-08,NOT_DECLINED_ON_COVERAGE,booked leave in HR system,NEEDS_APPROVAL,ELG-001|COV-001,true
SYN007591,ANNUAL,2026-10-29,2026-11-01,NOT_DECLINED_ON_COVERAGE,booked leave in HR system,NEEDS_APPROVAL,ELG-001,true
SYN008671,ANNUAL,2026-10-29,2026-10-29,NOT_DECLINED_ON_COVERAGE,booked leave in HR system,RECOMMEND_APPROVE,"",true
SYN008461,ANNUAL,2026-10-29,2026-10-29,NOT_DECLINED_ON_COVERAGE,booked leave in HR system,NEEDS_APPROVAL,COV-002,true
SYN003906,LONG_SERVICE,2026-10-29,2026-10-29,NOT_DECLINED_ON_COVERAGE,booked leave in HR system,DECLINED,BAL-001|NOT-002,true
SYN005418,PROF_DEV,2026-10-29,2026-10-29,NOT_DECLINED_ON_COVERAGE,booked leave in HR system,NEEDS_APPROVAL,BAL-003,true
SYN006693,ANNUAL,2026-10-29,2026-11-06,NOT_DECLINED_ON_COVERAGE,booked leave in HR system,RECOMMEND_APPROVE,"",true
SYN002318,ANNUAL,2026-10-29,2026-11-04,NOT_DECLINED_ON_COVERAGE,booked leave in HR system,RECOMMEND_APPROVE,"",true
SYN009041,ANNUAL,2026-10-29,2026-11-03,NOT_DECLINED_ON_COVERAGE,booked leave in HR system,NEEDS_APPROVAL,ELG-001,true
SYN006512,PROF_DEV,2026-10-29,2026-10-29,NOT_DECLINED_ON_COVERAGE,booked leave in HR system,RECOMMEND_APPROVE,"",true
SYN004338,PROF_DEV,2026-10-29,2026-10-30,NOT_DECLINED_ON_COVERAGE,booked leave in HR system,RECOMMEND_APPROVE,"",true
SYN008855,ANNUAL,2026-10-29,2026-10-29,NOT_DECLINED_ON_COVERAGE,booked leave in HR system,RECOMMEND_APPROVE,"",true
SYN005365,PROF_DEV,2026-10-29,2026-10-29,NOT_DECLINED_ON_COVERAGE,booked leave in HR system,RECOMMEND_APPROVE,"",true
SYN002873,TOIL,2026-10-29,2026-10-31,NOT_DECLINED_ON_COVERAGE,booked leave in HR system,DECLINED,BAL-001,true
SYN004937,TOIL,2026-10-29,2026-11-02,NOT_DECLINED_ON_COVERAGE,booked leave in HR system,RECOMMEND_APPROVE,"",true
SYN008358,ADO,2026-10-29,2026-10-30,NOT_DECLINED_ON_COVERAGE,booked leave in HR system,DECLINED,BAL-001,true
SYN001739,ANNUAL,2026-10-29,2026-10-30,NOT_DECLINED_ON_COVERAGE,booked leave in HR system,RECOMMEND_APPROVE,"",true
SYN006370,ANNUAL,2026-10-29,2026-10-30,NOT_DECLINED_ON_COVERAGE,booked leave in HR system,RECOMMEND_APPROVE,"",true
SYN008512,TOIL,2026-10-29,2026-10-30,NOT_DECLINED_ON_COVERAGE,booked leave in HR system,RECOMMEND_APPROVE,"",true
SYN008351,LONG_SERVICE,2026-10-29,2026-11-08,NOT_DECLINED_ON_COVERAGE,booked leave in HR system,DECLINED,ELG-001|ELG-003|BAL-001|NOT-002,true
SYN000261,TOIL,2026-10-29,2026-10-30,NOT_DECLINED_ON_COVERAGE,booked leave in HR system,RECOMMEND_APPROVE,"",true
SYN006069,PROF_DEV,2026-10-29,2026-11-06,NOT_DECLINED_ON_COVERAGE,booked leave in HR system,RECOMMEND_APPROVE,"",true
SYN001219,ANNUAL,2026-10-29,2026-10-30,NOT_DECLINED_ON_COVERAGE,booked leave in HR system,RECOMMEND_APPROVE,"",true
SYN005720,PROF_DEV,2026-10-29,2026-10-29,NOT_DECLINED_ON_COVERAGE,booked leave in HR system,NEEDS_APPROVAL,COV-001|COV-005,true
SYN007305,ANNUAL,2026-10-29,2026-10-30,NOT_DECLINED_ON_COVERAGE,booked leave in HR system,RECOMMEND_APPROVE,"",true
SYN003607,PROF_DEV,2026-10-29,2026-11-01,NOT_DECLINED_ON_COVERAGE,booked leave in HR system,RECOMMEND_APPROVE,"",true
SYN009079,TOIL,2026-10-29,2026-11-01,NOT_DECLINED_ON_COVERAGE,booked leave in HR system,RECOMMEND_APPROVE,"",true
SYN006923,ANNUAL,2026-10-29,2026-11-03,NOT_DECLINED_ON_COVERAGE,booked leave in HR system,DECLINED,ELG-002|BAL-001,true
SYN001423,PROF_DEV,2026-10-29,2026-10-29,NOT_DECLINED_ON_COVERAGE,booked leave in HR system,RECOMMEND_APPROVE,"",true
SYN008148,ANNUAL,2026-10-29,2026-11-02,NOT_DECLINED_ON_COVERAGE,booked leave in HR system,RECOMMEND_APPROVE,"",true
SYN006281,ANNUAL,2026-10-29,2026-10-29,NOT_DECLINED_ON_COVERAGE,booked leave in HR system,RECOMMEND_APPROVE,"",true
SYN007657,TOIL,2026-10-29,2026-10-30,NOT_DECLINED_ON_COVERAGE,booked leave in HR system,DECLINED,BAL-001,true
SYN000291,ANNUAL,2026-10-29,2026-11-04,NOT_DECLINED_ON_COVERAGE,booked leave in HR system,RECOMMEND_APPROVE,"",true
SYN008786,ANNUAL,2026-10-29,2026-11-29,NOT_DECLINED_ON_COVERAGE,booked leave in HR system,DECLINED,ELG-001|BAL-001|COV-001,false
SYN003775,ADO,2026-10-29,2026-10-29,NOT_DECLINED_ON_COVERAGE,booked leave in HR system,RECOMMEND_APPROVE,"",true
SYN007383,LONG_SERVICE,2026-10-29,2026-10-29,NOT_DECLINED_ON_COVERAGE,booked leave in HR system,DECLINED,ELG-003|BAL-001,true
SYN001865,PROF_DEV,2026-10-29,2026-10-29,NOT_DECLINED_ON_COVERAGE,booked leave in HR system,RECOMMEND_APPROVE,"",true
SYN005445,ANNUAL,2026-10-29,2026-10-30,NOT_DECLINED_ON_COVERAGE,booked leave in HR system,RECOMMEND_APPROVE,"",true
SYN002273,ANNUAL,2026-10-29,2026-11-05,NOT_DECLINED_ON_COVERAGE,booked leave in HR system,RECOMMEND_APPROVE,"",true
SYN002893,ANNUAL,2026-10-29,2026-10-31,NOT_DECLINED_ON_COVERAGE,booked leave in HR system,RECOMMEND_APPROVE,"",true
SYN006885,ANNUAL,2026-10-30,2026-11-02,NOT_DECLINED_ON_COVERAGE,booked leave in HR system,RECOMMEND_APPROVE,"",true
SYN001181,TOIL,2026-10-30,2026-10-30,NOT_DECLINED_ON_COVERAGE,booked leave in HR system,DECLINED,BAL-001,true
SYN005888,PROF_DEV,2026-10-30,2026-10-30,NOT_DECLINED_ON_COVERAGE,booked leave in HR system,RECOMMEND_APPROVE,"",true
SYN001391,ADO,2026-10-30,2026-11-01,NOT_DECLINED_ON_COVERAGE,booked leave in HR system,DECLINED,REQ-004|BAL-001,true
SYN003415,PROF_DEV,2026-10-30,2026-10-30,NOT_DECLINED_ON_COVERAGE,booked leave in HR system,DECLINED,ELG-002|BAL-003,true
SYN008552,ANNUAL,2026-10-30,2026-10-30,NOT_DECLINED_ON_COVERAGE,booked leave in HR system,NEEDS_APPROVAL,COV-001,true
SYN001670,ANNUAL,2026-10-30,2026-11-06,NOT_DECLINED_ON_COVERAGE,booked leave in HR system,RECOMMEND_APPROVE,"",true
SYN002939,ADO,2026-10-30,2026-10-31,NOT_DECLINED_ON_COVERAGE,booked leave in HR system,RECOMMEND_APPROVE,"",true
SYN006569,ANNUAL,2026-10-30,2026-11-01,NOT_DECLINED_ON_COVERAGE,booked leave in HR system,RECOMMEND_APPROVE,"",true
SYN003541,PROF_DEV,2026-10-30,2026-10-30,NOT_DECLINED_ON_COVERAGE,booked leave in HR system,NEEDS_APPROVAL,BAL-003,true
SYN009565,ANNUAL,2026-10-30,2026-11-21,NOT_DECLINED_ON_COVERAGE,booked leave in HR system,DECLINED,BAL-001|COV-001,false
SYN007337,ANNUAL,2026-10-30,2026-10-30,NOT_DECLINED_ON_COVERAGE,booked leave in HR system,RECOMMEND_APPROVE,"",true
SYN009490,TOIL,2026-10-30,2026-10-30,NOT_DECLINED_ON_COVERAGE,booked leave in HR system,NEEDS_APPROVAL,COV-002,true
SYN002055,TOIL,2026-10-30,2026-10-30,NOT_DECLINED_ON_COVERAGE,booked leave in HR system,RECOMMEND_APPROVE,"",true
SYN002841,ANNUAL,2026-10-30,2026-10-30,NOT_DECLINED_ON_COVERAGE,booked leave in HR system,RECOMMEND_APPROVE,"",true
SYN002432,TOIL,2026-10-30,2026-10-30,NOT_DECLINED_ON_COVERAGE,booked leave in HR system,RECOMMEND_APPROVE,"",true
SYN006136,PROF_DEV,2026-10-30,2026-10-30,NOT_DECLINED_ON_COVERAGE,booked leave in HR system,RECOMMEND_APPROVE,"",true
SYN007129,PROF_DEV,2026-10-30,2026-10-30,NOT_DECLINED_ON_COVERAGE,booked leave in HR system,RECOMMEND_APPROVE,"",true
SYN007278,ANNUAL,2026-10-30,2026-10-30,NOT_DECLINED_ON_COVERAGE,booked leave in HR system,RECOMMEND_APPROVE,"",true
SYN005052,LONG_SERVICE,2026-10-30,2026-11-27,NOT_DECLINED_ON_COVERAGE,booked leave in HR system,DECLINED,ELG-003|BAL-001|NOT-002,true
SYN005921,ANNUAL,2026-10-30,2026-11-29,NOT_DECLINED_ON_COVERAGE,booked leave in HR system,RECOMMEND_APPROVE,"",true
SYN003346,LONG_SERVICE,2026-10-30,2026-10-30,NOT_DECLINED_ON_COVERAGE,booked leave in HR system,NEEDS_APPROVAL,NOT-002,true
SYN001842,ANNUAL,2026-10-30,2026-10-30,NOT_DECLINED_ON_COVERAGE,booked leave in HR system,RECOMMEND_APPROVE,"",true
SYN002839,LONG_SERVICE,2026-10-30,2026-11-18,NOT_DECLINED_ON_COVERAGE,booked leave in HR system,DECLINED,BAL-001|COV-001,false
SYN001314,ANNUAL,2026-10-30,2026-10-30,NOT_DECLINED_ON_COVERAGE,booked leave in HR system,RECOMMEND_APPROVE,"",true
SYN008173,ANNUAL,2026-10-30,2026-10-30,NOT_DECLINED_ON_COVERAGE,booked leave in HR system,RECOMMEND_APPROVE,"",true
SYN006842,ANNUAL,2026-10-30,2026-11-02,NOT_DECLINED_ON_COVERAGE,booked leave in HR system,NEEDS_APPROVAL,COV-001|COV-002,true
SYN005277,ADO,2026-10-30,2026-11-09,NOT_DECLINED_ON_COVERAGE,booked leave in HR system,NEEDS_APPROVAL,REQ-004|BAL-003,true
SYN001374,ANNUAL,2026-10-30,2026-10-30,NOT_DECLINED_ON_COVERAGE,booked leave in HR system,NEEDS_APPROVAL,ELG-001,true
SYN008117,ANNUAL,2026-10-30,2026-10-30,NOT_DECLINED_ON_COVERAGE,booked leave in HR system,NEEDS_APPROVAL,ELG-001,true
SYN007521,PROF_DEV,2026-10-30,2026-10-30,NOT_DECLINED_ON_COVERAGE,booked leave in HR system,NEEDS_APPROVAL,BAL-003,true
SYN000596,TOIL,2026-10-30,2026-10-30,NOT_DECLINED_ON_COVERAGE,booked leave in HR system,RECOMMEND_APPROVE,"",true
SYN001733,PROF_DEV,2026-10-30,2026-10-30,NOT_DECLINED_ON_COVERAGE,booked leave in HR system,NEEDS_APPROVAL,BAL-003,true
SYN006827,ANNUAL,2026-10-30,2026-10-30,NOT_DECLINED_ON_COVERAGE,booked leave in HR system,RECOMMEND_APPROVE,"",true
SYN004420,ADO,2026-10-30,2026-10-30,NOT_DECLINED_ON_COVERAGE,booked leave in HR system,RECOMMEND_APPROVE,"",true
SYN007246,ANNUAL,2026-10-30,2026-11-13,NOT_DECLINED_ON_COVERAGE,booked leave in HR system,NEEDS_APPROVAL,ELG-001,true
SYN004410,ANNUAL,2026-10-30,2026-11-01,NOT_DECLINED_ON_COVERAGE,booked leave in HR system,RECOMMEND_APPROVE,"",true
SYN001518,ANNUAL,2026-10-30,2026-11-01,NOT_DECLINED_ON_COVERAGE,booked leave in HR system,RECOMMEND_APPROVE,"",true
SYN001229,TOIL,2026-10-30,2026-10-30,NOT_DECLINED_ON_COVERAGE,booked leave in HR system,RECOMMEND_APPROVE,"",true
SYN000142,ANNUAL,2026-10-30,2026-10-30,NOT_DECLINED_ON_COVERAGE,booked leave in HR system,RECOMMEND_APPROVE,"",true
SYN004045,ANNUAL,2026-10-30,2026-11-03,NOT_DECLINED_ON_COVERAGE,booked leave in HR system,RECOMMEND_APPROVE,"",true
SYN006599,PROF_DEV,2026-10-30,2026-10-30,NOT_DECLINED_ON_COVERAGE,booked leave in HR system,DECLINED,ELG-002|BAL-003,true
SYN005635,ANNUAL,2026-10-30,2026-11-02,NOT_DECLINED_ON_COVERAGE,booked leave in HR system,NEEDS_APPROVAL,COV-002,true
